{
    "answer_count": 0,
    "author": "vivian.cheng",
    "author_uid": "37793",
    "book_count": 1,
    "comment_count": 0,
    "content": "**Job Title: Principal Scientist I/II, Bioinformatics Oncology Location: Shanghai, China**\n===\n\n**Company Overview**\n---\n\nEli Lilly and Company has been dedicated to meeting health care needs of people around the world primarily by developing innovative medicines. As an integral part of our global R&D enterprise, Lilly Oncology Discovery China aims at improving the health of cancer patients in China and worldwide. If you are interested in building a new research program in oncology and career development opportunities in China, you are encouraged to review and consider this excellent opportunity in Lilly China.\n\n**Job Responsibilities**\n---\n\nThis position supports the implementation of informatics solutions for Lilly China Research and Development Center (LCRDC) Oncology efforts in Shanghai, China. This position is responsible for the development and support of software tools for analysis of next generation sequencing data. The position requires knowledge of NGS analysis and the flexibility to develop novel strategies and tools. This role will report directly to Head of LCRDC IT and follow a global reporting line.\n\nThe successful candidate for this role will\n\n - Provide data analysis support to the drug discovery efforts\n - Collaborate with LRL IT informatics group to enhance data quality control and integration platform; identify new technologies / capabilities to manage \"-omics\" data.\n - Work in conjunction with translational scientists and discovery biologists in China and United States; identify opportunities to improve our LRL Research informatics capabilities and NGS pipeline to deliver innovation and value to our LRL Research efforts.\n - Develop and apply systems biology and genomic approaches to support target identification, patient tailoring, mechanistic characterization of cancer and compound activity or biomarker efforts.\n\nQualifications\n---\n\n - PhD. with Postdoc or equivalent experience in bioinformatics or computer science or mathematics, with some education or experience in life sciences, such as biology or computational biology.\n - Experience with bioinformatics technologies, such as Next-Generation Sequencing data analysis, Exome sequence, RNA-seq and SNP array.\n - Experience with RNA-seq data analysis and alignment algorithms such as TopHat, STAR and Cufflinks\n - Strong experience and skill with Unix-based computer systems and languages. \n - Experience in developing data analysis pipelines using R, PERL and Python.\n - Excellent oral and written communication skills in English and Mandarin Chinese. \n - Able to work independently with excellent problem solving skills\n - Team player who can gain the cooperation and support of customers and end users. \n\nAdditional Skills\n---\n\n - Experience with visualization packages such as spotfire, tableau or equivalent tools is desired\n - Experience in Pharmaceutical company or life science industry is desired\n - Knowledge or training in oncology life science is desired\n\n\nContact Vivian.cheng@lilly.com if you have interest to apply.",
    "creation_date": "2017-03-14T08:14:31.959530+00:00",
    "has_accepted": false,
    "id": 232840,
    "lastedit_date": "2023-05-11T14:01:40.410762+00:00",
    "lastedit_user_uid": "8494",
    "parent_id": 232840,
    "rank": 1489479644.847431,
    "reply_count": 0,
    "root_id": 232840,
    "status": "Open",
    "status_id": 1,
    "subs_count": 0,
    "tag_val": "SNP,R,RNA-Seq,next-gen-sequencing",
    "thread_score": 1,
    "title": "Principal Scienitist, Bioinformatics Oncology",
    "type": "Job",
    "type_id": 2,
    "uid": "241885",
    "url": "https://www.biostars.org/p/241885/",
    "view_count": 2519,
    "vote_count": 1,
    "xhtml": "<h1><strong>Job Title: Principal Scientist I/II, Bioinformatics Oncology Location: Shanghai, China</strong></h1>\n<h2><strong>Company Overview</strong></h2>\n<p>Eli Lilly and Company has been dedicated to meeting health care needs of people around the world primarily by developing innovative medicines. As an integral part of our global R&amp;D enterprise, Lilly Oncology Discovery China aims at improving the health of cancer patients in China and worldwide. If you are interested in building a new research program in oncology and career development opportunities in China, you are encouraged to review and consider this excellent opportunity in Lilly China.</p>\n<h2><strong>Job Responsibilities</strong></h2>\n<p>This position supports the implementation of informatics solutions for Lilly China Research and Development Center (LCRDC) Oncology efforts in Shanghai, China. This position is responsible for the development and support of software tools for analysis of next generation sequencing data. The position requires knowledge of NGS analysis and the flexibility to develop novel strategies and tools. This role will report directly to Head of LCRDC IT and follow a global reporting line.</p>\n<p>The successful candidate for this role will</p>\n<ul>\n<li>Provide data analysis support to the drug discovery efforts</li>\n<li>Collaborate with LRL IT informatics group to enhance data quality control and integration platform; identify new technologies / capabilities to manage \"-omics\" data.</li>\n<li>Work in conjunction with translational scientists and discovery biologists in China and United States; identify opportunities to improve our LRL Research informatics capabilities and NGS pipeline to deliver innovation and value to our LRL Research efforts.</li>\n<li>Develop and apply systems biology and genomic approaches to support target identification, patient tailoring, mechanistic characterization of cancer and compound activity or biomarker efforts.</li>\n</ul>\n<h2>Qualifications</h2>\n<ul>\n<li>PhD. with Postdoc or equivalent experience in bioinformatics or computer science or mathematics, with some education or experience in life sciences, such as biology or computational biology.</li>\n<li>Experience with bioinformatics technologies, such as Next-Generation Sequencing data analysis, Exome sequence, RNA-seq and SNP array.</li>\n<li>Experience with RNA-seq data analysis and alignment algorithms such as TopHat, STAR and Cufflinks</li>\n<li>Strong experience and skill with Unix-based computer systems and languages. </li>\n<li>Experience in developing data analysis pipelines using R, PERL and Python.</li>\n<li>Excellent oral and written communication skills in English and Mandarin Chinese. </li>\n<li>Able to work independently with excellent problem solving skills</li>\n<li>Team player who can gain the cooperation and support of customers and end users. </li>\n</ul>\n<h2>Additional Skills</h2>\n<ul>\n<li>Experience with visualization packages such as spotfire, tableau or equivalent tools is desired</li>\n<li>Experience in Pharmaceutical company or life science industry is desired</li>\n<li>Knowledge or training in oncology life science is desired</li>\n</ul>\n<p>Contact Vivian.cheng@lilly.com if you have interest to apply.</p>\n"
}