{
    "answer_count": 9,
    "author": "Bioinfguy",
    "author_uid": "3879",
    "book_count": 1,
    "comment_count": 8,
    "content": "Hello All,\n\nI would like to start a pipeline to analyse 16S RNA data, however I am not sure weather to include the step of removing duplicates or not. The aim of metagenomics is to compare different samples and see how the microbiota is different within samples of different conditions/time points.\n\nAfter aligning, each sequence will match a sequence from a database, which will be then mapped to a bacteria and assigned taxonomy. the aim is to find how microbial content changes within each sample. If I removed duplicates, each sequence will be represented once, then taxonomy to this organism will be assigned once! so I am losing data here, which is the content of unknown bacteria in a sample with quantity for each one.\n\nI am not sure if I am perceiving this right or not! I appreciate your comments.\n\nRegards,  \nBioinfguy",
    "creation_date": "2014-10-28T12:14:37.252819+00:00",
    "has_accepted": false,
    "id": 111130,
    "lastedit_date": "2021-04-04T02:40:05.236127+00:00",
    "lastedit_user_uid": "8494",
    "parent_id": 111130,
    "rank": 1414502146.743234,
    "reply_count": 9,
    "root_id": 111130,
    "status": "Open",
    "status_id": 1,
    "subs_count": 2,
    "tag_val": "metagenomics",
    "thread_score": 5,
    "title": "Removing duplicates from 16S RNA data",
    "type": "Question",
    "type_id": 0,
    "uid": "117072",
    "url": "https://www.biostars.org/p/117072/",
    "view_count": 3824,
    "vote_count": 1,
    "xhtml": "<p>Hello All,</p>\n<p>I would like to start a pipeline to analyse 16S RNA data, however I am not sure weather to include the step of removing duplicates or not. The aim of metagenomics is to compare different samples and see how the microbiota is different within samples of different conditions/time points.</p>\n<p>After aligning, each sequence will match a sequence from a database, which will be then mapped to a bacteria and assigned taxonomy. the aim is to find how microbial content changes within each sample. If I removed duplicates, each sequence will be represented once, then taxonomy to this organism will be assigned once! so I am losing data here, which is the content of unknown bacteria in a sample with quantity for each one.</p>\n<p>I am not sure if I am perceiving this right or not! I appreciate your comments.</p>\n<p>Regards,<br>\nBioinfguy</p>\n"
}