{
    "answer_count": 0,
    "author": "quinna5",
    "author_uid": "33814",
    "book_count": 0,
    "comment_count": 0,
    "content": "Job Summary\n\nThe Immunogenetics Clinical Laboratory is part of the Children's Hospital of Philadelphia Division of Genomics Diagnostics and the Department of Pathology & Laboratory Medicine.  The Immunogenetics Clinical Laboratory serves the Solid Organ and Stem Cell Transplant Programs at the Children's Hospital of Philadelphia, and additionally, provides transplant support and testing for its outreach partners.\nJob Responsibilities\n\nThe Immunogenetics Clinical Lab focuses on the role of Histocompatibility (HLA) molecules and of the Major Histocompatibility Complex (MHC) in autoimmunity and transplantation.  We are interested in the detailed characterization of the MHC by high throughput DNA sequencing technologies and the identification of polymorphisms important for many HLA-associated diseases and rejection processes in transplantation.  The Bioinformatics Scientist will work in a team environment and interact with experts in immunogenetics, bioinformatics, and IT to perform, support, and develop cutting edge clinical diagnostics at CHOP.  The responsibilities of the Bioinformatics Scientist include the following.\n\nRequired Licenses, Certifications, Registrations\n\nNone\n\nRequired Education and Experience\n\n - Master\u2019s or PhD degree in Bioinformatics, Computational Biology or closely related fields.\n - Four to five (4-5) years of experience in applied bioinformatics, genomics, and computational work, which can include experience gained from PhD dissertation work.\n - Strong working knowledge or training in advanced biomedical research.\n - Background in Immunology, Histocompatibility, Immunogenetics, and/or HLA experience preferred.\n - Experience with Next-Generation Sequencing (NGS) technologies and NGS data analysis preferred.\n - Demonstrated skills utilizing bioinformatics algorithms, tools and resources, e.g. sequence retrieval, alignment and clustering techniques, expression profiling and protein related analysis, using major databases and data standards in the field.\n - Expertise in nucleic databases both in flat file and relational forms.\n - Fluency in ORACLE/SQL, JAVA, PERL, C++, Python, HTML, XML, PHP, R, Matlab, or other languages.\n - Ability to write and implement complex computer programs and analysis pipelines.\n - Proficiency in UNIX, LINUX, Mac OS X, and Windows operating systems.\n - Ability to independently set up and maintain multiple computer systems including cluster/server/workstation/PC/MAC.\n - Excellent interpersonal skills to interact and communicate with both clinical lab technical staff and research staff.\n - Excellent writing, communication and analytical skills\n - Ability to work independently with minimal guidance while consistently exercising good judgment.\n - Ability to learn new technologies quickly.\n - Ability to work efficiently on multiple projects.\n\nAll CHOP employees who work in a patient building or who provide patient care are required to receive an annual influenza vaccine unless they are granted a medical or religious exemption.\n\nThe Children's Hospital of Philadelphia is committed to providing a safe and healthy environment for its patients, family members, visitors and employees. In an effort to achieve this goal, employment at The Children's Hospital of Philadelphia, other than for positions with regularly scheduled hours in New Jersey, is contingent upon an attestation that the job applicant does not use tobacco products or nicotine in any form and a negative nicotine screen (the latter occurs after a job offer).\n\nThe Children's Hospital of Philadelphia is an equal opportunity employer. We do not discriminate on the basis of race, color, gender, gender identity, sexual orientation, age, religion, national or ethnic origin, disability or protected veteran status.\n\nPlease visit the CHOP website and apply at: https://careers.chop.edu/job/Philadelphia-Bioinformatics-Scientist-II-PA-19104/372510300/",
    "creation_date": "2016-11-08T17:40:33.102022+00:00",
    "has_accepted": false,
    "id": 212524,
    "lastedit_date": "2023-04-10T21:51:56.620384+00:00",
    "lastedit_user_uid": "8494",
    "parent_id": 212524,
    "rank": 1478627046.27167,
    "reply_count": 0,
    "root_id": 212524,
    "status": "Open",
    "status_id": 1,
    "subs_count": 0,
    "tag_val": "blast",
    "thread_score": 1,
    "title": "Bioinformatics Scientist II, The Children's Hospital of Philadelphia, Philadelphia, PA, USA",
    "type": "Job",
    "type_id": 2,
    "uid": "221139",
    "url": "https://www.biostars.org/p/221139/",
    "view_count": 2014,
    "vote_count": 1,
    "xhtml": "<p>Job Summary</p>\n<p>The Immunogenetics Clinical Laboratory is part of the Children's Hospital of Philadelphia Division of Genomics Diagnostics and the Department of Pathology &amp; Laboratory Medicine.  The Immunogenetics Clinical Laboratory serves the Solid Organ and Stem Cell Transplant Programs at the Children's Hospital of Philadelphia, and additionally, provides transplant support and testing for its outreach partners.\nJob Responsibilities</p>\n<p>The Immunogenetics Clinical Lab focuses on the role of Histocompatibility (HLA) molecules and of the Major Histocompatibility Complex (MHC) in autoimmunity and transplantation.  We are interested in the detailed characterization of the MHC by high throughput DNA sequencing technologies and the identification of polymorphisms important for many HLA-associated diseases and rejection processes in transplantation.  The Bioinformatics Scientist will work in a team environment and interact with experts in immunogenetics, bioinformatics, and IT to perform, support, and develop cutting edge clinical diagnostics at CHOP.  The responsibilities of the Bioinformatics Scientist include the following.</p>\n<p>Required Licenses, Certifications, Registrations</p>\n<p>None</p>\n<p>Required Education and Experience</p>\n<ul>\n<li>Master\u2019s or PhD degree in Bioinformatics, Computational Biology or closely related fields.</li>\n<li>Four to five (4-5) years of experience in applied bioinformatics, genomics, and computational work, which can include experience gained from PhD dissertation work.</li>\n<li>Strong working knowledge or training in advanced biomedical research.</li>\n<li>Background in Immunology, Histocompatibility, Immunogenetics, and/or HLA experience preferred.</li>\n<li>Experience with Next-Generation Sequencing (NGS) technologies and NGS data analysis preferred.</li>\n<li>Demonstrated skills utilizing bioinformatics algorithms, tools and resources, e.g. sequence retrieval, alignment and clustering techniques, expression profiling and protein related analysis, using major databases and data standards in the field.</li>\n<li>Expertise in nucleic databases both in flat file and relational forms.</li>\n<li>Fluency in ORACLE/SQL, JAVA, PERL, C++, Python, HTML, XML, PHP, R, Matlab, or other languages.</li>\n<li>Ability to write and implement complex computer programs and analysis pipelines.</li>\n<li>Proficiency in UNIX, LINUX, Mac OS X, and Windows operating systems.</li>\n<li>Ability to independently set up and maintain multiple computer systems including cluster/server/workstation/PC/MAC.</li>\n<li>Excellent interpersonal skills to interact and communicate with both clinical lab technical staff and research staff.</li>\n<li>Excellent writing, communication and analytical skills</li>\n<li>Ability to work independently with minimal guidance while consistently exercising good judgment.</li>\n<li>Ability to learn new technologies quickly.</li>\n<li>Ability to work efficiently on multiple projects.</li>\n</ul>\n<p>All CHOP employees who work in a patient building or who provide patient care are required to receive an annual influenza vaccine unless they are granted a medical or religious exemption.</p>\n<p>The Children's Hospital of Philadelphia is committed to providing a safe and healthy environment for its patients, family members, visitors and employees. In an effort to achieve this goal, employment at The Children's Hospital of Philadelphia, other than for positions with regularly scheduled hours in New Jersey, is contingent upon an attestation that the job applicant does not use tobacco products or nicotine in any form and a negative nicotine screen (the latter occurs after a job offer).</p>\n<p>The Children's Hospital of Philadelphia is an equal opportunity employer. We do not discriminate on the basis of race, color, gender, gender identity, sexual orientation, age, religion, national or ethnic origin, disability or protected veteran status.</p>\n<p>Please visit the CHOP website and apply at: <a href=\"https://careers.chop.edu/job/Philadelphia-Bioinformatics-Scientist-II-PA-19104/372510300/\" rel=\"nofollow\">https://careers.chop.edu/job/Philadelphia-Bioinformatics-Scientist-II-PA-19104/372510300/</a></p>\n"
}