{
    "answer_count": 2,
    "author": "Amirosein",
    "author_uid": "24555",
    "book_count": 0,
    "comment_count": 0,
    "content": "Hello all\n\nI have a Sanger read (an *.ab1 file which I did basecalling for it) and a reference. I want to find homo and hetero events for this sample (read) for further computations like annotating individual variants. Now I did it myself but it seems there is a standard pipeline for this purpose for NGS reads.\n\nIs there any pipeline for sanger reads as well? or I need to convert my read into fastq for this purpose? and what if \"yes\" what is the pipeline?\n\nI'm using Rstudio Bioconductor.\n\nThanks all",
    "creation_date": "2016-08-18T07:43:45.826709+00:00",
    "has_accepted": false,
    "id": 199284,
    "lastedit_date": "2024-03-26T13:47:32.366316+00:00",
    "lastedit_user_uid": "8494",
    "parent_id": 199284,
    "rank": 1471528927.902741,
    "reply_count": 2,
    "root_id": 199284,
    "status": "Open",
    "status_id": 1,
    "subs_count": 1,
    "tag_val": "variant-calling,sanger,alignment,variants",
    "thread_score": 2,
    "title": "Variant calling for sanger reads",
    "type": "Question",
    "type_id": 0,
    "uid": "207573",
    "url": "https://www.biostars.org/p/207573/",
    "view_count": 4663,
    "vote_count": 2,
    "xhtml": "<p>Hello all</p>\n<p>I have a Sanger read (an *.ab1 file which I did basecalling for it) and a reference. I want to find homo and hetero events for this sample (read) for further computations like annotating individual variants. Now I did it myself but it seems there is a standard pipeline for this purpose for NGS reads.</p>\n<p>Is there any pipeline for sanger reads as well? or I need to convert my read into fastq for this purpose? and what if \"yes\" what is the pipeline?</p>\n<p>I'm using Rstudio Bioconductor.</p>\n<p>Thanks all</p>\n"
}