{
    "answer_count": 3,
    "author": "l0o0",
    "author_uid": "6727",
    "book_count": 0,
    "comment_count": 2,
    "content": "Hi, I am using bowtie + samtools pipeline to call snp. Split bam file and call snp by chromosome will save a lot of time.\n\nBut the reference genome have many scaffold, split bam by chromosome will produce a lot of scaffold_bam file. Now I want to split bam by scaffold, so the scaffold will split into one file.\n\nIs there any way to do that?\n\nI tried to use command:\n\n    samtools view in.bam scaffold1 scaffold2 -b > scaffold1_2.bam\n\nbut I don't know how to check if `scaffold1_2.bam` contains scaffold1 and scaffold2.\n\nThanks",
    "creation_date": "2016-01-07T02:48:26.886494+00:00",
    "has_accepted": false,
    "id": 164427,
    "lastedit_date": "2022-08-01T18:52:42.656259+00:00",
    "lastedit_user_uid": "8494",
    "parent_id": 164427,
    "rank": 1452159847.278839,
    "reply_count": 3,
    "root_id": 164427,
    "status": "Open",
    "status_id": 1,
    "subs_count": 1,
    "tag_val": "snp,genome",
    "thread_score": 4,
    "title": "Split bam by multiple chromosome to a single bam file",
    "type": "Question",
    "type_id": 0,
    "uid": "171791",
    "url": "https://www.biostars.org/p/171791/",
    "view_count": 6083,
    "vote_count": 2,
    "xhtml": "<p>Hi, I am using bowtie + samtools pipeline to call snp. Split bam file and call snp by chromosome will save a lot of time.</p>\n<p>But the reference genome have many scaffold, split bam by chromosome will produce a lot of scaffold_bam file. Now I want to split bam by scaffold, so the scaffold will split into one file.</p>\n<p>Is there any way to do that?</p>\n<p>I tried to use command:</p>\n<pre><code>samtools view in.bam scaffold1 scaffold2 -b &gt; scaffold1_2.bam\n</code></pre>\n<p>but I don't know how to check if <code>scaffold1_2.bam</code> contains scaffold1 and scaffold2.</p>\n<p>Thanks</p>\n"
}