{
    "answer_count": 2,
    "author": "David Langenberger",
    "author_uid": "3827",
    "book_count": 2,
    "comment_count": 0,
    "content": "**Exciting News: ecSeq Bioinformatics 2024 Workshops Are Here!** \n\nWe're thrilled to announce our diverse range of bioinformatics workshops for 2024, now open for registration! Whether you're a beginner or looking to deepen your expertise, our courses are designed to elevate your skills in the dynamic world of NGS data analysis.\n\n**2024 Highlights Include:**\n\n - [**Online Course - A Practical Introduction to NGS Data Analysis:**][1]  Perfect for those starting their journey in bioinformatics.\n - [**RNA-Seq Data Analysis Workshop:**][1]  Dive deep into RNA-Seq data analysis in Berlin, Germany.\n - [**Single-Cell RNA-Seq Data Analysis:**][1]  Explore this cutting-edge field in our practical introduction courses.\n - [**Bioinformatics Pipeline Development with Nextflow:**][1]  Master the art of pipeline development in our online courses.\n - ...and many more!\n\n**Dates & Locations:** Spanning throughout 2024, our workshops are hosted in various key cities across Europe and online, offering flexibility and accessibility.\n\n**Why Register Now?**\n\n - **Secure Your Spot:** Our workshops are in high demand. Register early to ensure your participation.\n - **Plan for Success:** Get ahead in your 2024 learning and career goals.\n - **Join a Global Community:** Network with peers and experts in the field.\n\nDon't miss this opportunity to be part of a transformative learning experience. Enhance your bioinformatics skills with ecSeq's expert-led workshops.\n\n[Explore Our Workshops and Register Today][1] \n\n\n![enter image description here][2]\n\n\n\n  [1]: https://www.ecseq.com/workshops/ngs-data-analysis-courses\n  [2]: /media/images/50759d5c-85be-49b8-99de-99e017e9",
    "creation_date": "2023-12-15T09:29:28.538217+00:00",
    "has_accepted": false,
    "id": 582700,
    "lastedit_date": "2024-01-15T09:44:56.012757+00:00",
    "lastedit_user_uid": "3827",
    "parent_id": 582700,
    "rank": 1705311896.049674,
    "reply_count": 2,
    "root_id": 582700,
    "status": "Open",
    "status_id": 1,
    "subs_count": 2,
    "tag_val": "scRNA-seq,dna-seq,rna-seq,nextflow",
    "thread_score": 7,
    "title": "NGS Data Analysis Workshops 2024",
    "type": "News",
    "type_id": 11,
    "uid": "9582700",
    "url": "https://www.biostars.org/p/9582700/",
    "view_count": 1484,
    "vote_count": 5,
    "xhtml": "<p><strong>Exciting News: ecSeq Bioinformatics 2024 Workshops Are Here!</strong></p>\n<p>We're thrilled to announce our diverse range of bioinformatics workshops for 2024, now open for registration! Whether you're a beginner or looking to deepen your expertise, our courses are designed to elevate your skills in the dynamic world of NGS data analysis.</p>\n<p><strong>2024 Highlights Include:</strong></p>\n<ul>\n<li><a href=\"https://www.ecseq.com/workshops/ngs-data-analysis-courses\" rel=\"nofollow\"><strong>Online Course - A Practical Introduction to NGS Data Analysis:</strong></a>  Perfect for those starting their journey in bioinformatics.</li>\n<li><a href=\"https://www.ecseq.com/workshops/ngs-data-analysis-courses\" rel=\"nofollow\"><strong>RNA-Seq Data Analysis Workshop:</strong></a>  Dive deep into RNA-Seq data analysis in Berlin, Germany.</li>\n<li><a href=\"https://www.ecseq.com/workshops/ngs-data-analysis-courses\" rel=\"nofollow\"><strong>Single-Cell RNA-Seq Data Analysis:</strong></a>  Explore this cutting-edge field in our practical introduction courses.</li>\n<li><a href=\"https://www.ecseq.com/workshops/ngs-data-analysis-courses\" rel=\"nofollow\"><strong>Bioinformatics Pipeline Development with Nextflow:</strong></a>  Master the art of pipeline development in our online courses.</li>\n<li>...and many more!</li>\n</ul>\n<p><strong>Dates &amp; Locations:</strong> Spanning throughout 2024, our workshops are hosted in various key cities across Europe and online, offering flexibility and accessibility.</p>\n<p><strong>Why Register Now?</strong></p>\n<ul>\n<li><strong>Secure Your Spot:</strong> Our workshops are in high demand. Register early to ensure your participation.</li>\n<li><strong>Plan for Success:</strong> Get ahead in your 2024 learning and career goals.</li>\n<li><strong>Join a Global Community:</strong> Network with peers and experts in the field.</li>\n</ul>\n<p>Don't miss this opportunity to be part of a transformative learning experience. Enhance your bioinformatics skills with ecSeq's expert-led workshops.</p>\n<p><a href=\"https://www.ecseq.com/workshops/ngs-data-analysis-courses\" rel=\"nofollow\">Explore Our Workshops and Register Today</a></p>\n<p><img alt=\"enter image description here\" src=\"/media/images/50759d5c-85be-49b8-99de-99e017e9\"></p>\n"
}