{
    "answer_count": 0,
    "author": "mducore",
    "author_uid": "4656",
    "book_count": 0,
    "comment_count": 0,
    "content": "<p>I am working with CNV data generated off the Affymetrix 6.0 array. CNVs were estimated using the PennCNV-Affy protocol. Just glancing at the data after this step, I noticed that many segments overlap in different samples. Simple sorting based on start probe location works well enough, but I'd like to be able to identify for each \"unique\" CNV region, the number of samples that are identified as copy-number variant. Comparisons among populations should then be straight forward. </p>\n\n<p>My problem so far is that I don't know what parameters to use to consider that two (or more, hopefully) segments are truly overlapping (length of overlap, #SNPs in overlap, % of total segment), and which may be two separate CNV loci.</p>\n\n<p>Does anyone know of a standard pipeline to merge overlapping CNVs in different samples, or a simple method that is easily justifiable given the platforms I have used so far? I should mention that I am extremely new to programming and have only a bit of experience with Perl. Thanks!</p>\n",
    "creation_date": "2012-05-10T10:38:26.780688+00:00",
    "has_accepted": false,
    "id": 43693,
    "lastedit_date": "2012-05-15T21:04:00.072987+00:00",
    "lastedit_user_uid": "2",
    "parent_id": 43693,
    "rank": 1337115840.072987,
    "reply_count": 0,
    "root_id": 43693,
    "status": "Open",
    "status_id": 1,
    "subs_count": 0,
    "tag_val": "cnv,affymetrix",
    "thread_score": 0,
    "title": "Help Refining Cnv Regions For Population Comparisions",
    "type": "Question",
    "type_id": 0,
    "uid": "44603",
    "url": "https://www.biostars.org/p/44603/",
    "view_count": 2240,
    "vote_count": 0,
    "xhtml": "<p>I am working with CNV data generated off the Affymetrix 6.0 array. CNVs were estimated using the PennCNV-Affy protocol. Just glancing at the data after this step, I noticed that many segments overlap in different samples. Simple sorting based on start probe location works well enough, but I'd like to be able to identify for each \"unique\" CNV region, the number of samples that are identified as copy-number variant. Comparisons among populations should then be straight forward. </p>\n\n<p>My problem so far is that I don't know what parameters to use to consider that two (or more, hopefully) segments are truly overlapping (length of overlap, #SNPs in overlap, % of total segment), and which may be two separate CNV loci.</p>\n\n<p>Does anyone know of a standard pipeline to merge overlapping CNVs in different samples, or a simple method that is easily justifiable given the platforms I have used so far? I should mention that I am extremely new to programming and have only a bit of experience with Perl. Thanks!</p>\n"
}