{
    "answer_count": 1,
    "author": "cakesebastian",
    "author_uid": "38650",
    "book_count": 0,
    "comment_count": 0,
    "content": "Hello I am studying RNA-seq from SRPs and want to create an automated analyzing-pipeline. I need the annotation per SRR thats for example in the RunInfo Table of the NCBI Trace selector. (e.g. https://trace.ncbi.nlm.nih.gov/Traces/study/?acc=DRP000617 ). It seems to me there is no way of creating a link to that Table as I only have the corresponding SRP and SRR. Does anybody know an automated way to get the annotations? ",
    "creation_date": "2017-05-09T13:50:12.096508+00:00",
    "has_accepted": false,
    "id": 242621,
    "lastedit_date": "2017-09-08T17:19:27.287436+00:00",
    "lastedit_user_uid": "31448",
    "parent_id": 242621,
    "rank": 1504891167.287436,
    "reply_count": 1,
    "root_id": 242621,
    "status": "Open",
    "status_id": 1,
    "subs_count": 1,
    "tag_val": "RNA-Seq,SRA,NCBI,Run Selector",
    "thread_score": 2,
    "title": "automated SRA annotaion/Accession List",
    "type": "Question",
    "type_id": 0,
    "uid": "251811",
    "url": "https://www.biostars.org/p/251811/",
    "view_count": 1963,
    "vote_count": 0,
    "xhtml": "<p>Hello I am studying RNA-seq from SRPs and want to create an automated analyzing-pipeline. I need the annotation per SRR thats for example in the RunInfo Table of the NCBI Trace selector. (e.g. <a rel=\"nofollow\" href=\"https://trace.ncbi.nlm.nih.gov/Traces/study/?acc=DRP000617\">https://trace.ncbi.nlm.nih.gov/Traces/study/?acc=DRP000617</a> ). It seems to me there is no way of creating a link to that Table as I only have the corresponding SRP and SRR. Does anybody know an automated way to get the annotations? </p>\n"
}