{
    "answer_count": 6,
    "author": "Grunir112",
    "author_uid": "31812",
    "book_count": 0,
    "comment_count": 4,
    "content": "Where I can do biological pathway analysis for pathways regulated by miRNAs? I have the list of miRNAs from bioinformatics pipeline and I would like to know their biological pathways. I tried to use DIANA tool, but it is very slow and just loading and loading. I also tried to use ingenuity.com but it require registration and it is asking so many information. ",
    "creation_date": "2016-09-19T07:51:12.627326+00:00",
    "has_accepted": false,
    "id": 204038,
    "lastedit_date": "2016-09-19T17:52:03.038968+00:00",
    "lastedit_user_uid": "22697",
    "parent_id": 204038,
    "rank": 1474307523.038968,
    "reply_count": 6,
    "root_id": 204038,
    "status": "Open",
    "status_id": 1,
    "subs_count": 2,
    "tag_val": "RNA-Seq,gene",
    "thread_score": 1,
    "title": "Pathway analysis for miRNAs",
    "type": "Question",
    "type_id": 0,
    "uid": "212458",
    "url": "https://www.biostars.org/p/212458/",
    "view_count": 2207,
    "vote_count": 0,
    "xhtml": "<p>Where I can do biological pathway analysis for pathways regulated by miRNAs? I have the list of miRNAs from bioinformatics pipeline and I would like to know their biological pathways. I tried to use DIANA tool, but it is very slow and just loading and loading. I also tried to use ingenuity.com but it require registration and it is asking so many information. </p>\n"
}