{
    "answer_count": 1,
    "author": "bio_d",
    "author_uid": "42204",
    "book_count": 0,
    "comment_count": 0,
    "content": "Hi,\r\n\r\nI am trying a de novo assembly of a reptile (genome size comparable to human). I have Illumina paired-end library (~200b) and two Illumina mate pair libraries (5.2kb and 10kb). In addition, I have a Pacbio library(<10X coverage).\r\n\r\n **I am a little confused, ALLPATHS-lg has some scripts/ executables/ modules such as CleanCorrectedReads, CorrectLongReads, ErrorCorrectJump, ErrorCorrectReads.pl, EvaluateCorrectedPairs, so should one provide all the libraries as is (i.e. as obtained from the sequence centers) and let ALLPATHS-lg use it's own Error Correction machinery to correct all libraries**.\r\n\r\nNonetheless, I trimmed the Illumina libraries based on quality and adapter while the Pacbio sequences were corrected using LoRDEC (making use of all the short reads libraries ).\r\n\r\nHowever, when I use these corrected and trimmed sequences in the  \"PrepareAllPathsInputs.pl\" pipeline for ALLPATHS-lg only the short reads are added to the database (although output log table has a note that Pacbio library will be added to the database). I can see the SUB_DIR (which is \"data\" in my case) populated with the following files:\r\n\r\nfrag_reads_orig.fastb, frag_reads_orig.qualb, frag_reads_orig.pairs\r\n\r\njump_reads_orig.fastb, jump_reads_orig.qualb, jump_reads_orig.pairs\r\n\r\nHowever, similar files corresponding to the Pacbio libraries(long_jump_reads_orig.fastb, long_jump_reads_orig.qualb, long_jump_reads_orig.pairs) are absent. At first, I tried with the LoRDEC corrected Pacbio sequences as fasta files and ALLPATHS-lg complained that there was no quality score (rightly so because fasta does not have quality information). Then I used a fasta_to_fastq perl script to convert corrected Pacbio to fastq format and reran the Prepareallpathsinputs.pl step but to my surprise, the output log for the PrepareAllPathsInputs step displays that\r\n\r\n==================== WARNINGS ====================\r\n\r\n!!!! No 'long_jump' cached read groups found.\r\n     Long jumping reads (typically 40 kb, < 1x coverage) are useful only for scaffolding of vertebrate size genomes, and are not required for an assembly.\r\n\r\n\r\n!!!! No 'long' cached read groups found.\r\n     Long reads (typically, unpaired, 1 kb, 50x coverage) are useful only for gap patching of relatively small genomes, and are not required for an assembly.\r\n\r\n==================================================\r\n\r\nmy **in_groups.csv** file looks like\r\n\r\ngroup_name,     library_name,                                                                                                     file_name\r\n\r\npaired-end1,      frag_lib1,   /home/user1/DENOVO/draft_genome/data/frag_lib/frag_lib1/*.fq.gz\r\n\r\npaired-end7,      frag_lib7,   /home/user1/DENOVO/draft_genome/data/frag_lib/frag_lib7/*.fq.gz\r\n\r\npaired-end8,      frag_lib8,   /home/user1/DENOVO/draft_genome/data/frag_lib/frag_lib8/*.fq.gz\r\n\r\nmate-pair_1,      jump_lib1, /home/user1/DENOVO/draft_genome/data/jump_lib1/*.fq.gz\r\n\r\nmate-pair_2,      jump_lib2,   /home/user1/DENOVO/draft_genome/data/jump_lib2/*.fq.gz\r\n\r\npacbioreads,      pacbio_long,   /home/user1/DENOVO/draft_genome/data/pacbio_long/subreads*.fastq\r\n\r\nCan anyone help me find out the mistake? **Additionally, I want to know what is the approximate running time needed to assemble a human size genome using ALLPATHS-lg**. Any suggestions are welcome. ",
    "creation_date": "2018-01-04T16:34:28.818496+00:00",
    "has_accepted": false,
    "id": 281845,
    "lastedit_date": "2018-05-21T01:22:19.658656+00:00",
    "lastedit_user_uid": "6093",
    "parent_id": 281845,
    "rank": 1526865739.658656,
    "reply_count": 1,
    "root_id": 281845,
    "status": "Open",
    "status_id": 1,
    "subs_count": 1,
    "tag_val": "sequence correction,ALLPATHS_LG,Hybrid assembly",
    "thread_score": 0,
    "title": "ALLPATHS-LG denovo assembly input file pre-processing and total execution time",
    "type": "Question",
    "type_id": 0,
    "uid": "291908",
    "url": "https://www.biostars.org/p/291908/",
    "view_count": 2119,
    "vote_count": 0,
    "xhtml": "<p>Hi,</p>\n\n<p>I am trying a de novo assembly of a reptile (genome size comparable to human). I have Illumina paired-end library (~200b) and two Illumina mate pair libraries (5.2kb and 10kb). In addition, I have a Pacbio library(&lt;10X coverage).</p>\n\n<p><strong>I am a little confused, ALLPATHS-lg has some scripts/ executables/ modules such as CleanCorrectedReads, CorrectLongReads, ErrorCorrectJump, ErrorCorrectReads.pl, EvaluateCorrectedPairs, so should one provide all the libraries as is (i.e. as obtained from the sequence centers) and let ALLPATHS-lg use it's own Error Correction machinery to correct all libraries</strong>.</p>\n\n<p>Nonetheless, I trimmed the Illumina libraries based on quality and adapter while the Pacbio sequences were corrected using LoRDEC (making use of all the short reads libraries ).</p>\n\n<p>However, when I use these corrected and trimmed sequences in the  \"PrepareAllPathsInputs.pl\" pipeline for ALLPATHS-lg only the short reads are added to the database (although output log table has a note that Pacbio library will be added to the database). I can see the SUB_DIR (which is \"data\" in my case) populated with the following files:</p>\n\n<p>frag_reads_orig.fastb, frag_reads_orig.qualb, frag_reads_orig.pairs</p>\n\n<p>jump_reads_orig.fastb, jump_reads_orig.qualb, jump_reads_orig.pairs</p>\n\n<p>However, similar files corresponding to the Pacbio libraries(long_jump_reads_orig.fastb, long_jump_reads_orig.qualb, long_jump_reads_orig.pairs) are absent. At first, I tried with the LoRDEC corrected Pacbio sequences as fasta files and ALLPATHS-lg complained that there was no quality score (rightly so because fasta does not have quality information). Then I used a fasta_to_fastq perl script to convert corrected Pacbio to fastq format and reran the Prepareallpathsinputs.pl step but to my surprise, the output log for the PrepareAllPathsInputs step displays that</p>\n\n<p>==================== WARNINGS ====================</p>\n\n<p>!!!! No 'long_jump' cached read groups found.\n     Long jumping reads (typically 40 kb, &lt; 1x coverage) are useful only for scaffolding of vertebrate size genomes, and are not required for an assembly.</p>\n\n<p>!!!! No 'long' cached read groups found.\n     Long reads (typically, unpaired, 1 kb, 50x coverage) are useful only for gap patching of relatively small genomes, and are not required for an assembly.</p>\n\n<p>==================================================</p>\n\n<p>my <strong>in_groups.csv</strong> file looks like</p>\n\n<p>group_name,     library_name,                                                                                                     file_name</p>\n\n<p>paired-end1,      frag_lib1,   /home/user1/DENOVO/draft_genome/data/frag_lib/frag_lib1/*.fq.gz</p>\n\n<p>paired-end7,      frag_lib7,   /home/user1/DENOVO/draft_genome/data/frag_lib/frag_lib7/*.fq.gz</p>\n\n<p>paired-end8,      frag_lib8,   /home/user1/DENOVO/draft_genome/data/frag_lib/frag_lib8/*.fq.gz</p>\n\n<p>mate-pair_1,      jump_lib1, /home/user1/DENOVO/draft_genome/data/jump_lib1/*.fq.gz</p>\n\n<p>mate-pair_2,      jump_lib2,   /home/user1/DENOVO/draft_genome/data/jump_lib2/*.fq.gz</p>\n\n<p>pacbioreads,      pacbio_long,   /home/user1/DENOVO/draft_genome/data/pacbio_long/subreads*.fastq</p>\n\n<p>Can anyone help me find out the mistake? <strong>Additionally, I want to know what is the approximate running time needed to assemble a human size genome using ALLPATHS-lg</strong>. Any suggestions are welcome. </p>\n"
}