{
    "answer_count": 3,
    "author": "Jorge Amigo",
    "author_uid": "375",
    "book_count": 1,
    "comment_count": 2,
    "content": "<p>My research group is slowly focusing on targeted resequencing, and although our main interests are SNP and INDEL discovery we would also like to detect CNVs if possible. as far as I know the CNV detectors available use whole genome information to calculate some kind of background noise and average read coverage, and then they go into inferring repeats. but for targeted resequencing I haven't found anything. For that reason, I have 2 questions which I'm placing here joined in this single BioStar question:</p>\n\n<ol>\n<li>(bio) Is it possible to appropriately detect CNVs on targeted resequencing? is there really a need to have all the genome covered with reads in order to infer repeats? wouldn't it be enough to look for a coverage average along the targeted regions, and then infer from coverage alterations those possible repeats?</li>\n<li>(informatics) Is there any program available for CNV detection for targeted resequencing? we currently use BioScope, and its CNV detection module only works on the Whole Genome Resequencing pipeline, refusing to accept data from the Targeted Resequencing one.</li>\n</ol>\n",
    "creation_date": "2011-03-17T18:46:06.153000+00:00",
    "has_accepted": false,
    "id": 6428,
    "lastedit_date": "2011-03-25T17:28:16.490000+00:00",
    "lastedit_user_uid": "117",
    "parent_id": 6428,
    "rank": 1301074096.49,
    "reply_count": 3,
    "root_id": 6428,
    "status": "Open",
    "status_id": 1,
    "subs_count": 2,
    "tag_val": "cnv",
    "thread_score": 11,
    "title": "Detection Of Cnvs From Targeted Resequencing Experiments",
    "type": "Question",
    "type_id": 0,
    "uid": "6543",
    "url": "https://www.biostars.org/p/6543/",
    "view_count": 3332,
    "vote_count": 5,
    "xhtml": "<p>My research group is slowly focusing on targeted resequencing, and although our main interests are SNP and INDEL discovery we would also like to detect CNVs if possible. as far as I know the CNV detectors available use whole genome information to calculate some kind of background noise and average read coverage, and then they go into inferring repeats. but for targeted resequencing I haven't found anything. For that reason, I have 2 questions which I'm placing here joined in this single BioStar question:</p>\n\n<ol>\n<li>(bio) Is it possible to appropriately detect CNVs on targeted resequencing? is there really a need to have all the genome covered with reads in order to infer repeats? wouldn't it be enough to look for a coverage average along the targeted regions, and then infer from coverage alterations those possible repeats?</li>\n<li>(informatics) Is there any program available for CNV detection for targeted resequencing? we currently use BioScope, and its CNV detection module only works on the Whole Genome Resequencing pipeline, refusing to accept data from the Targeted Resequencing one.</li>\n</ol>\n"
}