{
    "answer_count": 10,
    "author": "Payal",
    "author_uid": "36008",
    "book_count": 0,
    "comment_count": 8,
    "content": "Hello,\r\n\r\nThe general command for Hisat2 alignment is:\r\n\r\n    hisat2 --threads 8 -t -p 8 --summary-file summary_txt -x /hisat2_index/index  -1 read1.fastq.gz -2 read2.fastq.gz -S aligned.sam\r\n\r\nI use the following script to run my Hisat2 pipelines.  The bam files I am getting are fine. My question is how can I get the summary file for alignment too? How to frame the output to capture the summary.txt files for each alignment?\r\n\r\n    HISAT2_INDEX_PREFIX = \"/hisat2_index/index\"\r\n\r\n    SAMPLES, *_=glob_wildcards('/samples/{sample}.read1.fastq.gz')\r\n\r\n    rule align_all_samples:\r\n        input: expand(\"samples/{sample}.bam\", sample=SAMPLES)\r\n\r\n    rule align_hisat2:\r\n    input:\r\n        hisat2_index=expand(f\"{HISAT2_INDEX_PREFIX}.{{ix}}.ht2\", ix=range(1, 9)),\r\n        fastq1=\"/samples/{sample}.read1.fastq.gz\",\r\n        fastq2=\"/samples/{sample}.read2.fastq.gz\",\r\n    output:\r\n        bam = \"/samples/align_hisat2_update1/{sample}.bam\",\r\n    log: \"/samples/snakemake_log.txt\"\r\n    threads: 8\r\n    shell:\r\n        \"hisat2 -p {threads} -x {HISAT2_INDEX_PREFIX}\"\r\n        \" -1 {input.fastq1} -2 {input.fastq2}  |\"\r\n        \"samtools sort -@ {threads} -o {output.bam}\"\r\n\r\n\r\nI tried taking another output variable like summary file under the outputs section, but that gives me error! Can  I club two different types of output files in the rule_all?\r\n\r\nThanks,\r\nPayal",
    "creation_date": "2019-07-15T13:23:57.812431+00:00",
    "has_accepted": false,
    "id": 376186,
    "lastedit_date": "2022-01-20T11:48:05.133126+00:00",
    "lastedit_user_uid": "7403",
    "parent_id": 376186,
    "rank": 1642667006.246843,
    "reply_count": 10,
    "root_id": 376186,
    "status": "Open",
    "status_id": 1,
    "subs_count": 4,
    "tag_val": "RNA-Seq,snakemake,sequencing",
    "thread_score": 5,
    "title": "HIsat2 bam and summary output - multiple output file type",
    "type": "Question",
    "type_id": 0,
    "uid": "389688",
    "url": "https://www.biostars.org/p/389688/",
    "view_count": 4442,
    "vote_count": 0,
    "xhtml": "<p>Hello,</p>\n\n<p>The general command for Hisat2 alignment is:</p>\n\n<pre class=\"pre\"><code class=\"language-bash\">hisat2 --threads 8 -t -p 8 --summary-file summary_txt -x /hisat2_index/index  -1 read1.fastq.gz -2 read2.fastq.gz -S aligned.sam\n</code></pre>\n\n<p>I use the following script to run my Hisat2 pipelines.  The bam files I am getting are fine. My question is how can I get the summary file for alignment too? How to frame the output to capture the summary.txt files for each alignment?</p>\n\n<pre class=\"pre\"><code class=\"language-bash\">HISAT2_INDEX_PREFIX = \"/hisat2_index/index\"\n\nSAMPLES, *_=glob_wildcards('/samples/{sample}.read1.fastq.gz')\n\nrule align_all_samples:\n    input: expand(\"samples/{sample}.bam\", sample=SAMPLES)\n\nrule align_hisat2:\ninput:\n    hisat2_index=expand(f\"{HISAT2_INDEX_PREFIX}.{{ix}}.ht2\", ix=range(1, 9)),\n    fastq1=\"/samples/{sample}.read1.fastq.gz\",\n    fastq2=\"/samples/{sample}.read2.fastq.gz\",\noutput:\n    bam = \"/samples/align_hisat2_update1/{sample}.bam\",\nlog: \"/samples/snakemake_log.txt\"\nthreads: 8\nshell:\n    \"hisat2 -p {threads} -x {HISAT2_INDEX_PREFIX}\"\n    \" -1 {input.fastq1} -2 {input.fastq2}  |\"\n    \"samtools sort -@ {threads} -o {output.bam}\"\n</code></pre>\n\n<p>I tried taking another output variable like summary file under the outputs section, but that gives me error! Can  I club two different types of output files in the rule_all?</p>\n\n<p>Thanks,\nPayal</p>\n"
}