{
    "answer_count": 15,
    "author": "Lila M ",
    "author_uid": "21184",
    "book_count": 0,
    "comment_count": 14,
    "content": "Hi everybody, \r\nI'm trying to run this pipeline with bigwif files\r\n\r\n    computeMatrix reference-point --referencePoint TSS --beforeRegionStartLength 30 --afterRegionStartLength 300 -R transcribed_genes_sort.txt -S BJ_rep1_neg_strand.bw BJ_rep1_pos_strand.bw BJ_rep2_neg_strand.bw BJ_rep2_pos_strand.bw -bl DACblacklist.bed.gz --skipZeros -p 1 -o matrix_TSS.gz\r\n\r\nand I get this error\r\n\r\n    [bwHdrRead] There was an error while reading in the header!\r\n    Traceback (most recent call last):\r\n      File \"/home/projas/.local/bin/computeMatrix\", line 11, in <module>\r\n        main(args)\r\n      File \"/home/projas/.local/lib/python3.5/site-packages/deeptools/computeMatrix.py\", line 414, in main\r\n        hm.computeMatrix(scores_file_list, args.regionsFileName, parameters, blackListFileName=args.blackListFileName, verbose=args.verbose, allArgs=args)\r\n      File \"/home/projas/.local/lib/python3.5/site-packages/deeptools/heatmapper.py\", line 235, in computeMatrix\r\n        chromSizes, _ = getScorePerBigWigBin.getChromSizes(score_file_list)\r\n      File \"/home/projas/.local/lib/python3.5/site-packages/deeptools/getScorePerBigWigBin.py\", line 161, in getChromSizes\r\n        fh = pyBigWig.open(fname)\r\n    RuntimeError: Received an error during file opening!\r\nHowever, the header of the bigwig files is something like:\r\n\r\n    chr1\t13264\t13314\t1.8\r\n    chr1\t13444\t13454\t3\r\n    chr1\t13454\t13464\t4.6\r\n    chr1\t13464\t13474\t8.6\r\n\r\nAny ideas?\r\nThanks! \r\n\r\n\r\n",
    "creation_date": "2019-01-25T12:30:09.246818+00:00",
    "has_accepted": true,
    "id": 348718,
    "lastedit_date": "2021-05-05T07:57:45.605326+00:00",
    "lastedit_user_uid": "677e2f3d",
    "parent_id": 348718,
    "rank": 1585160969.831793,
    "reply_count": 15,
    "root_id": 348718,
    "status": "Open",
    "status_id": 1,
    "subs_count": 5,
    "tag_val": "deeptools,computeMatrix,bigwig,coverage",
    "thread_score": 15,
    "title": "error while reading bigwig files in computeMatrix (deeptools)",
    "type": "Question",
    "type_id": 0,
    "uid": "360452",
    "url": "https://www.biostars.org/p/360452/",
    "view_count": 6507,
    "vote_count": 1,
    "xhtml": "<p>Hi everybody, \nI'm trying to run this pipeline with bigwif files</p>\n\n<pre class=\"pre\"><code class=\"language-bash\">computeMatrix reference-point --referencePoint TSS --beforeRegionStartLength 30 --afterRegionStartLength 300 -R transcribed_genes_sort.txt -S BJ_rep1_neg_strand.bw BJ_rep1_pos_strand.bw BJ_rep2_neg_strand.bw BJ_rep2_pos_strand.bw -bl DACblacklist.bed.gz --skipZeros -p 1 -o matrix_TSS.gz\n</code></pre>\n\n<p>and I get this error</p>\n\n<pre class=\"pre\"><code class=\"language-bash\">[bwHdrRead] There was an error while reading in the header!\nTraceback (most recent call last):\n  File \"/home/projas/.local/bin/computeMatrix\", line 11, in &lt;module&gt;\n    main(args)\n  File \"/home/projas/.local/lib/python3.5/site-packages/deeptools/computeMatrix.py\", line 414, in main\n    hm.computeMatrix(scores_file_list, args.regionsFileName, parameters, blackListFileName=args.blackListFileName, verbose=args.verbose, allArgs=args)\n  File \"/home/projas/.local/lib/python3.5/site-packages/deeptools/heatmapper.py\", line 235, in computeMatrix\n    chromSizes, _ = getScorePerBigWigBin.getChromSizes(score_file_list)\n  File \"/home/projas/.local/lib/python3.5/site-packages/deeptools/getScorePerBigWigBin.py\", line 161, in getChromSizes\n    fh = pyBigWig.open(fname)\nRuntimeError: Received an error during file opening!\n</code></pre>\n\n<p>However, the header of the bigwig files is something like:</p>\n\n<pre class=\"pre\"><code class=\"language-bash\">chr1    13264   13314   1.8\nchr1    13444   13454   3\nchr1    13454   13464   4.6\nchr1    13464   13474   8.6\n</code></pre>\n\n<p>Any ideas?\nThanks! </p>\n"
}