{
    "answer_count": 5,
    "author": "Vojt\u011bch",
    "author_uid": "145890",
    "book_count": 0,
    "comment_count": 4,
    "content": "Hi, \nis there an established pipeline or workflow for identifying and detecting isoforms/splice variants from bulk RNA-seq experiments? I am looking for some time without any success. ",
    "creation_date": "2024-08-11T01:24:57.604316+00:00",
    "has_accepted": false,
    "id": 600595,
    "lastedit_date": "2024-08-12T10:14:01.145345+00:00",
    "lastedit_user_uid": "30020",
    "parent_id": 600595,
    "rank": 1723347369.068321,
    "reply_count": 5,
    "root_id": 600595,
    "status": "Open",
    "status_id": 1,
    "subs_count": 3,
    "tag_val": "isoforms,RNA-seq,variants,splice",
    "thread_score": 6,
    "title": "Best workflow for identification of isoforms and splice variants",
    "type": "Question",
    "type_id": 0,
    "uid": "9600595",
    "url": "https://www.biostars.org/p/9600595/",
    "view_count": 512,
    "vote_count": 0,
    "xhtml": "<p>Hi, \nis there an established pipeline or workflow for identifying and detecting isoforms/splice variants from bulk RNA-seq experiments? I am looking for some time without any success.</p>\n"
}