{
    "answer_count": 0,
    "author": "rachel.miller42",
    "author_uid": "40866",
    "book_count": 1,
    "comment_count": 0,
    "content": "I have been given a pipeline to work on and I'm trying to use the position of reads from a BAM file to label the reads later. The pipeline uses R to extract information from the BAM file such as QNAME, RNAME, POS, QWIDTH etc. It uses the scanBam() package to extract the information, which it adds to a data.frame for use in GenomicRanges to find overlaps between the BAM file and a GTF file. For some reason when I extract the position in this way (my code is the bit where it creates \"endPos\", \"positions\" and \"nodeName\") the position I get in the output is about 100,000 bp off. The aim is to be able to use the nodeName to link straight to Ensembl. I'm not overly familiar with scanBam and R, is there anyway it could be extracting the position wrong? Or is it more likely to be an issue with the actual BAM file? I feel some sort of transformation is happening because the POS column in the BAM file has values such as 1,429, while the actual gene position is 63,358,333 (I assume one is the position on the contig and the other is on the chromosome?). I ran bamtobed from bedtools to get the positions and got different positions again, I'm not quite sure what I'm doing wrong.\r\n\r\nAny help would be greatly appreciated.\r\n\r\nThe is the R code used to create the Genomic Ranges GRanges matrix:\r\n\r\n    what <- c(\"qname\",\"rname\",\"strand\",\"pos\",\"qwidth\",\"seq\")\r\n    flag <- scanBamFlag(isUnmappedQuery=FALSE)\r\n    param <- ScanBamParam(what=what, flag=flag)\r\n    bamHITS <- scanBam(bamFile,param=param)[[1]]\r\n    \r\n    cat(\"Collating data...\\n\")\r\n    sequences <- as.data.frame(bamHITS$seq)\t\r\n    \r\n    endPos <- (bamHITS$pos + bamHITS$qwidth)\r\n    positions <- paste(bamHITS$pos,endPos, sep=\"-\")\r\n    nodeName <- paste(bamHITS$rname, positions, bamHITS$qname, sep=\":\")\r\n    \r\n    input <- data.frame(nodeName,bamHITS$rname,bamHITS$strand,bamHITS$pos,bamHITS$qwidth,stringsAsFactors=FALSE)\r\n    input$Sequence <- as.character(sequences[,1]) \r\n    colnames(input) <- c(\"Read\",\"Seq\",\"Strand\",\"Start\",\"Width\",\"Sequence\")\r\n    \r\n    input <- input[input$Seq %in% names(chrLens),]\r\n    \r\n    cat(\"Running GRanges...\\n\")\r\n    GRbam  <-   GRanges(\r\n             seqnames   = Rle(factor(input$Seq,levels=names(chrLens))),\r\n             ranges     = IRanges(start=input$Start, width=input$Width),\r\n             strand     = Rle(factor(input$Strand)),\r\n             seqlengths = chrLens,\r\n             name       = input$Read,\r\n    \t sequence   = input$Sequence\r\n          )",
    "creation_date": "2017-07-29T17:19:01.356490+00:00",
    "has_accepted": false,
    "id": 255839,
    "lastedit_date": "2017-07-29T17:51:06.612681+00:00",
    "lastedit_user_uid": "30",
    "parent_id": 255839,
    "rank": 1501350666.612681,
    "reply_count": 0,
    "root_id": 255839,
    "status": "Open",
    "status_id": 1,
    "subs_count": 0,
    "tag_val": "R,scanBam,GenomicRanges",
    "thread_score": 1,
    "title": "Position Extraction from BAM file incorrect (using scanBam in R)",
    "type": "Question",
    "type_id": 0,
    "uid": "265271",
    "url": "https://www.biostars.org/p/265271/",
    "view_count": 2319,
    "vote_count": 1,
    "xhtml": "<p>I have been given a pipeline to work on and I'm trying to use the position of reads from a BAM file to label the reads later. The pipeline uses R to extract information from the BAM file such as QNAME, RNAME, POS, QWIDTH etc. It uses the scanBam() package to extract the information, which it adds to a data.frame for use in GenomicRanges to find overlaps between the BAM file and a GTF file. For some reason when I extract the position in this way (my code is the bit where it creates \"endPos\", \"positions\" and \"nodeName\") the position I get in the output is about 100,000 bp off. The aim is to be able to use the nodeName to link straight to Ensembl. I'm not overly familiar with scanBam and R, is there anyway it could be extracting the position wrong? Or is it more likely to be an issue with the actual BAM file? I feel some sort of transformation is happening because the POS column in the BAM file has values such as 1,429, while the actual gene position is 63,358,333 (I assume one is the position on the contig and the other is on the chromosome?). I ran bamtobed from bedtools to get the positions and got different positions again, I'm not quite sure what I'm doing wrong.</p>\n\n<p>Any help would be greatly appreciated.</p>\n\n<p>The is the R code used to create the Genomic Ranges GRanges matrix:</p>\n\n<pre class=\"pre\"><code class=\"language-bash\">what &lt;- c(\"qname\",\"rname\",\"strand\",\"pos\",\"qwidth\",\"seq\")\nflag &lt;- scanBamFlag(isUnmappedQuery=FALSE)\nparam &lt;- ScanBamParam(what=what, flag=flag)\nbamHITS &lt;- scanBam(bamFile,param=param)[[1]]\n\ncat(\"Collating data...\\n\")\nsequences &lt;- as.data.frame(bamHITS$seq) \n\nendPos &lt;- (bamHITS$pos + bamHITS$qwidth)\npositions &lt;- paste(bamHITS$pos,endPos, sep=\"-\")\nnodeName &lt;- paste(bamHITS$rname, positions, bamHITS$qname, sep=\":\")\n\ninput &lt;- data.frame(nodeName,bamHITS$rname,bamHITS$strand,bamHITS$pos,bamHITS$qwidth,stringsAsFactors=FALSE)\ninput$Sequence &lt;- as.character(sequences[,1]) \ncolnames(input) &lt;- c(\"Read\",\"Seq\",\"Strand\",\"Start\",\"Width\",\"Sequence\")\n\ninput &lt;- input[input$Seq %in% names(chrLens),]\n\ncat(\"Running GRanges...\\n\")\nGRbam  &lt;-   GRanges(\n         seqnames   = Rle(factor(input$Seq,levels=names(chrLens))),\n         ranges     = IRanges(start=input$Start, width=input$Width),\n         strand     = Rle(factor(input$Strand)),\n         seqlengths = chrLens,\n         name       = input$Read,\n     sequence   = input$Sequence\n      )\n</code></pre>\n"
}