{
    "answer_count": 1,
    "author": "Ritu",
    "author_uid": "48432",
    "book_count": 0,
    "comment_count": 0,
    "content": "I am trying to do de novo assembly of Bionano data. Bionano Pipeline tools and Access server have been installed on a Virtual Machine running Ubuntu 18.04. When I run it with the Bionano data-set downloaded from Genome in a Bottle (all.bnx from ftp://ftp-trace.ncbi.nih.gov/giab/ftp/data/AshkenazimTrio/HG002_NA24385_son/BioNano/), the pipeline runs fine.  But with my dataset, it gives an error in the \"autoNoise0\" stage.\r\n\r\nThe Terminal output ends with the following:\r\n\r\n      Prerun Tests:\r\n            0 ERRORS\r\n            0 WARNINGS\r\n    \r\n    Tools Version: N/A\r\n    Solve Version: N/A\r\n    Pipeline Version: 7981\r\n    RefAligner Version: 7989\r\n    \r\n      Pipeline start time: Wed May 15 11:06:07 2019\r\n    \r\n    checkScanScaling: autoNoise= True\r\n    Executing stage number 1 : AutoNoise + SplitBNX\r\n    \r\n    Molecule Stats (/home/bionano/gis_exp/ref_map/all.bnx):\r\n    Total number of molecules: 3877274\r\n    Total length (Mbp)       : 480326.722\r\n    Average length (kbp)     :    123.883\r\n    Molecule N50 (kbp)       :    245.752\r\n    Label density (/100kb)   :     16.096\r\n    \r\n    Sorting /home/bionano/gis_exp/ref_map/all.bnx into /home/bionano/gis_exp/ref_map/all_sorted\r\n    minlen adjusted to 135 for bnx_sort because scan scaling enabled (original minlen is 150)\r\n     Starting Multi-Threaded Process:\r\n      SortBNX\r\n      Running 1 jobs with 1 threads, sleepTime=0.05\r\n       START    1:                        SortBNX,   1 Thr,    1 R,    1 T,    0 F,    0 Q\r\n       STOP     1:                        SortBNX,   1 Thr,    0 R,    1 T,    1 F,    0 Q  TotalTime= 0h 0.50m  RunTime= 0h 0.50m  CPUload=160% host=NA\r\n     Finished Multi-Threaded Process:\r\n      SortBNX\r\n    \r\n    autoNoise0\r\n     Starting Multi-Threaded Process:\r\n      Autonoise0\r\n     Running 1 jobs with 1 threads, sleepTime=0.05\r\n       START    1:                     Autonoise0,   1 Thr,    1 R,    1 T,    0 F,    0 Q\r\n       STOP     1:                     Autonoise0,   1 Thr,    0 R,    1 T,    1 F,    0 Q  TotalTime= 0h 0.20m  RunTime= 0h 0.20m  CPUload=99% host=NA Command exited with non-zero status 1\r\n     Finished Multi-Threaded Process:\r\n      Autonoise0\r\n    \r\n    ERROR: AutoNoise0 failed. Check: /home/bionano/gis_exp/ref_map/contigs/auto_noise/autoNoise0.stdout\r\n\r\n\r\nautoNoise0.stdout is as follows:\r\n\r\n    WARNING: -RepeatMask with -RepeatRec requires -extend 1 or -extend 2 (using -extend 1)\r\n    \r\n    Reading input maps from /home/bionano/gis_exp/ref_map/all_sorted.bnx\r\n    \r\n    After applying -maxEnd 90.0000 -bpp 500.0000 -mres 0.90000000 -minSNR 0.0000 to /home/bionano/gis_exp/ref_map/all_sorted.bnx : maps=0, sites=0, length= 0.000 kb (avg= -nan kb, label density= 0.000 /100kb, N50= 0.0000 Mb):wtime=0.006038\r\n    \r\n    WARNING: no maps in 1 -i input files\r\n    \r\n    Generating -i input map statistics in /home/bionano/gis_exp/ref_map/molecule_stats.txt\r\n    \r\n    Read 0 Maps from 1 file /home/bionano/gis_exp/ref_map/all_sorted.bnx : total maps=0, sites=0, length=0.000 kb (avg=-nan kb, label density = 0.000 /100kb, N50= 0.0000 Mb):wall time=0.006213\r\n    \r\n    Read 24 reference maps from 1 input files :total maps=24, sites=554371, length=3088269.832 kb (avg=128677.910 kb, Label Density=17.951/100kb)\r\n    \r\n    kmax=5,average Kmax[I]=0.539\r\n    \r\n    1:score_init():Insufficient -i map data:nummaps=0,total sites=0,total length=0.000\r\n    enter code here\r\n\r\nMy script is as follows:\r\n\r\n    DATA=/home/bionano/gis_exp/data/RawMolecules-M002C-800K.bnx\r\n    #DATA=/home/bionano/gis_exp/data/all.bnx\r\n    BNTOOLSDIR=/home/bionano/tools/pipeline/Solve3.3_10252018\r\n    PLINEDIR=$BNTOOLSDIR/Pipeline/10252018\r\n    REFALNDIR=$BNTOOLSDIR/RefAligner/7915.7989rel\r\n    OUTDIR=/home/bionano/gis_exp/ref_map\r\n    NUMTH=2\r\n    HUMANREF=GCA_000001405.15_GRCh38_no_alt_analysis_set.fna.gz\r\n    \r\n    python2 $PLINEDIR/pipelineCL.py -T $NUMTH -j $NUMTH -N 1 -i 5 -y \\\r\n    -b $DATA -l $OUTDIR -t $REFALNDIR -a $REFALNDIR/optArguments_haplotype_irys.xml -r $BNTOOLSDIR/RefGenome/hg38_DLE1_0kb_0labels.cmap\r\n\r\nCould someone kindly guide me what might be wrong in the run with my own datbase.\r\n",
    "creation_date": "2019-06-12T07:54:31.038769+00:00",
    "has_accepted": false,
    "id": 370981,
    "lastedit_date": "2021-05-14T08:48:56.020375+00:00",
    "lastedit_user_uid": "44105",
    "parent_id": 370981,
    "rank": 1620981678.756922,
    "reply_count": 1,
    "root_id": 370981,
    "status": "Open",
    "status_id": 1,
    "subs_count": 2,
    "tag_val": "BioNano,Assembly",
    "thread_score": 0,
    "title": " Error in the \"autoNoise0\" stage while doing de novo assembly of Bionano data",
    "type": "Question",
    "type_id": 0,
    "uid": "384151",
    "url": "https://www.biostars.org/p/384151/",
    "view_count": 1358,
    "vote_count": 0,
    "xhtml": "<p>I am trying to do de novo assembly of Bionano data. Bionano Pipeline tools and Access server have been installed on a Virtual Machine running Ubuntu 18.04. When I run it with the Bionano data-set downloaded from Genome in a Bottle (all.bnx from <a rel=\"nofollow\" href=\"ftp://ftp-trace.ncbi.nih.gov/giab/ftp/data/AshkenazimTrio/HG002_NA24385_son/BioNano/)\">ftp://ftp-trace.ncbi.nih.gov/giab/ftp/data/AshkenazimTrio/HG002_NA24385_son/BioNano/)</a>, the pipeline runs fine.  But with my dataset, it gives an error in the \"autoNoise0\" stage.</p>\n\n<p>The Terminal output ends with the following:</p>\n\n<pre class=\"pre\"><code class=\"language-bash\">  Prerun Tests:\n        0 ERRORS\n        0 WARNINGS\n\nTools Version: N/A\nSolve Version: N/A\nPipeline Version: 7981\nRefAligner Version: 7989\n\n  Pipeline start time: Wed May 15 11:06:07 2019\n\ncheckScanScaling: autoNoise= True\nExecuting stage number 1 : AutoNoise + SplitBNX\n\nMolecule Stats (/home/bionano/gis_exp/ref_map/all.bnx):\nTotal number of molecules: 3877274\nTotal length (Mbp)       : 480326.722\nAverage length (kbp)     :    123.883\nMolecule N50 (kbp)       :    245.752\nLabel density (/100kb)   :     16.096\n\nSorting /home/bionano/gis_exp/ref_map/all.bnx into /home/bionano/gis_exp/ref_map/all_sorted\nminlen adjusted to 135 for bnx_sort because scan scaling enabled (original minlen is 150)\n Starting Multi-Threaded Process:\n  SortBNX\n  Running 1 jobs with 1 threads, sleepTime=0.05\n   START    1:                        SortBNX,   1 Thr,    1 R,    1 T,    0 F,    0 Q\n   STOP     1:                        SortBNX,   1 Thr,    0 R,    1 T,    1 F,    0 Q  TotalTime= 0h 0.50m  RunTime= 0h 0.50m  CPUload=160% host=NA\n Finished Multi-Threaded Process:\n  SortBNX\n\nautoNoise0\n Starting Multi-Threaded Process:\n  Autonoise0\n Running 1 jobs with 1 threads, sleepTime=0.05\n   START    1:                     Autonoise0,   1 Thr,    1 R,    1 T,    0 F,    0 Q\n   STOP     1:                     Autonoise0,   1 Thr,    0 R,    1 T,    1 F,    0 Q  TotalTime= 0h 0.20m  RunTime= 0h 0.20m  CPUload=99% host=NA Command exited with non-zero status 1\n Finished Multi-Threaded Process:\n  Autonoise0\n\nERROR: AutoNoise0 failed. Check: /home/bionano/gis_exp/ref_map/contigs/auto_noise/autoNoise0.stdout\n</code></pre>\n\n<p>autoNoise0.stdout is as follows:</p>\n\n<pre class=\"pre\"><code class=\"language-bash\">WARNING: -RepeatMask with -RepeatRec requires -extend 1 or -extend 2 (using -extend 1)\n\nReading input maps from /home/bionano/gis_exp/ref_map/all_sorted.bnx\n\nAfter applying -maxEnd 90.0000 -bpp 500.0000 -mres 0.90000000 -minSNR 0.0000 to /home/bionano/gis_exp/ref_map/all_sorted.bnx : maps=0, sites=0, length= 0.000 kb (avg= -nan kb, label density= 0.000 /100kb, N50= 0.0000 Mb):wtime=0.006038\n\nWARNING: no maps in 1 -i input files\n\nGenerating -i input map statistics in /home/bionano/gis_exp/ref_map/molecule_stats.txt\n\nRead 0 Maps from 1 file /home/bionano/gis_exp/ref_map/all_sorted.bnx : total maps=0, sites=0, length=0.000 kb (avg=-nan kb, label density = 0.000 /100kb, N50= 0.0000 Mb):wall time=0.006213\n\nRead 24 reference maps from 1 input files :total maps=24, sites=554371, length=3088269.832 kb (avg=128677.910 kb, Label Density=17.951/100kb)\n\nkmax=5,average Kmax[I]=0.539\n\n1:score_init():Insufficient -i map data:nummaps=0,total sites=0,total length=0.000\nenter code here\n</code></pre>\n\n<p>My script is as follows:</p>\n\n<pre class=\"pre\"><code class=\"language-bash\">DATA=/home/bionano/gis_exp/data/RawMolecules-M002C-800K.bnx\n#DATA=/home/bionano/gis_exp/data/all.bnx\nBNTOOLSDIR=/home/bionano/tools/pipeline/Solve3.3_10252018\nPLINEDIR=$BNTOOLSDIR/Pipeline/10252018\nREFALNDIR=$BNTOOLSDIR/RefAligner/7915.7989rel\nOUTDIR=/home/bionano/gis_exp/ref_map\nNUMTH=2\nHUMANREF=GCA_000001405.15_GRCh38_no_alt_analysis_set.fna.gz\n\npython2 $PLINEDIR/pipelineCL.py -T $NUMTH -j $NUMTH -N 1 -i 5 -y \\\n-b $DATA -l $OUTDIR -t $REFALNDIR -a $REFALNDIR/optArguments_haplotype_irys.xml -r $BNTOOLSDIR/RefGenome/hg38_DLE1_0kb_0labels.cmap\n</code></pre>\n\n<p>Could someone kindly guide me what might be wrong in the run with my own datbase.</p>\n"
}