{
    "answer_count": 1,
    "author": "hafiz.talhamalik",
    "author_uid": "21757",
    "book_count": 0,
    "comment_count": 1,
    "content": "any recommended tool or pipeline for assembling viral genome from long read NGS data ? ",
    "creation_date": "2020-10-29T09:05:10.660526+00:00",
    "has_accepted": false,
    "id": 442283,
    "lastedit_date": "2020-10-29T09:05:10.660526+00:00",
    "lastedit_user_uid": "21757",
    "parent_id": 442283,
    "rank": 1603962310.660526,
    "reply_count": 1,
    "root_id": 442283,
    "status": "Open",
    "status_id": 1,
    "subs_count": 1,
    "tag_val": "assembly",
    "thread_score": 0,
    "title": "Viral Genome Denovo Assembly",
    "type": "Question",
    "type_id": 0,
    "uid": "470121",
    "url": "https://www.biostars.org/p/470121/",
    "view_count": 563,
    "vote_count": 0,
    "xhtml": "<p>any recommended tool or pipeline for assembling viral genome from long read NGS data ? </p>\n"
}