{
    "answer_count": 7,
    "author": "rgc255",
    "author_uid": "49937",
    "book_count": 2,
    "comment_count": 7,
    "content": "Is it possible to merge two indexes created using BWA version 0.7.17 (https://github.com/lh3/bwa)?  I need to create many BWA index files that included a large genome and a variable smaller bacterial genome.  I need to do this many times as part of a pipeline and it takes a about 40 minutes, even using a large value for the -b parameter (i.e. -b 1000000000000).  I'm looking for a way to combine the large reference genome index and the small bacterial genome reference since the large reference genome is fixed and only the bacterial genomes are different from run to run.\r\n\r\nI've come across several different programs that can merge BWT index files, such as https://github.com/holtjma/msbwt, https://github.com/jltsiren/bwt-merge, and https://github.com/felipelouza/egap.  However, these programs do not seem to produce BWT files that are in the format required by the BWA read alignment tool.  \r\n\r\nWhen I run the command `bwa index -a bwtsw genome.fasta`, I get five different output files: genome.bwt, genome.pac, genome.ann, genome.amb, genome.sa/ . Even if msbwt, bwt-merg and egap (etc) could produce BWT files formatted for BWA, I'm not sure how to merge the other file types (i.e. *.pac,* .ann, *.amb,* .sa).  Does anyone know how to merge multiple BWA indexes?\r\n\r\n\r\n10/26/18 UPDATE:\r\nI learned that if you have a bwt index in the format required by bwa that you can generate the .pac, .ann, .amb, and .sa files using bwa's bwt2sa and fa2pac commands.  For example, if you have a bwt file named genome.fasta.bwt, you can run these commands: `bwa bwt2sa genome.fasta.bwt genome.fasta.sa` and\r\n`bwa fa2pac genome.fasta.bwt genome.fasta.pac`\r\n",
    "creation_date": "2018-10-25T18:07:06.136258+00:00",
    "has_accepted": false,
    "id": 334476,
    "lastedit_date": "2018-10-26T20:35:55.672124+00:00",
    "lastedit_user_uid": "49937",
    "parent_id": 334476,
    "rank": 1540586155.672124,
    "reply_count": 7,
    "root_id": 334476,
    "status": "Open",
    "status_id": 1,
    "subs_count": 3,
    "tag_val": "BWA,BWT,read aligner,merge",
    "thread_score": 9,
    "title": "Merging BWT indices for BWA",
    "type": "Question",
    "type_id": 0,
    "uid": "345726",
    "url": "https://www.biostars.org/p/345726/",
    "view_count": 2649,
    "vote_count": 4,
    "xhtml": "<p>Is it possible to merge two indexes created using BWA version 0.7.17 (<a rel=\"nofollow\" href=\"https://github.com/lh3/bwa)?\">https://github.com/lh3/bwa)?</a>  I need to create many BWA index files that included a large genome and a variable smaller bacterial genome.  I need to do this many times as part of a pipeline and it takes a about 40 minutes, even using a large value for the -b parameter (i.e. -b 1000000000000).  I'm looking for a way to combine the large reference genome index and the small bacterial genome reference since the large reference genome is fixed and only the bacterial genomes are different from run to run.</p>\n\n<p>I've come across several different programs that can merge BWT index files, such as <a rel=\"nofollow\" href=\"https://github.com/holtjma/msbwt\">https://github.com/holtjma/msbwt</a>, <a rel=\"nofollow\" href=\"https://github.com/jltsiren/bwt-merge\">https://github.com/jltsiren/bwt-merge</a>, and <a rel=\"nofollow\" href=\"https://github.com/felipelouza/egap\">https://github.com/felipelouza/egap</a>.  However, these programs do not seem to produce BWT files that are in the format required by the BWA read alignment tool.  </p>\n\n<p>When I run the command <code>bwa index -a bwtsw genome.fasta</code>, I get five different output files: genome.bwt, genome.pac, genome.ann, genome.amb, genome.sa/ . Even if msbwt, bwt-merg and egap (etc) could produce BWT files formatted for BWA, I'm not sure how to merge the other file types (i.e. <em>.pac,</em> .ann, <em>.amb,</em> .sa).  Does anyone know how to merge multiple BWA indexes?</p>\n\n<p>10/26/18 UPDATE:\nI learned that if you have a bwt index in the format required by bwa that you can generate the .pac, .ann, .amb, and .sa files using bwa's bwt2sa and fa2pac commands.  For example, if you have a bwt file named genome.fasta.bwt, you can run these commands: <code>bwa bwt2sa genome.fasta.bwt genome.fasta.sa</code> and\n<code>bwa fa2pac genome.fasta.bwt genome.fasta.pac</code></p>\n"
}