{
    "answer_count": 2,
    "author": "umn_bist",
    "author_uid": "22513",
    "book_count": 0,
    "comment_count": 1,
    "content": "<p>So I am aligning my RNA-seq using TopHat2 and STAR. STAR is <em>a lot </em>faster but the pipeline that my advisor uses is based on Tophat.</p>\r\n\r\n<p>We are profiling expression levels of LINE-1 retrotransposon.</p>\r\n\r\n<p>I would have to keep track of unmapped, multimapped, and uniquely mapped reads, and she advised that depending on the aligner, how this is done can vary.</p>\r\n\r\n<p><strong>But I am curious, if I use tools like RepeatMasker, would it matter which aligner I use?</strong></p>\r\n\r\n<p>To briefly describe our current pipeline, after aligning and deduping, we output multi-, unique, and unmapped bam files. And then merge multi/unmapped reads and realign it to a pseudogenome (using bowtie strata function). We get mapped repeat names, normalize reads, and group by element/family/class.</p>\r\n\r\n<p>Thank you very much for your time and help!</p>\r\n",
    "creation_date": "2016-02-16T19:52:01.749049+00:00",
    "has_accepted": false,
    "id": 169781,
    "lastedit_date": "2016-02-16T20:10:14.969426+00:00",
    "lastedit_user_uid": "4829",
    "parent_id": 169781,
    "rank": 1455653414.969426,
    "reply_count": 2,
    "root_id": 169781,
    "status": "Open",
    "status_id": 1,
    "subs_count": 1,
    "tag_val": "RNA-Seq,TopHat2,STAR",
    "thread_score": 0,
    "title": "RNA-seq expression profiling",
    "type": "Question",
    "type_id": 0,
    "uid": "177350",
    "url": "https://www.biostars.org/p/177350/",
    "view_count": 2168,
    "vote_count": 0,
    "xhtml": "<p>So I am aligning my RNA-seq using TopHat2 and STAR. STAR is <em>a lot </em>faster but the pipeline that my advisor uses is based on Tophat.</p>\n\n<p>We are profiling expression levels of LINE-1 retrotransposon.</p>\n\n<p>I would have to keep track of unmapped, multimapped, and uniquely mapped reads, and she advised that depending on the aligner, how this is done can vary.</p>\n\n<p><strong>But I am curious, if I use tools like RepeatMasker, would it matter which aligner I use?</strong></p>\n\n<p>To briefly describe our current pipeline, after aligning and deduping, we output multi-, unique, and unmapped bam files. And then merge multi/unmapped reads and realign it to a pseudogenome (using bowtie strata function). We get mapped repeat names, normalize reads, and group by element/family/class.</p>\n\n<p>Thank you very much for your time and help!</p>\n"
}