{
    "answer_count": 12,
    "author": "bdy8",
    "author_uid": "52462",
    "book_count": 0,
    "comment_count": 11,
    "content": "Good afternoon :) \r\n\r\nThis is more of a theory question. My general pipeline is BBDuk.sh -> STAR align -> salmon quant. I am using 3' RNA-seq (Lexogen QuantSeq FWD prep). \r\n\r\nDuring BBDuk.sh, this does a poly a tail trim, as well as a adapter trim (all happy here).\r\n\r\nI then align the trimmed reads to the reference genome using STAR (again, all happy here). \r\n\r\nThis is where some differences occur with Salmon versions. \r\n\r\nUsing salmon v0.10.0, i get expected outputs and quantified files. \r\n\r\n    /nethome/bdy8/programs/salmon-0.10.0_linux_x86_64/bin/salmon \\\r\n    quant \\\r\n    -t /nethome/bdy8/apal_genome/version3.0/Apalm_gffread_for_salmon.fasta \\\r\n    -l SF \\\r\n    -a /scratch/projects/transcriptomics/ben_young/DHE/tagseq/host/aligned/'\"$PALPAL\"'/'\"$PALPAL\"'_Aligned.toTranscriptome.out.bam \\\r\n    -o /scratch/projects/transcriptomics/ben_young/DHE/tagseq/host/salmon/'\"${PALPAL}\"'_salmon\r\n\r\n\r\nHowever, using salmon 1.40 I experience thew following error message \r\n\r\n        /nethome/bdy8/programs/salmon-latest_linux_x86_64/bin/salmon quant \\\r\n             -t /nethome/bdy8/apal_genome/Apalm_gffread_for_salmon.fasta \\\r\n             -l SF \\\r\n             --noLengthCorrection \\\r\n             -a /scratch/projects/transcriptomics/ben_young/POR/tagseq/host/aligned_reads/bagnumber-apal-1009/bagnumber-apal-1009_Aligned.toTranscriptome.out.bam \\\r\n             -o /scratch/projects/transcriptomics/ben_young/POR/tagseq/host/test\r\n\r\n> SAM file says target evm.model.Sc0a5M3_402_HRSCAF_756.4.1.5f5b2bc4 has\r\n> length 536, but the FASTA file contains a sequence of length [538 or\r\n> 537]\r\n\r\nWhat I am thinking is happening is that this is resulting due to the poly a tail trimming in the BBDuk.sh stage. Apart from this I do not know what is happening and was wondering if anyone else has any ideas on this or a fix to ignore this mismatch of 1. \r\n\r\nIf any more information is needed please let me know and I will supply it. ",
    "creation_date": "2021-01-24T22:20:09.991547+00:00",
    "has_accepted": true,
    "id": 452881,
    "lastedit_date": "2021-02-04T14:41:28.194892+00:00",
    "lastedit_user_uid": "52462",
    "parent_id": 452881,
    "rank": 1612449688.194892,
    "reply_count": 12,
    "root_id": 452881,
    "status": "Open",
    "status_id": 1,
    "subs_count": 2,
    "tag_val": "salmon,Salmon,RNA-Seq",
    "thread_score": 5,
    "title": "Salmon BAM target length different to FASTA file sequence length",
    "type": "Question",
    "type_id": 0,
    "uid": "486346",
    "url": "https://www.biostars.org/p/486346/",
    "view_count": 3031,
    "vote_count": 1,
    "xhtml": "<p>Good afternoon :) </p>\n\n<p>This is more of a theory question. My general pipeline is BBDuk.sh -&gt; STAR align -&gt; salmon quant. I am using 3' RNA-seq (Lexogen QuantSeq FWD prep). </p>\n\n<p>During BBDuk.sh, this does a poly a tail trim, as well as a adapter trim (all happy here).</p>\n\n<p>I then align the trimmed reads to the reference genome using STAR (again, all happy here). </p>\n\n<p>This is where some differences occur with Salmon versions. </p>\n\n<p>Using salmon v0.10.0, i get expected outputs and quantified files. </p>\n\n<pre class=\"pre\"><code class=\"language-bash\">/nethome/bdy8/programs/salmon-0.10.0_linux_x86_64/bin/salmon \\\nquant \\\n-t /nethome/bdy8/apal_genome/version3.0/Apalm_gffread_for_salmon.fasta \\\n-l SF \\\n-a /scratch/projects/transcriptomics/ben_young/DHE/tagseq/host/aligned/'\"$PALPAL\"'/'\"$PALPAL\"'_Aligned.toTranscriptome.out.bam \\\n-o /scratch/projects/transcriptomics/ben_young/DHE/tagseq/host/salmon/'\"${PALPAL}\"'_salmon\n</code></pre>\n\n<p>However, using salmon 1.40 I experience thew following error message </p>\n\n<pre class=\"pre\"><code class=\"language-bash\">    /nethome/bdy8/programs/salmon-latest_linux_x86_64/bin/salmon quant \\\n         -t /nethome/bdy8/apal_genome/Apalm_gffread_for_salmon.fasta \\\n         -l SF \\\n         --noLengthCorrection \\\n         -a /scratch/projects/transcriptomics/ben_young/POR/tagseq/host/aligned_reads/bagnumber-apal-1009/bagnumber-apal-1009_Aligned.toTranscriptome.out.bam \\\n         -o /scratch/projects/transcriptomics/ben_young/POR/tagseq/host/test\n</code></pre>\n\n<blockquote>\n  <p>SAM file says target evm.model.Sc0a5M3_402_HRSCAF_756.4.1.5f5b2bc4 has\n  length 536, but the FASTA file contains a sequence of length [538 or\n  537]</p>\n</blockquote>\n\n<p>What I am thinking is happening is that this is resulting due to the poly a tail trimming in the BBDuk.sh stage. Apart from this I do not know what is happening and was wondering if anyone else has any ideas on this or a fix to ignore this mismatch of 1. </p>\n\n<p>If any more information is needed please let me know and I will supply it. </p>\n"
}