{
    "answer_count": 0,
    "author": "ctastad",
    "author_uid": "106631",
    "book_count": 2,
    "comment_count": 0,
    "content": "Joining a storied tradition of inflammatory bowel disease (IBD) research at Mount Sinai in New York City, this position will be charged with leading innovative computational research in a multi-disciplinary environment involving technology development, immunogenomics, and/or population diversity. Access to a highly collaborative environment, rich set of data products, with dual training in both IBD biology (Dr. Judy Cho) and statistical/computational rigor (Dr. Guo-Cheng Yuan). Key questions to be addressed include classification of pathophysiologic subsets (both within IBD and across chronic inflammatory diseases) and multi-omic integration (single cell multi-omics, spatial gene expression). Substantial mentorship across disciplines and work-life balance in a supportive environment will be provided. A successful candidate will have strengths in data management, single cell analyses, comprehensive statistics and/or complex genetics and a demonstrated track record of scientific initiative, curiosity, and rigor.\r\n\r\n\r\nLab Dynamic:\r\n\r\nWork-life balance\r\n\r\n    - Full remote/hybrid option\r\n    - Respect for non-work time and vacation\r\n    - Flexible scheduling\r\n    - Subsidized post-doc housing\r\n    - Stable funding source\r\n\r\nDry Lab Team\r\n\r\n    - Casual, daily standup meeting to troubleshoot and support projects\r\n    - Emphasis on project organization using industry tools (Jira/Confluence/Github/Slack)\r\n    - Diversity of established compute and data infrastructure - server, hpc, and cloud\r\n    - Total authority over QC, preprocessing, and data handling\r\n    - All team members available for informational interview in later rounds\r\n\r\nWet Lab Collaboration\r\n\r\n    - Established, direct patient sample procurement pipeline\r\n    - Full visibility around sample isolation and preparation\r\n    - Significant room for direction of and collaboration on data generation\r\n\r\nProfessional Development\r\n\r\n    - First author status and flexibility in project direction\r\n    - Consistent opportunities for collaboration with multi-institutional partner consortium\r\n    - Large quantity of analysis-ready multi-omic data\r\n    - Co-mentorship between faculty carrying a computational and biological focus\r\n\r\nDuties and Responsibilities:\r\n\r\n    - Designs and implements bioinformatics tools and processes\r\n    - Identifies and resolves technical issues and proposes upgrades to current software\r\n    - Develop projects and work independently on a variety of bioinformatics analysis projects\r\n    - Manages datasets, conducts statistical and genomic analysis, and participates in the preparation of manuscripts and presentations\r\n    - May be involved in sequence and structural analysis, data mining, or statistical modeling.\r\n    - Collaborate with wet-bench biologists and work independently to analyze data derived from several types of projects using microarrays and high-throughput sequencing\r\n    - Conduct analysis of microarray and high-throughput sequencing data, genome sequence analysis, experimental design and statistical analysis\r\n    Other related duties as assigned\r\n\r\nRequirements:\r\n\r\n    - PhD in Biological Sciences, Bioinformatics, Computer Sciences, Statistics or related discipline\r\n    - Working experience with genetics or statistics analysis software and online resources.\r\n    - Fluency in programming languages such as R, Python, Perl, or C++\r\n    - Demonstrated expertise with handling and analyzing wide range of NGS sequencing outputs\r\n    - Capable of working and developing within HPC and Linux environments\r\n\r\nPreferred:\r\n\r\n    - Exposure to muli-omic single cell sequencing datasets and analysis tools (scATACseq, CITEseq, VDJseq, Spatial, Seurat, Scanpy)\r\n    - Familiarity with bioinformatic pipeline languages (Nextflow, Snakemake)\r\n    - Working knowledge of coding best practices (version control, environment management, containerization)\r\n    - Minimum 3 years of experience in a research environment.\r\n\r\n",
    "creation_date": "2023-01-04T03:52:29.038974+00:00",
    "has_accepted": false,
    "id": 550063,
    "lastedit_date": "2023-01-04T03:52:29.038983+00:00",
    "lastedit_user_uid": "106631",
    "parent_id": 550063,
    "rank": 1672804349.038983,
    "reply_count": 0,
    "root_id": 550063,
    "status": "Open",
    "status_id": 1,
    "subs_count": 1,
    "tag_val": "immunology,IBD,genomics,python,R",
    "thread_score": 5,
    "title": "Bioinformatics Postdoc (Full Remote Option)",
    "type": "Job",
    "type_id": 2,
    "uid": "9550063",
    "url": "https://www.biostars.org/p/9550063/",
    "view_count": 1130,
    "vote_count": 5,
    "xhtml": "<p>Joining a storied tradition of inflammatory bowel disease (IBD) research at Mount Sinai in New York City, this position will be charged with leading innovative computational research in a multi-disciplinary environment involving technology development, immunogenomics, and/or population diversity. Access to a highly collaborative environment, rich set of data products, with dual training in both IBD biology (Dr. Judy Cho) and statistical/computational rigor (Dr. Guo-Cheng Yuan). Key questions to be addressed include classification of pathophysiologic subsets (both within IBD and across chronic inflammatory diseases) and multi-omic integration (single cell multi-omics, spatial gene expression). Substantial mentorship across disciplines and work-life balance in a supportive environment will be provided. A successful candidate will have strengths in data management, single cell analyses, comprehensive statistics and/or complex genetics and a demonstrated track record of scientific initiative, curiosity, and rigor.</p>\n<p>Lab Dynamic:</p>\n<p>Work-life balance</p>\n<pre><code>- Full remote/hybrid option\n- Respect for non-work time and vacation\n- Flexible scheduling\n- Subsidized post-doc housing\n- Stable funding source\n</code></pre>\n<p>Dry Lab Team</p>\n<pre><code>- Casual, daily standup meeting to troubleshoot and support projects\n- Emphasis on project organization using industry tools (Jira/Confluence/Github/Slack)\n- Diversity of established compute and data infrastructure - server, hpc, and cloud\n- Total authority over QC, preprocessing, and data handling\n- All team members available for informational interview in later rounds\n</code></pre>\n<p>Wet Lab Collaboration</p>\n<pre><code>- Established, direct patient sample procurement pipeline\n- Full visibility around sample isolation and preparation\n- Significant room for direction of and collaboration on data generation\n</code></pre>\n<p>Professional Development</p>\n<pre><code>- First author status and flexibility in project direction\n- Consistent opportunities for collaboration with multi-institutional partner consortium\n- Large quantity of analysis-ready multi-omic data\n- Co-mentorship between faculty carrying a computational and biological focus\n</code></pre>\n<p>Duties and Responsibilities:</p>\n<pre><code>- Designs and implements bioinformatics tools and processes\n- Identifies and resolves technical issues and proposes upgrades to current software\n- Develop projects and work independently on a variety of bioinformatics analysis projects\n- Manages datasets, conducts statistical and genomic analysis, and participates in the preparation of manuscripts and presentations\n- May be involved in sequence and structural analysis, data mining, or statistical modeling.\n- Collaborate with wet-bench biologists and work independently to analyze data derived from several types of projects using microarrays and high-throughput sequencing\n- Conduct analysis of microarray and high-throughput sequencing data, genome sequence analysis, experimental design and statistical analysis\nOther related duties as assigned\n</code></pre>\n<p>Requirements:</p>\n<pre><code>- PhD in Biological Sciences, Bioinformatics, Computer Sciences, Statistics or related discipline\n- Working experience with genetics or statistics analysis software and online resources.\n- Fluency in programming languages such as R, Python, Perl, or C++\n- Demonstrated expertise with handling and analyzing wide range of NGS sequencing outputs\n- Capable of working and developing within HPC and Linux environments\n</code></pre>\n<p>Preferred:</p>\n<pre><code>- Exposure to muli-omic single cell sequencing datasets and analysis tools (scATACseq, CITEseq, VDJseq, Spatial, Seurat, Scanpy)\n- Familiarity with bioinformatic pipeline languages (Nextflow, Snakemake)\n- Working knowledge of coding best practices (version control, environment management, containerization)\n- Minimum 3 years of experience in a research environment.\n</code></pre>\n"
}