{
    "answer_count": 0,
    "author": "Titus",
    "author_uid": "36927",
    "book_count": 0,
    "comment_count": 0,
    "content": "Hi ,\r\n\r\nI'm using VEP (in local query database) to annotate my vcf in my pipeline. I was looking for parameter concerning the distance base from the splicing site used by VEP for call a variant as splicing effect ? I didn't found the information in the doc.\r\n\r\nBest \r\n\r\nTristan ",
    "creation_date": "2017-04-21T09:49:29.968148+00:00",
    "has_accepted": false,
    "id": 239327,
    "lastedit_date": "2017-04-21T09:49:29.968148+00:00",
    "lastedit_user_uid": "36927",
    "parent_id": 239327,
    "rank": 1492768169.968148,
    "reply_count": 0,
    "root_id": 239327,
    "status": "Open",
    "status_id": 1,
    "subs_count": 1,
    "tag_val": "SNP",
    "thread_score": 0,
    "title": "VEP and splicing site region parameters",
    "type": "Question",
    "type_id": 0,
    "uid": "248470",
    "url": "https://www.biostars.org/p/248470/",
    "view_count": 1651,
    "vote_count": 0,
    "xhtml": "<p>Hi ,</p>\n\n<p>I'm using VEP (in local query database) to annotate my vcf in my pipeline. I was looking for parameter concerning the distance base from the splicing site used by VEP for call a variant as splicing effect ? I didn't found the information in the doc.</p>\n\n<p>Best </p>\n\n<p>Tristan </p>\n"
}