{
    "answer_count": 12,
    "author": "Ram",
    "author_uid": "8414",
    "book_count": 0,
    "comment_count": 11,
    "content": "\r\nHello All,\r\n\r\nAs I am using SNPiR (A pipeline for the detection of SNPs in RNA seq data)  for identification of RNA-seq variants.\r\n\r\nSo during the step of filtering  varients, I am using perl script to remove mismatches at 5' read ends with input of raw variants.\r\nMy input raw_variants.txt file contains  46597831 total no of lines.\r\n\r\n So the problem is this script is taking too long even after running for 5 days on 12 cores , it did't got finished. \r\n\r\nIt would be really helpful to know any alternative way to this step ?\r\n\r\nAny help! Thanks a lot.",
    "creation_date": "2016-05-17T16:00:52.772322+00:00",
    "has_accepted": false,
    "id": 184263,
    "lastedit_date": "2016-05-17T16:36:52.533060+00:00",
    "lastedit_user_uid": "8620",
    "parent_id": 184263,
    "rank": 1463503012.53306,
    "reply_count": 12,
    "root_id": 184263,
    "status": "Open",
    "status_id": 1,
    "subs_count": 2,
    "tag_val": "RNA-Seq,SNP",
    "thread_score": 0,
    "title": "Error in identification of genomic variants from RNA-seq.",
    "type": "Question",
    "type_id": 0,
    "uid": "192127",
    "url": "https://www.biostars.org/p/192127/",
    "view_count": 3262,
    "vote_count": 0,
    "xhtml": "<p>Hello All,</p>\n\n<p>As I am using SNPiR (A pipeline for the detection of SNPs in RNA seq data)  for identification of RNA-seq variants.</p>\n\n<p>So during the step of filtering  varients, I am using perl script to remove mismatches at 5' read ends with input of raw variants.\nMy input raw_variants.txt file contains  46597831 total no of lines.</p>\n\n<p>So the problem is this script is taking too long even after running for 5 days on 12 cores , it did't got finished. </p>\n\n<p>It would be really helpful to know any alternative way to this step ?</p>\n\n<p>Any help! Thanks a lot.</p>\n"
}