{
    "answer_count": 0,
    "author": "Igor Islanov",
    "author_uid": "58524",
    "book_count": 0,
    "comment_count": 0,
    "content": "Good day,\r\n\r\nI'm trying to recreate pipeline that was described in [Bioinformatics Analysis of Whole Exome Sequencing Data][1] and i'm facing some problems.\r\nSearching for answers i [came][2] [across][3] [various][4] [posts][5], but almost everything is related to either with tumor variants or with Panel of Normals (which i don't have as pipeline only about to be used in the future and only 1 sample of WES available right now).\r\n\r\nIs there a way to do variant calling with normal sample without PON ?\r\nI'm trying to use Mutect2 as the papers and posts suggest, but encountering various problems and errors, mostly related to interval list and/or lack of tumor/PON samples.\r\n\r\n  [1]: https://www.ncbi.nlm.nih.gov/pubmed/30350213\r\n  [2]: https://gatkforums.broadinstitute.org/gatk/discussion/comment/42370#Comment_42461\r\n  [3]: https://www.biostars.org/p/273234/\r\n  [4]: https://www.biostars.org/p/142514/\r\n  [5]: https://www.biostars.org/p/171501/",
    "creation_date": "2019-10-15T07:11:52.016668+00:00",
    "has_accepted": false,
    "id": 388673,
    "lastedit_date": "2019-10-15T07:12:44.548752+00:00",
    "lastedit_user_uid": "58524",
    "parent_id": 388673,
    "rank": 1571123564.548752,
    "reply_count": 0,
    "root_id": 388673,
    "status": "Open",
    "status_id": 1,
    "subs_count": 0,
    "tag_val": "gatk,wes,mutect2,sequencing",
    "thread_score": 0,
    "title": "Normal sample variant calling method without PON ?",
    "type": "Question",
    "type_id": 0,
    "uid": "403008",
    "url": "https://www.biostars.org/p/403008/",
    "view_count": 928,
    "vote_count": 0,
    "xhtml": "<p>Good day,</p>\n\n<p>I'm trying to recreate pipeline that was described in <a rel=\"nofollow\" href=\"https://www.ncbi.nlm.nih.gov/pubmed/30350213\">Bioinformatics Analysis of Whole Exome Sequencing Data</a> and i'm facing some problems.\nSearching for answers i <a rel=\"nofollow\" href=\"https://gatkforums.broadinstitute.org/gatk/discussion/comment/42370#Comment_42461\">came</a> <a rel=\"nofollow\" href=\"https://www.biostars.org/p/273234/\">across</a> <a rel=\"nofollow\" href=\"https://www.biostars.org/p/142514/\">various</a> <a rel=\"nofollow\" href=\"https://www.biostars.org/p/171501/\">posts</a>, but almost everything is related to either with tumor variants or with Panel of Normals (which i don't have as pipeline only about to be used in the future and only 1 sample of WES available right now).</p>\n\n<p>Is there a way to do variant calling with normal sample without PON ?\nI'm trying to use Mutect2 as the papers and posts suggest, but encountering various problems and errors, mostly related to interval list and/or lack of tumor/PON samples.</p>\n"
}