{
    "answer_count": 3,
    "author": "jomo018",
    "author_uid": "23839",
    "book_count": 0,
    "comment_count": 3,
    "content": "I sometimes receive a BED file as a result from some experiment (for example peak list of some factor) and try to figure out if and what is special in these regions. Is there a \"common  denominator\"? So I am checking for motifs, GO/Pathway of nearest genes, enrichment in, say, enhancers, comparison with TF ChIP-Seqs etc...This is not systematic and definitely non exhaustive.  \r\n\r\nCan anyone suggest a tool, set of tools, pipeline or even a paper that tries to address this, less-than-well-defined challenge in a systematic manner? The goal is to stay objective and detach the pipeline from the original reasoning behind the creation of the BED file. \r\n\r\n",
    "creation_date": "2018-01-24T11:03:55.991263+00:00",
    "has_accepted": false,
    "id": 284811,
    "lastedit_date": "2018-01-24T11:06:34.288770+00:00",
    "lastedit_user_uid": "23839",
    "parent_id": 284811,
    "rank": 1516791994.28877,
    "reply_count": 3,
    "root_id": 284811,
    "status": "Open",
    "status_id": 1,
    "subs_count": 2,
    "tag_val": "next-gen,sequencing,pipeline",
    "thread_score": 1,
    "title": "What is special in a BED file",
    "type": "Question",
    "type_id": 0,
    "uid": "294931",
    "url": "https://www.biostars.org/p/294931/",
    "view_count": 1114,
    "vote_count": 0,
    "xhtml": "<p>I sometimes receive a BED file as a result from some experiment (for example peak list of some factor) and try to figure out if and what is special in these regions. Is there a \"common  denominator\"? So I am checking for motifs, GO/Pathway of nearest genes, enrichment in, say, enhancers, comparison with TF ChIP-Seqs etc...This is not systematic and definitely non exhaustive.  </p>\n\n<p>Can anyone suggest a tool, set of tools, pipeline or even a paper that tries to address this, less-than-well-defined challenge in a systematic manner? The goal is to stay objective and detach the pipeline from the original reasoning behind the creation of the BED file. </p>\n"
}