{
    "answer_count": 0,
    "author": "Orionzhou",
    "author_uid": "1536",
    "book_count": 0,
    "comment_count": 0,
    "content": "I couldn\u2019t seem to get the haplotype consensus building step to work.  The pipeline was able to finish but there are nothing inserted to the database.  Further checking of the log file found that the program wasn\u2019t able to pull the right data to build the consensus (always reporting `0 taxa used to build distance matrix`) (see attached `phg_log.txt`).  One suggestion I receive is that the taxa names in the ranking file doesn\u2019t match the taxa names in the DB.  However, I'm pretty sure these names are consistent (see `rank.txt` and `rPHG query results` attached at the end of the post).\r\n\r\n[phg_log.txt][1]\r\n\r\nrank.txt\r\n\r\n    B73     3\r\n    Mo17    2\r\n    W22     1\r\n\r\n[rPHG query results][2]\r\n\r\n\r\n  [1]: https://s3.msi.umn.edu/zhoup-share/biostar/phg_log.txt\r\n  [2]: https://s3.msi.umn.edu/zhoup-share/biostar/rPHG_query.png",
    "creation_date": "2021-05-28T01:40:33.561196+00:00",
    "has_accepted": false,
    "id": 472525,
    "lastedit_date": "2021-05-28T01:40:33.561207+00:00",
    "lastedit_user_uid": "1536",
    "parent_id": 472525,
    "rank": 1622166033.561207,
    "reply_count": 0,
    "root_id": 472525,
    "status": "Open",
    "status_id": 1,
    "subs_count": 1,
    "tag_val": "rtassel,PHG,tassel,rPHG",
    "thread_score": 0,
    "title": "PHG - RunHapConsensusPipelinePlugin - \"0 taxa used to build distance matrix\" Error",
    "type": "Question",
    "type_id": 0,
    "uid": "9472525",
    "url": "https://www.biostars.org/p/9472525/",
    "view_count": 559,
    "vote_count": 0,
    "xhtml": "<p>I couldn\u2019t seem to get the haplotype consensus building step to work.  The pipeline was able to finish but there are nothing inserted to the database.  Further checking of the log file found that the program wasn\u2019t able to pull the right data to build the consensus (always reporting <code>0 taxa used to build distance matrix</code>) (see attached <code>phg_log.txt</code>).  One suggestion I receive is that the taxa names in the ranking file doesn\u2019t match the taxa names in the DB.  However, I'm pretty sure these names are consistent (see <code>rank.txt</code> and <code>rPHG query results</code> attached at the end of the post).</p>\n<p><a href=\"https://s3.msi.umn.edu/zhoup-share/biostar/phg_log.txt\" rel=\"nofollow\">phg_log.txt</a></p>\n<p>rank.txt</p>\n<pre><code>B73     3\nMo17    2\nW22     1\n</code></pre>\n<p><a href=\"https://s3.msi.umn.edu/zhoup-share/biostar/rPHG_query.png\" rel=\"nofollow\">rPHG query results</a></p>\n"
}