{
    "answer_count": 0,
    "author": "erik.kastman",
    "author_uid": "19717",
    "book_count": 0,
    "comment_count": 0,
    "content": "I'm attempting to follow this interesting [yeast genome][1] paper, which took newly sequenced assemblies, used the UCSC liftOver pipeline to line them up to a reference, and then create a pseudo-molecule that matched the primary yeast reference:\r\n\r\n> Each de novo assembly was scaffolded against the S. cerevisiae S288c reference genome assembly. The liftOver workflow (Kuhn et al., 2007) was used to determine the coordinates of contigs from each newly assembled strain relative to the reference strain (http://genomewiki.ucsc.edu/index.php/Minimal_Steps_For_LiftOver). Scaffolded contigs mapped to each reference strain chromosome were combined into a \u201cpseudo-molecule,\u201d with the placed contigs stitched together with gaps indicated by \u201cN.\u201d Unplaced contigs (including alternative lower scoring matches) were kept. Unplaced contigs less than 300 nucleotides were not included in the final assembly (Table S1).\r\n\r\nI may be overthinking it, but it doesn't seem like creating a chain file (which lists individual regions in the new assembly and where they map to the reference) is the best way to scaffold molecules. The best specification of the chain file format that I've found at [genome.ucsc.edu](https://genome.ucsc.edu/goldenPath/help/chain.html) shows that the mapping isn't 1-to-1, e.g. there isn't just one set of \"coordinates of contigs from each newly assembled strain relative to the reference strain\", e.g. new coordinates in the contigs can be gapped, etc., by definition of what the chain file does? Am I overthinking it? As a process, I imagine something like:\r\n\r\nFor each position in the reference, use the chain file to find the best contig, and build a sequence from that. Then go to the position at the end of the contig, find the gap until another matched sequence, fill with N's, and repeat. However, what if there are several regions in the new assembly that match the reference? Or what if the new scaffolds overlap?\r\n\r\nDoes anyone know of an algorithm or tool that does this already? I may be overthinking it, but does anyone have experience on doing this before?\r\n\r\n  [1]: https://www.sciencedirect.com/science/article/pii/S0092867416310716?via%3Dihub",
    "creation_date": "2018-06-04T16:19:49.275327+00:00",
    "has_accepted": false,
    "id": 307993,
    "lastedit_date": "2018-06-04T16:19:49.275327+00:00",
    "lastedit_user_uid": "19717",
    "parent_id": 307993,
    "rank": 1528129189.275327,
    "reply_count": 0,
    "root_id": 307993,
    "status": "Open",
    "status_id": 1,
    "subs_count": 0,
    "tag_val": "liftover",
    "thread_score": 0,
    "title": "LiftOver Building a pseudo-molecule",
    "type": "Question",
    "type_id": 0,
    "uid": "318634",
    "url": "https://www.biostars.org/p/318634/",
    "view_count": 1359,
    "vote_count": 0,
    "xhtml": "<p>I'm attempting to follow this interesting <a rel=\"nofollow\" href=\"https://www.sciencedirect.com/science/article/pii/S0092867416310716?via%3Dihub\">yeast genome</a> paper, which took newly sequenced assemblies, used the UCSC liftOver pipeline to line them up to a reference, and then create a pseudo-molecule that matched the primary yeast reference:</p>\n\n<blockquote>\n  <p>Each de novo assembly was scaffolded against the S. cerevisiae S288c reference genome assembly. The liftOver workflow (Kuhn et al., 2007) was used to determine the coordinates of contigs from each newly assembled strain relative to the reference strain (<a rel=\"nofollow\" href=\"http://genomewiki.ucsc.edu/index.php/Minimal_Steps_For_LiftOver)\">http://genomewiki.ucsc.edu/index.php/Minimal_Steps_For_LiftOver)</a>. Scaffolded contigs mapped to each reference strain chromosome were combined into a \u201cpseudo-molecule,\u201d with the placed contigs stitched together with gaps indicated by \u201cN.\u201d Unplaced contigs (including alternative lower scoring matches) were kept. Unplaced contigs less than 300 nucleotides were not included in the final assembly (Table S1).</p>\n</blockquote>\n\n<p>I may be overthinking it, but it doesn't seem like creating a chain file (which lists individual regions in the new assembly and where they map to the reference) is the best way to scaffold molecules. The best specification of the chain file format that I've found at <a rel=\"nofollow\" href=\"https://genome.ucsc.edu/goldenPath/help/chain.html\">genome.ucsc.edu</a> shows that the mapping isn't 1-to-1, e.g. there isn't just one set of \"coordinates of contigs from each newly assembled strain relative to the reference strain\", e.g. new coordinates in the contigs can be gapped, etc., by definition of what the chain file does? Am I overthinking it? As a process, I imagine something like:</p>\n\n<p>For each position in the reference, use the chain file to find the best contig, and build a sequence from that. Then go to the position at the end of the contig, find the gap until another matched sequence, fill with N's, and repeat. However, what if there are several regions in the new assembly that match the reference? Or what if the new scaffolds overlap?</p>\n\n<p>Does anyone know of an algorithm or tool that does this already? I may be overthinking it, but does anyone have experience on doing this before?</p>\n"
}