{
    "answer_count": 0,
    "author": "jh",
    "author_uid": "27542",
    "book_count": 0,
    "comment_count": 0,
    "content": "Hi!\r\n\r\nI want to pull out Tcell receptors from Tcell WGS data using mitcr and the following command\r\n\r\n    java -Xmx50g -jar mitcr-1.0.3.jar -pset flex -gene TRB sample.r1.fq.gz sample_r1.txt\r\n\r\ni get the following java error:\r\n\r\n    Initialisation: progress unknown\r\n    Individual sequence analysis & clone generation: 0%\r\n    Error occurred in the analysis pipeline.\r\n    \r\n    java.lang.RuntimeException: java.lang.ArrayIndexOutOfBoundsException: 1\r\n            at cc.redberry.pipe.blocks.ParallelProcessor.join(ParallelProcessor.java:225)\r\n            at com.milaboratory.mitcr.pipeline.FullPipeline.run(FullPipeline.java:167)\r\n            at com.milaboratory.mitcr.cli.Main.main(Main.java:405)\r\n    Caused by: java.lang.ArrayIndexOutOfBoundsException: 1\r\n            at com.milaboratory.util.Bit2Array.get(Bit2Array.java:49)\r\n            at com.milaboratory.core.sequence.nucleotide.NucleotideSequence.codeAt(NucleotideSequence.java:66)\r\n            at com.milaboratory.mitcr.qualitystrategy.IlluminaQualityInterpretationStrategy$1$1.codeAt(IlluminaQualityInterpretationStrategy.java:90)\r\n            at com.milaboratory.mitcr.vdjmapping.trivial.TrivialSegmentMapper.map(TrivialSegmentMapper.java:169)\r\n            at com.milaboratory.mitcr.vdjmapping.trivial.TrivialSegmentMapper.map(TrivialSegmentMapper.java:42)\r\n            at com.milaboratory.mitcr.vdjmapping.VJSegmentsMapperAdapter.map(VJSegmentsMapperAdapter.java:44)\r\n            at com.milaboratory.mitcr.vdjmapping.VDJSegmentsMapper.map(VDJSegmentsMapper.java:74)\r\n            at com.milaboratory.mitcr.cdrextraction.CDR3Extractor._process(CDR3Extractor.java:66)\r\n            at com.milaboratory.mitcr.cdrextraction.CDR3Extractor._process(CDR3Extractor.java:59)\r\n            at com.milaboratory.mitcr.cdrextraction.CDR3ExtractorFromSRead.process(CDR3ExtractorFromSRead.java:71)\r\n            at com.milaboratory.mitcr.cdrextraction.CDR3ExtractorFromSRead.process(CDR3ExtractorFromSRead.java:37)\r\n            at cc.redberry.pipe.blocks.ParallelProcessor$Worker.run(ParallelProcessor.java:305)\r\n            at java.util.concurrent.Executors$RunnableAdapter.call(Executors.java:511)\r\n            at java.util.concurrent.FutureTask.run(FutureTask.java:266)\r\n            at java.util.concurrent.ThreadPoolExecutor.runWorker(ThreadPoolExecutor.java:1142)\r\n            at java.util.concurrent.ThreadPoolExecutor$Worker.run(ThreadPoolExecutor.java:617)\r\n            at java.lang.Thread.run(Thread.java:748)\r\n\r\nAny ideas?\r\n\r\nThanks in advance!\r\n  \r\n\r\n\r\n",
    "creation_date": "2017-07-19T10:01:15.607386+00:00",
    "has_accepted": false,
    "id": 254087,
    "lastedit_date": "2017-07-19T11:13:35.784082+00:00",
    "lastedit_user_uid": "18713",
    "parent_id": 254087,
    "rank": 1500462815.784082,
    "reply_count": 0,
    "root_id": 254087,
    "status": "Open",
    "status_id": 1,
    "subs_count": 0,
    "tag_val": "mitcr,tcell sequencing,wgs",
    "thread_score": 0,
    "title": "mitcr java error",
    "type": "Question",
    "type_id": 0,
    "uid": "263472",
    "url": "https://www.biostars.org/p/263472/",
    "view_count": 1179,
    "vote_count": 0,
    "xhtml": "<p>Hi!</p>\n\n<p>I want to pull out Tcell receptors from Tcell WGS data using mitcr and the following command</p>\n\n<pre class=\"pre\"><code class=\"language-bash\">java -Xmx50g -jar mitcr-1.0.3.jar -pset flex -gene TRB sample.r1.fq.gz sample_r1.txt\n</code></pre>\n\n<p>i get the following java error:</p>\n\n<pre class=\"pre\"><code class=\"language-bash\">Initialisation: progress unknown\nIndividual sequence analysis &amp; clone generation: 0%\nError occurred in the analysis pipeline.\n\njava.lang.RuntimeException: java.lang.ArrayIndexOutOfBoundsException: 1\n        at cc.redberry.pipe.blocks.ParallelProcessor.join(ParallelProcessor.java:225)\n        at com.milaboratory.mitcr.pipeline.FullPipeline.run(FullPipeline.java:167)\n        at com.milaboratory.mitcr.cli.Main.main(Main.java:405)\nCaused by: java.lang.ArrayIndexOutOfBoundsException: 1\n        at com.milaboratory.util.Bit2Array.get(Bit2Array.java:49)\n        at com.milaboratory.core.sequence.nucleotide.NucleotideSequence.codeAt(NucleotideSequence.java:66)\n        at com.milaboratory.mitcr.qualitystrategy.IlluminaQualityInterpretationStrategy$1$1.codeAt(IlluminaQualityInterpretationStrategy.java:90)\n        at com.milaboratory.mitcr.vdjmapping.trivial.TrivialSegmentMapper.map(TrivialSegmentMapper.java:169)\n        at com.milaboratory.mitcr.vdjmapping.trivial.TrivialSegmentMapper.map(TrivialSegmentMapper.java:42)\n        at com.milaboratory.mitcr.vdjmapping.VJSegmentsMapperAdapter.map(VJSegmentsMapperAdapter.java:44)\n        at com.milaboratory.mitcr.vdjmapping.VDJSegmentsMapper.map(VDJSegmentsMapper.java:74)\n        at com.milaboratory.mitcr.cdrextraction.CDR3Extractor._process(CDR3Extractor.java:66)\n        at com.milaboratory.mitcr.cdrextraction.CDR3Extractor._process(CDR3Extractor.java:59)\n        at com.milaboratory.mitcr.cdrextraction.CDR3ExtractorFromSRead.process(CDR3ExtractorFromSRead.java:71)\n        at com.milaboratory.mitcr.cdrextraction.CDR3ExtractorFromSRead.process(CDR3ExtractorFromSRead.java:37)\n        at cc.redberry.pipe.blocks.ParallelProcessor$Worker.run(ParallelProcessor.java:305)\n        at java.util.concurrent.Executors$RunnableAdapter.call(Executors.java:511)\n        at java.util.concurrent.FutureTask.run(FutureTask.java:266)\n        at java.util.concurrent.ThreadPoolExecutor.runWorker(ThreadPoolExecutor.java:1142)\n        at java.util.concurrent.ThreadPoolExecutor$Worker.run(ThreadPoolExecutor.java:617)\n        at java.lang.Thread.run(Thread.java:748)\n</code></pre>\n\n<p>Any ideas?</p>\n\n<p>Thanks in advance!</p>\n"
}