{
    "answer_count": 6,
    "author": "rbronste",
    "author_uid": "36265",
    "book_count": 0,
    "comment_count": 4,
    "content": "Hi everyone,\r\n\r\nWondering about how laboratories out there that pursue wet lab work as well as bioinformatics centralize their computational protocols and pipelines. I am considering setting up such a centralized resource for my lab, where everyone doing data analysis can submit minute detailed aspects of their computational pipelines. Any advice or opinion on this matter is much appreciated thank you!\r\n\r\nRob.\r\n\r\n",
    "creation_date": "2017-05-14T02:19:47.787823+00:00",
    "has_accepted": false,
    "id": 243454,
    "lastedit_date": "2017-05-14T06:39:55.282289+00:00",
    "lastedit_user_uid": "2318",
    "parent_id": 243454,
    "rank": 1494743995.282289,
    "reply_count": 6,
    "root_id": 243454,
    "status": "Open",
    "status_id": 1,
    "subs_count": 4,
    "tag_val": "wiki,data analysis and organization",
    "thread_score": 10,
    "title": "Setting up a lab wiki",
    "type": "Question",
    "type_id": 0,
    "uid": "252657",
    "url": "https://www.biostars.org/p/252657/",
    "view_count": 1865,
    "vote_count": 2,
    "xhtml": "<p>Hi everyone,</p>\n\n<p>Wondering about how laboratories out there that pursue wet lab work as well as bioinformatics centralize their computational protocols and pipelines. I am considering setting up such a centralized resource for my lab, where everyone doing data analysis can submit minute detailed aspects of their computational pipelines. Any advice or opinion on this matter is much appreciated thank you!</p>\n\n<p>Rob.</p>\n"
}