{
    "answer_count": 2,
    "author": "guntul",
    "author_uid": "132180",
    "book_count": 0,
    "comment_count": 0,
    "content": "Hi everyone, can you share the resources to learn pangenome, how the pipeline differs from linear reference case (papers, blog posts....)?",
    "creation_date": "2024-09-03T11:44:31.451550+00:00",
    "has_accepted": false,
    "id": 601900,
    "lastedit_date": "2024-09-04T14:17:53.971077+00:00",
    "lastedit_user_uid": "29107",
    "parent_id": 601900,
    "rank": 1725459474.005041,
    "reply_count": 2,
    "root_id": 601900,
    "status": "Open",
    "status_id": 1,
    "subs_count": 3,
    "tag_val": "pangenome",
    "thread_score": 8,
    "title": "Resources for pangenome?",
    "type": "Question",
    "type_id": 0,
    "uid": "9601900",
    "url": "https://www.biostars.org/p/9601900/",
    "view_count": 334,
    "vote_count": 2,
    "xhtml": "<p>Hi everyone, can you share the resources to learn pangenome, how the pipeline differs from linear reference case (papers, blog posts....)?</p>\n"
}