{
    "answer_count": 0,
    "author": "4117837",
    "author_uid": "97468",
    "book_count": 0,
    "comment_count": 0,
    "content": "Hi there\r\n\r\nI am using the Trinotate pipeline to annotate a transcriptome assembly. I have 69 000 transcript sequences. Blastx returned around 6 million hits and blastp returned around 4 million. Looking at the output, there are multiple hits per transcript/peptide sequence. When continuing with annotation, should I retained just the top hit for each transcript and peptide? I set the E value to 0.0001\r\n\r\nI![Below is a screen grab of the first few hits after blastx][1]\r\n\r\n\r\n  [1]: /media/images/2cac3789-486a-4260-93dd-bf01bd06",
    "creation_date": "2023-11-03T13:51:58.638083+00:00",
    "has_accepted": false,
    "id": 579318,
    "lastedit_date": "2023-11-03T13:51:58.638095+00:00",
    "lastedit_user_uid": "97468",
    "parent_id": 579318,
    "rank": 1699019518.638095,
    "reply_count": 0,
    "root_id": 579318,
    "status": "Open",
    "status_id": 1,
    "subs_count": 1,
    "tag_val": "RNA-Seq,Transcriptomics,Sequencing,Genomics,RNA",
    "thread_score": 0,
    "title": "Multiple blast hits per transcript/peptide sequence.",
    "type": "Question",
    "type_id": 0,
    "uid": "9579318",
    "url": "https://www.biostars.org/p/9579318/",
    "view_count": 318,
    "vote_count": 0,
    "xhtml": "<p>Hi there</p>\n<p>I am using the Trinotate pipeline to annotate a transcriptome assembly. I have 69 000 transcript sequences. Blastx returned around 6 million hits and blastp returned around 4 million. Looking at the output, there are multiple hits per transcript/peptide sequence. When continuing with annotation, should I retained just the top hit for each transcript and peptide? I set the E value to 0.0001</p>\n<p>I<img alt=\"Below is a screen grab of the first few hits after blastx\" src=\"/media/images/2cac3789-486a-4260-93dd-bf01bd06\"></p>\n"
}