{
    "answer_count": 0,
    "author": "samhairle",
    "author_uid": "64523",
    "book_count": 0,
    "comment_count": 0,
    "content": "Hi all,\r\n\r\nI am using the stringtie - ballgown pipeline from https://ccb.jhu.edu/software/stringtie/index.shtml?t=manual#de and I am running into an issue with the outputs.\r\n\r\nMy resulting ballgown object has the reference genes present with 0 coverage in any sample, and 'new' transcripts with Stringtie IDs with coverage. Crucially, these do not overlap with the reference genes.\r\n\r\nI know the reference transcripts are present because BUSCO can identify the expected single copy orthologues from the gtf file. I do not understand why Stringtie is not accepting them, or detecting any overlap. \r\n\r\nI have read other stringtie annotation issues but the lack of overlap between the identified transcript and the reference doesn't seem to have come up before. At this point I am lost - is there some step I am missing or have overlooked? I would greatly appreciate any advice.\r\n\r\nCode is below:\r\n\r\n  1. for each RNA-Seq sample, map the reads to the genome with HISAT2 using the --dta option (used a reference genome (.fa) index built using HiSat2)\r\n\r\n*hisat2  -p 10 --no-discordant --no-mixed --dta --rna-strandness RF --mp 4,2 --rdg 5,3 -x hisat2_gen_index -q -1  1_1.Q20.fastq -2  1_2.Q20.fastq -S  1_AN_.sam 2>  1_AN_report.txt*\r\n\r\n*samtools sort -@ 8 -o 1_AN_.sorted.bam 1_AN_.sam*\r\n\r\n  2. for each RNA-Seq sample, run StringTie to assemble the read alignments obtained in the previous step (used an annotation file; same chromosome naming convention as the reference genome. I have tried with this file as gff and as gtf, neither worked)\r\n\r\n\r\n*stringtie 1_AN_.sorted.bam -G gtf_anno.gtf -A 1_gtf_stringtie_assembly_abundances.tab -f 0.005 -p 10 -o 1_gtf_stringtie_assembly.gtf*\r\n\r\n\r\n  3. ran StringTie with --merge in order to generate a non-redundant set of transcripts observed in any of the RNA-Seq samples assembled previously. (used the annotation file again)\r\n\r\n*stringtie --merge -m 20 -p 10 -f 0.005 -G gtf_anno.gtf -o merged_gtf_stringtie_assembly.gtf gtf_mergelist.txt*\r\n\r\n\r\n  4 . for each RNA-Seq sample, run StringTie using the -B/-b options in order to estimate transcript abundances and generate read coverage tables for Ballgown. \r\n\r\n*stringtie -B -f 0.005 -p 10 1_AN_loomismatch_defgap.sorted.bam -G merged_gtf_stringtie_assembly.gtf -A ballgown_gtf/1_gtf/1_gtf_stringtie_merged_assembly_abundances.tab -o ballgown_gtf/1_gtf/1_gtf_stringtie_merged_assembly.gtf*\r\n\r\n\r\n\r\n",
    "creation_date": "2021-03-26T16:34:37.074841+00:00",
    "has_accepted": false,
    "id": 462030,
    "lastedit_date": "2021-03-26T16:34:37.074853+00:00",
    "lastedit_user_uid": "64523",
    "parent_id": 462030,
    "rank": 1616776477.074853,
    "reply_count": 0,
    "root_id": 462030,
    "status": "Open",
    "status_id": 1,
    "subs_count": 1,
    "tag_val": "stringtie,programming,annotation,transcriptome,rna",
    "thread_score": 0,
    "title": "Stringtie output shows no expression for reference genes",
    "type": "Question",
    "type_id": 0,
    "uid": "9462030",
    "url": "https://www.biostars.org/p/9462030/",
    "view_count": 624,
    "vote_count": 0,
    "xhtml": "<p>Hi all,</p>\n<p>I am using the stringtie - ballgown pipeline from <a href=\"https://ccb.jhu.edu/software/stringtie/index.shtml?t=manual#de\" rel=\"nofollow\">https://ccb.jhu.edu/software/stringtie/index.shtml?t=manual#de</a> and I am running into an issue with the outputs.</p>\n<p>My resulting ballgown object has the reference genes present with 0 coverage in any sample, and 'new' transcripts with Stringtie IDs with coverage. Crucially, these do not overlap with the reference genes.</p>\n<p>I know the reference transcripts are present because BUSCO can identify the expected single copy orthologues from the gtf file. I do not understand why Stringtie is not accepting them, or detecting any overlap.</p>\n<p>I have read other stringtie annotation issues but the lack of overlap between the identified transcript and the reference doesn't seem to have come up before. At this point I am lost - is there some step I am missing or have overlooked? I would greatly appreciate any advice.</p>\n<p>Code is below:</p>\n<ol>\n<li>for each RNA-Seq sample, map the reads to the genome with HISAT2 using the --dta option (used a reference genome (.fa) index built using HiSat2)</li>\n</ol>\n<p><em>hisat2  -p 10 --no-discordant --no-mixed --dta --rna-strandness RF --mp 4,2 --rdg 5,3 -x hisat2_gen_index -q -1  1_1.Q20.fastq -2  1_2.Q20.fastq -S  1_AN_.sam 2&gt;  1_AN_report.txt</em></p>\n<p><em>samtools sort -@ 8 -o 1_AN_.sorted.bam 1_AN_.sam</em></p>\n<ol>\n<li>for each RNA-Seq sample, run StringTie to assemble the read alignments obtained in the previous step (used an annotation file; same chromosome naming convention as the reference genome. I have tried with this file as gff and as gtf, neither worked)</li>\n</ol>\n<p><em>stringtie 1_AN_.sorted.bam -G gtf_anno.gtf -A 1_gtf_stringtie_assembly_abundances.tab -f 0.005 -p 10 -o 1_gtf_stringtie_assembly.gtf</em></p>\n<ol>\n<li>ran StringTie with --merge in order to generate a non-redundant set of transcripts observed in any of the RNA-Seq samples assembled previously. (used the annotation file again)</li>\n</ol>\n<p><em>stringtie --merge -m 20 -p 10 -f 0.005 -G gtf_anno.gtf -o merged_gtf_stringtie_assembly.gtf gtf_mergelist.txt</em></p>\n<p>4 . for each RNA-Seq sample, run StringTie using the -B/-b options in order to estimate transcript abundances and generate read coverage tables for Ballgown.</p>\n<p><em>stringtie -B -f 0.005 -p 10 1_AN_loomismatch_defgap.sorted.bam -G merged_gtf_stringtie_assembly.gtf -A ballgown_gtf/1_gtf/1_gtf_stringtie_merged_assembly_abundances.tab -o ballgown_gtf/1_gtf/1_gtf_stringtie_merged_assembly.gtf</em></p>\n"
}