{
    "answer_count": 0,
    "author": "BerkeleyLab",
    "author_uid": "23382",
    "book_count": 0,
    "comment_count": 0,
    "content": "Software Developer - 92274\r\nOrganization: MB-Molecular Biophys & Integ Bio\r\n\r\nLawrence Berkeley National Lab's (LBNL, https://www.lbl.gov/) Environmental Genomics and Systems Biology Division (https://biosciences.lbl.gov/divisions/egsb/) has an opening for a Software Developer.\r\n\r\nThe Software Developer will help build applications and frameworks supporting a variety of high-profile bioinformatics projects and will contribute to a variety of critical National Institutes of Health (NIH) and Department of Energy (DOE) projects, including the Gene Ontology (GO), the Monarch Initiative, and the Center for Cancer Data Harmonization (CCDH).\r\n\r\nThis position involves developing and maintaining Python software for the creation, management, and analysis of biological knowledge about genes, pathways, diseases, and phenotypes. Working as part of a distributed team, the Software Developer will develop systems for interacting with databases (primarily graph/RDF databases), supporting curation interfaces, and workflow systems for integrating data from a variety of heterogeneous sources.\r\n\r\nWe actively seek diverse applicants for this position. Note that applicants are not expected to have extensive knowledge of biology--we are open to those who are eager to learn about areas such as molecular biology and medical informatics.\r\n\r\nWe encourage you to submit a cover letter with your application, and to include a URL for your code repository (e.g., GitHub or GitLab).\r\n\r\nWhat You Will Do:\r\n\u2022\u00a0Work with an international team of software developers, curators, scientists, and clinicians to provide quality applications that realize scientific goals.\r\n\u2022\u00a0Work with domain experts to plan and prototype new applications, features, and interfaces.\r\n\u2022\u00a0Develop and maintain software for integrating biological data using ontologies.\r\n\u2022\u00a0Maintain and extend extract, transformation, and load pipelines.\r\n\u2022\u00a0Develop and maintain Python codebase for ontology-based data access.\r\n\r\nAdditional Responsibilities for Level 3:\r\n\u2022\u00a0Perform requirements analysis and work with product owners on software specifications.\r\n\u2022\u00a0Provide technical assistance and training to collaborators at other sites.\r\n\u2022\u00a0Serve as a key contributor to troubleshoot and solve highly technical, complex problems and provide direction for the project.\r\n\u2022\u00a0Assist in the writing of manuscripts and progress reports.\r\n\r\nWhat is Required:\r\n\u2022\u00a0Bachelor\u2019s Degree in computer science, bioinformatics, or related field and a minimum of 5 years of relevant experience, or Master\u2019s Degree and a minimum of 3 years of relevant experience.\r\n\u2022\u00a0Demonstrated software engineering skills.\r\n\u2022\u00a0Experience in team-based software engineering, using collaborative software development methodologies.\r\n\u2022\u00a0Experience with one or more forms of database management systems (e.g., relational, graph, document).\r\n\u2022\u00a0Experience with the Python programming language.\r\n\u2022\u00a0Experience with modern devops workflows and implementations.\r\n\u2022\u00a0Experience with the maintenance and tuning of common software stacks.\r\n\u2022\u00a0Experience with one or more data modeling frameworks (e.g., UML, JSON-Schema, LinkML)\r\n\u2022\u00a0Ability to work effectively both independently and in a diverse team environment.\r\n\r\nDesired Qualifications:\r\n\u2022\u00a0Knowledge of ontology and knowledge engineering frameworks, APIs, languages, and techniques (e.g., OWLAPI, Jena, SPARQL).\r\n\u2022\u00a0Experience with systems architecture, operations, deployment, and security.\r\n\u2022\u00a0Expertise with graph or RDF databases.\r\n\u2022\u00a0Understanding of and experience with open-source software and open science.\r\n\u2022\u00a0Familiarity with biomedical terminology.\r\n\r\nAdditional Desired Qualifications for Level 3:\r\n\u2022\u00a0Bachelor\u2019s Degree in computer science, bioinformatics, or related field and a minimum of 8 years of relevant experience, or Master\u2019s Degree and a minimum of 5 years of relevant experience.\r\n\u2022\u00a0Demonstrated experience programming as part of a team on mid to large software applications.\r\n\u2022\u00a0Demonstrated experience working with users to gather requirements, demonstrate new features, etc.\r\n\u2022\u00a0Experience modeling and working with complex heterogeneous biomedical data.\r\n\u2022\u00a0Demonstrated contributions to full stack applications for exploring, analyzing, or visualizing data.\r\n\r\nNotes:\r\n\u2022\u00a0This is a full time, 2 year, term appointment with the possibility of extension or conversion to Career \r\n\u2022\u00a0This position will be hired at a level commensurate with the business needs and the skills, knowledge, and abilities of the successful candidate.\r\n\u2022\u00a0This position may be subject to a background check. Any convictions will be evaluated to determine if they directly relate to the responsibilities and requirements of the position. Having a conviction history will not automatically disqualify an applicant from being considered for employment.\r\n\u2022\u00a0This position will be remote initially, but limited to individuals residing in the United States tentatively until 2022 due to COVID-19. Once the Bay Area shelter-in-place restrictions are lifted, work will be primarily performed at: West Berkeley Biocenter (Potter St.) \u2014 Bldg. 977, 717 Potter St., Berkeley, CA. We are open to fully remote workers. The option for remote work will also be available after shelter in place restrictions are lifted.\r\n\r\nHow To Apply\r\nApply directly online at [http://50.73.55.13/counter.php?id=197565][1] and follow the on-line instructions to complete the application process.\r\n\r\nLearn about us!\r\nEnvironmental Genomics and Systems Biology\r\nMission: Linking genome biology to ecosystem dynamics.\r\n\r\nVision: Sustainable solutions to energy and environmental challenges developed through mechanistic understanding of ecosystem dynamics.\r\n\r\nApproach: We develop systems-level models using integrated molecular observation and controlled manipulation of model organisms and defined biomes to design and test interventions that promote beneficial outcomes.\r\n\r\nBerkeley Lab\r\nBerkeley Lab (LBNL, https://www.lbl.gov/) addresses the world\u2019s most urgent scientific challenges by advancing sustainable energy, protecting human health, creating new materials, and revealing the origin and fate of the universe. Founded in 1931, Berkeley Lab\u2019s scientific expertise has been recognized with 13 Nobel prizes. The University of California manages Berkeley Lab for the U.S. Department of Energy\u2019s Office of Science.\r\n\r\nWorking at Berkeley Lab has many rewards including a competitive compensation program, excellent health and welfare programs, a retirement program that is second to none, and outstanding development opportunities.  To view information about the many rewards that are offered at Berkeley Lab - Click Here (https://hr.lbl.gov/).\r\n\r\n\r\n  [1]: http://50.73.55.13/counter.php?id=197565",
    "creation_date": "2021-04-21T21:26:04.201704+00:00",
    "has_accepted": false,
    "id": 466360,
    "lastedit_date": "2021-04-21T21:26:04.201718+00:00",
    "lastedit_user_uid": "23382",
    "parent_id": 466360,
    "rank": 1619040364.201718,
    "reply_count": 0,
    "root_id": 466360,
    "status": "Open",
    "status_id": 1,
    "subs_count": 1,
    "tag_val": "Biophys,Molecular",
    "thread_score": 0,
    "title": "Software Developer",
    "type": "Job",
    "type_id": 2,
    "uid": "9466360",
    "url": "https://www.biostars.org/p/9466360/",
    "view_count": 788,
    "vote_count": 0,
    "xhtml": "<p>Software Developer - 92274\nOrganization: MB-Molecular Biophys &amp; Integ Bio</p>\n<p>Lawrence Berkeley National Lab's (LBNL, <a href=\"https://www.lbl.gov/\" rel=\"nofollow\">https://www.lbl.gov/</a>) Environmental Genomics and Systems Biology Division (<a href=\"https://biosciences.lbl.gov/divisions/egsb/\" rel=\"nofollow\">https://biosciences.lbl.gov/divisions/egsb/</a>) has an opening for a Software Developer.</p>\n<p>The Software Developer will help build applications and frameworks supporting a variety of high-profile bioinformatics projects and will contribute to a variety of critical National Institutes of Health (NIH) and Department of Energy (DOE) projects, including the Gene Ontology (GO), the Monarch Initiative, and the Center for Cancer Data Harmonization (CCDH).</p>\n<p>This position involves developing and maintaining Python software for the creation, management, and analysis of biological knowledge about genes, pathways, diseases, and phenotypes. Working as part of a distributed team, the Software Developer will develop systems for interacting with databases (primarily graph/RDF databases), supporting curation interfaces, and workflow systems for integrating data from a variety of heterogeneous sources.</p>\n<p>We actively seek diverse applicants for this position. Note that applicants are not expected to have extensive knowledge of biology--we are open to those who are eager to learn about areas such as molecular biology and medical informatics.</p>\n<p>We encourage you to submit a cover letter with your application, and to include a URL for your code repository (e.g., GitHub or GitLab).</p>\n<p>What You Will Do:\n\u2022\u00a0Work with an international team of software developers, curators, scientists, and clinicians to provide quality applications that realize scientific goals.\n\u2022\u00a0Work with domain experts to plan and prototype new applications, features, and interfaces.\n\u2022\u00a0Develop and maintain software for integrating biological data using ontologies.\n\u2022\u00a0Maintain and extend extract, transformation, and load pipelines.\n\u2022\u00a0Develop and maintain Python codebase for ontology-based data access.</p>\n<p>Additional Responsibilities for Level 3:\n\u2022\u00a0Perform requirements analysis and work with product owners on software specifications.\n\u2022\u00a0Provide technical assistance and training to collaborators at other sites.\n\u2022\u00a0Serve as a key contributor to troubleshoot and solve highly technical, complex problems and provide direction for the project.\n\u2022\u00a0Assist in the writing of manuscripts and progress reports.</p>\n<p>What is Required:\n\u2022\u00a0Bachelor\u2019s Degree in computer science, bioinformatics, or related field and a minimum of 5 years of relevant experience, or Master\u2019s Degree and a minimum of 3 years of relevant experience.\n\u2022\u00a0Demonstrated software engineering skills.\n\u2022\u00a0Experience in team-based software engineering, using collaborative software development methodologies.\n\u2022\u00a0Experience with one or more forms of database management systems (e.g., relational, graph, document).\n\u2022\u00a0Experience with the Python programming language.\n\u2022\u00a0Experience with modern devops workflows and implementations.\n\u2022\u00a0Experience with the maintenance and tuning of common software stacks.\n\u2022\u00a0Experience with one or more data modeling frameworks (e.g., UML, JSON-Schema, LinkML)\n\u2022\u00a0Ability to work effectively both independently and in a diverse team environment.</p>\n<p>Desired Qualifications:\n\u2022\u00a0Knowledge of ontology and knowledge engineering frameworks, APIs, languages, and techniques (e.g., OWLAPI, Jena, SPARQL).\n\u2022\u00a0Experience with systems architecture, operations, deployment, and security.\n\u2022\u00a0Expertise with graph or RDF databases.\n\u2022\u00a0Understanding of and experience with open-source software and open science.\n\u2022\u00a0Familiarity with biomedical terminology.</p>\n<p>Additional Desired Qualifications for Level 3:\n\u2022\u00a0Bachelor\u2019s Degree in computer science, bioinformatics, or related field and a minimum of 8 years of relevant experience, or Master\u2019s Degree and a minimum of 5 years of relevant experience.\n\u2022\u00a0Demonstrated experience programming as part of a team on mid to large software applications.\n\u2022\u00a0Demonstrated experience working with users to gather requirements, demonstrate new features, etc.\n\u2022\u00a0Experience modeling and working with complex heterogeneous biomedical data.\n\u2022\u00a0Demonstrated contributions to full stack applications for exploring, analyzing, or visualizing data.</p>\n<p>Notes:\n\u2022\u00a0This is a full time, 2 year, term appointment with the possibility of extension or conversion to Career \n\u2022\u00a0This position will be hired at a level commensurate with the business needs and the skills, knowledge, and abilities of the successful candidate.\n\u2022\u00a0This position may be subject to a background check. Any convictions will be evaluated to determine if they directly relate to the responsibilities and requirements of the position. Having a conviction history will not automatically disqualify an applicant from being considered for employment.\n\u2022\u00a0This position will be remote initially, but limited to individuals residing in the United States tentatively until 2022 due to COVID-19. Once the Bay Area shelter-in-place restrictions are lifted, work will be primarily performed at: West Berkeley Biocenter (Potter St.) \u2014 Bldg. 977, 717 Potter St., Berkeley, CA. We are open to fully remote workers. The option for remote work will also be available after shelter in place restrictions are lifted.</p>\n<p>How To Apply\nApply directly online at <a href=\"http://50.73.55.13/counter.php?id=197565\" rel=\"nofollow\">http://50.73.55.13/counter.php?id=197565</a> and follow the on-line instructions to complete the application process.</p>\n<p>Learn about us!\nEnvironmental Genomics and Systems Biology\nMission: Linking genome biology to ecosystem dynamics.</p>\n<p>Vision: Sustainable solutions to energy and environmental challenges developed through mechanistic understanding of ecosystem dynamics.</p>\n<p>Approach: We develop systems-level models using integrated molecular observation and controlled manipulation of model organisms and defined biomes to design and test interventions that promote beneficial outcomes.</p>\n<p>Berkeley Lab\nBerkeley Lab (LBNL, <a href=\"https://www.lbl.gov/\" rel=\"nofollow\">https://www.lbl.gov/</a>) addresses the world\u2019s most urgent scientific challenges by advancing sustainable energy, protecting human health, creating new materials, and revealing the origin and fate of the universe. Founded in 1931, Berkeley Lab\u2019s scientific expertise has been recognized with 13 Nobel prizes. The University of California manages Berkeley Lab for the U.S. Department of Energy\u2019s Office of Science.</p>\n<p>Working at Berkeley Lab has many rewards including a competitive compensation program, excellent health and welfare programs, a retirement program that is second to none, and outstanding development opportunities.  To view information about the many rewards that are offered at Berkeley Lab - Click Here (<a href=\"https://hr.lbl.gov/\" rel=\"nofollow\">https://hr.lbl.gov/</a>).</p>\n"
}