{
    "answer_count": 0,
    "author": "Philipp Bayer",
    "author_uid": "4678",
    "book_count": 0,
    "comment_count": 0,
    "content": "This position will develop and support bioinformatics analysis and run pipelines required for clinical and research use of next-generation sequencing (NGS) and other big data. Expertise is required to manage the bioinformatics computational platform and to assist with analysing and developing software to analyse, large and complex datasets generated from a diverse range of sources.  Research data types include next generation sequencing, population-based cohort, clinical trials, animal studies and a range of publicly available datasets. The work will contribute to the creation of a clinical pipeline utilising omics approaches to improve a patients' wellbeing.\n \nThe successful candidate will need to demonstrate the following systems administration and bioinformatics analysis tasks:\n\n-    Responsible for the research and development of computational clusters\n-   Implementation of software for the analysis of big data\n-   Provide analytical support for pricing models and costings                                                    \n-   Write custom codes to perform data cleaning, quality contributiIdentifying potential problems with study data and collaborating with the research team to resolve issues\n-   Install programs in a Linux environment and reformat datasets independently acording to program documentation\n-   Perform analysis of big datasets using regression techniques\n-   Write documentation for analysed datasets and related files\n-   Collect information by searching online bioinformatic databases\n-   Assist in the preparation of manuscript, including create tables and figures in publication-quality format and summarizing the results of statistical analyses and present results orally to study researchers\n\nIn addition, the candidate will be required to assist with training needs as required and collaborate effectively with key stakeholders. The candidate will need to ensure they are motivated and seek professional development to maintain up-to-date knowledge and skills of new technologies and techniques.\n \nThis is a full time position, for 12 months with the possibility of extension. Remuneration package includes access to generous salary packaging.\n\nThe successful candidate will need to provide a current National Police Check before commencement.\n\nSource with contact: https://www.telethonkids.org.au/be-involved/career-opportunities/current-vacancies/data-analyst-genome-nexus/",
    "creation_date": "2018-03-28T14:55:05.600419+00:00",
    "has_accepted": false,
    "id": 296111,
    "lastedit_date": "2023-05-22T19:35:46.476851+00:00",
    "lastedit_user_uid": "8494",
    "parent_id": 296111,
    "rank": 1522248905.600419,
    "reply_count": 0,
    "root_id": 296111,
    "status": "Open",
    "status_id": 1,
    "subs_count": 0,
    "tag_val": "perth",
    "thread_score": 0,
    "title": "Data Analyst, Genome Nexus. Telethon Kids Institute, Perth, Australia",
    "type": "Job",
    "type_id": 2,
    "uid": "306489",
    "url": "https://www.biostars.org/p/306489/",
    "view_count": 1854,
    "vote_count": 0,
    "xhtml": "<p>This position will develop and support bioinformatics analysis and run pipelines required for clinical and research use of next-generation sequencing (NGS) and other big data. Expertise is required to manage the bioinformatics computational platform and to assist with analysing and developing software to analyse, large and complex datasets generated from a diverse range of sources.  Research data types include next generation sequencing, population-based cohort, clinical trials, animal studies and a range of publicly available datasets. The work will contribute to the creation of a clinical pipeline utilising omics approaches to improve a patients' wellbeing.</p>\n<p>The successful candidate will need to demonstrate the following systems administration and bioinformatics analysis tasks:</p>\n<ul>\n<li>Responsible for the research and development of computational clusters</li>\n<li>Implementation of software for the analysis of big data</li>\n<li>Provide analytical support for pricing models and costings                                                    </li>\n<li>Write custom codes to perform data cleaning, quality contributiIdentifying potential problems with study data and collaborating with the research team to resolve issues</li>\n<li>Install programs in a Linux environment and reformat datasets independently acording to program documentation</li>\n<li>Perform analysis of big datasets using regression techniques</li>\n<li>Write documentation for analysed datasets and related files</li>\n<li>Collect information by searching online bioinformatic databases</li>\n<li>Assist in the preparation of manuscript, including create tables and figures in publication-quality format and summarizing the results of statistical analyses and present results orally to study researchers</li>\n</ul>\n<p>In addition, the candidate will be required to assist with training needs as required and collaborate effectively with key stakeholders. The candidate will need to ensure they are motivated and seek professional development to maintain up-to-date knowledge and skills of new technologies and techniques.</p>\n<p>This is a full time position, for 12 months with the possibility of extension. Remuneration package includes access to generous salary packaging.</p>\n<p>The successful candidate will need to provide a current National Police Check before commencement.</p>\n<p>Source with contact: <a href=\"https://www.telethonkids.org.au/be-involved/career-opportunities/current-vacancies/data-analyst-genome-nexus/\" rel=\"nofollow\">https://www.telethonkids.org.au/be-involved/career-opportunities/current-vacancies/data-analyst-genome-nexus/</a></p>\n"
}