{
    "answer_count": 2,
    "author": "hrenchert747",
    "author_uid": "27009",
    "book_count": 0,
    "comment_count": 2,
    "content": "What to choose for the custom WGS bacterial data processing pipeline: KNIME or Galaxy or smth else?\r\nMaybe to write a backend bash script to call BBmap, GATK and BedTools and things like that is a better way? What is your expert opinion and experience?\r\n\r\nThx. ",
    "creation_date": "2016-06-13T08:33:18.202142+00:00",
    "has_accepted": false,
    "id": 188396,
    "lastedit_date": "2016-06-13T08:33:18.202142+00:00",
    "lastedit_user_uid": "27009",
    "parent_id": 188396,
    "rank": 1465806798.202142,
    "reply_count": 2,
    "root_id": 188396,
    "status": "Open",
    "status_id": 1,
    "subs_count": 0,
    "tag_val": "next-gen,pipeline,knime,galaxy,wgs",
    "thread_score": 1,
    "title": "What to choose for the custom WGS bacterial data processing pipeline: KNIME or Galaxy or smth else?",
    "type": "Question",
    "type_id": 0,
    "uid": "196373",
    "url": "https://www.biostars.org/p/196373/",
    "view_count": 1604,
    "vote_count": 0,
    "xhtml": "<p>What to choose for the custom WGS bacterial data processing pipeline: KNIME or Galaxy or smth else?\nMaybe to write a backend bash script to call BBmap, GATK and BedTools and things like that is a better way? What is your expert opinion and experience?</p>\n\n<p>Thx. </p>\n"
}