{
    "answer_count": 0,
    "author": "naveed.ishaque",
    "author_uid": "53757",
    "book_count": 0,
    "comment_count": 0,
    "content": "**The position**\n\nWe are offering a 3 year post-doc (or 4 year PhD) position starting immediately which will be supporting the software development and maintenance for the nanoDX trail \u2013 a Europe wide multi-centric trial for using ultra rapid (<24 hrs), low throughput (<1x genome coverage) to profile the DNA methylome and CNVs of cancer genomes as a basis to diagnose the tumour type. The major expectation is to maintain and further develop the existing software used in the clinic, with strong prospects for research potential. Further details can be found in the link below:\n\nhttps://www.charite.de/service/stellenangebot/angebot/detailinfo/cc04_bih_3520_post_doc_or_phd_candidate_in_bioinformatics/\n\n**Background**\n\nThe basis of using DNA methylation for identifying cell or origin is well established, with the most prominent work for cancer being published by Prof David Capper in collaboration with the group of Prof Stephan Pfister (Capper et al, Nature 2018, https://doi.org/10.1038/nature26000). This methodology was further adapted by using nanopore profiling instead of methylation arrays as the profiling assay, reducing the pipeline time from weeks to hours (Euskirchen et al, Acta Neuropath. 2017, https://doi.org/10.1007/s00401-017-1743-5). This adaptation has shown promise for use in clinical routine and a Europe wide multi-centric trial has just started. \n\n**Embedding**\n\nThis position is shared between the department of Prof Roland Eils (Computational Oncology group, led by Naveed Ishaque) and Dr Philipp Euskirchen at Charit\u00e9, with a focus on bioinformatics. The Charit\u00e9 is among the largest University Hospitals in Europe, and located in Berlin - the dynamic capital of Germany. \n\n**How to apply**\n\nCandidates should enquire for further details and/or submit applications (stating the reference number in the link above) to Naveed.ishaque@charite.de or Philipp.euskirchen@charite.de.",
    "creation_date": "2020-10-02T13:03:40.535425+00:00",
    "has_accepted": false,
    "id": 438960,
    "lastedit_date": "2023-06-07T17:32:09.850182+00:00",
    "lastedit_user_uid": "8494",
    "parent_id": 438960,
    "rank": 1601643876.462088,
    "reply_count": 0,
    "root_id": 438960,
    "status": "Open",
    "status_id": 1,
    "subs_count": 0,
    "tag_val": "dna-methylation,machine-learning",
    "thread_score": 0,
    "title": "Offering a bioinformatics post Doc/PhD position for clinical cancer epigenomics (Berlin, Germany)",
    "type": "Job",
    "type_id": 2,
    "uid": "464973",
    "url": "https://www.biostars.org/p/464973/",
    "view_count": 1771,
    "vote_count": 0,
    "xhtml": "<p><strong>The position</strong></p>\n<p>We are offering a 3 year post-doc (or 4 year PhD) position starting immediately which will be supporting the software development and maintenance for the nanoDX trail \u2013 a Europe wide multi-centric trial for using ultra rapid (&lt;24 hrs), low throughput (&lt;1x genome coverage) to profile the DNA methylome and CNVs of cancer genomes as a basis to diagnose the tumour type. The major expectation is to maintain and further develop the existing software used in the clinic, with strong prospects for research potential. Further details can be found in the link below:</p>\n<p><a href=\"https://www.charite.de/service/stellenangebot/angebot/detailinfo/cc04_bih_3520_post_doc_or_phd_candidate_in_bioinformatics/\" rel=\"nofollow\">https://www.charite.de/service/stellenangebot/angebot/detailinfo/cc04_bih_3520_post_doc_or_phd_candidate_in_bioinformatics/</a></p>\n<p><strong>Background</strong></p>\n<p>The basis of using DNA methylation for identifying cell or origin is well established, with the most prominent work for cancer being published by Prof David Capper in collaboration with the group of Prof Stephan Pfister (Capper et al, Nature 2018, <a href=\"https://doi.org/10.1038/nature26000\" rel=\"nofollow\">https://doi.org/10.1038/nature26000</a>). This methodology was further adapted by using nanopore profiling instead of methylation arrays as the profiling assay, reducing the pipeline time from weeks to hours (Euskirchen et al, Acta Neuropath. 2017, <a href=\"https://doi.org/10.1007/s00401-017-1743-5\" rel=\"nofollow\">https://doi.org/10.1007/s00401-017-1743-5</a>). This adaptation has shown promise for use in clinical routine and a Europe wide multi-centric trial has just started.</p>\n<p><strong>Embedding</strong></p>\n<p>This position is shared between the department of Prof Roland Eils (Computational Oncology group, led by Naveed Ishaque) and Dr Philipp Euskirchen at Charit\u00e9, with a focus on bioinformatics. The Charit\u00e9 is among the largest University Hospitals in Europe, and located in Berlin - the dynamic capital of Germany.</p>\n<p><strong>How to apply</strong></p>\n<p>Candidates should enquire for further details and/or submit applications (stating the reference number in the link above) to Naveed.ishaque@charite.de or Philipp.euskirchen@charite.de.</p>\n"
}