{
    "answer_count": 2,
    "author": "fufuyou",
    "author_uid": "20228",
    "book_count": 0,
    "comment_count": 0,
    "content": "Hi, \r\nI am working on sorghum small RNA sequencing. I want to analysis the data. I have read the references about how to analysis the small RNA data. But I donot clearly understand anything. \r\nFirst step: Quality Control, I have remove the adopter and low quality reads.\r\nSecond step, alignment with genome. My question is I should keep the mapped reads and excluding unmapped reads or I should keep unmapped reads and excluding mapped reads for next step analysis.\r\nThird step: alignment with MiRNA,rRNA or piRNA. My question is I should use second step results for mapping. And I should keep the mapped reads or excluding unmapped reads. Other question is about MiRNA, rRNA, and piRNA database. I donot know I should use which database is correct for sorghum.\r\nThanks,\r\nFuyou",
    "creation_date": "2016-03-04T14:30:10.415539+00:00",
    "has_accepted": false,
    "id": 172330,
    "lastedit_date": "2016-12-20T11:05:16.053871+00:00",
    "lastedit_user_uid": "5455",
    "parent_id": 172330,
    "rank": 1482231916.053871,
    "reply_count": 2,
    "root_id": 172330,
    "status": "Open",
    "status_id": 1,
    "subs_count": 3,
    "tag_val": "RNA-Seq",
    "thread_score": 1,
    "title": "small RNA analysis pipeline!",
    "type": "Question",
    "type_id": 0,
    "uid": "179944",
    "url": "https://www.biostars.org/p/179944/",
    "view_count": 4383,
    "vote_count": 1,
    "xhtml": "<p>Hi, \nI am working on sorghum small RNA sequencing. I want to analysis the data. I have read the references about how to analysis the small RNA data. But I donot clearly understand anything. \nFirst step: Quality Control, I have remove the adopter and low quality reads.\nSecond step, alignment with genome. My question is I should keep the mapped reads and excluding unmapped reads or I should keep unmapped reads and excluding mapped reads for next step analysis.\nThird step: alignment with MiRNA,rRNA or piRNA. My question is I should use second step results for mapping. And I should keep the mapped reads or excluding unmapped reads. Other question is about MiRNA, rRNA, and piRNA database. I donot know I should use which database is correct for sorghum.\nThanks,\nFuyou</p>\n"
}