{
    "answer_count": 0,
    "author": "elenaf",
    "author_uid": "42785",
    "book_count": 0,
    "comment_count": 0,
    "content": "Hi,\r\n\r\nI'm trying to do a pangenome analysis, and I'm getting some inconsistent results using Roary. I don't really expect the roary pipeline to be deterministic, but the results are variable enough that I'd really appreciate some feedback. I don't have much experience with genomics, and would be very grateful to hear from more experienced people.\r\n\r\nTo learn how to do the analysis, I started by following the tutorial outlined at https://github.com/microgenomics/tutorials/blob/master/pangenome.md. I followed the steps described exactly, with the exception that I added a --prefix flag to the Prokka command. I first ran the analysis on my laptop, and the plots generated automatically by roary_plots.py are slightly different than the plots shown in the tutorial. I then re-ran the exact same analysis on our cluster (I'm eventually going to do this for hundreds of genomes), and got slightly different results than I did on my laptop and compared to the tutorial. I've attached two of the plots just to give an idea.\r\n\r\nThe results are not enormously different, it's like 4492 vs 4464 gene clusters and 2475 vs 2454 shell genes. Is this kind of variance normal/acceptable/what you'd expect? Should this worry me and should I look into this further? I can imagine multiple places in the pipeline that would cause this kind of variation, but I don't know what the best practice is here.\r\n\r\nThanks for your help!\r\nElena\r\n\r\n![tutorial_plot][1]\r\n![my_plot][2]\r\n\r\n\r\n  [1]: https://ibb.co/yP7hJhy\r\n  [2]: https://ibb.co/xzHC4rB",
    "creation_date": "2020-02-22T15:49:12.232764+00:00",
    "has_accepted": false,
    "id": 406123,
    "lastedit_date": "2020-02-22T15:49:12.232764+00:00",
    "lastedit_user_uid": "42785",
    "parent_id": 406123,
    "rank": 1582386552.232764,
    "reply_count": 0,
    "root_id": 406123,
    "status": "Open",
    "status_id": 1,
    "subs_count": 0,
    "tag_val": "genome,pangenome,roary",
    "thread_score": 0,
    "title": "inconsistent pan genome results with roary",
    "type": "Question",
    "type_id": 0,
    "uid": "423627",
    "url": "https://www.biostars.org/p/423627/",
    "view_count": 986,
    "vote_count": 0,
    "xhtml": "<p>Hi,</p>\n\n<p>I'm trying to do a pangenome analysis, and I'm getting some inconsistent results using Roary. I don't really expect the roary pipeline to be deterministic, but the results are variable enough that I'd really appreciate some feedback. I don't have much experience with genomics, and would be very grateful to hear from more experienced people.</p>\n\n<p>To learn how to do the analysis, I started by following the tutorial outlined at <a rel=\"nofollow\" href=\"https://github.com/microgenomics/tutorials/blob/master/pangenome.md\">https://github.com/microgenomics/tutorials/blob/master/pangenome.md</a>. I followed the steps described exactly, with the exception that I added a --prefix flag to the Prokka command. I first ran the analysis on my laptop, and the plots generated automatically by roary_plots.py are slightly different than the plots shown in the tutorial. I then re-ran the exact same analysis on our cluster (I'm eventually going to do this for hundreds of genomes), and got slightly different results than I did on my laptop and compared to the tutorial. I've attached two of the plots just to give an idea.</p>\n\n<p>The results are not enormously different, it's like 4492 vs 4464 gene clusters and 2475 vs 2454 shell genes. Is this kind of variance normal/acceptable/what you'd expect? Should this worry me and should I look into this further? I can imagine multiple places in the pipeline that would cause this kind of variation, but I don't know what the best practice is here.</p>\n\n<p>Thanks for your help!\nElena</p>\n\n<p><img src=\"https://ibb.co/yP7hJhy\" alt=\"tutorial_plot\">\n<img src=\"https://ibb.co/xzHC4rB\" alt=\"my_plot\"></p>\n"
}