{
    "answer_count": 6,
    "author": "piercemanlangit",
    "author_uid": "56486",
    "book_count": 0,
    "comment_count": 6,
    "content": "Hi all, \r\n\r\nI am new to doing metagenomic studies. My co-adviser introduced me to KBase for analysis and I followed the tutorial narrative protocol on \" Genome Extraction from Shotgun Metagenome Sequence Data.\"\r\n\r\nWhat I've only done was just pair the reads, remove the adapters and low-quality reads. After which, I had them run on Kaiju for taxonomic classification with resolution down to species level. I've read some journals doing annotation without assembly, but I have not read doing the same thing with 16S data.\r\n\r\nI may have overlooked that the platform mainly supports shotgun metagenomics. I'm not confident and will plan to do a common pipeline such as the MiSeqSOP by Mothur. But are my results valid, even with low confidence/accuracy?\r\n\r\nThanks",
    "creation_date": "2019-07-05T07:30:32.827529+00:00",
    "has_accepted": false,
    "id": 374821,
    "lastedit_date": "2019-07-05T07:30:32.827529+00:00",
    "lastedit_user_uid": "56486",
    "parent_id": 374821,
    "rank": 1562311832.827529,
    "reply_count": 6,
    "root_id": 374821,
    "status": "Open",
    "status_id": 1,
    "subs_count": 2,
    "tag_val": "kaiju,16s,next-gen,metagenomics",
    "thread_score": 3,
    "title": "Using Kaiju Taxonomic Classification for 16S Marker Gene Analysis",
    "type": "Question",
    "type_id": 0,
    "uid": "388236",
    "url": "https://www.biostars.org/p/388236/",
    "view_count": 2561,
    "vote_count": 0,
    "xhtml": "<p>Hi all, </p>\n\n<p>I am new to doing metagenomic studies. My co-adviser introduced me to KBase for analysis and I followed the tutorial narrative protocol on \" Genome Extraction from Shotgun Metagenome Sequence Data.\"</p>\n\n<p>What I've only done was just pair the reads, remove the adapters and low-quality reads. After which, I had them run on Kaiju for taxonomic classification with resolution down to species level. I've read some journals doing annotation without assembly, but I have not read doing the same thing with 16S data.</p>\n\n<p>I may have overlooked that the platform mainly supports shotgun metagenomics. I'm not confident and will plan to do a common pipeline such as the MiSeqSOP by Mothur. But are my results valid, even with low confidence/accuracy?</p>\n\n<p>Thanks</p>\n"
}