{
    "answer_count": 2,
    "author": "Mbillah",
    "author_uid": "49537",
    "book_count": 0,
    "comment_count": 2,
    "content": "We used the MAKER pipeline to predict genes from our recently assembled genome. \r\n\r\nAfter filtering we tried to annotate our predicted genes with InterProScan. \r\n\r\nNow we want to count how many genes the InterProScan has annotated?",
    "creation_date": "2019-04-08T08:32:51.786828+00:00",
    "has_accepted": false,
    "id": 361160,
    "lastedit_date": "2019-04-08T08:32:51.786828+00:00",
    "lastedit_user_uid": "49537",
    "parent_id": 361160,
    "rank": 1554712371.786828,
    "reply_count": 2,
    "root_id": 361160,
    "status": "Open",
    "status_id": 1,
    "subs_count": 2,
    "tag_val": "Interproscan,annotation",
    "thread_score": 3,
    "title": "Gene Count from GFF3 file",
    "type": "Question",
    "type_id": 0,
    "uid": "373680",
    "url": "https://www.biostars.org/p/373680/",
    "view_count": 2490,
    "vote_count": 0,
    "xhtml": "<p>We used the MAKER pipeline to predict genes from our recently assembled genome. </p>\n\n<p>After filtering we tried to annotate our predicted genes with InterProScan. </p>\n\n<p>Now we want to count how many genes the InterProScan has annotated?</p>\n"
}