{
    "answer_count": 3,
    "author": "sacha",
    "author_uid": "17127",
    "book_count": 1,
    "comment_count": 2,
    "content": "I guess it's a simple question.. Could you detail what's the difference between vcf file generated by samtools and from bcftools?\n\n```\nsamtools mpileup - ref.fa file.bam > file.bcf\nbcftools call file.vcf > file2.bcf\n```",
    "creation_date": "2015-04-02T12:25:23.978407+00:00",
    "has_accepted": true,
    "id": 130418,
    "lastedit_date": "2022-06-17T16:08:11.925270+00:00",
    "lastedit_user_uid": "8494",
    "parent_id": 130418,
    "rank": 1427980351.325508,
    "reply_count": 3,
    "root_id": 130418,
    "status": "Open",
    "status_id": 1,
    "subs_count": 1,
    "tag_val": "bam,pipeline,vcf",
    "thread_score": 21,
    "title": "What's the difference between mpileup output and bcftools call ?",
    "type": "Question",
    "type_id": 0,
    "uid": "136847",
    "url": "https://www.biostars.org/p/136847/",
    "view_count": 7392,
    "vote_count": 5,
    "xhtml": "<p>I guess it's a simple question.. Could you detail what's the difference between vcf file generated by samtools and from bcftools?</p>\n<pre><code>samtools mpileup - ref.fa file.bam &gt; file.bcf\nbcftools call file.vcf &gt; file2.bcf\n</code></pre>\n"
}