{
    "answer_count": 2,
    "author": "John",
    "author_uid": "141915",
    "book_count": 0,
    "comment_count": 1,
    "content": "Hi, I'm currently generating new bacterial genomes and I want to identify all ankryn domain containing proteins (and the number of repeats they have). What are some approaches I can use for this?\r\n\r\nDue to the scale I don't want to use web tools, and I've been looking at the hmmer documentation which looks quite complicated to parse. So I'm hoping there is a simpler way.\r\n\r\nIdeally, I'd like to process a gbff file, but I can always convert between file types.\r\n\r\nThank you!\r\n\r\nNote: I can't just extract this from the annotation information as bakta, the package I'm using doesn't provide it for all cases.",
    "creation_date": "2024-03-14T02:53:48.937387+00:00",
    "has_accepted": false,
    "id": 590013,
    "lastedit_date": "2024-03-14T06:18:02.262602+00:00",
    "lastedit_user_uid": "141915",
    "parent_id": 590013,
    "rank": 1710390538.264124,
    "reply_count": 2,
    "root_id": 590013,
    "status": "Open",
    "status_id": 1,
    "subs_count": 2,
    "tag_val": "annotation,protein,domains",
    "thread_score": 1,
    "title": "Pipelines/packages for protein domain annotation?",
    "type": "Question",
    "type_id": 0,
    "uid": "9590013",
    "url": "https://www.biostars.org/p/9590013/",
    "view_count": 308,
    "vote_count": 0,
    "xhtml": "<p>Hi, I'm currently generating new bacterial genomes and I want to identify all ankryn domain containing proteins (and the number of repeats they have). What are some approaches I can use for this?</p>\n<p>Due to the scale I don't want to use web tools, and I've been looking at the hmmer documentation which looks quite complicated to parse. So I'm hoping there is a simpler way.</p>\n<p>Ideally, I'd like to process a gbff file, but I can always convert between file types.</p>\n<p>Thank you!</p>\n<p>Note: I can't just extract this from the annotation information as bakta, the package I'm using doesn't provide it for all cases.</p>\n"
}