{
    "answer_count": 7,
    "author": "khikho",
    "author_uid": "4412",
    "book_count": 0,
    "comment_count": 4,
    "content": "<p>This is my pipeline for the human reads to map with human reference:\n(I use default solid2fastq.pl script which is in <a href='http://bio-bwa.sourceforge.net/'>BWA</a> package)</p>\n\n<pre><code>#! /bin/bash -l\n#index the reference\nbwa index -a bwtsw human_g1k_v37.fasta &amp;&amp;\n#aligne the file with reference\nbwa aln human_g1k_v37.fasta Read.single.fastq &gt; Read_out.sai &amp;&amp;\n#Convert the alignment output to a SAM file\nbwa samse human_g1k_v37.fasta Read_out.sai Read.single.fastq &gt; Read_out.sam  &amp;&amp;\n#extract the unmapped reads\nawk '{if (substr($1,1,1)==\"@\") {print $0} else {if ($3!=\"*\") {print $0}}}' Read_out.sam &gt; out.sam\n#convert to BAM file\nsamtools view -b -S Read_out.sam &gt; Read_out.bam &amp;&amp;\n#sort the BAM file\nsamtools sort Read_out.bam Read_out.bam.sorted &amp;&amp;\n#index the BAM file\nsamtools index Read_out.bam.sorted.bam &amp;&amp;\n#Delete redundant reads/duplicates\nsamtools rmdup Read_out.bam.sorted.bam Read_out_final.bam.sorted.bam &amp;&amp;\n#computing Mapping Quality\nsamtools view Read_out_final.bam.sorted.bam -f human_g1k_v37.fasta | awk '{x+=$5}END{print x/NR}' &gt; MAPQ.txt&amp;&amp;\n</code></pre>\n\n<p>But only 54,538 reads mapped with human reference and the mapped quality is 0.00140495 .\nI don't know what's wrong in pipeline to got this mapped quality.</p>\n\n<p>Thanks for your explanation.</p>\n",
    "creation_date": "2012-02-07T22:49:51.837000+00:00",
    "has_accepted": false,
    "id": 16794,
    "lastedit_date": "2012-02-07T22:49:51.837000+00:00",
    "lastedit_user_uid": "4412",
    "parent_id": 16794,
    "rank": 1328654991.837,
    "reply_count": 7,
    "root_id": 16794,
    "status": "Open",
    "status_id": 1,
    "subs_count": 3,
    "tag_val": "bwa,next-gen,sequencing,genomics",
    "thread_score": 3,
    "title": "Explanation Of Low Mapping Quality!",
    "type": "Question",
    "type_id": 0,
    "uid": "17109",
    "url": "https://www.biostars.org/p/17109/",
    "view_count": 6055,
    "vote_count": 1,
    "xhtml": "<p>This is my pipeline for the human reads to map with human reference:\n(I use default solid2fastq.pl script which is in <a rel=\"nofollow\" href=\"http://bio-bwa.sourceforge.net/\">BWA</a> package)</p>\n\n<pre><code>#! /bin/bash -l\n#index the reference\nbwa index -a bwtsw human_g1k_v37.fasta &amp;&amp;\n#aligne the file with reference\nbwa aln human_g1k_v37.fasta Read.single.fastq &gt; Read_out.sai &amp;&amp;\n#Convert the alignment output to a SAM file\nbwa samse human_g1k_v37.fasta Read_out.sai Read.single.fastq &gt; Read_out.sam  &amp;&amp;\n#extract the unmapped reads\nawk '{if (substr($1,1,1)==\"@\") {print $0} else {if ($3!=\"*\") {print $0}}}' Read_out.sam &gt; out.sam\n#convert to BAM file\nsamtools view -b -S Read_out.sam &gt; Read_out.bam &amp;&amp;\n#sort the BAM file\nsamtools sort Read_out.bam Read_out.bam.sorted &amp;&amp;\n#index the BAM file\nsamtools index Read_out.bam.sorted.bam &amp;&amp;\n#Delete redundant reads/duplicates\nsamtools rmdup Read_out.bam.sorted.bam Read_out_final.bam.sorted.bam &amp;&amp;\n#computing Mapping Quality\nsamtools view Read_out_final.bam.sorted.bam -f human_g1k_v37.fasta | awk '{x+=$5}END{print x/NR}' &gt; MAPQ.txt&amp;&amp;\n</code></pre>\n\n<p>But only 54,538 reads mapped with human reference and the mapped quality is 0.00140495 .\nI don't know what's wrong in pipeline to got this mapped quality.</p>\n\n<p>Thanks for your explanation.</p>\n"
}