{
    "answer_count": 0,
    "author": "Emily",
    "author_uid": "7019",
    "book_count": 0,
    "comment_count": 0,
    "content": "Location:\tEMBL-EBI, Hinxton near Cambridge, UK  \nStaff Category:\tStaff Member  \nContract Duration:\t3 years  \nGrading:\tGrade 5 (starts at \u00a32,676.73 net monthly) or Grade 6 (starts at \u00a32,994.54 net monthly)  \nClosing Date:\t30 January 2020  \nReference Number:\tEBI01578  \n\nThe Ensembl Regulation team is looking for a talented software developer to build innovative and maintainable data analysis pipelines to integrate large scientific datasets in support of the latest research in regulatory genomics.\n\nEnsembl (http://www.ensembl.org/) is one of the most successful large-scale bioinformatics projects and one of the leading projects for genome annotation. We import massive amounts of data from various archives (genome sequences, variation archives, etc) and use them to create syntheses (gene annotation, whole-genome alignments, gene trees, regulatory elements, etc). Our services are freely open to all scientists around the world, and serve a range of uses, from basic science to biomedical research.\n\nEnsembl Regulation\u2019s core product is a computational pipeline that annotates parts of the genome as having regulatory function\u2014regions which control how genes are expressed in different tissues and cell types. These elements have been shown to play a significant role in explaining the mechanisms underlying individual variation and are central to understanding development, evolution and the progression of disease.\n\n## Your role\n\nYour role is to work on a team to innovate, extend and maintain Ensembl Regulation\u2019s analysis pipelines and supporting products. This includes:\n\n - Implementing new bioinformatic analyses to process and integrate different assay types (e.g. chromatin interaction data, single-cell measurements etc.),\n - Extending the current database schemas and REST APIs to incorporate new data types and analyses.\n - Ensuring that the products we produce are maintainable and usable and that our analysis results are reliable. This includes testing and documentation.\n\n## You have\n\nYou should hold an MSc or PhD, or have an equivalent qualification/professional experience, in bioinformatics, computer science, machine learning or any related field.\n\nYou ideally have experience developing scientific software and/or analysing the results of large-scale datasets. Experience working as part of team interacting with end-users or stakeholders, such as in large scientific consortia, would be strongly preferred.\n\nYou should be team-oriented, ready to contribute to Ensembl's 50+ development team, and able to work in step with the procedures and time constraints of the entire project. Communication and presentation skills will be highly valued, as will be the ability to clarify and track complex software requirements.  \n\n##You might also have\n\nExperience with high-throughput computing and containerisation is desirable. Our current pipeline is written in Perl and future development is planned in Python and Rust, so experience with these is a plus.  \n\n\n## Why join us\n\nAt EMBL-EBI, we help scientists realise the potential of \u2018big data\u2019 in biology by enabling them to exploit complex information to make discoveries that benefit mankind.\n\nWorking for EMBL-EBI gives you an opportunity to apply your skills and energy for the greater good.\n\nAs part of the European Molecular Biology Laboratory (EMBL), we are a non-profit, intergovernmental organisation funded by 27 member states and two associate member states.\n\nWe are located on the Wellcome Genome Campus near Cambridge in the UK, and our 850 staff are engineers, technicians, scientists and other professionals from all over the world.\n\nEMBL is an inclusive, equal opportunity employer offering attractive conditions and benefits appropriate to an international research organisation. The remuneration package comprises a competitive salary, a comprehensive pension scheme and health insurance, educational and other family related benefits where applicable, as well as financial support for relocation and installation. For more information about pay and benefits, click [here][1].\n\nWe have an informal culture, international working environment and excellent professional development opportunities but one of the really amazing things about us is the concentration of technical and scientific expertise \u2013 something you probably won\u2019t find anywhere else.\n\nIf you\u2019ve ever visited the campus you\u2019ll have experienced first-hand our friendly, collegial and supportive atmosphere, set in the beautiful Cambridgeshire countryside. Our staff also enjoy excellent sports facilities including a gym, a free shuttle bus, an on-site nursery, caf\u00e9s and restaurant and a library.\n\n## What else you need to know\n\nTo view a copy of the full job description, please click [here][2].\n\nTo apply please submit a covering letter and CV through our online system. Applications are welcome from all nationalities and this will continue after Brexit. For more information please see our website. Visa information will be discussed in more depth with applicants selected for interview.\n\nEMBL-EBI is committed to achieving gender balance and strongly encourages applications from women, who are currently under-represented at all levels.\n\nAppointment will be based on merit alone\n\nApplications will close at 23:00 GMT on the date listed above.\n\n[Apply here][3]\n\n  [1]: https://oc.ebi.ac.uk/s/9cORQcWQzflgFN8#pdfviewer\n  [2]: https://oc.ebi.ac.uk/s/Afq0YNfDlQ0sFkp\n  [3]: https://www.embl.de/jobs/apply_page/?jobId=QHPFK026203F3VBQB688N79SB-2151&langCode=en_GB",
    "creation_date": "2019-12-20T09:07:44.372528+00:00",
    "has_accepted": false,
    "id": 398022,
    "lastedit_date": "2023-06-06T17:57:26.927757+00:00",
    "lastedit_user_uid": "8494",
    "parent_id": 398022,
    "rank": 1576832864.372528,
    "reply_count": 0,
    "root_id": 398022,
    "status": "Open",
    "status_id": 1,
    "subs_count": 0,
    "tag_val": "functional-genomics,software-developer,ensembl",
    "thread_score": 1,
    "title": "Ensembl Regulation Software Developer",
    "type": "Job",
    "type_id": 2,
    "uid": "413442",
    "url": "https://www.biostars.org/p/413442/",
    "view_count": 935,
    "vote_count": 1,
    "xhtml": "<p>Location:   EMBL-EBI, Hinxton near Cambridge, UK<br>\nStaff Category: Staff Member<br>\nContract Duration:  3 years<br>\nGrading:    Grade 5 (starts at \u00a32,676.73 net monthly) or Grade 6 (starts at \u00a32,994.54 net monthly)<br>\nClosing Date:   30 January 2020<br>\nReference Number:   EBI01578</p>\n<p>The Ensembl Regulation team is looking for a talented software developer to build innovative and maintainable data analysis pipelines to integrate large scientific datasets in support of the latest research in regulatory genomics.</p>\n<p>Ensembl (<a href=\"http://www.ensembl.org/\" rel=\"nofollow\">http://www.ensembl.org/</a>) is one of the most successful large-scale bioinformatics projects and one of the leading projects for genome annotation. We import massive amounts of data from various archives (genome sequences, variation archives, etc) and use them to create syntheses (gene annotation, whole-genome alignments, gene trees, regulatory elements, etc). Our services are freely open to all scientists around the world, and serve a range of uses, from basic science to biomedical research.</p>\n<p>Ensembl Regulation\u2019s core product is a computational pipeline that annotates parts of the genome as having regulatory function\u2014regions which control how genes are expressed in different tissues and cell types. These elements have been shown to play a significant role in explaining the mechanisms underlying individual variation and are central to understanding development, evolution and the progression of disease.</p>\n<h2>Your role</h2>\n<p>Your role is to work on a team to innovate, extend and maintain Ensembl Regulation\u2019s analysis pipelines and supporting products. This includes:</p>\n<ul>\n<li>Implementing new bioinformatic analyses to process and integrate different assay types (e.g. chromatin interaction data, single-cell measurements etc.),</li>\n<li>Extending the current database schemas and REST APIs to incorporate new data types and analyses.</li>\n<li>Ensuring that the products we produce are maintainable and usable and that our analysis results are reliable. This includes testing and documentation.</li>\n</ul>\n<h2>You have</h2>\n<p>You should hold an MSc or PhD, or have an equivalent qualification/professional experience, in bioinformatics, computer science, machine learning or any related field.</p>\n<p>You ideally have experience developing scientific software and/or analysing the results of large-scale datasets. Experience working as part of team interacting with end-users or stakeholders, such as in large scientific consortia, would be strongly preferred.</p>\n<p>You should be team-oriented, ready to contribute to Ensembl's 50+ development team, and able to work in step with the procedures and time constraints of the entire project. Communication and presentation skills will be highly valued, as will be the ability to clarify and track complex software requirements.</p>\n<h2>You might also have</h2>\n<p>Experience with high-throughput computing and containerisation is desirable. Our current pipeline is written in Perl and future development is planned in Python and Rust, so experience with these is a plus.</p>\n<h2>Why join us</h2>\n<p>At EMBL-EBI, we help scientists realise the potential of \u2018big data\u2019 in biology by enabling them to exploit complex information to make discoveries that benefit mankind.</p>\n<p>Working for EMBL-EBI gives you an opportunity to apply your skills and energy for the greater good.</p>\n<p>As part of the European Molecular Biology Laboratory (EMBL), we are a non-profit, intergovernmental organisation funded by 27 member states and two associate member states.</p>\n<p>We are located on the Wellcome Genome Campus near Cambridge in the UK, and our 850 staff are engineers, technicians, scientists and other professionals from all over the world.</p>\n<p>EMBL is an inclusive, equal opportunity employer offering attractive conditions and benefits appropriate to an international research organisation. The remuneration package comprises a competitive salary, a comprehensive pension scheme and health insurance, educational and other family related benefits where applicable, as well as financial support for relocation and installation. For more information about pay and benefits, click <a href=\"https://oc.ebi.ac.uk/s/9cORQcWQzflgFN8#pdfviewer\" rel=\"nofollow\">here</a>.</p>\n<p>We have an informal culture, international working environment and excellent professional development opportunities but one of the really amazing things about us is the concentration of technical and scientific expertise \u2013 something you probably won\u2019t find anywhere else.</p>\n<p>If you\u2019ve ever visited the campus you\u2019ll have experienced first-hand our friendly, collegial and supportive atmosphere, set in the beautiful Cambridgeshire countryside. Our staff also enjoy excellent sports facilities including a gym, a free shuttle bus, an on-site nursery, caf\u00e9s and restaurant and a library.</p>\n<h2>What else you need to know</h2>\n<p>To view a copy of the full job description, please click <a href=\"https://oc.ebi.ac.uk/s/Afq0YNfDlQ0sFkp\" rel=\"nofollow\">here</a>.</p>\n<p>To apply please submit a covering letter and CV through our online system. Applications are welcome from all nationalities and this will continue after Brexit. For more information please see our website. Visa information will be discussed in more depth with applicants selected for interview.</p>\n<p>EMBL-EBI is committed to achieving gender balance and strongly encourages applications from women, who are currently under-represented at all levels.</p>\n<p>Appointment will be based on merit alone</p>\n<p>Applications will close at 23:00 GMT on the date listed above.</p>\n<p><a href=\"https://www.embl.de/jobs/apply_page/?jobId=QHPFK026203F3VBQB688N79SB-2151&amp;langCode=en_GB\" rel=\"nofollow\">Apply here</a></p>\n"
}