{
    "answer_count": 2,
    "author": "Carambakaracho",
    "author_uid": "22207",
    "book_count": 0,
    "comment_count": 2,
    "content": "Dear all, \r\n\r\nthis might be a naive question but my googlefoo fails me. I count reads from a bam, aligend by Star against a custom hg19 genome, after running picard markDuplicates, then counting reads assigned to exons with a slightly customized variation of the NCBI reference annotation gff. The customization is mostly adaption to the genome and propagation of some tags from gene level to exon. \r\n\r\nThen I count reads using featureCounts, where `$bam` are all the bams in the pipeline. There's quite a lot of transcript variants per gene, also multimapping is allowed on purpose and I wanted to catch that with `--fraction`\r\n```shell\r\nfeatureCounts \\\r\n    -p -f -T 4 \\\r\n    -O -M --fraction \\\r\n    -a hg19.gff \\\r\n    -F GTF \\\r\n    -t \"exon\" \\\r\n    -g \"ID\" \\\r\n    -s 2 \\\r\n    --extraAttributes \"toplevel_id,gene,transcript_id,GeneID,gbkey,gene_biotype,description,tag\" \\\r\n    -o out.tsv \\\r\n    ${bam} \r\n```\r\n\r\nWhen summing up the counts assigned in the count table, they're different to what the corresponding `.summary` file reports as assigned reads. Is this an known / expected side effect of the fractional count with multiple exons and multimapping?",
    "creation_date": "2021-12-06T14:13:44.292485+00:00",
    "has_accepted": false,
    "id": 500466,
    "lastedit_date": "2021-12-06T16:46:40.531199+00:00",
    "lastedit_user_uid": "22207",
    "parent_id": 500466,
    "rank": 1638800024.292497,
    "reply_count": 2,
    "root_id": 500466,
    "status": "Open",
    "status_id": 1,
    "subs_count": 2,
    "tag_val": "RNAseq,featureCounts",
    "thread_score": 1,
    "title": "featureCounts difference assigned reads summary file and summed up reads in feature count matrix",
    "type": "Question",
    "type_id": 0,
    "uid": "9500466",
    "url": "https://www.biostars.org/p/9500466/",
    "view_count": 1250,
    "vote_count": 0,
    "xhtml": "<p>Dear all,</p>\n<p>this might be a naive question but my googlefoo fails me. I count reads from a bam, aligend by Star against a custom hg19 genome, after running picard markDuplicates, then counting reads assigned to exons with a slightly customized variation of the NCBI reference annotation gff. The customization is mostly adaption to the genome and propagation of some tags from gene level to exon.</p>\n<p>Then I count reads using featureCounts, where <code>$bam</code> are all the bams in the pipeline. There's quite a lot of transcript variants per gene, also multimapping is allowed on purpose and I wanted to catch that with <code>--fraction</code></p>\n<pre><code class=\"lang-shell\">featureCounts \\\n    -p -f -T 4 \\\n    -O -M --fraction \\\n    -a hg19.gff \\\n    -F GTF \\\n    -t \"exon\" \\\n    -g \"ID\" \\\n    -s 2 \\\n    --extraAttributes \"toplevel_id,gene,transcript_id,GeneID,gbkey,gene_biotype,description,tag\" \\\n    -o out.tsv \\\n    ${bam}\n</code></pre>\n<p>When summing up the counts assigned in the count table, they're different to what the corresponding <code>.summary</code> file reports as assigned reads. Is this an known / expected side effect of the fractional count with multiple exons and multimapping?</p>\n"
}