{
    "answer_count": 1,
    "author": "boramkim109",
    "author_uid": "113397",
    "book_count": 0,
    "comment_count": 1,
    "content": "I'm trying to compare whole genome (homology and unique difference) of three species and make phylogenetic tree (Apis mellifera, Drosophila melanogaster, Musca domestica).\n\nBut I'm new in this area.. \n\nI downloaded fasta files from Ensembl which contain the coding sequences (http://ftp.ensemblgenomes.org/pub/metazoa/release-54/fasta/). \n\nBut I'm not sure coding sequence file is the first step for above purpose.\n\n\n1. How can I find the homology and unique difference between genomes? I'm looking for a tool or pipeline for it.\n\n2. And do you usually make a phylogenetic tree with whole genome? Or do you make it with an orthologue? If I have to use sequence of one orthologous gene, then How can I choose the gene for three species?\n\n",
    "creation_date": "2022-09-01T03:34:38.154263+00:00",
    "has_accepted": false,
    "id": 536942,
    "lastedit_date": "2022-09-01T10:36:40.278453+00:00",
    "lastedit_user_uid": "50673",
    "parent_id": 536942,
    "rank": 1662003278.154276,
    "reply_count": 1,
    "root_id": 536942,
    "status": "Open",
    "status_id": 1,
    "subs_count": 2,
    "tag_val": "wholeGenome,phylogeneticTree,sequenceAlignment",
    "thread_score": 0,
    "title": "Help With Whole Genome Alignment and phylogenetic tree",
    "type": "Question",
    "type_id": 0,
    "uid": "9536942",
    "url": "https://www.biostars.org/p/9536942/",
    "view_count": 456,
    "vote_count": 0,
    "xhtml": "<p>I'm trying to compare whole genome (homology and unique difference) of three species and make phylogenetic tree (Apis mellifera, Drosophila melanogaster, Musca domestica).</p>\n<p>But I'm new in this area..</p>\n<p>I downloaded fasta files from Ensembl which contain the coding sequences (<a href=\"http://ftp.ensemblgenomes.org/pub/metazoa/release-54/fasta/\" rel=\"nofollow\">http://ftp.ensemblgenomes.org/pub/metazoa/release-54/fasta/</a>).</p>\n<p>But I'm not sure coding sequence file is the first step for above purpose.</p>\n<ol>\n<li><p>How can I find the homology and unique difference between genomes? I'm looking for a tool or pipeline for it.</p>\n</li>\n<li><p>And do you usually make a phylogenetic tree with whole genome? Or do you make it with an orthologue? If I have to use sequence of one orthologous gene, then How can I choose the gene for three species?</p>\n</li>\n</ol>\n"
}