{
    "answer_count": 3,
    "author": "priyankamehta.1811",
    "author_uid": "77011",
    "book_count": 0,
    "comment_count": 2,
    "content": "Hello, \r\nI am trying to run the ONT pipeline for generating fasta for covid and working on the HPC server.\r\nwhile running a test set on my system, I was able to generate fasta files along with vcf and bam files using the minion protocol.\r\nhowever, while running a larger set on HPC, I am only getting the vcf and bam files but no fasta files are generating.\r\nI have tried to re-install the artic-ncov2019 environment in Anaconda. \r\nWhen my base-called files are run on a DGX server, fasta files and all other files are formed.\r\n\r\nHowever, in the HPC server, we have a GPU node but running minion on that doesn't generate fasta.\r\n\r\nI am utterly confused as it's my first time working on the server. But so far as I know the type of server doesn't matter for generating fasta. \r\n\r\nCan anyone suggest what I can do? \r\n\r\n\r\nThanks ",
    "creation_date": "2020-10-02T10:44:24.847198+00:00",
    "has_accepted": false,
    "id": 438929,
    "lastedit_date": "2020-10-11T08:46:24.527022+00:00",
    "lastedit_user_uid": "29107",
    "parent_id": 438929,
    "rank": 1602405984.527022,
    "reply_count": 3,
    "root_id": 438929,
    "status": "Open",
    "status_id": 1,
    "subs_count": 3,
    "tag_val": "next-gen,ont,nanopore,minion",
    "thread_score": 0,
    "title": "while running ONT(nanopore) bioinforamtics pipeline, fasta files are not generating.",
    "type": "Question",
    "type_id": 0,
    "uid": "464928",
    "url": "https://www.biostars.org/p/464928/",
    "view_count": 1610,
    "vote_count": 0,
    "xhtml": "<p>Hello, \nI am trying to run the ONT pipeline for generating fasta for covid and working on the HPC server.\nwhile running a test set on my system, I was able to generate fasta files along with vcf and bam files using the minion protocol.\nhowever, while running a larger set on HPC, I am only getting the vcf and bam files but no fasta files are generating.\nI have tried to re-install the artic-ncov2019 environment in Anaconda. \nWhen my base-called files are run on a DGX server, fasta files and all other files are formed.</p>\n\n<p>However, in the HPC server, we have a GPU node but running minion on that doesn't generate fasta.</p>\n\n<p>I am utterly confused as it's my first time working on the server. But so far as I know the type of server doesn't matter for generating fasta. </p>\n\n<p>Can anyone suggest what I can do? </p>\n\n<p>Thanks </p>\n"
}