{
    "answer_count": 1,
    "author": "BerkeleyLab",
    "author_uid": "23382",
    "book_count": 0,
    "comment_count": 1,
    "content": "Research Scientist (Fungal & Algal Program) - 96020\r\nDivision: JG-Joint Genome Institute\r\n\r\nBerkeley Lab\u2019s Joint Genome Institute (JGI) is looking for a talented Research Scientist to join their Fungal & Algal Program!\r\n\r\nIn this exciting role, you will lead data analysis projects in fungal and algal comparative genomics and multi-omics including the development of novel analysis workflows for multi-omics data integration projects. Reporting to the Fungal & Algal Program Head, you will have the opportunity to develop and demonstrate new approaches with the goal of creating capabilities and resources that benefit the JGI User community.\r\n\r\nWhat You Will Do:\r\n\u2022\u00a0Lead the development of new workflows and computational analysis pipelines in support of strategically important new science areas including comparative genomics and multi-omics of fungi and algae.\r\n\u2022\u00a0Develop and lead independent proof-of-principle research projects that demonstrate new JGI science capabilities to future JGI users.\r\n\u2022\u00a0Use expert knowledge of genome biology and bioinformatics to provide interpretation of genomic and multi-omics datasets and present findings to internal and external scientific staff at various forums.\r\n\u2022\u00a0Contribute to the development of new approaches to study genome biology, collaborating broadly with other JGI and external scientific staff.\r\n\u2022\u00a0Serve as an expert JGI scientist in meetings with external users and provide scientific advice to resolve complex issues arising during project execution and analysis.\r\n\u2022\u00a0Present data at scientific conferences.\r\n\u2022\u00a0Publish data in peer reviewed scientific journals.\r\n\u2022\u00a0Mentor and train postdoctoral fellows, technical staff, and other group members and JGI staff as necessary.\r\n\r\nWhat is Required:\r\n\u2022\u00a0A minimum of 5 years of relevant professional experience beyond the highest customary degree in Life Sciences, Quantitative Biology, or a related field.\r\n\u2022\u00a0Experience with genomics, transcriptomics, metabolomics, DNA-binding motifs and other omics data integration and analyses.\r\n\u2022\u00a0Robust understanding of organismal biology of fungi and algae, metabolic processes, and gene networks.\r\n\u2022\u00a0Strong proficiency in a UNIX environment and use of bioinformatics analysis and data visualization tools.\r\n\u2022\u00a0Significant experience in using integrated databases and using parallel computing environments.\r\n\u2022\u00a0Strong bioinformatic skills including programming (Python) and database (MySQL) experience. \r\n\u2022\u00a0Demonstrated experience managing complex projects including advanced analytical, organizational, and record-keeping skills.  \r\n\u2022\u00a0Excellent oral and written communication skills including the ability to perform research and organize data for publications and presentations.\r\n\u2022\u00a0Demonstrated interpersonal skills including experience collaborating with a diverse interdisciplinary research team.\r\n\r\nWhat We Prefer:\r\n\u2022\u00a0PhD in Life Sciences, Quantitative Biology, or a related field.\r\n\u2022\u00a0Knowledge of platforms/tools for comparative genomics platforms (MycoCosm, PhycoCosm) and metabolic modeling (e.g., KBase).\r\n\r\nFor full consideration, please apply by June 23, 2022 with the following application materials:\r\n\u2022\u00a0Cover Letter - Describe your interest in this position and the relevance of your background.\r\n\u2022\u00a0Curriculum Vitae (CV) or Resume.\r\n\r\nNotes:\r\n\u2022\u00a0This is a full time career appointment, exempt from overtime pay (monthly paid).\r\n\u2022\u00a0Salary is commensurate with experience.\r\n\u2022\u00a0This position may be subject to a background check. Any convictions will be evaluated to determine if they directly relate to the responsibilities and requirements of the position. Having a conviction history will not automatically disqualify an applicant from being considered for employment.\r\n\u2022\u00a0Work will be performed onsite at Lawrence Berkeley National Lab, 1 Cyclotron Road, Berkeley, CA.\r\n\r\nHow To Apply\r\nApply directly online at http://50.73.55.13/counter.php?id=230724 and follow the on-line instructions to complete the application process. \r\n\r\nLearn About Us:\r\nBerkeley Lab (LBNL) addresses the world\u2019s most urgent scientific challenges by advancing sustainable energy, protecting human health, creating new materials, and revealing the origin and fate of the universe. Founded in 1931, Berkeley Lab\u2019s scientific expertise has been recognized with 13 Nobel prizes. The University of California manages Berkeley Lab for the U.S. Department of Energy\u2019s Office of Science.\r\n\r\nThe JGI\u2019s mission is to provide the global research community with access to the most advanced integrative genome science capabilities in support of the DOE\u201ds research mission to solve the world\u2019s evolving energy and environmental challenges. The JGI supports projects in genome sequencing, synthesis, transcriptomics, metabolomics, and natural products in plants, fungi, algae, and microorganisms.\r\n\r\nWorking at Berkeley Lab has many rewards including a competitive compensation program, excellent health and welfare programs, a retirement program that is second to none, and outstanding development opportunities. To view information about the many rewards that are offered at Berkeley Lab- Click Here (http://www.lbl.gov/HR/html/Employment/total-rewards.html).\r\n\r\nBased on University of California Policy - SARS-CoV-2 (COVID-19) Vaccination Program and U.S Federal Government requirements, Berkeley Lab requires that all members of our community obtain the COVID-19 vaccine as soon as they are eligible. As a condition of employment at Berkeley Lab, all Covered Individuals must Participate in the COVID-19 Vaccination Program by providing proof of Full Vaccination or submitting a request for Exception or Deferral. Visit covid.lbl.gov (http://covid.lbl.gov/) for more information.\r\n\r\nBerkeley Lab is committed to Inclusion, Diversity, Equity and Accountability (IDEA, https://diversity.lbl.gov/ideaberkeleylab/) and strives to continue building community with these shared values and commitments. \r\n\r\nBerkeley Lab is an Equal Opportunity and Affirmative Action Employer. We heartily welcome applications from women, minorities, veterans, and all who would contribute to the Lab's mission of leading scientific discovery, inclusion, and professionalism. In support of our diverse global community, all qualified applicants will be considered for employment without regard to race, color, religion, sex, sexual orientation, gender identity, national origin, disability, age, or protected veteran status.\r\n\r\nEqual Opportunity and IDEA Information Links:\r\nKnow your rights, click here (https://www.dol.gov/agencies/ofccp/posters) for the supplement: Equal Employment Opportunity is the Law and the Pay Transparency Nondiscrimination Provision (https://www.dol.gov/sites/dolgov/files/ofccp/pdf/pay-transp_%20English_formattedESQA508c.pdf) under 41 CFR 60-1.4.",
    "creation_date": "2022-06-03T22:30:35.685894+00:00",
    "has_accepted": false,
    "id": 525899,
    "lastedit_date": "2022-06-03T22:53:38.757704+00:00",
    "lastedit_user_uid": "56746",
    "parent_id": 525899,
    "rank": 1654296819.037172,
    "reply_count": 1,
    "root_id": 525899,
    "status": "Open",
    "status_id": 1,
    "subs_count": 2,
    "tag_val": "Research",
    "thread_score": 0,
    "title": "Research Scientist (Fungal & Algal Program)",
    "type": "Job",
    "type_id": 2,
    "uid": "9525899",
    "url": "https://www.biostars.org/p/9525899/",
    "view_count": 1040,
    "vote_count": 0,
    "xhtml": "<p>Research Scientist (Fungal &amp; Algal Program) - 96020\nDivision: JG-Joint Genome Institute</p>\n<p>Berkeley Lab\u2019s Joint Genome Institute (JGI) is looking for a talented Research Scientist to join their Fungal &amp; Algal Program!</p>\n<p>In this exciting role, you will lead data analysis projects in fungal and algal comparative genomics and multi-omics including the development of novel analysis workflows for multi-omics data integration projects. Reporting to the Fungal &amp; Algal Program Head, you will have the opportunity to develop and demonstrate new approaches with the goal of creating capabilities and resources that benefit the JGI User community.</p>\n<p>What You Will Do:\n\u2022\u00a0Lead the development of new workflows and computational analysis pipelines in support of strategically important new science areas including comparative genomics and multi-omics of fungi and algae.\n\u2022\u00a0Develop and lead independent proof-of-principle research projects that demonstrate new JGI science capabilities to future JGI users.\n\u2022\u00a0Use expert knowledge of genome biology and bioinformatics to provide interpretation of genomic and multi-omics datasets and present findings to internal and external scientific staff at various forums.\n\u2022\u00a0Contribute to the development of new approaches to study genome biology, collaborating broadly with other JGI and external scientific staff.\n\u2022\u00a0Serve as an expert JGI scientist in meetings with external users and provide scientific advice to resolve complex issues arising during project execution and analysis.\n\u2022\u00a0Present data at scientific conferences.\n\u2022\u00a0Publish data in peer reviewed scientific journals.\n\u2022\u00a0Mentor and train postdoctoral fellows, technical staff, and other group members and JGI staff as necessary.</p>\n<p>What is Required:\n\u2022\u00a0A minimum of 5 years of relevant professional experience beyond the highest customary degree in Life Sciences, Quantitative Biology, or a related field.\n\u2022\u00a0Experience with genomics, transcriptomics, metabolomics, DNA-binding motifs and other omics data integration and analyses.\n\u2022\u00a0Robust understanding of organismal biology of fungi and algae, metabolic processes, and gene networks.\n\u2022\u00a0Strong proficiency in a UNIX environment and use of bioinformatics analysis and data visualization tools.\n\u2022\u00a0Significant experience in using integrated databases and using parallel computing environments.\n\u2022\u00a0Strong bioinformatic skills including programming (Python) and database (MySQL) experience. \n\u2022\u00a0Demonstrated experience managing complex projects including advanced analytical, organizational, and record-keeping skills.<br>\n\u2022\u00a0Excellent oral and written communication skills including the ability to perform research and organize data for publications and presentations.\n\u2022\u00a0Demonstrated interpersonal skills including experience collaborating with a diverse interdisciplinary research team.</p>\n<p>What We Prefer:\n\u2022\u00a0PhD in Life Sciences, Quantitative Biology, or a related field.\n\u2022\u00a0Knowledge of platforms/tools for comparative genomics platforms (MycoCosm, PhycoCosm) and metabolic modeling (e.g., KBase).</p>\n<p>For full consideration, please apply by June 23, 2022 with the following application materials:\n\u2022\u00a0Cover Letter - Describe your interest in this position and the relevance of your background.\n\u2022\u00a0Curriculum Vitae (CV) or Resume.</p>\n<p>Notes:\n\u2022\u00a0This is a full time career appointment, exempt from overtime pay (monthly paid).\n\u2022\u00a0Salary is commensurate with experience.\n\u2022\u00a0This position may be subject to a background check. Any convictions will be evaluated to determine if they directly relate to the responsibilities and requirements of the position. Having a conviction history will not automatically disqualify an applicant from being considered for employment.\n\u2022\u00a0Work will be performed onsite at Lawrence Berkeley National Lab, 1 Cyclotron Road, Berkeley, CA.</p>\n<p>How To Apply\nApply directly online at <a href=\"http://50.73.55.13/counter.php?id=230724\" rel=\"nofollow\">http://50.73.55.13/counter.php?id=230724</a> and follow the on-line instructions to complete the application process.</p>\n<p>Learn About Us:\nBerkeley Lab (LBNL) addresses the world\u2019s most urgent scientific challenges by advancing sustainable energy, protecting human health, creating new materials, and revealing the origin and fate of the universe. Founded in 1931, Berkeley Lab\u2019s scientific expertise has been recognized with 13 Nobel prizes. The University of California manages Berkeley Lab for the U.S. Department of Energy\u2019s Office of Science.</p>\n<p>The JGI\u2019s mission is to provide the global research community with access to the most advanced integrative genome science capabilities in support of the DOE\u201ds research mission to solve the world\u2019s evolving energy and environmental challenges. The JGI supports projects in genome sequencing, synthesis, transcriptomics, metabolomics, and natural products in plants, fungi, algae, and microorganisms.</p>\n<p>Working at Berkeley Lab has many rewards including a competitive compensation program, excellent health and welfare programs, a retirement program that is second to none, and outstanding development opportunities. To view information about the many rewards that are offered at Berkeley Lab- Click Here (<a href=\"http://www.lbl.gov/HR/html/Employment/total-rewards.html\" rel=\"nofollow\">http://www.lbl.gov/HR/html/Employment/total-rewards.html</a>).</p>\n<p>Based on University of California Policy - SARS-CoV-2 (COVID-19) Vaccination Program and U.S Federal Government requirements, Berkeley Lab requires that all members of our community obtain the COVID-19 vaccine as soon as they are eligible. As a condition of employment at Berkeley Lab, all Covered Individuals must Participate in the COVID-19 Vaccination Program by providing proof of Full Vaccination or submitting a request for Exception or Deferral. Visit covid.lbl.gov (<a href=\"http://covid.lbl.gov/\" rel=\"nofollow\">http://covid.lbl.gov/</a>) for more information.</p>\n<p>Berkeley Lab is committed to Inclusion, Diversity, Equity and Accountability (IDEA, <a href=\"https://diversity.lbl.gov/ideaberkeleylab/\" rel=\"nofollow\">https://diversity.lbl.gov/ideaberkeleylab/</a>) and strives to continue building community with these shared values and commitments.</p>\n<p>Berkeley Lab is an Equal Opportunity and Affirmative Action Employer. We heartily welcome applications from women, minorities, veterans, and all who would contribute to the Lab's mission of leading scientific discovery, inclusion, and professionalism. In support of our diverse global community, all qualified applicants will be considered for employment without regard to race, color, religion, sex, sexual orientation, gender identity, national origin, disability, age, or protected veteran status.</p>\n<p>Equal Opportunity and IDEA Information Links:\nKnow your rights, click here (<a href=\"https://www.dol.gov/agencies/ofccp/posters\" rel=\"nofollow\">https://www.dol.gov/agencies/ofccp/posters</a>) for the supplement: Equal Employment Opportunity is the Law and the Pay Transparency Nondiscrimination Provision (<a href=\"https://www.dol.gov/sites/dolgov/files/ofccp/pdf/pay-transp_%20English_formattedESQA508c.pdf\" rel=\"nofollow\">https://www.dol.gov/sites/dolgov/files/ofccp/pdf/pay-transp_%20English_formattedESQA508c.pdf</a>) under 41 CFR 60-1.4.</p>\n"
}