{
    "answer_count": 3,
    "author": "Rox",
    "author_uid": "28663",
    "book_count": 0,
    "comment_count": 2,
    "content": "Hi everyone !\r\n\r\nI'm new to PacBio long reads sequencing and I've read a lot about what exactly contains the raws files produced by this type of sequencer. I understand that the two different tpyes (.bas.h5 and .bax.h5) refer to what each file contains (sequence, quality value, information about the chemistry used...).\r\n\r\nBut as a beginner, I still don't understand how to transform theses .bax.h5 files into a subreads.fastq files, and also I don't know what exactly to give to a assembly pipeline (I'm using Falcon), should I give a fastq file or a .bax.h5 file ?\r\n\r\nI've got the same problem for the polishing step with Quiver that require the quality informations contained in original files.\r\n\r\nI really need some explanations about that, if you could please give me some advices !\r\n\r\nCheers,\r\n\r\nRoxane",
    "creation_date": "2016-07-04T08:58:08.743342+00:00",
    "has_accepted": false,
    "id": 191914,
    "lastedit_date": "2016-07-04T09:22:52.422642+00:00",
    "lastedit_user_uid": "30",
    "parent_id": 191914,
    "rank": 1467624172.422642,
    "reply_count": 3,
    "root_id": 191914,
    "status": "Open",
    "status_id": 1,
    "subs_count": 2,
    "tag_val": "Assembly,sequencing",
    "thread_score": 2,
    "title": "What are the \".bax.h5\" files generated by PacBio long reads sequencing ?",
    "type": "Question",
    "type_id": 0,
    "uid": "199985",
    "url": "https://www.biostars.org/p/199985/",
    "view_count": 5868,
    "vote_count": 1,
    "xhtml": "<p>Hi everyone !</p>\n\n<p>I'm new to PacBio long reads sequencing and I've read a lot about what exactly contains the raws files produced by this type of sequencer. I understand that the two different tpyes (.bas.h5 and .bax.h5) refer to what each file contains (sequence, quality value, information about the chemistry used...).</p>\n\n<p>But as a beginner, I still don't understand how to transform theses .bax.h5 files into a subreads.fastq files, and also I don't know what exactly to give to a assembly pipeline (I'm using Falcon), should I give a fastq file or a .bax.h5 file ?</p>\n\n<p>I've got the same problem for the polishing step with Quiver that require the quality informations contained in original files.</p>\n\n<p>I really need some explanations about that, if you could please give me some advices !</p>\n\n<p>Cheers,</p>\n\n<p>Roxane</p>\n"
}