{
    "answer_count": 8,
    "author": "hakimelakhrass",
    "author_uid": "23494",
    "book_count": 0,
    "comment_count": 6,
    "content": "Hello All,\r\n\r\nSo I am trying to completely automate my pipeline. I am to have a bunch of R scripts in the background and then just one script a user can interact with that has a bunch of functions. Naturally I want the package loading to be a part of this. I tried to create the following function but it does not work. It will try to run the code in the function automatically without making it. The idea is if the user selects 1 it will install and load the packages, otherwise just load them. Any ideas?\r\n\r\n    loadpackages <- function(x)\r\n      {  \r\n      if (x = 1) {\r\n        source(\"http://bioconductor.org/biocLite.R\")\r\n        biocLite(\"oligo\")\r\n        biocLite(\"limma\")\r\n        biocLite(\"pd.hugene.2.1.st\")\r\n        biocLite(\"hugene20sttranscriptcluster.db\")\r\n        biocLite(\"genefilter\")\r\n        biocLite(\"annotate\")\r\n        library(limma)\r\n        library(oligo)\r\n        library(pd.hugene.2.0.st)\r\n        library(genefilter)\r\n        library(annotate)\r\n        library(hugene20sttranscriptcluster.db)\r\n        }\r\n      else {\r\n        library(limma)\r\n        library(oligo)\r\n        library(pd.hugene.2.0.st)\r\n        library(genefilter)\r\n        library(annotate)\r\n        library(hugene20sttranscriptcluster.db)\r\n        }\r\n      }",
    "creation_date": "2016-02-17T13:15:22.321089+00:00",
    "has_accepted": false,
    "id": 169863,
    "lastedit_date": "2022-07-13T17:30:23.305330+00:00",
    "lastedit_user_uid": "8494",
    "parent_id": 169863,
    "rank": 1537636522.630561,
    "reply_count": 8,
    "root_id": 169863,
    "status": "Open",
    "status_id": 1,
    "subs_count": 3,
    "tag_val": "R,bioconductor",
    "thread_score": 7,
    "title": "Automation of R package loading",
    "type": "Question",
    "type_id": 0,
    "uid": "177433",
    "url": "https://www.biostars.org/p/177433/",
    "view_count": 2705,
    "vote_count": 1,
    "xhtml": "<p>Hello All,</p>\n\n<p>So I am trying to completely automate my pipeline. I am to have a bunch of R scripts in the background and then just one script a user can interact with that has a bunch of functions. Naturally I want the package loading to be a part of this. I tried to create the following function but it does not work. It will try to run the code in the function automatically without making it. The idea is if the user selects 1 it will install and load the packages, otherwise just load them. Any ideas?</p>\n\n<pre class=\"pre\"><code class=\"language-bash\">loadpackages &lt;- function(x)\n  {  \n  if (x = 1) {\n    source(\"<a rel=\"nofollow\" href=\"http://bioconductor.org/biocLite.R\">http://bioconductor.org/biocLite.R</a>\")\n    biocLite(\"oligo\")\n    biocLite(\"limma\")\n    biocLite(\"pd.hugene.2.1.st\")\n    biocLite(\"hugene20sttranscriptcluster.db\")\n    biocLite(\"genefilter\")\n    biocLite(\"annotate\")\n    library(limma)\n    library(oligo)\n    librarypd.hugene.2.0.st)\n    library(genefilter)\n    library(annotate)\n    library(hugene20sttranscriptcluster.db)\n    }\n  else {\n    library(limma)\n    library(oligo)\n    librarypd.hugene.2.0.st)\n    library(genefilter)\n    library(annotate)\n    library(hugene20sttranscriptcluster.db)\n    }\n  }\n</code></pre>\n"
}