{
    "answer_count": 6,
    "author": "Artem Kiselev",
    "author_uid": "12955",
    "book_count": 0,
    "comment_count": 5,
    "content": "Dear all,\n\nI'm looking for tool or pipeline for visualization of NGS data obtained from target enrichment approach.\n\nOur custom panel consists of approximately 100 genes, and I must find a way to visualize the result in an understandable for clinicist form. It seems to me that the most appropriate tool for that is the circos chart, but I have no idea where to start and what tools I should handle our bam/bad/fastq data.\n\nIf you can help, here is drawing, as I see it:\n\n![< image not found >][1]\n\nThanks.\n\n [1]: http://i.imgur.com/jUGH0H0.jpg",
    "creation_date": "2014-10-04T16:00:34.568013+00:00",
    "has_accepted": false,
    "id": 108739,
    "lastedit_date": "2022-01-19T21:24:37.223251+00:00",
    "lastedit_user_uid": "8494",
    "parent_id": 108739,
    "rank": 1412594148.800532,
    "reply_count": 6,
    "root_id": 108739,
    "status": "Open",
    "status_id": 1,
    "subs_count": 3,
    "tag_val": "visualization,circos,next-gen,SNP",
    "thread_score": 5,
    "title": "Visualization of data obtained from target enrichment approach.",
    "type": "Question",
    "type_id": 0,
    "uid": "114633",
    "url": "https://www.biostars.org/p/114633/",
    "view_count": 2338,
    "vote_count": 1,
    "xhtml": "<p>Dear all,</p>\n<p>I'm looking for tool or pipeline for visualization of NGS data obtained from target enrichment approach.</p>\n<p>Our custom panel consists of approximately 100 genes, and I must find a way to visualize the result in an understandable for clinicist form. It seems to me that the most appropriate tool for that is the circos chart, but I have no idea where to start and what tools I should handle our bam/bad/fastq data.</p>\n<p>If you can help, here is drawing, as I see it:</p>\n<p><img alt=\"< image not found >\" src=\"http://i.imgur.com/jUGH0H0.jpg\"></p>\n<p>Thanks.</p>\n"
}