{
    "answer_count": 0,
    "author": "prideda0",
    "author_uid": "43196",
    "book_count": 0,
    "comment_count": 0,
    "content": "Just trying to quickly figure out if I'm wasting my time.\r\n\r\nI have exome sequencing data from colorectal cancer polyps and I want to assess copy number using a R based pipeline ASCAT: https://www.crick.ac.uk/peter-van-loo/software/ASCAT.\r\n\r\nThe ASCAT software requires two inputs, BAF and LogR. In their description of the software they make reference to how to use attain these values from Illumina sequencing platforms and Affymetrix SNP chips. BAF is fairly self-explanatory, as it can easily be extracted from my VCF files. My issue is with the LogR value. From what I can tell it is a measure of signal intensity given by some (all?) sequencing platforms.\r\n\r\nOur sequencing data was generated using a PGM Ion Torrent platform with Ampliseq. My question is, therefore, can I obtain these logR values somehow from the annotated BAM files I have from the PGM? Or am I wasting my time and should instead rely on another CNV caller than I know works with Ion torrent (e.g. CNVkit)?\r\n\r\nI would really appreciate if someone could quickly write if CNV of PGM WES through this ASCAT package is even possible!",
    "creation_date": "2017-11-20T13:25:34.721772+00:00",
    "has_accepted": false,
    "id": 274872,
    "lastedit_date": "2017-11-20T13:25:34.721772+00:00",
    "lastedit_user_uid": "43196",
    "parent_id": 274872,
    "rank": 1511184334.721772,
    "reply_count": 0,
    "root_id": 274872,
    "status": "Open",
    "status_id": 1,
    "subs_count": 0,
    "tag_val": "R,sequencing,sequence,CNV",
    "thread_score": 0,
    "title": "ASCAT CNV from PGM Ion Torrent Exome data",
    "type": "Question",
    "type_id": 0,
    "uid": "284792",
    "url": "https://www.biostars.org/p/284792/",
    "view_count": 2147,
    "vote_count": 0,
    "xhtml": "<p>Just trying to quickly figure out if I'm wasting my time.</p>\n\n<p>I have exome sequencing data from colorectal cancer polyps and I want to assess copy number using a R based pipeline ASCAT: <a rel=\"nofollow\" href=\"https://www.crick.ac.uk/peter-van-loo/software/ASCAT\">https://www.crick.ac.uk/peter-van-loo/software/ASCAT</a>.</p>\n\n<p>The ASCAT software requires two inputs, BAF and LogR. In their description of the software they make reference to how to use attain these values from Illumina sequencing platforms and Affymetrix SNP chips. BAF is fairly self-explanatory, as it can easily be extracted from my VCF files. My issue is with the LogR value. From what I can tell it is a measure of signal intensity given by some (all?) sequencing platforms.</p>\n\n<p>Our sequencing data was generated using a PGM Ion Torrent platform with Ampliseq. My question is, therefore, can I obtain these logR values somehow from the annotated BAM files I have from the PGM? Or am I wasting my time and should instead rely on another CNV caller than I know works with Ion torrent (e.g. CNVkit)?</p>\n\n<p>I would really appreciate if someone could quickly write if CNV of PGM WES through this ASCAT package is even possible!</p>\n"
}