{
    "answer_count": 1,
    "author": "Pablo",
    "author_uid": "140879",
    "book_count": 0,
    "comment_count": 1,
    "content": "I have a checkpoints that leads to an unknown number of files, needing DAG reevaluation after execution. I wanted to speed it up by parallelizing the command by chromosome. Thus, after reevaluating, I would merge all chromosomes by experiment. However, snakemake is unable to infere the chromosomes.  \n\n```\ncheckpoint GenomeAnalysisTK:\n    input:\n        bamlist = rules.RealignerTargetCreator.output.bamlist,\n        intervals = rules.RealignerTargetCreator.output.intervals,\n        fasta = fasta\n    output:\n        temp(directory(\"splits/{chromosome}\"))\n    conda:\n        \"gatk3\"\n    wildcard_constraints:\n            chromosome='|'.join([x for x in detect_chromosomes(fai)]),\n    shell:\n        \"\"\"\n        mkdir -p {output} && cd {output}\n        gatk3 -Xmx24g -T IndelRealigner -I {input.bamlist} -targetIntervals {input.intervals} -L {wildcards.chromosome} -R {input.fasta} -compress 0 --nWayOut .{wildcards.chromosome}.indelrealigned.bam \n        \"\"\"\n\n\ndef agg(wildcards):\n    checkpoints.GenomeAnalysisTK.get(**wildcards).output[0]\n    return expand(\"splits/{chromosome}/{{experiment}}.merged.{chromosome}.indelrealigned.bam\", chromosome=get_chromosomes(fai))\n\n\nrule merge_realigned:\n    input:\n        agg\n    output:\n        \"{patient}/{sample}/{experiment}.merged.indelrealigned.bam\"\n    threads:\n        config[\"other_threads\"],\n    params:\n        compression_level = 0\n    wildcard_constraints:\n            chromosome='|'.join([x for x in detect_chromosomes(fai)]),\n    shell:\n        \"samtools merge -@ {threads} -l {params.compression_level} {output} {input}\"\n```\n\nHowever, I get the typical \"WorkflowError: Missing wildcard values for chromosome\". How can I make it infere the chromosomes? I think the main issue is that I scatter by chromosomes, but I don't use that wildcard anywhere else.\n",
    "creation_date": "2023-12-28T10:43:42.448132+00:00",
    "has_accepted": false,
    "id": 583541,
    "lastedit_date": "2024-01-03T14:21:08.678664+00:00",
    "lastedit_user_uid": "102151",
    "parent_id": 583541,
    "rank": 1703760222.44814,
    "reply_count": 1,
    "root_id": 583541,
    "status": "Open",
    "status_id": 1,
    "subs_count": 2,
    "tag_val": "worflow,snakemake,pipeline,checkpoints",
    "thread_score": 0,
    "title": "Missing wildcard in checkpoint rule - Snakemake",
    "type": "Question",
    "type_id": 0,
    "uid": "9583541",
    "url": "https://www.biostars.org/p/9583541/",
    "view_count": 544,
    "vote_count": 0,
    "xhtml": "<p>I have a checkpoints that leads to an unknown number of files, needing DAG reevaluation after execution. I wanted to speed it up by parallelizing the command by chromosome. Thus, after reevaluating, I would merge all chromosomes by experiment. However, snakemake is unable to infere the chromosomes.</p>\n<pre><code>checkpoint GenomeAnalysisTK:\n    input:\n        bamlist = rules.RealignerTargetCreator.output.bamlist,\n        intervals = rules.RealignerTargetCreator.output.intervals,\n        fasta = fasta\n    output:\n        temp(directory(\"splits/{chromosome}\"))\n    conda:\n        \"gatk3\"\n    wildcard_constraints:\n            chromosome='|'.join([x for x in detect_chromosomes(fai)]),\n    shell:\n        \"\"\"\n        mkdir -p {output} &amp;&amp; cd {output}\n        gatk3 -Xmx24g -T IndelRealigner -I {input.bamlist} -targetIntervals {input.intervals} -L {wildcards.chromosome} -R {input.fasta} -compress 0 --nWayOut .{wildcards.chromosome}.indelrealigned.bam \n        \"\"\"\n\n\ndef agg(wildcards):\n    checkpoints.GenomeAnalysisTK.get(**wildcards).output[0]\n    return expand(\"splits/{chromosome}/{{experiment}}.merged.{chromosome}.indelrealigned.bam\", chromosome=get_chromosomes(fai))\n\n\nrule merge_realigned:\n    input:\n        agg\n    output:\n        \"{patient}/{sample}/{experiment}.merged.indelrealigned.bam\"\n    threads:\n        config[\"other_threads\"],\n    params:\n        compression_level = 0\n    wildcard_constraints:\n            chromosome='|'.join([x for x in detect_chromosomes(fai)]),\n    shell:\n        \"samtools merge -@ {threads} -l {params.compression_level} {output} {input}\"\n</code></pre>\n<p>However, I get the typical \"WorkflowError: Missing wildcard values for chromosome\". How can I make it infere the chromosomes? I think the main issue is that I scatter by chromosomes, but I don't use that wildcard anywhere else.</p>\n"
}