{
    "answer_count": 4,
    "author": "ZZOYEA",
    "author_uid": "142144",
    "book_count": 0,
    "comment_count": 2,
    "content": "Hello, I am currently conducting an analysis to identify lncRNA in a human cell line.\r\nI have used STAR-cufflinks-cuffmerge pipeline and successfully identified novel lncRNAs.\r\n\r\nWhat I want to ask is:\r\nhow do I identify **known lncRNAs**, not novel ones?\r\nIn one paper, I've seen that they used blastn to identify known lncRNAs in sheep samples by blasting against a database called ALDB.(A domestic animal long noncoding RNA database)\r\nCan the same method be applied to human cell lines or mouse cell lines to identify known lncRNAs? \r\nOr are there other methods to find known lncRNAs?\r\n\r\nThanks!",
    "creation_date": "2024-06-05T08:04:06.103717+00:00",
    "has_accepted": false,
    "id": 596387,
    "lastedit_date": "2024-06-07T00:58:41.930035+00:00",
    "lastedit_user_uid": "142144",
    "parent_id": 596387,
    "rank": 1717721922.185591,
    "reply_count": 4,
    "root_id": 596387,
    "status": "Open",
    "status_id": 1,
    "subs_count": 4,
    "tag_val": "lncRNA",
    "thread_score": 5,
    "title": "Basic question about lncRNA identification",
    "type": "Question",
    "type_id": 0,
    "uid": "9596387",
    "url": "https://www.biostars.org/p/9596387/",
    "view_count": 545,
    "vote_count": 1,
    "xhtml": "<p>Hello, I am currently conducting an analysis to identify lncRNA in a human cell line.\nI have used STAR-cufflinks-cuffmerge pipeline and successfully identified novel lncRNAs.</p>\n<p>What I want to ask is:\nhow do I identify <strong>known lncRNAs</strong>, not novel ones?\nIn one paper, I've seen that they used blastn to identify known lncRNAs in sheep samples by blasting against a database called ALDB.(A domestic animal long noncoding RNA database)\nCan the same method be applied to human cell lines or mouse cell lines to identify known lncRNAs? \nOr are there other methods to find known lncRNAs?</p>\n<p>Thanks!</p>\n"
}