{
    "answer_count": 0,
    "author": "Gama313",
    "author_uid": "35209",
    "book_count": 0,
    "comment_count": 0,
    "content": "I am working on Hiseq2000/2500 single end reads on RNASeq leukemia samples. \r\nI am interested in aligning all the reads beloging to the Immunoglobulin genes (Ig) for further analysis.\r\nThe task is  difficult for two main reasons:\r\n- Final Ig genes are the result of a \"collage\" of genomic regions and alignment is difficult;\r\n- Ig are hypermutated, meaning that there are a lot of mutations interfering with the alignment;\r\n\r\nI decided to develop my own pipeline since those available are inappropriate.\r\nI post a brief resume of the workflow:\r\n- Star alignment agains hg38;\r\n- Extraction of unmapped reads;\r\n- Extraction of reads mapping to the Ig locus;\r\n- De novo construction of the Ig with Trinity;\r\n- Alignment of de novo sequences with IgBlast;\r\n- Select the \"correct\" Ig;\r\n- Align sequences against the custom Ig reference with bowtie2 (--very-sensitive-local).\r\n\r\nI've analyzed around 100 samples, 70% of those align correctly displaying a uniform coverage.\r\nThe 30% of samples show a non-uniform coverage profile (See Fig. attached). As you can see, there is the common 3' bias with the coverage increasing at the end of the Ig. However, there is a huge drop in the middle of the Ig and I cannot understand whether is a kind of artifact lacking those reads or is the alignment parameters wrong.\r\n\r\n![enter image description here][1]\r\nTo resume, I cannot understand how is possible to observe different coverage profiles for samples belonging to the very same experiment.\r\nAny suggestion will be helpful\r\n\r\n\r\n  [1]: /media/images/980cbe3b-aa72-4e15-860c-cd4f573d",
    "creation_date": "2021-09-02T09:49:22.065245+00:00",
    "has_accepted": false,
    "id": 487637,
    "lastedit_date": "2021-09-02T09:49:22.065260+00:00",
    "lastedit_user_uid": "35209",
    "parent_id": 487637,
    "rank": 1630576162.06526,
    "reply_count": 0,
    "root_id": 487637,
    "status": "Open",
    "status_id": 1,
    "subs_count": 1,
    "tag_val": "Alignment,RNASeq,Immunoglobulin",
    "thread_score": 0,
    "title": "Coverage drops in fastq alignment against custom Immunoglobulin reference",
    "type": "Question",
    "type_id": 0,
    "uid": "9487637",
    "url": "https://www.biostars.org/p/9487637/",
    "view_count": 454,
    "vote_count": 0,
    "xhtml": "<p>I am working on Hiseq2000/2500 single end reads on RNASeq leukemia samples. \nI am interested in aligning all the reads beloging to the Immunoglobulin genes (Ig) for further analysis.\nThe task is  difficult for two main reasons:</p>\n<ul>\n<li>Final Ig genes are the result of a \"collage\" of genomic regions and alignment is difficult;</li>\n<li>Ig are hypermutated, meaning that there are a lot of mutations interfering with the alignment;</li>\n</ul>\n<p>I decided to develop my own pipeline since those available are inappropriate.\nI post a brief resume of the workflow:</p>\n<ul>\n<li>Star alignment agains hg38;</li>\n<li>Extraction of unmapped reads;</li>\n<li>Extraction of reads mapping to the Ig locus;</li>\n<li>De novo construction of the Ig with Trinity;</li>\n<li>Alignment of de novo sequences with IgBlast;</li>\n<li>Select the \"correct\" Ig;</li>\n<li>Align sequences against the custom Ig reference with bowtie2 (--very-sensitive-local).</li>\n</ul>\n<p>I've analyzed around 100 samples, 70% of those align correctly displaying a uniform coverage.\nThe 30% of samples show a non-uniform coverage profile (See Fig. attached). As you can see, there is the common 3' bias with the coverage increasing at the end of the Ig. However, there is a huge drop in the middle of the Ig and I cannot understand whether is a kind of artifact lacking those reads or is the alignment parameters wrong.</p>\n<p><img alt=\"enter image description here\" src=\"/media/images/980cbe3b-aa72-4e15-860c-cd4f573d\">\nTo resume, I cannot understand how is possible to observe different coverage profiles for samples belonging to the very same experiment.\nAny suggestion will be helpful</p>\n"
}