{
    "answer_count": 6,
    "author": "573704669",
    "author_uid": "135766",
    "book_count": 0,
    "comment_count": 5,
    "content": "Hello everyone! I\u2019m currently using the SAHMI pipeline to annotate microbiome information from the single-cell data. However, I encountered two potential problems when applying SAHMI to 10X scRNA data:\r\n\r\nThe first one is that SAHMI [(SAHMI)][1]inputs both paired reads to annotate microbiome by using kraken2, which calculates k-mer of assigned sequencing reads. However, since only the R2 read contains true sequence and R1 read only contains barcode and umi information, I don\u2019t think it is appropriate to calculate k-mer by using both reads. I then modified the script to use only the R2 read for k-mer calculation, but also use the R1 read for extracting barcode and umi information.\r\n\r\nThe second one is that, according to 10X instructions, there are 28 bp for barcode and UMI of R1 and 91 bp for true sequence of R2 in 3\u2019 v3, and 26 bp of R1 and 98 bp of R2 in 3\u2019 v2 [(10X instruments)][2]. However, most R1 and R2 fastq files I obtained from SRA have a length of 150 bp, which also include other bases such as index information in addition to the true reads. Therefore, I want to extract the true sequencing reads to make it more accurate for microbiome annotation.\r\n\r\nI wrote a script to extract the first 91/98 bp from R2 fastq files. Here is an example from SRR19159061 [(SRR19159061 link)][3], which has a small file size and easy to be processed.\r\n\r\nSRR19159061 has 28 bp in R1 fastq, so I only extracted the first 91 bp from R2 fastq. I then ran cellranger v7.1.0 to compare the results before and after trimming. The results are almost the same, but there are still some differences. Since these fastqs files have 4 inputs: I1, I2, R1, R2, I only replace the R2 as trimmed one to run cellranger again. So I would like to ask for your opinion on whether this is normal, and whether I can ignore this discrepancy. After all, I only need the true sequences to annotate microbiome, but I still need to input the original fastqs for cellranger to get gene expression. I sincerely appreciate any answers.\r\n\r\nThank you!\r\n\r\nThe former image is before trimming, and the later one is after trimming.\r\n![enter image description here][4]![enter image description here][5]\r\n\r\n\r\n  [1]: https://github.com/sjdlabgroup/SAHMI\r\n  [2]: https://www.10xgenomics.com/cn/support/single-cell-gene-expression/documentation/steps/sequencing/sequencing-requirements-for-single-cell-3\r\n  [3]: https://trace.ncbi.nlm.nih.gov/Traces/?view=run_browser&acc=SRR19159061&display=metadata\r\n  [4]: /media/images/60d47269-959d-4068-ae63-2b50359f\r\n  [5]: /media/images/c6e3824b-109b-40cb-9230-02150b69",
    "creation_date": "2023-08-14T02:10:43.732173+00:00",
    "has_accepted": false,
    "id": 572217,
    "lastedit_date": "2023-08-16T08:49:28.237700+00:00",
    "lastedit_user_uid": "135766",
    "parent_id": 572217,
    "rank": 1692011077.973579,
    "reply_count": 6,
    "root_id": 572217,
    "status": "Open",
    "status_id": 1,
    "subs_count": 2,
    "tag_val": "scRNA",
    "thread_score": 1,
    "title": "Extract the true single-cell RNA sequencing reads for running SAHMI",
    "type": "Question",
    "type_id": 0,
    "uid": "9572217",
    "url": "https://www.biostars.org/p/9572217/",
    "view_count": 1198,
    "vote_count": 0,
    "xhtml": "<p>Hello everyone! I\u2019m currently using the SAHMI pipeline to annotate microbiome information from the single-cell data. However, I encountered two potential problems when applying SAHMI to 10X scRNA data:</p>\n<p>The first one is that SAHMI <a href=\"https://github.com/sjdlabgroup/SAHMI\" rel=\"nofollow\">(SAHMI)</a>inputs both paired reads to annotate microbiome by using kraken2, which calculates k-mer of assigned sequencing reads. However, since only the R2 read contains true sequence and R1 read only contains barcode and umi information, I don\u2019t think it is appropriate to calculate k-mer by using both reads. I then modified the script to use only the R2 read for k-mer calculation, but also use the R1 read for extracting barcode and umi information.</p>\n<p>The second one is that, according to 10X instructions, there are 28 bp for barcode and UMI of R1 and 91 bp for true sequence of R2 in 3\u2019 v3, and 26 bp of R1 and 98 bp of R2 in 3\u2019 v2 <a href=\"https://www.10xgenomics.com/cn/support/single-cell-gene-expression/documentation/steps/sequencing/sequencing-requirements-for-single-cell-3\" rel=\"nofollow\">(10X instruments)</a>. However, most R1 and R2 fastq files I obtained from SRA have a length of 150 bp, which also include other bases such as index information in addition to the true reads. Therefore, I want to extract the true sequencing reads to make it more accurate for microbiome annotation.</p>\n<p>I wrote a script to extract the first 91/98 bp from R2 fastq files. Here is an example from SRR19159061 <a href=\"https://trace.ncbi.nlm.nih.gov/Traces/?view=run_browser&amp;acc=SRR19159061&amp;display=metadata\" rel=\"nofollow\">(SRR19159061 link)</a>, which has a small file size and easy to be processed.</p>\n<p>SRR19159061 has 28 bp in R1 fastq, so I only extracted the first 91 bp from R2 fastq. I then ran cellranger v7.1.0 to compare the results before and after trimming. The results are almost the same, but there are still some differences. Since these fastqs files have 4 inputs: I1, I2, R1, R2, I only replace the R2 as trimmed one to run cellranger again. So I would like to ask for your opinion on whether this is normal, and whether I can ignore this discrepancy. After all, I only need the true sequences to annotate microbiome, but I still need to input the original fastqs for cellranger to get gene expression. I sincerely appreciate any answers.</p>\n<p>Thank you!</p>\n<p>The former image is before trimming, and the later one is after trimming.\n<img alt=\"enter image description here\" src=\"/media/images/60d47269-959d-4068-ae63-2b50359f\"><img alt=\"enter image description here\" src=\"/media/images/c6e3824b-109b-40cb-9230-02150b69\"></p>\n"
}