{
    "answer_count": 3,
    "author": "Wchang",
    "author_uid": "11922",
    "book_count": 0,
    "comment_count": 2,
    "content": "When using the TopHat/Cufflink pipeline, I noticed some gene models contained non-canonical intron boundaries. I used a reference-guided approach, but I don't think that matters... My question is whether I can forbid either Cufflink or Tophat to look for non-canonical junctions? I want TopHat/Cufflink to find new transcripts/gene models, but don't want the pipeline to find non-conventional junctions.\n\nThanks,  \nWJ",
    "creation_date": "2014-06-19T22:14:02.767908+00:00",
    "has_accepted": false,
    "id": 98585,
    "lastedit_date": "2021-10-27T16:46:26.828937+00:00",
    "lastedit_user_uid": "8494",
    "parent_id": 98585,
    "rank": 1403291821.184035,
    "reply_count": 3,
    "root_id": 98585,
    "status": "Open",
    "status_id": 1,
    "subs_count": 2,
    "tag_val": "RNA-Seq,alignment,next-gen",
    "thread_score": 6,
    "title": "How to remove non canonical introns (junctions) in TopHat/Cufflink",
    "type": "Question",
    "type_id": 0,
    "uid": "104234",
    "url": "https://www.biostars.org/p/104234/",
    "view_count": 3903,
    "vote_count": 2,
    "xhtml": "<p>When using the TopHat/Cufflink pipeline, I noticed some gene models contained non-canonical intron boundaries. I used a reference-guided approach, but I don't think that matters... My question is whether I can forbid either Cufflink or Tophat to look for non-canonical junctions? I want TopHat/Cufflink to find new transcripts/gene models, but don't want the pipeline to find non-conventional junctions.</p>\n<p>Thanks,<br>\nWJ</p>\n"
}