{
    "answer_count": 27,
    "author": "CandiceChuDVM",
    "author_uid": "22287",
    "book_count": 116,
    "comment_count": 16,
    "content": "Hi all,\n\nI am a PhD student with biology background. I recently inherit a RNA Sequencing project from another PhD student in my lab. We already have paired-ended RNA-Seq data generated from Illumina HiSeq but haven't started analysis yet. I have basic Linux command line training but have no idea about how to analyze RNA-Seq data. I did a little bit of research and started to take free online courses and read papers.\n\nCould anybody recommend me more up-to-date online trainings or courses?\n\n===========================\n\nHere are the resources that I found so far:\n\n**[On-site Course]**\n\n[On-site and online courses provided by Iowa Institute of Human Genetics][1] (updated on April 27, 2016)\n\n[microRNA Analysis Using Next-Generation Sequencing][2] (Deadline: 9/1/2016)\n\nMSU: [NGS Summer 2016 - Analyzing Next-Generation Sequencing Data][3] (Deadline: 3/1/2016)\n\n**[Youtube videos]**  \n\n[How to analyze RNA-Seq data? Find differentially expressed genes in your research][4] (updated on Oct 6, 2016)\n\n*And the resulted publication: [RNA-seq of serial kidney biopsies obtained during progression of chronic kidney disease from dogs with X-linked hereditary nephropathy][5] (updated on Dec 7, 2016)\n\n[Informatics for RNA-Seq Analysis 2016 by Bioinformatics.ca][6] (updated on Oct 4, 2016)\n\n[Introduction to RNA Sequencing][7] (updated on Sep 20, 2016)  \n\n[Intro to Illumina Sequencing][8] (updated on July 25, 2016)  \n\n[Illumina TruSeq RNA libraries: Part I][9] (updated on July 25, 2016)  \n\n[Illumina TruSeq RNA libraries: Part II][10] (updated on July 25, 2016)  \n\n[RNA-SEQ: Mapping to a Reference Genome][11] (updated on July 25, 2016)  \n\n[RPKM, FPKM and TPM][12](updated on July 25, 2016)  \n\n[Principle Component Analysis (PCA) clearly explained][13] (updated on July 25, 2016)  \n\n[Heatmaps - considerations for drawing and interpreting them][14] (updated on July 25, 2016)  \n\n**[GitHub tutorial / webpage]**\n\n[RNA-Seq Analysis Tutorial][15] (my personal wiki page. updated July 25, 2016)  \n\n[RNA-seqlopedia][16] suggested by [aleimba][17] (updated on Feb 3, 2016)\n\n[RNA-seq Tutorial][18] suggested by [Chris Miller][19]\n\n[RNA-Seq De novo Assembly Using Trinity][20] suggested by [Dave Carlson][21]\n\n**[Online Course]** (I recommend to study by order)  \n\n(1) Basic/essential biology knowledge: \n\n[Introduction to Genomic Technologies][22] (updated on March 14, 2016)\n\n(2) RNA-seq intro:\n\n[Introduction to Genomic Technologies-Next Generation Sequencing][23] (updated on March 20, 2016)\n\n[Bioinformatic Methods I: Next Gen Sequence Analysis (RNA-Seq) / Metagenomics][24] (updated on March 20, 2016)\n\n[Bioinformatic Methods II: Gene Expression Analysis I&II][25] (updated on March 21, 2016)\n\n[Experimental Methods in Systems Biology: Deep mRNA Sequencing][26] (updated on March 20, 2016)\n\n(3) Tuxedo suite tools / Command line:\n\n[Command Line Tools for Genomic Data Science][27] (**Learn from basic Linux commands to Cuffdiff! Highly recommended!** updated on March 14, 2016)\n\n[Introduction to Linux][28] (updated on October 7, 2016)\n\n[Network Analysis in Systems Biology-Deep Sequencing Data Processing and Analysis][29] (updated on April 27, 2016)\n\n(4) Kallisto and Sleuth:\n\n[Intro to Kallisto for RNA-Seq][30] (updated on April 27, 2016)\n\n[Intro to Sleuth for RNA-Seq][31] (updated on April 27, 2016)\n\n(5) R/Bioconductor:\n\n[Beginners Introduction to R Statistical Software][32] (updated on April 27, 2016)\n\n[Try R][33] (updated on April 27, 2016)\n\n[Introduction to R][34] (updated on April 27, 2016)\n\n[Bioconductor for Genomic Data Science][35] (updated on April 27, 2016)\n\n[R Programming][36] (updated on March 20, 2016)\n\n[Data Analysis for Life Sciences 1: Statistics and R][37] (updated on April 3, 2016)\n\n[Data Analysis for Life Sciences 5: Introduction to Bioconductor: Annotation and Analysis of Genomes and Genomic Assays][38] (Optional, updated on March 20, 2016)\n\n(6) Python:\n\n[Try Python][39] (updated on April 27, 2016)\n\n[Intro to Python for Data Science][40] (updated on April 27, 2016)\n\n[Python for Genomic Data Science][41] (updated on April 27, 2016)\n\n[CodeAcademy-Python][42]  (updated on April 28, 2016)\n\n(7) Advanced courses:\n\n[Network Analysis in Systems Biology: Deep Sequencing Data Processing and Analysis][43] (updated on March 20, 2016)\n\n[Bioinformatics: Introduction and Methods][44] (updated on March 14, 2016)\n\n[Data Analysis for Life Sciences 7: Case Studies in Functional Genomics][45] suggested by [Radek][46]\n\n[Foundations of Computational and Systems Biology][47] (updated on March 20, 2016)\n\n(8) Certification programs:\n\n[Become a next generation sequencing data scientist][48] $392\n\n[RNA-Seq Short Term Bioinformatics - Certification Program][49] $? suggested by [info][50] (updated on Feb 5, 2016)\n\n**[Articles]**  \n\n[Thinking About RNA Seq Experimental Design for Measuring Differential Gene Expression: The Basics][51] (updated on April 3, 2016)\n\n**[Experimental design]**\n\n[RNA-seq mixology: designing realistic control experiments to compare protocols and analysis methods][52] (updated on Dec 7, 2017)\n\n[Calculating Sample Size Estimates for RNA Sequencing Data][53] (updated on July 26, 2016)\n\n[Sample size calculation based on exact test for assessing differential expression analysis in RNA-seq data][54] (updated on July 26, 2016)\n\n**[Papers-work flow]**\n\n[RNA-seq analysis is easy as 1-2-3 with limma, Glimma and edgeR][55] (updated on July 26, 2016)\n\n[A Quick Guide to Organizing Computational Biology Projects][56] (updated on Feb 9)\n\n[An Online Bioinformatics Curriculum][57]\n\n[A Quick Introduction to Version Control with Git and GitHub][58]\n\n**[Papers-concepts]**\n\n[Differential analysis of RNA-seq incorporating quantification uncertainty][59] (updated on Dec 7, 2017)\n\n[Trimming of sequence reads alters RNA-Seq gene expression estimates][60] (updated on Dec 7, 2017)\n\n[A comparison of methods for differential expression analysis of RNA-seq data][61] (updated on Feb 9)\n\n[Measurement of mRNA abundance using RNA-seq data: RPKM measure is inconsistent among samples][62] (updated on Feb 9)\n\n[Evaluation of statistical methods for normalization and differential expression in mRNA-Seq experiments][63] (updated on Feb 9)\n\n[Challenges and strategies in transcriptome assembly and differential gene expression quantification. A comprehensive in silico assessment of RNA-seq experiments][64] (updated on Feb 9)\n\n[Statistical design and analysis of RNA sequencing data][65] (updated on Feb 9)\n\n[A comprehensive comparison of RNA-Seq-based transcriptome analysis from reads to differential gene expression and cross-comparison with microarrays: a case study in Saccharomyces cerevisiae][66] (updated on Feb 9)\n\n[Quick RNA-seq Data Analysis Tutorial][67] suggested by [BioRyder][68]\n\n[A survey of best practices for RNA-seq data analysis][69] suggested by [Dan Gaston][70]\n\nAn useful post: [Review papers on the topic of RNA-seq][71]\n\n[A comprehensive evaluation of normalization methods for Illumina high-throughput RNA sequencing data analysis][72]\n\n[Near-optimal RNA-Seq quantification][73]\n\n[Differential analyses for RNA-seq- transcript-level estimates improve gene-level inferences][74]\n\n**[Papers-specific tools]**\n\n[SARTools: A DESeq2- and EdgeR-Based R Pipeline for Comprehensive Differential Analysis of RNA-Seq Data][75] (updated one December 7, 2017)\n\n[TopHat2: accurate alignment of transcriptomes in the presence of insertions, deletions and gene fusions][76] (updated one March 14, 2016)\n\n[TopHat: discovering splice junctions with RNA-Seq][77] (updated one March 14, 2016)\n\n[Accurate, fast, and model-aware transcript expression quantification with Salmon][78] suggested by [Rob][79] (updated on Feb 5, 2016)\n\n[RapMap: A Rapid, Sensitive and Accurate Tool for Mapping RNA-seq Reads to Transcriptomes][80] suggested by [Rob][79] (updated on Feb 5, 2016)\n\n===========================\n\nI hope that can help other new faces in this forum just like me :)\n\nThanks!\n\n\n [1]: http://www.medicine.uiowa.edu/humangenetics/bioinformatics/education/\n [2]: http://www.ecseq.com/workshops/workshop_2016-05-small-RNA-Seq-microRNA-analysis-using-next-generation-sequencing\n [3]: http://bioinformatics.msu.edu/ngs-summer-course-2016\n [4]: https://www.youtube.com/watch?v=xh_wpWj0AzM&feature=youtu.be\n [5]: https://www.nature.com/articles/s41598-017-16603-y\n [6]: https://www.youtube.com/playlist?list=PL3izGL6oi0S849u7OZbX85WTyBxVdcpqx\n [7]: https://www.youtube.com/watch?v=Ji9nFCYl7Bk\n [8]: https://www.youtube.com/watch?v=HMyCqWhwB8E&index=1&list=PLZO9FKRKCGgyGaAFn8l6xyAWh00LQcxcW\n [9]: https://www.youtube.com/watch?v=fsbh6lCAkm4\n [10]: https://www.youtube.com/watch?v=LRf9ubRennk\n [11]: https://www.youtube.com/watch?v=n77EAk8C1es&index=3&list=PLZO9FKRKCGgyGaAFn8l6xyAWh00LQcxcW\n [12]: https://www.youtube.com/watch?v=TTUrtCY2k-w\n [13]: https://www.youtube.com/watch?v=_UVHneBUBW0\n [14]: https://www.youtube.com/playlist?list=LLjjscWTsiio4aZUlG8F2JEQ\n [15]: https://github.com/CandiceChuDVM/RNA-Seq/wiki/RNA-Seq-analysis-tutorial\n [16]: http://rnaseq.uoregon.edu/\n [17]: https://www.biostars.org/u/21896/\n [18]: https://github.com/griffithlab/rnaseq_tutorial/wiki\n [19]: https://www.biostars.org/u/117/\n [20]: https://github.com/trinityrnaseq/trinityrnaseq/wiki\n [21]: https://www.biostars.org/u/23032/\n [22]: https://www.coursera.org/learn/introduction-genomics/home/welcome\n [23]: https://www.coursera.org/learn/introduction-genomics/lecture/61rlC/next-generation-sequencing\n [24]: https://www.coursera.org/learn/bioinformatics-methods-1/home/week/7\n [25]: https://www.coursera.org/learn/bioinformatics-methods-2/home/week/5\n [26]: https://www.coursera.org/learn/experimental-methods/home/week/2\n [27]: https://www.coursera.org/learn/genomic-tools/home/welcome\n [28]: https://www.edx.org/course/introduction-linux-linuxfoundationx-lfs101x-0?utm_medium=affiliate_partner&utm_source=marketing_site_worker&source=aw&awc=6798_1475851197_cb746c2bc1658d1e5060003b4ce1f1ef\n [29]: https://www.coursera.org/learn/network-biology/home/week/6\n [30]: https://www.youtube.com/watch?v=94wphB3GKBM\n [31]: https://www.youtube.com/watch?v=KEn0CMYk6Wo\n [32]: http://bitesizebio.com/webinar/20600/beginners-introduction-to-r-statistical-software/\n [33]: http://tryr.codeschool.com/\n [34]: https://www.datacamp.com/courses/free-introduction-to-r\n [35]: https://www.coursera.org/learn/bioconductor/home/welcome\n [36]: https://www.coursera.org/learn/r-programming\n [37]: https://courses.edx.org/courses/course-v1:HarvardX+PH525.1x+3T-2015/info\n [38]: https://courses.edx.org/courses/course-v1:HarvardX+PH525.5x+3T2015/info\n [39]: http://campus.codeschool.com/courses/try-python/contents\n [40]: https://campus.datacamp.com/courses/intro-to-python-for-data-science/chapter-1-python-basics?ex=1&open_outline=true#_=_\n [41]: https://www.coursera.org/learn/python-genomics/home/welcome\n [42]: https://www.codecademy.com/learn/python\n [43]: https://www.coursera.org/learn/network-biology/\n [44]: https://www.coursera.org/learn/bioinformatics-pku/home/welcome\n [45]: https://www.edx.org/course/data-analysis-life-sciences-7-case-harvardx-ph525-7x#!\n [46]: https://www.biostars.org/u/19143/\n [47]: http://ocw.mit.edu/courses/biology/7-91j-foundations-of-computational-and-systems-biology-spring-2014/index.htm\n [48]: https://www.coursera.org/specializations/genomic-data-science#\n [49]: http://www.arraygen.com/RNA_Seq.php\n [50]: https://www.biostars.org/u/23428/\n [51]: http://gkno2.tumblr.com/post/24629975632/thinking-about-rna-seq-experimental-design-for\n [52]: https://www.ncbi.nlm.nih.gov/pubmed/27899618\n [53]: http://online.liebertpub.com/doi/abs/10.1089/cmb.2012.0283\n [54]: http://bmcbioinformatics.biomedcentral.com/articles/10.1186/1471-2105-14-357\n [55]: http://www.ncbi.nlm.nih.gov/pmc/articles/PMC4937821/\n [56]: http://journals.plos.org/ploscompbiol/article?id=10.1371/journal.pcbi.1000424\n [57]: http://journals.plos.org/ploscompbiol/article?id=10.1371/journal.pcbi.1002632\n [58]: http://journals.plos.org/ploscompbiol/article?id=10.1371/journal.pcbi.1004668\n [59]: http://Differential%20analysis%20of%20RNA-seq%20incorporating%20quantification%20uncertainty\n [60]: https://www.ncbi.nlm.nih.gov/pmc/articles/PMC4766705/\n [61]: http://bmcbioinformatics.biomedcentral.com/articles/10.1186/1471-2105-14-91\n [62]: http://www.ncbi.nlm.nih.gov/pubmed/?term=22872506\n [63]: http://www.ncbi.nlm.nih.gov/pubmed/?term=20167110\n [64]: http://www.ncbi.nlm.nih.gov/pubmed/?term=22998089\n [65]: http://www.ncbi.nlm.nih.gov/pubmed/20439781\n [66]: http://www.ncbi.nlm.nih.gov/pubmed/?term=22965124\n [67]: http://www.gqinnovationcenter.com/documents/bioinformatics/RNAseq_Cuba_OMICS_2013.pdf\n [68]: https://www.biostars.org/u/13085/\n [69]: http://www.genomebiology.com/2016/17/1/13\n [70]: https://www.biostars.org/u/2193/\n [71]: https://www.biostars.org/p/52152/\n [72]: http://bib.oxfordjournals.org/content/14/6/671.short\n [73]: http://arxiv.org/abs/1505.02710\n [74]: http://f1000research.com/articles/4-1521/v1\n [75]: http://journals.plos.org/plosone/article?id=10.1371/journal.pone.0157022\n [76]: https://genomebiology.biomedcentral.com/articles/10.1186/gb-2013-14-4-r36\n [77]: http://bioinformatics.oxfordjournals.org/content/25/9/1105.abstract\n [78]: http://biorxiv.org/content/early/2015/10/03/021592\n [79]: https://www.biostars.org/u/1149/\n [80]: http://biorxiv.org/content/early/2016/01/16/029652",
    "creation_date": "2016-01-27T18:50:00.298376+00:00",
    "has_accepted": false,
    "id": 166963,
    "lastedit_date": "2022-07-28T18:10:07.414143+00:00",
    "lastedit_user_uid": "8494",
    "parent_id": 166963,
    "rank": 1633368353.102374,
    "reply_count": 27,
    "root_id": 166963,
    "status": "Open",
    "status_id": 1,
    "subs_count": 33,
    "tag_val": "RNA-Seq,sequencing,papers",
    "thread_score": 303,
    "title": "Up-to-date RNA-Seq Analysis Training/Courses/Papers (Dec 2017)",
    "type": "Forum",
    "type_id": 3,
    "uid": "174376",
    "url": "https://www.biostars.org/p/174376/",
    "view_count": 46479,
    "vote_count": 221,
    "xhtml": "<p>Hi all,</p>\n<p>I am a PhD student with biology background. I recently inherit a RNA Sequencing project from another PhD student in my lab. We already have paired-ended RNA-Seq data generated from Illumina HiSeq but haven't started analysis yet. I have basic Linux command line training but have no idea about how to analyze RNA-Seq data. I did a little bit of research and started to take free online courses and read papers.</p>\n<p>Could anybody recommend me more up-to-date online trainings or courses?</p>\n<p>===========================</p>\n<p>Here are the resources that I found so far:</p>\n<p><strong>[On-site Course]</strong></p>\n<p><a href=\"http://www.medicine.uiowa.edu/humangenetics/bioinformatics/education/\" rel=\"nofollow\">On-site and online courses provided by Iowa Institute of Human Genetics</a> (updated on April 27, 2016)</p>\n<p><a href=\"http://www.ecseq.com/workshops/workshop_2016-05-small-RNA-Seq-microRNA-analysis-using-next-generation-sequencing\" rel=\"nofollow\">microRNA Analysis Using Next-Generation Sequencing</a> (Deadline: 9/1/2016)</p>\n<p>MSU: <a href=\"http://bioinformatics.msu.edu/ngs-summer-course-2016\" rel=\"nofollow\">NGS Summer 2016 - Analyzing Next-Generation Sequencing Data</a> (Deadline: 3/1/2016)</p>\n<p><strong>[Youtube videos]</strong></p>\n<p><a href=\"https://www.youtube.com/watch?v=xh_wpWj0AzM&amp;feature=youtu.be\" rel=\"nofollow\">How to analyze RNA-Seq data? Find differentially expressed genes in your research</a> (updated on Oct 6, 2016)</p>\n<p>*And the resulted publication: <a href=\"https://www.nature.com/articles/s41598-017-16603-y\" rel=\"nofollow\">RNA-seq of serial kidney biopsies obtained during progression of chronic kidney disease from dogs with X-linked hereditary nephropathy</a> (updated on Dec 7, 2016)</p>\n<p><a href=\"https://www.youtube.com/playlist?list=PL3izGL6oi0S849u7OZbX85WTyBxVdcpqx\" rel=\"nofollow\">Informatics for RNA-Seq Analysis 2016 by Bioinformatics.ca</a> (updated on Oct 4, 2016)</p>\n<p><a href=\"https://www.youtube.com/watch?v=Ji9nFCYl7Bk\" rel=\"nofollow\">Introduction to RNA Sequencing</a> (updated on Sep 20, 2016)</p>\n<p><a href=\"https://www.youtube.com/watch?v=HMyCqWhwB8E&amp;index=1&amp;list=PLZO9FKRKCGgyGaAFn8l6xyAWh00LQcxcW\" rel=\"nofollow\">Intro to Illumina Sequencing</a> (updated on July 25, 2016)</p>\n<p><a href=\"https://www.youtube.com/watch?v=fsbh6lCAkm4\" rel=\"nofollow\">Illumina TruSeq RNA libraries: Part I</a> (updated on July 25, 2016)</p>\n<p><a href=\"https://www.youtube.com/watch?v=LRf9ubRennk\" rel=\"nofollow\">Illumina TruSeq RNA libraries: Part II</a> (updated on July 25, 2016)</p>\n<p><a href=\"https://www.youtube.com/watch?v=n77EAk8C1es&amp;index=3&amp;list=PLZO9FKRKCGgyGaAFn8l6xyAWh00LQcxcW\" rel=\"nofollow\">RNA-SEQ: Mapping to a Reference Genome</a> (updated on July 25, 2016)</p>\n<p><a href=\"https://www.youtube.com/watch?v=TTUrtCY2k-w\" rel=\"nofollow\">RPKM, FPKM and TPM</a>(updated on July 25, 2016)</p>\n<p><a href=\"https://www.youtube.com/watch?v=_UVHneBUBW0\" rel=\"nofollow\">Principle Component Analysis (PCA) clearly explained</a> (updated on July 25, 2016)</p>\n<p><a href=\"https://www.youtube.com/playlist?list=LLjjscWTsiio4aZUlG8F2JEQ\" rel=\"nofollow\">Heatmaps - considerations for drawing and interpreting them</a> (updated on July 25, 2016)</p>\n<p><strong>[GitHub tutorial / webpage]</strong></p>\n<p><a href=\"https://github.com/CandiceChuDVM/RNA-Seq/wiki/RNA-Seq-analysis-tutorial\" rel=\"nofollow\">RNA-Seq Analysis Tutorial</a> (my personal wiki page. updated July 25, 2016)</p>\n<p><a href=\"http://rnaseq.uoregon.edu/\" rel=\"nofollow\">RNA-seqlopedia</a> suggested by <a href=\"https://www.biostars.org/u/21896/\" rel=\"nofollow\">aleimba</a> (updated on Feb 3, 2016)</p>\n<p><a href=\"https://github.com/griffithlab/rnaseq_tutorial/wiki\" rel=\"nofollow\">RNA-seq Tutorial</a> suggested by <a href=\"https://www.biostars.org/u/117/\" rel=\"nofollow\">Chris Miller</a></p>\n<p><a href=\"https://github.com/trinityrnaseq/trinityrnaseq/wiki\" rel=\"nofollow\">RNA-Seq De novo Assembly Using Trinity</a> suggested by <a href=\"https://www.biostars.org/u/23032/\" rel=\"nofollow\">Dave Carlson</a></p>\n<p><strong>[Online Course]</strong> (I recommend to study by order)</p>\n<p>(1) Basic/essential biology knowledge:</p>\n<p><a href=\"https://www.coursera.org/learn/introduction-genomics/home/welcome\" rel=\"nofollow\">Introduction to Genomic Technologies</a> (updated on March 14, 2016)</p>\n<p>(2) RNA-seq intro:</p>\n<p><a href=\"https://www.coursera.org/learn/introduction-genomics/lecture/61rlC/next-generation-sequencing\" rel=\"nofollow\">Introduction to Genomic Technologies-Next Generation Sequencing</a> (updated on March 20, 2016)</p>\n<p><a href=\"https://www.coursera.org/learn/bioinformatics-methods-1/home/week/7\" rel=\"nofollow\">Bioinformatic Methods I: Next Gen Sequence Analysis (RNA-Seq) / Metagenomics</a> (updated on March 20, 2016)</p>\n<p><a href=\"https://www.coursera.org/learn/bioinformatics-methods-2/home/week/5\" rel=\"nofollow\">Bioinformatic Methods II: Gene Expression Analysis I&amp;II</a> (updated on March 21, 2016)</p>\n<p><a href=\"https://www.coursera.org/learn/experimental-methods/home/week/2\" rel=\"nofollow\">Experimental Methods in Systems Biology: Deep mRNA Sequencing</a> (updated on March 20, 2016)</p>\n<p>(3) Tuxedo suite tools / Command line:</p>\n<p><a href=\"https://www.coursera.org/learn/genomic-tools/home/welcome\" rel=\"nofollow\">Command Line Tools for Genomic Data Science</a> (<strong>Learn from basic Linux commands to Cuffdiff! Highly recommended!</strong> updated on March 14, 2016)</p>\n<p><a href=\"https://www.edx.org/course/introduction-linux-linuxfoundationx-lfs101x-0?utm_medium=affiliate_partner&amp;utm_source=marketing_site_worker&amp;source=aw&amp;awc=6798_1475851197_cb746c2bc1658d1e5060003b4ce1f1ef\" rel=\"nofollow\">Introduction to Linux</a> (updated on October 7, 2016)</p>\n<p><a href=\"https://www.coursera.org/learn/network-biology/home/week/6\" rel=\"nofollow\">Network Analysis in Systems Biology-Deep Sequencing Data Processing and Analysis</a> (updated on April 27, 2016)</p>\n<p>(4) Kallisto and Sleuth:</p>\n<p><a href=\"https://www.youtube.com/watch?v=94wphB3GKBM\" rel=\"nofollow\">Intro to Kallisto for RNA-Seq</a> (updated on April 27, 2016)</p>\n<p><a href=\"https://www.youtube.com/watch?v=KEn0CMYk6Wo\" rel=\"nofollow\">Intro to Sleuth for RNA-Seq</a> (updated on April 27, 2016)</p>\n<p>(5) R/Bioconductor:</p>\n<p><a href=\"http://bitesizebio.com/webinar/20600/beginners-introduction-to-r-statistical-software/\" rel=\"nofollow\">Beginners Introduction to R Statistical Software</a> (updated on April 27, 2016)</p>\n<p><a href=\"http://tryr.codeschool.com/\" rel=\"nofollow\">Try R</a> (updated on April 27, 2016)</p>\n<p><a href=\"https://www.datacamp.com/courses/free-introduction-to-r\" rel=\"nofollow\">Introduction to R</a> (updated on April 27, 2016)</p>\n<p><a href=\"https://www.coursera.org/learn/bioconductor/home/welcome\" rel=\"nofollow\">Bioconductor for Genomic Data Science</a> (updated on April 27, 2016)</p>\n<p><a href=\"https://www.coursera.org/learn/r-programming\" rel=\"nofollow\">R Programming</a> (updated on March 20, 2016)</p>\n<p><a href=\"https://courses.edx.org/courses/course-v1:HarvardX+PH525.1x+3T-2015/info\" rel=\"nofollow\">Data Analysis for Life Sciences 1: Statistics and R</a> (updated on April 3, 2016)</p>\n<p><a href=\"https://courses.edx.org/courses/course-v1:HarvardX+PH525.5x+3T2015/info\" rel=\"nofollow\">Data Analysis for Life Sciences 5: Introduction to Bioconductor: Annotation and Analysis of Genomes and Genomic Assays</a> (Optional, updated on March 20, 2016)</p>\n<p>(6) Python:</p>\n<p><a href=\"http://campus.codeschool.com/courses/try-python/contents\" rel=\"nofollow\">Try Python</a> (updated on April 27, 2016)</p>\n<p><a href=\"https://campus.datacamp.com/courses/intro-to-python-for-data-science/chapter-1-python-basics?ex=1&amp;open_outline=true#_=_\" rel=\"nofollow\">Intro to Python for Data Science</a> (updated on April 27, 2016)</p>\n<p><a href=\"https://www.coursera.org/learn/python-genomics/home/welcome\" rel=\"nofollow\">Python for Genomic Data Science</a> (updated on April 27, 2016)</p>\n<p><a href=\"https://www.codecademy.com/learn/python\" rel=\"nofollow\">CodeAcademy-Python</a>  (updated on April 28, 2016)</p>\n<p>(7) Advanced courses:</p>\n<p><a href=\"https://www.coursera.org/learn/network-biology/\" rel=\"nofollow\">Network Analysis in Systems Biology: Deep Sequencing Data Processing and Analysis</a> (updated on March 20, 2016)</p>\n<p><a href=\"https://www.coursera.org/learn/bioinformatics-pku/home/welcome\" rel=\"nofollow\">Bioinformatics: Introduction and Methods</a> (updated on March 14, 2016)</p>\n<p><a href=\"https://www.edx.org/course/data-analysis-life-sciences-7-case-harvardx-ph525-7x#!\" rel=\"nofollow\">Data Analysis for Life Sciences 7: Case Studies in Functional Genomics</a> suggested by <a href=\"https://www.biostars.org/u/19143/\" rel=\"nofollow\">Radek</a></p>\n<p><a href=\"http://ocw.mit.edu/courses/biology/7-91j-foundations-of-computational-and-systems-biology-spring-2014/index.htm\" rel=\"nofollow\">Foundations of Computational and Systems Biology</a> (updated on March 20, 2016)</p>\n<p>(8) Certification programs:</p>\n<p><a href=\"https://www.coursera.org/specializations/genomic-data-science#\" rel=\"nofollow\">Become a next generation sequencing data scientist</a> $392</p>\n<p><a href=\"http://www.arraygen.com/RNA_Seq.php\" rel=\"nofollow\">RNA-Seq Short Term Bioinformatics - Certification Program</a> $? suggested by <a href=\"https://www.biostars.org/u/23428/\" rel=\"nofollow\">info</a> (updated on Feb 5, 2016)</p>\n<p><strong>[Articles]</strong></p>\n<p><a href=\"http://gkno2.tumblr.com/post/24629975632/thinking-about-rna-seq-experimental-design-for\" rel=\"nofollow\">Thinking About RNA Seq Experimental Design for Measuring Differential Gene Expression: The Basics</a> (updated on April 3, 2016)</p>\n<p><strong>[Experimental design]</strong></p>\n<p><a href=\"https://www.ncbi.nlm.nih.gov/pubmed/27899618\" rel=\"nofollow\">RNA-seq mixology: designing realistic control experiments to compare protocols and analysis methods</a> (updated on Dec 7, 2017)</p>\n<p><a href=\"http://online.liebertpub.com/doi/abs/10.1089/cmb.2012.0283\" rel=\"nofollow\">Calculating Sample Size Estimates for RNA Sequencing Data</a> (updated on July 26, 2016)</p>\n<p><a href=\"http://bmcbioinformatics.biomedcentral.com/articles/10.1186/1471-2105-14-357\" rel=\"nofollow\">Sample size calculation based on exact test for assessing differential expression analysis in RNA-seq data</a> (updated on July 26, 2016)</p>\n<p><strong>[Papers-work flow]</strong></p>\n<p><a href=\"http://www.ncbi.nlm.nih.gov/pmc/articles/PMC4937821/\" rel=\"nofollow\">RNA-seq analysis is easy as 1-2-3 with limma, Glimma and edgeR</a> (updated on July 26, 2016)</p>\n<p><a href=\"http://journals.plos.org/ploscompbiol/article?id=10.1371/journal.pcbi.1000424\" rel=\"nofollow\">A Quick Guide to Organizing Computational Biology Projects</a> (updated on Feb 9)</p>\n<p><a href=\"http://journals.plos.org/ploscompbiol/article?id=10.1371/journal.pcbi.1002632\" rel=\"nofollow\">An Online Bioinformatics Curriculum</a></p>\n<p><a href=\"http://journals.plos.org/ploscompbiol/article?id=10.1371/journal.pcbi.1004668\" rel=\"nofollow\">A Quick Introduction to Version Control with Git and GitHub</a></p>\n<p><strong>[Papers-concepts]</strong></p>\n<p><a href=\"http://Differential%20analysis%20of%20RNA-seq%20incorporating%20quantification%20uncertainty\" rel=\"nofollow\">Differential analysis of RNA-seq incorporating quantification uncertainty</a> (updated on Dec 7, 2017)</p>\n<p><a href=\"https://www.ncbi.nlm.nih.gov/pmc/articles/PMC4766705/\" rel=\"nofollow\">Trimming of sequence reads alters RNA-Seq gene expression estimates</a> (updated on Dec 7, 2017)</p>\n<p><a href=\"http://bmcbioinformatics.biomedcentral.com/articles/10.1186/1471-2105-14-91\" rel=\"nofollow\">A comparison of methods for differential expression analysis of RNA-seq data</a> (updated on Feb 9)</p>\n<p><a href=\"http://www.ncbi.nlm.nih.gov/pubmed/?term=22872506\" rel=\"nofollow\">Measurement of mRNA abundance using RNA-seq data: RPKM measure is inconsistent among samples</a> (updated on Feb 9)</p>\n<p><a href=\"http://www.ncbi.nlm.nih.gov/pubmed/?term=20167110\" rel=\"nofollow\">Evaluation of statistical methods for normalization and differential expression in mRNA-Seq experiments</a> (updated on Feb 9)</p>\n<p><a href=\"http://www.ncbi.nlm.nih.gov/pubmed/?term=22998089\" rel=\"nofollow\">Challenges and strategies in transcriptome assembly and differential gene expression quantification. A comprehensive in silico assessment of RNA-seq experiments</a> (updated on Feb 9)</p>\n<p><a href=\"http://www.ncbi.nlm.nih.gov/pubmed/20439781\" rel=\"nofollow\">Statistical design and analysis of RNA sequencing data</a> (updated on Feb 9)</p>\n<p><a href=\"http://www.ncbi.nlm.nih.gov/pubmed/?term=22965124\" rel=\"nofollow\">A comprehensive comparison of RNA-Seq-based transcriptome analysis from reads to differential gene expression and cross-comparison with microarrays: a case study in Saccharomyces cerevisiae</a> (updated on Feb 9)</p>\n<p><a href=\"http://www.gqinnovationcenter.com/documents/bioinformatics/RNAseq_Cuba_OMICS_2013.pdf\" rel=\"nofollow\">Quick RNA-seq Data Analysis Tutorial</a> suggested by <a href=\"https://www.biostars.org/u/13085/\" rel=\"nofollow\">BioRyder</a></p>\n<p><a href=\"http://www.genomebiology.com/2016/17/1/13\" rel=\"nofollow\">A survey of best practices for RNA-seq data analysis</a> suggested by <a href=\"https://www.biostars.org/u/2193/\" rel=\"nofollow\">Dan Gaston</a></p>\n<p>An useful post: <a href=\"https://www.biostars.org/p/52152/\" rel=\"nofollow\">Review papers on the topic of RNA-seq</a></p>\n<p><a href=\"http://bib.oxfordjournals.org/content/14/6/671.short\" rel=\"nofollow\">A comprehensive evaluation of normalization methods for Illumina high-throughput RNA sequencing data analysis</a></p>\n<p><a href=\"http://arxiv.org/abs/1505.02710\" rel=\"nofollow\">Near-optimal RNA-Seq quantification</a></p>\n<p><a href=\"http://f1000research.com/articles/4-1521/v1\" rel=\"nofollow\">Differential analyses for RNA-seq- transcript-level estimates improve gene-level inferences</a></p>\n<p><strong>[Papers-specific tools]</strong></p>\n<p><a href=\"http://journals.plos.org/plosone/article?id=10.1371/journal.pone.0157022\" rel=\"nofollow\">SARTools: A DESeq2- and EdgeR-Based R Pipeline for Comprehensive Differential Analysis of RNA-Seq Data</a> (updated one December 7, 2017)</p>\n<p><a href=\"https://genomebiology.biomedcentral.com/articles/10.1186/gb-2013-14-4-r36\" rel=\"nofollow\">TopHat2: accurate alignment of transcriptomes in the presence of insertions, deletions and gene fusions</a> (updated one March 14, 2016)</p>\n<p><a href=\"http://bioinformatics.oxfordjournals.org/content/25/9/1105.abstract\" rel=\"nofollow\">TopHat: discovering splice junctions with RNA-Seq</a> (updated one March 14, 2016)</p>\n<p><a href=\"http://biorxiv.org/content/early/2015/10/03/021592\" rel=\"nofollow\">Accurate, fast, and model-aware transcript expression quantification with Salmon</a> suggested by <a href=\"https://www.biostars.org/u/1149/\" rel=\"nofollow\">Rob</a> (updated on Feb 5, 2016)</p>\n<p><a href=\"http://biorxiv.org/content/early/2016/01/16/029652\" rel=\"nofollow\">RapMap: A Rapid, Sensitive and Accurate Tool for Mapping RNA-seq Reads to Transcriptomes</a> suggested by <a href=\"https://www.biostars.org/u/1149/\" rel=\"nofollow\">Rob</a> (updated on Feb 5, 2016)</p>\n<p>===========================</p>\n<p>I hope that can help other new faces in this forum just like me :)</p>\n<p>Thanks!</p>\n"
}