{
    "answer_count": 7,
    "author": "Manuel Sokolov Ravasqueira",
    "author_uid": "134405",
    "book_count": 0,
    "comment_count": 7,
    "content": "Hi, \n\nI am following the GATK best practices pipeline for variant calling starting from targeted sequencing bam and bai files using the hg19 reference. When applying GATK Mutect2 got the following error \n\n```\n A USER ERROR has occurred: Input files reference and features have incompatible contigs: No \n  overlapping contigs found.\n  reference contigs = [chr1, chr2, chr3, chr4, chr5, chr6, chr7, chrX, chr8, chr9, chr10, chr11, chr12, chr13, \n  chr14, chr15, chr16, chr17, chr18, chr20, chrY, chr19, chr22, chr21, chr6_ssto_hap7, chr6_mcf_hap5, \n  chr6_cox_hap2, chr6_mann_hap4, chr6_apd_hap1, chr6_qbl_hap6, chr6_dbb_hap3, chr17_ctg5_hap1, \n  chr4_ctg9_hap1, chr1_gl000192_random, chrUn_gl000225, chr4_gl000194_random, \n  chr4_gl000193_random, chr9_gl000200_random, chrUn_gl000222, chrUn_gl000212, \n  chr7_gl000195_random, chrUn_gl000223, chrUn_gl000224, chrUn_gl000219, chr17_gl000205_random, \n  chrUn_gl000215, chrUn_gl000216, chrUn_gl000217, chr9_gl000199_random, chrUn_gl000211, \n  chrUn_gl000213, chrUn_gl000220, chrUn_gl000218, chr19_gl000209_random, chrUn_gl000221, \n  chrUn_gl000214, chrUn_gl000228, chrUn_gl000227, chr1_gl000191_random, chr19_gl000208_random, \n  chr9_gl000198_random, chr17_gl000204_random, chrUn_gl000233, chrUn_gl000237, chrUn_gl000230, \n  chrUn_gl000242, chrUn_gl000243, chrUn_gl000241, chrUn_gl000236, chrUn_gl000240, \n  chr17_gl000206_random, chrUn_gl000232, chrUn_gl000234, chr11_gl000202_random, chrUn_gl000238, \n chrUn_gl000244, chrUn_gl000248, chr8_gl000196_random, chrUn_gl000249, chrUn_gl000246, \n  chr17_gl000203_random, chr8_gl000197_random, chrUn_gl000245, chrUn_gl000247, \n   chr9_gl000201_random, chrUn_gl000235, chrUn_gl000239, chr21_gl000210_random, chrUn_gl000231, \n  chrUn_gl000229, chrM, chrUn_gl000226, chr18_gl000207_random]\n  features contigs = [1, 2, 3, 4, 5, 6, 7, 8, 9, 10, 11, 12, 13, 14, 15, 16, 17, 18, 19, 20, 21, 22, X, Y, MT, \n  GL000207.1, GL000226.1, GL000229.1, GL000231.1, GL000210.1, GL000239.1, GL000235.1, \n  GL000201.1, GL000247.1, GL000245.1, GL000197.1, GL000203.1, GL000246.1, GL000249.1, \n  GL000196.1, GL000248.1, GL000244.1, GL000238.1, GL000202.1, GL000234.1, GL000232.1,  \n  GL000206.1, GL000240.1, GL000236.1, GL000241.1, GL000243.1, GL000242.1, GL000230.1, \n  GL000237.1, GL000233.1, GL000204.1, GL000198.1, GL000208.1, GL000191.1, GL000227.1, \n  GL000228.1, GL000214.1, GL000221.1, GL000209.1, GL000218.1, GL000220.1, GL000213.1, \n   GL000211.1, GL000199.1, GL000217.1, GL000216.1, GL000215.1, GL000205.1, GL000219.1, \n   GL000224.1, GL000223.1, GL000195.1, GL000212.1, GL000222.1, GL000200.1, GL000193.1, \n    GL000194.1, GL000225.1, GL000192.1, NC_007605]\n```\n\nAnd this is the code I have:\n\n```\nexport GENOME=\"/PATH/Manuel/FILES/HUMAN_REFERENCES/hg19.fa\"\nexport GERM=\"/PATH/Manuel/FILES/HUMAN_REFERENCES/af-only-gnomad.raw.sites.vcf\"\nexport PON=\"/PATH/Manuel/FILES/HUMAN_REFERENCES/Mutect2-WGS-panel-b37.vcf\"\nexport VCF=\"${RECALIBRATED%.bam}.vcf\"\nsrun /mnt/beegfs/apptainer/images/gatk4.sif gatk Mutect2 \\\n  -R $GENOME \\\n  -I $RECALIBRATED \\\n  --germline-resource $GERM \\\n  --panel-of-normals $PON \\\n  -O $VCF\n```\n\nIs there any better `PON` or `GERM` that I can use? And if I have to make the names the same from reference contigs and feature contigs how can I do that?\n\nBest Regards,  \nManuel ",
    "creation_date": "2023-07-24T17:54:14.139123+00:00",
    "has_accepted": false,
    "id": 570338,
    "lastedit_date": "2024-03-26T12:31:25.092902+00:00",
    "lastedit_user_uid": "8494",
    "parent_id": 570338,
    "rank": 1690221254.139137,
    "reply_count": 7,
    "root_id": 570338,
    "status": "Open",
    "status_id": 1,
    "subs_count": 3,
    "tag_val": "hg19,Mutect2,GATK,Variant-Calling",
    "thread_score": 1,
    "title": "GATK Mutect2 Input files reference and features have incompatible contigs: No overlapping contigs found.",
    "type": "Question",
    "type_id": 0,
    "uid": "9570338",
    "url": "https://www.biostars.org/p/9570338/",
    "view_count": 1140,
    "vote_count": 1,
    "xhtml": "<p>Hi,</p>\n<p>I am following the GATK best practices pipeline for variant calling starting from targeted sequencing bam and bai files using the hg19 reference. When applying GATK Mutect2 got the following error</p>\n<pre><code> A USER ERROR has occurred: Input files reference and features have incompatible contigs: No \n  overlapping contigs found.\n  reference contigs = [chr1, chr2, chr3, chr4, chr5, chr6, chr7, chrX, chr8, chr9, chr10, chr11, chr12, chr13, \n  chr14, chr15, chr16, chr17, chr18, chr20, chrY, chr19, chr22, chr21, chr6_ssto_hap7, chr6_mcf_hap5, \n  chr6_cox_hap2, chr6_mann_hap4, chr6_apd_hap1, chr6_qbl_hap6, chr6_dbb_hap3, chr17_ctg5_hap1, \n  chr4_ctg9_hap1, chr1_gl000192_random, chrUn_gl000225, chr4_gl000194_random, \n  chr4_gl000193_random, chr9_gl000200_random, chrUn_gl000222, chrUn_gl000212, \n  chr7_gl000195_random, chrUn_gl000223, chrUn_gl000224, chrUn_gl000219, chr17_gl000205_random, \n  chrUn_gl000215, chrUn_gl000216, chrUn_gl000217, chr9_gl000199_random, chrUn_gl000211, \n  chrUn_gl000213, chrUn_gl000220, chrUn_gl000218, chr19_gl000209_random, chrUn_gl000221, \n  chrUn_gl000214, chrUn_gl000228, chrUn_gl000227, chr1_gl000191_random, chr19_gl000208_random, \n  chr9_gl000198_random, chr17_gl000204_random, chrUn_gl000233, chrUn_gl000237, chrUn_gl000230, \n  chrUn_gl000242, chrUn_gl000243, chrUn_gl000241, chrUn_gl000236, chrUn_gl000240, \n  chr17_gl000206_random, chrUn_gl000232, chrUn_gl000234, chr11_gl000202_random, chrUn_gl000238, \n chrUn_gl000244, chrUn_gl000248, chr8_gl000196_random, chrUn_gl000249, chrUn_gl000246, \n  chr17_gl000203_random, chr8_gl000197_random, chrUn_gl000245, chrUn_gl000247, \n   chr9_gl000201_random, chrUn_gl000235, chrUn_gl000239, chr21_gl000210_random, chrUn_gl000231, \n  chrUn_gl000229, chrM, chrUn_gl000226, chr18_gl000207_random]\n  features contigs = [1, 2, 3, 4, 5, 6, 7, 8, 9, 10, 11, 12, 13, 14, 15, 16, 17, 18, 19, 20, 21, 22, X, Y, MT, \n  GL000207.1, GL000226.1, GL000229.1, GL000231.1, GL000210.1, GL000239.1, GL000235.1, \n  GL000201.1, GL000247.1, GL000245.1, GL000197.1, GL000203.1, GL000246.1, GL000249.1, \n  GL000196.1, GL000248.1, GL000244.1, GL000238.1, GL000202.1, GL000234.1, GL000232.1,  \n  GL000206.1, GL000240.1, GL000236.1, GL000241.1, GL000243.1, GL000242.1, GL000230.1, \n  GL000237.1, GL000233.1, GL000204.1, GL000198.1, GL000208.1, GL000191.1, GL000227.1, \n  GL000228.1, GL000214.1, GL000221.1, GL000209.1, GL000218.1, GL000220.1, GL000213.1, \n   GL000211.1, GL000199.1, GL000217.1, GL000216.1, GL000215.1, GL000205.1, GL000219.1, \n   GL000224.1, GL000223.1, GL000195.1, GL000212.1, GL000222.1, GL000200.1, GL000193.1, \n    GL000194.1, GL000225.1, GL000192.1, NC_007605]\n</code></pre>\n<p>And this is the code I have:</p>\n<pre><code>export GENOME=\"/PATH/Manuel/FILES/HUMAN_REFERENCES/hg19.fa\"\nexport GERM=\"/PATH/Manuel/FILES/HUMAN_REFERENCES/af-only-gnomad.raw.sites.vcf\"\nexport PON=\"/PATH/Manuel/FILES/HUMAN_REFERENCES/Mutect2-WGS-panel-b37.vcf\"\nexport VCF=\"${RECALIBRATED%.bam}.vcf\"\nsrun /mnt/beegfs/apptainer/images/gatk4.sif gatk Mutect2 \\\n  -R $GENOME \\\n  -I $RECALIBRATED \\\n  --germline-resource $GERM \\\n  --panel-of-normals $PON \\\n  -O $VCF\n</code></pre>\n<p>Is there any better <code>PON</code> or <code>GERM</code> that I can use? And if I have to make the names the same from reference contigs and feature contigs how can I do that?</p>\n<p>Best Regards,<br>\nManuel</p>\n"
}