{
    "answer_count": 4,
    "author": "win",
    "author_uid": "5381",
    "book_count": 0,
    "comment_count": 3,
    "content": "<p>Hi all.\nI am trying to validate a exome analysis pipeline and wanted to validate that. I wanted to know if someone know where I could find Exome Sequencing Data for which at at least a few mutations are published or at least validated by a few groups / people.</p>\n\n<p>Any help will be highly appreciated.</p>\n",
    "creation_date": "2013-07-31T23:08:14.574666+00:00",
    "has_accepted": false,
    "id": 73498,
    "lastedit_date": "2013-07-31T23:32:38.268613+00:00",
    "lastedit_user_uid": "2188",
    "parent_id": 73498,
    "rank": 1375313558.268613,
    "reply_count": 4,
    "root_id": 73498,
    "status": "Open",
    "status_id": 1,
    "subs_count": 2,
    "tag_val": "exome-sequencing,analysis",
    "thread_score": 0,
    "title": "Whole Exome Data Positive Controls",
    "type": "Question",
    "type_id": 0,
    "uid": "77883",
    "url": "https://www.biostars.org/p/77883/",
    "view_count": 1900,
    "vote_count": 0,
    "xhtml": "<p>Hi all.\nI am trying to validate a exome analysis pipeline and wanted to validate that. I wanted to know if someone know where I could find Exome Sequencing Data for which at at least a few mutations are published or at least validated by a few groups / people.</p>\n\n<p>Any help will be highly appreciated.</p>\n"
}