{
    "answer_count": 1,
    "author": "andrebolerbarros",
    "author_uid": "49872",
    "book_count": 0,
    "comment_count": 1,
    "content": "Hi everyone,\n\nSorry if this question is rather philosophical but, I find it important.\n\nAs one can read in the STAR aligner original paper (https://www.ncbi.nlm.nih.gov/pmc/articles/PMC3530905/):\n\n> Similarly to other RNA-seq aligners, STAR\u2019s default parameters are optimized for mammalian genomes. Other species may require significant modifications of some alignment parameters; in particular, the maximum and minimum intron sizes have to be reduced for organisms with smaller introns.\n\nI was dealing with a pipeline I got from a collaborator that established `--alignIntronMax 500000` (500k). Now, as I understand, this value should be defined according with the species we are working with (in this case *Homo sapiens*). Checking the paper https://pubmed.ncbi.nlm.nih.gov/26581719/ (table 2), the maximum intron length reported is 1160411; using my gff file, R and `GenomicFeatures` package (https://support.bioconductor.org/p/103386/), I go the value 1240120.\n\nTaking all of this into consideration, my main question is: **should we adapt this default parameters in STAR taking into consideration the most recent values (~1M), even though the default options were optimized for mammalian genomes?**\n\n(**Addition**: I made an histogram with intron length frequency using R.)\n\n![enter image description here][1]\n\nThanks in advance\n\n  [1]: /media/images/5142b4c4-8cd1-42c4-a908-1fcf5b88",
    "creation_date": "2024-01-27T18:25:21.217273+00:00",
    "has_accepted": false,
    "id": 586057,
    "lastedit_date": "2024-01-28T12:04:29.854454+00:00",
    "lastedit_user_uid": "25721",
    "parent_id": 586057,
    "rank": 1706379921.217281,
    "reply_count": 1,
    "root_id": 586057,
    "status": "Open",
    "status_id": 1,
    "subs_count": 2,
    "tag_val": "STAR,Transcriptomics,RNA-Seq",
    "thread_score": 1,
    "title": "Change default values for maximum amplicon size in STAR?",
    "type": "Question",
    "type_id": 0,
    "uid": "9586057",
    "url": "https://www.biostars.org/p/9586057/",
    "view_count": 360,
    "vote_count": 0,
    "xhtml": "<p>Hi everyone,</p>\n<p>Sorry if this question is rather philosophical but, I find it important.</p>\n<p>As one can read in the STAR aligner original paper (<a href=\"https://www.ncbi.nlm.nih.gov/pmc/articles/PMC3530905/\" rel=\"nofollow\">https://www.ncbi.nlm.nih.gov/pmc/articles/PMC3530905/</a>):</p>\n<blockquote><p>Similarly to other RNA-seq aligners, STAR\u2019s default parameters are optimized for mammalian genomes. Other species may require significant modifications of some alignment parameters; in particular, the maximum and minimum intron sizes have to be reduced for organisms with smaller introns.</p>\n</blockquote>\n<p>I was dealing with a pipeline I got from a collaborator that established <code>--alignIntronMax 500000</code> (500k). Now, as I understand, this value should be defined according with the species we are working with (in this case <em>Homo sapiens</em>). Checking the paper <a href=\"https://pubmed.ncbi.nlm.nih.gov/26581719/\" rel=\"nofollow\">https://pubmed.ncbi.nlm.nih.gov/26581719/</a> (table 2), the maximum intron length reported is 1160411; using my gff file, R and <code>GenomicFeatures</code> package (<a href=\"https://support.bioconductor.org/p/103386/\" rel=\"nofollow\">https://support.bioconductor.org/p/103386/</a>), I go the value 1240120.</p>\n<p>Taking all of this into consideration, my main question is: <strong>should we adapt this default parameters in STAR taking into consideration the most recent values (~1M), even though the default options were optimized for mammalian genomes?</strong></p>\n<p>(<strong>Addition</strong>: I made an histogram with intron length frequency using R.)</p>\n<p><img alt=\"enter image description here\" src=\"/media/images/5142b4c4-8cd1-42c4-a908-1fcf5b88\"></p>\n<p>Thanks in advance</p>\n"
}