{
    "answer_count": 1,
    "author": "d.s.account",
    "author_uid": "72793",
    "book_count": 0,
    "comment_count": 1,
    "content": "So the problem is **stated in the title**. The two genomes are from NCBI (SARS-CoV-2). **In addition, I want to obtain the variants.** I want to note that the sequences are highly similar, and I think the task should be facilitated by this similarity\r\n\r\nI almost finished my script using biopython but a run_out_of_Memory-error appeard after I switched from my 20 bp toy-sequence to the 30kb genome. I found then that biopython is more a tool to glue other programs together.\r\n\r\nI tried using mafft, and it runs, but I get a weird error. (ApplicationError: Non-zero return code 1 from 'mafft Ref_andOneMore.fasta', message 'nthread = 0' ) I'm further trying MAFFT, but I doubt that this is the right tool. **Can somebody tell me what pipeline is best suited for this task?**",
    "creation_date": "2021-05-19T03:05:15.548052+00:00",
    "has_accepted": false,
    "id": 470867,
    "lastedit_date": "2021-05-19T08:08:34.866247+00:00",
    "lastedit_user_uid": "24526",
    "parent_id": 470867,
    "rank": 1621393515.54807,
    "reply_count": 1,
    "root_id": 470867,
    "status": "Open",
    "status_id": 1,
    "subs_count": 1,
    "tag_val": "Alignment,reference-alignment,python",
    "thread_score": 0,
    "title": "How to use python to align 30 kb genome to another 30kb reference, repeat 10x times  ?",
    "type": "Question",
    "type_id": 0,
    "uid": "9470867",
    "url": "https://www.biostars.org/p/9470867/",
    "view_count": 799,
    "vote_count": 0,
    "xhtml": "<p>So the problem is <strong>stated in the title</strong>. The two genomes are from NCBI (SARS-CoV-2). <strong>In addition, I want to obtain the variants.</strong> I want to note that the sequences are highly similar, and I think the task should be facilitated by this similarity</p>\n<p>I almost finished my script using biopython but a run_out_of_Memory-error appeard after I switched from my 20 bp toy-sequence to the 30kb genome. I found then that biopython is more a tool to glue other programs together.</p>\n<p>I tried using mafft, and it runs, but I get a weird error. (ApplicationError: Non-zero return code 1 from 'mafft Ref_andOneMore.fasta', message 'nthread = 0' ) I'm further trying MAFFT, but I doubt that this is the right tool. <strong>Can somebody tell me what pipeline is best suited for this task?</strong></p>\n"
}