{
    "answer_count": 0,
    "author": "Alex_I",
    "author_uid": "67899",
    "book_count": 0,
    "comment_count": 0,
    "content": "I'd like to try to reconstruct a plausible structure for the C-terminal end of SARS-CoV-2 spike protein.  The existing structures in PDB (6VXX, 6VYB, 6VSB) only cover the N-terminal up to to residue 1147 or so; the C-terminal end is unknown, but presumably includes a \"stalk\" and membrane anchor plus a short inside-virion region.\r\n\r\nHere is the partial info that is known:\r\n\r\n[2FXP][1] is a structure for heptad repeat 2 (HR2) domain from CoV-1, it includes residues 1141-1193.  It is a symmetrical trimer helix bundle; the structure comes from solvent NMR\r\n\r\n[2RUN][2] is a structure for the near-membrane region also from CoV-1, it includes residues 1185-1202.  It is not a trimer; the structure comes from NMR in the presence of lipid micelles.  This overlaps the 2FXP structure but doesn't necessarily agree with it.\r\n\r\nThe transmembrane domain 1195-1219 in CoV-1 and 1213-1237 in CoV-2 is predicted to be just a simple helix by various peptide folding tools like ITASSER, QUARK, etc; it is probably a trimeric helix bundle inserted into the membrane, but it's unknown what the relative orientation of the helixes would be (or the tilt angle, etc).  Again this overlaps the 2RUN structure.\r\n\r\n**How does one assemble a protein structure from known fragments like this?**   \r\n\r\nWhat tools would be best?  What is the workflow/pipeline?  How to tell that the structure is good quality? \r\n\r\nThere are a few aspects of this problem which make it quite hard, and also not exactly easy to describe as any standard workflow like \"template based folding\" or \"ab initio folding\" or \"docking\":\r\n\r\n1. The partial structures overlap, but don't necessarily agree - and they may not even be correct, for example the near-membrane region may have a different fold in the context of a whole protein.  How do I build a structure from several partial structures?\r\n\r\n2. This has to reconstruct a trimer - it should dock well with itself!  Symmetric \"fold-and-dock\" in Rosetta would seem to be a good start, except I don't know how to tell it about the known (parts of) the structure.  \r\n\r\n3. The transmembrane region should be docked in a way that makes sense for the interior of the membrane  (of a known thickness / orientation).  I've tried docking just the transmembrane helixes in Rosetta but they often end up being much more tilted than is realistic, so they wouldn't span the full thickness of the membrane.\r\n\r\nIdeally I'd like to keep the HR2 structure fixed, initialize the near-membrane region from the known structure but leave it flexible, and dock the helixes using that pose as a starting point (with the constraint that they have to be helixes, and have to be a trimer, and should bind tightly to each other and also span the membrane).\r\n\r\nI know this is a tough problem, and I'm not yet at the level where I can handle it, but I'm learning quite a lot by trying to handle it - my Rosetta knowledge has gotten way better in just a couple of days.  I'm not sure if Rosetta is the right tool either - is there something better for this?\r\n\r\nP.S.  An example of what this is expected to look like is in [5V2S][3], a full structure of the transmembrane domain from HSV glycoprotein B which is also a trimer and has a similar function:\r\n\r\n![enter image description here][4]\r\n\r\n\r\nReferences:\r\n\r\nhttps://covid-19.uniprot.org/uniprotkb/P0DTC2 \r\n\r\nhttps://www.uniprot.org/uniprot/P59594 \r\n\r\nhttps://www.ncbi.nlm.nih.gov/pmc/articles/PMC5942590/\r\n\r\nhttps://www.ncbi.nlm.nih.gov/pmc/articles/PMC7094234/\r\n\r\n\r\n  [1]: http://www.rcsb.org/structure/2FXP\r\n  [2]: https://www.rcsb.org/structure/2RUN\r\n  [3]: https://www.rcsb.org/structure/5V2S\r\n  [4]: https://www.ncbi.nlm.nih.gov/pmc/articles/PMC5942590/bin/nihms955747f1.jpg",
    "creation_date": "2020-05-06T05:16:22.305184+00:00",
    "has_accepted": false,
    "id": 417042,
    "lastedit_date": "2020-05-06T05:16:22.305184+00:00",
    "lastedit_user_uid": "67899",
    "parent_id": 417042,
    "rank": 1588742182.305184,
    "reply_count": 0,
    "root_id": 417042,
    "status": "Open",
    "status_id": 1,
    "subs_count": 0,
    "tag_val": "protein folding,assembly,folding,docking,rosetta",
    "thread_score": 0,
    "title": "How to assemble protein structure from known partial structures?",
    "type": "Question",
    "type_id": 0,
    "uid": "436560",
    "url": "https://www.biostars.org/p/436560/",
    "view_count": 773,
    "vote_count": 0,
    "xhtml": "<p>I'd like to try to reconstruct a plausible structure for the C-terminal end of SARS-CoV-2 spike protein.  The existing structures in PDB (6VXX, 6VYB, 6VSB) only cover the N-terminal up to to residue 1147 or so; the C-terminal end is unknown, but presumably includes a \"stalk\" and membrane anchor plus a short inside-virion region.</p>\n\n<p>Here is the partial info that is known:</p>\n\n<p><a rel=\"nofollow\" href=\"http://www.rcsb.org/structure/2FXP\">2FXP</a> is a structure for heptad repeat 2 (HR2) domain from CoV-1, it includes residues 1141-1193.  It is a symmetrical trimer helix bundle; the structure comes from solvent NMR</p>\n\n<p><a rel=\"nofollow\" href=\"https://www.rcsb.org/structure/2RUN\">2RUN</a> is a structure for the near-membrane region also from CoV-1, it includes residues 1185-1202.  It is not a trimer; the structure comes from NMR in the presence of lipid micelles.  This overlaps the 2FXP structure but doesn't necessarily agree with it.</p>\n\n<p>The transmembrane domain 1195-1219 in CoV-1 and 1213-1237 in CoV-2 is predicted to be just a simple helix by various peptide folding tools like ITASSER, QUARK, etc; it is probably a trimeric helix bundle inserted into the membrane, but it's unknown what the relative orientation of the helixes would be (or the tilt angle, etc).  Again this overlaps the 2RUN structure.</p>\n\n<p><strong>How does one assemble a protein structure from known fragments like this?</strong>   </p>\n\n<p>What tools would be best?  What is the workflow/pipeline?  How to tell that the structure is good quality? </p>\n\n<p>There are a few aspects of this problem which make it quite hard, and also not exactly easy to describe as any standard workflow like \"template based folding\" or \"ab initio folding\" or \"docking\":</p>\n\n<ol>\n<li><p>The partial structures overlap, but don't necessarily agree - and they may not even be correct, for example the near-membrane region may have a different fold in the context of a whole protein.  How do I build a structure from several partial structures?</p></li>\n<li><p>This has to reconstruct a trimer - it should dock well with itself!  Symmetric \"fold-and-dock\" in Rosetta would seem to be a good start, except I don't know how to tell it about the known (parts of) the structure.  </p></li>\n<li><p>The transmembrane region should be docked in a way that makes sense for the interior of the membrane  (of a known thickness / orientation).  I've tried docking just the transmembrane helixes in Rosetta but they often end up being much more tilted than is realistic, so they wouldn't span the full thickness of the membrane.</p></li>\n</ol>\n\n<p>Ideally I'd like to keep the HR2 structure fixed, initialize the near-membrane region from the known structure but leave it flexible, and dock the helixes using that pose as a starting point (with the constraint that they have to be helixes, and have to be a trimer, and should bind tightly to each other and also span the membrane).</p>\n\n<p>I know this is a tough problem, and I'm not yet at the level where I can handle it, but I'm learning quite a lot by trying to handle it - my Rosetta knowledge has gotten way better in just a couple of days.  I'm not sure if Rosetta is the right tool either - is there something better for this?</p>\n\n<p>P.S.  An example of what this is expected to look like is in <a rel=\"nofollow\" href=\"https://www.rcsb.org/structure/5V2S\">5V2S</a>, a full structure of the transmembrane domain from HSV glycoprotein B which is also a trimer and has a similar function:</p>\n\n<p><img src=\"https://www.ncbi.nlm.nih.gov/pmc/articles/PMC5942590/bin/nihms955747f1.jpg\" alt=\"enter image description here\"></p>\n\n<p>References:</p>\n\n<p><a rel=\"nofollow\" href=\"https://covid-19.uniprot.org/uniprotkb/P0DTC2\">https://covid-19.uniprot.org/uniprotkb/P0DTC2</a> </p>\n\n<p><a rel=\"nofollow\" href=\"https://www.uniprot.org/uniprot/P59594\">https://www.uniprot.org/uniprot/P59594</a> </p>\n\n<p><a rel=\"nofollow\" href=\"https://www.ncbi.nlm.nih.gov/pmc/articles/PMC5942590/\">https://www.ncbi.nlm.nih.gov/pmc/articles/PMC5942590/</a></p>\n\n<p><a rel=\"nofollow\" href=\"https://www.ncbi.nlm.nih.gov/pmc/articles/PMC7094234/\">https://www.ncbi.nlm.nih.gov/pmc/articles/PMC7094234/</a></p>\n"
}