{
    "answer_count": 3,
    "author": "Miles",
    "author_uid": "136797",
    "book_count": 0,
    "comment_count": 3,
    "content": "I'm building a *de novo* transcriptome assembly pipeline. One of the features I'm trying to implement is targeted assembly, where a user can provide reference FASTAs, and the pipeline will iteratively extract reads that map to it for separate assembly. For example, if a user is assembling a plant transcriptome and they provide reference chloroplast and mitochondrion genomes, the pipeline will map the RNA short-reads to the chloroplast and separate reads that align to their own file, and then do the same with the mitochondrion.\r\n\r\nA problem I am having is that the mapper appears to not be specific enough. That is, after extracting reads which map to one organellar genome and then attempting to map the remaining reads to the other one, the mapper only returns a few (< 20) hits.\r\n\r\nIs this low specificity something I can fix by tuning alignment parameters? Obviously there's some genetic overlap between chloroplast and mitochondrial DNA, but surely they can't be as similar as would be indicated by the mapping results.\r\n\r\n**For reference**\r\n* I am using STAR to index, map reads. Mostly default configuration.\r\n* Reads are single or paired-end, and are thoroughly cleaned prior to mapping\r\n* After mapping, 'extraction' occurs by parsing the resulting SAM file for unique hits",
    "creation_date": "2023-09-11T16:00:45.868426+00:00",
    "has_accepted": false,
    "id": 574654,
    "lastedit_date": "2023-09-18T15:20:34.318468+00:00",
    "lastedit_user_uid": "111376",
    "parent_id": 574654,
    "rank": 1694448045.868434,
    "reply_count": 3,
    "root_id": 574654,
    "status": "Open",
    "status_id": 1,
    "subs_count": 2,
    "tag_val": "transcriptome,star,alignment,mapping",
    "thread_score": 0,
    "title": "Extracting/assembling organellar reads from RNAseq data",
    "type": "Question",
    "type_id": 0,
    "uid": "9574654",
    "url": "https://www.biostars.org/p/9574654/",
    "view_count": 731,
    "vote_count": 0,
    "xhtml": "<p>I'm building a <em>de novo</em> transcriptome assembly pipeline. One of the features I'm trying to implement is targeted assembly, where a user can provide reference FASTAs, and the pipeline will iteratively extract reads that map to it for separate assembly. For example, if a user is assembling a plant transcriptome and they provide reference chloroplast and mitochondrion genomes, the pipeline will map the RNA short-reads to the chloroplast and separate reads that align to their own file, and then do the same with the mitochondrion.</p>\n<p>A problem I am having is that the mapper appears to not be specific enough. That is, after extracting reads which map to one organellar genome and then attempting to map the remaining reads to the other one, the mapper only returns a few (&lt; 20) hits.</p>\n<p>Is this low specificity something I can fix by tuning alignment parameters? Obviously there's some genetic overlap between chloroplast and mitochondrial DNA, but surely they can't be as similar as would be indicated by the mapping results.</p>\n<p><strong>For reference</strong></p>\n<ul>\n<li>I am using STAR to index, map reads. Mostly default configuration.</li>\n<li>Reads are single or paired-end, and are thoroughly cleaned prior to mapping</li>\n<li>After mapping, 'extraction' occurs by parsing the resulting SAM file for unique hits</li>\n</ul>\n"
}