{
    "answer_count": 2,
    "author": "Ryan D",
    "author_uid": "754",
    "book_count": 0,
    "comment_count": 1,
    "content": "<p>We are currently carrying out imputation using the 1000 genomes data on samples genotyped by Affy and Illumina platforms. However, Daniel MacArhur's recent <a href='http://www.sciencemag.org/content/335/6070/823.long#xref-ref-7-1'>Science paper</a> points out that most LoF variants (about 59%) are going to be false calls. He illuminates a pipeline for filtering out false variants on page 37 of the <a href='http://www.sciencemag.org/content/suppl/2012/02/15/335.6070.823.DC1/MacArthur.SOM.pdf'>supplemental</a> . </p>\n\n<p>His paper used 185 genomes from the 1000 Genomes project. Now there are 1092 genomes available. So in theory imputation should be more accurate. My question is this: between the low coverage release they used (<a href='ftp://ftp.1000genomes.ebi.ac.uk/vol1/ftp/pilot_data/release/2010_07/'>2010_07</a>) and the newest data available (<a href='ftp://ftp.1000genomes.ebi.ac.uk/vol1/ftp/release/20110521/'>2011_05_21</a>) have any of the filters been implemented to remove SNVs that are likely artifacts? This would include (see the figure S1) mostly mapping/sequencing errors, functional annotation errors. In other words, have any of the artifactual variants been removed so that imputation quality will be improved or are the same problems present in the current release?</p>\n\n<p>Jorge answered a related question on this sometime back <a href='http://biostar.stackexchange.com/questions/3842/imputation-improvement-from-hapmap-to-1000-genomes'>here</a>.</p>\n",
    "creation_date": "2012-03-14T22:15:45.427000+00:00",
    "has_accepted": false,
    "id": 18240,
    "lastedit_date": "2013-09-19T05:40:41.393849+00:00",
    "lastedit_user_uid": "1",
    "parent_id": 18240,
    "rank": 1379569241.393849,
    "reply_count": 2,
    "root_id": 18240,
    "status": "Open",
    "status_id": 1,
    "subs_count": 1,
    "tag_val": "genome,imputation,snp,mutation,error",
    "thread_score": 10,
    "title": "Removing Low Quality Lof Variants From 1000 Genomes Imputation",
    "type": "Question",
    "type_id": 0,
    "uid": "18593",
    "url": "https://www.biostars.org/p/18593/",
    "view_count": 2970,
    "vote_count": 3,
    "xhtml": "<p>We are currently carrying out imputation using the 1000 genomes data on samples genotyped by Affy and Illumina platforms. However, Daniel MacArhur's recent <a rel=\"nofollow\" href=\"http://www.sciencemag.org/content/335/6070/823.long#xref-ref-7-1\">Science paper</a> points out that most LoF variants (about 59%) are going to be false calls. He illuminates a pipeline for filtering out false variants on page 37 of the <a rel=\"nofollow\" href=\"http://www.sciencemag.org/content/suppl/2012/02/15/335.6070.823.DC1/MacArthur.SOM.pdf\">supplemental</a> . </p>\n\n<p>His paper used 185 genomes from the 1000 Genomes project. Now there are 1092 genomes available. So in theory imputation should be more accurate. My question is this: between the low coverage release they used (<a rel=\"nofollow\" href=\"ftp://ftp.1000genomes.ebi.ac.uk/vol1/ftp/pilot_data/release/2010_07/\">2010_07</a>) and the newest data available (<a rel=\"nofollow\" href=\"ftp://ftp.1000genomes.ebi.ac.uk/vol1/ftp/release/20110521/\">2011_05_21</a>) have any of the filters been implemented to remove SNVs that are likely artifacts? This would include (see the figure S1) mostly mapping/sequencing errors, functional annotation errors. In other words, have any of the artifactual variants been removed so that imputation quality will be improved or are the same problems present in the current release?</p>\n\n<p>Jorge answered a related question on this sometime back <a rel=\"nofollow\" href=\"http://biostar.stackexchange.com/questions/3842/imputation-improvement-from-hapmap-to-1000-genomes\">here</a>.</p>\n"
}