{
    "answer_count": 0,
    "author": "scientificcomputingismms",
    "author_uid": "36490",
    "book_count": 0,
    "comment_count": 0,
    "content": "2018 Summer School for Computational Genomics\n\nSummer School for Computational Genomics, June 18 - 29, 2018 at the Icahn School of Medicine at Mount Sinai\n\nLearn how to apply computational tools to genomic sequencing data. Gain practical knowledge of genome browser and data analysis tools for RNA and DNA sequencing using real-life data sets.\n\nTopics Include:\n\nIntroduction to Scientific Computing, including Unix, Scripting and Python, Overview of the Human Genome and Genetic Variation, Introduction to Next Generation Sequencing and the Genomic Pipeline (Genome Analysis Toolkit), Genomics in the Clinic, Intro to Galaxy ToolKit, UCSC Genome Browser, 1000 Genomes, GWAS and WES data\n\nThis program is intended for first and second year graduate students in computer science or biology. There is a competitive selection process for applicants, and for those selected, there is no fee to attend the course. In addition, housing will be provided at no cost for those requiring it, and travel stipends are available for attendees traveling from outside the NY Metro area. \n\nFor more information and to apply, please visit: mssm.edu/creeds",
    "creation_date": "2018-01-05T18:03:26.113705+00:00",
    "has_accepted": false,
    "id": 281997,
    "lastedit_date": "2023-05-18T18:54:47.584363+00:00",
    "lastedit_user_uid": "8494",
    "parent_id": 281997,
    "rank": 1515175406.113705,
    "reply_count": 0,
    "root_id": 281997,
    "status": "Open",
    "status_id": 1,
    "subs_count": 0,
    "tag_val": "RNA-Seq,computational-genomics",
    "thread_score": 1,
    "title": "2018 Summer School for Computational Genomics",
    "type": "News",
    "type_id": 11,
    "uid": "292060",
    "url": "https://www.biostars.org/p/292060/",
    "view_count": 1776,
    "vote_count": 1,
    "xhtml": "<p>2018 Summer School for Computational Genomics</p>\n<p>Summer School for Computational Genomics, June 18 - 29, 2018 at the Icahn School of Medicine at Mount Sinai</p>\n<p>Learn how to apply computational tools to genomic sequencing data. Gain practical knowledge of genome browser and data analysis tools for RNA and DNA sequencing using real-life data sets.</p>\n<p>Topics Include:</p>\n<p>Introduction to Scientific Computing, including Unix, Scripting and Python, Overview of the Human Genome and Genetic Variation, Introduction to Next Generation Sequencing and the Genomic Pipeline (Genome Analysis Toolkit), Genomics in the Clinic, Intro to Galaxy ToolKit, UCSC Genome Browser, 1000 Genomes, GWAS and WES data</p>\n<p>This program is intended for first and second year graduate students in computer science or biology. There is a competitive selection process for applicants, and for those selected, there is no fee to attend the course. In addition, housing will be provided at no cost for those requiring it, and travel stipends are available for attendees traveling from outside the NY Metro area.</p>\n<p>For more information and to apply, please visit: mssm.edu/creeds</p>\n"
}