{
    "answer_count": 1,
    "author": "ionox0",
    "author_uid": "42071",
    "book_count": 0,
    "comment_count": 0,
    "content": "I'm experiencing a disk usage warning using Toil with CWL:\r\n\r\n    w01.cbio.private 2018-10-17 04:22:20,803 Thread-403 WARNING toil.statsAndLogging: Got message from job at time 10-17-2018 04:22:20: Job used more disk than requested. Consider modifying the user script to avoid the chance of failure due to incorrectly requested resources. Job 3/1/jobrLeFLD/g/tmp53AwFF.tmp used 119.21% (234.0 GB [251278385152B] used, 196.3 GB [210788941824B] requested) at the end of its run.\r\n    w01.cbio.private 2018-10-17 04:22:20,823 Thread-403 DEBUG toil.statsAndLogging: 'file:///home/johnsoni/pipeline_0.0.40/ACCESS-Pipeline/cwl_tools/umi_qc/make_umi_qc_tables.cwl' make_umi_qc_tables.sh q/z/jobq8gG4P    WARNING:toil.fileStore:LOG-TO-MASTER: Job used more disk than requested. Consider modifying the user script to avoid the chance of failure due to incorrectly requested resources. Job 3/1/jobrLeFLD/g/tmp53AwFF.tmp used 119.21% (234.0 GB [251278385152B] used, 196.3 GB [210788941824B] requested) at the end of its run.\r\n\r\nHowever, the outputs from this step are less than 1MB.\r\n\r\nWith Toil with CWL, do the input files count towards the `outdirMax` limit? \r\n\r\nOr is there another source that contributes to this limit?\r\n\r\nThank you!",
    "creation_date": "2018-10-20T04:39:14.462837+00:00",
    "has_accepted": true,
    "id": 333269,
    "lastedit_date": "2018-10-20T14:42:33.207182+00:00",
    "lastedit_user_uid": "42071",
    "parent_id": 333269,
    "rank": 1540046553.207182,
    "reply_count": 1,
    "root_id": 333269,
    "status": "Open",
    "status_id": 1,
    "subs_count": 0,
    "tag_val": "cwl,toil",
    "thread_score": 2,
    "title": "size considerations CWL Toil workflow step inputs",
    "type": "Question",
    "type_id": 0,
    "uid": "344479",
    "url": "https://www.biostars.org/p/344479/",
    "view_count": 1077,
    "vote_count": 0,
    "xhtml": "<p>I'm experiencing a disk usage warning using Toil with CWL:</p>\n\n<pre class=\"pre\"><code class=\"language-bash\">w01.cbio.private 2018-10-17 04:22:20,803 Thread-403 WARNING toil.statsAndLogging: Got message from job at time 10-17-2018 04:22:20: Job used more disk than requested. Consider modifying the user script to avoid the chance of failure due to incorrectly requested resources. Job 3/1/jobrLeFLD/g/tmp53AwFF.tmp used 119.21% (234.0 GB [251278385152B] used, 196.3 GB [210788941824B] requested) at the end of its run.\nw01.cbio.private 2018-10-17 04:22:20,823 Thread-403 DEBUG toil.statsAndLogging: 'file:///home/johnsoni/pipeline_0.0.40/ACCESS-Pipeline/cwl_tools/umi_qc/make_umi_qc_tables.cwl' make_umi_qc_tables.sh q/z/jobq8gG4P    WARNING:toil.fileStore:LOG-TO-MASTER: Job used more disk than requested. Consider modifying the user script to avoid the chance of failure due to incorrectly requested resources. Job 3/1/jobrLeFLD/g/tmp53AwFF.tmp used 119.21% (234.0 GB [251278385152B] used, 196.3 GB [210788941824B] requested) at the end of its run.\n</code></pre>\n\n<p>However, the outputs from this step are less than 1MB.</p>\n\n<p>With Toil with CWL, do the input files count towards the <code>outdirMax</code> limit? </p>\n\n<p>Or is there another source that contributes to this limit?</p>\n\n<p>Thank you!</p>\n"
}