{
    "answer_count": 2,
    "author": "munaj86",
    "author_uid": "54216",
    "book_count": 1,
    "comment_count": 2,
    "content": "Hi,\r\n\r\nI have a paired end data from Cut&Run, and I'm about to analyse the data using the pipeline listed in this paper:\r\n\r\nhttps://genomebiology.biomedcentral.com/articles/10.1186/s13059-019-1802-4#Sec8\r\n\r\nHowever, I didn't understand the the way that they trim the data and I couldn't find any informative post or articles that explain the parameters that they used to analyse cut&Run data. Can anyone help me with the pipeline and the list of recommended tools to analyse cut&run data. \r\n\r\nThanks,\r\n\r\nMuna",
    "creation_date": "2021-03-28T15:15:28.080231+00:00",
    "has_accepted": false,
    "id": 462207,
    "lastedit_date": "2021-11-05T17:02:22.610518+00:00",
    "lastedit_user_uid": "99937",
    "parent_id": 462207,
    "rank": 1616944528.080245,
    "reply_count": 2,
    "root_id": 462207,
    "status": "Open",
    "status_id": 1,
    "subs_count": 2,
    "tag_val": "pipeline",
    "thread_score": 1,
    "title": "Recommended pipeline for Cut&Run",
    "type": "Question",
    "type_id": 0,
    "uid": "9462207",
    "url": "https://www.biostars.org/p/9462207/",
    "view_count": 1326,
    "vote_count": 1,
    "xhtml": "<p>Hi,</p>\n<p>I have a paired end data from Cut&amp;Run, and I'm about to analyse the data using the pipeline listed in this paper:</p>\n<p><a href=\"https://genomebiology.biomedcentral.com/articles/10.1186/s13059-019-1802-4#Sec8\" rel=\"nofollow\">https://genomebiology.biomedcentral.com/articles/10.1186/s13059-019-1802-4#Sec8</a></p>\n<p>However, I didn't understand the the way that they trim the data and I couldn't find any informative post or articles that explain the parameters that they used to analyse cut&amp;Run data. Can anyone help me with the pipeline and the list of recommended tools to analyse cut&amp;run data.</p>\n<p>Thanks,</p>\n<p>Muna</p>\n"
}