{
    "answer_count": 6,
    "author": "smrutimayipanda",
    "author_uid": "41730",
    "book_count": 0,
    "comment_count": 5,
    "content": "Hii,\r\nI am looking for microarray data analysis pipeline in R language for single colour agilent data. Please help me in this. Atleast give me idea or some kind of R script for this analysis. Thanks in advance.",
    "creation_date": "2021-04-24T07:49:19.141230+00:00",
    "has_accepted": false,
    "id": 466751,
    "lastedit_date": "2021-08-02T08:22:20.678250+00:00",
    "lastedit_user_uid": "41730",
    "parent_id": 466751,
    "rank": 1619416091.258052,
    "reply_count": 6,
    "root_id": 466751,
    "status": "Open",
    "status_id": 1,
    "subs_count": 2,
    "tag_val": "agilent,single-colour,microarray",
    "thread_score": 0,
    "title": "Microarray data analysis in R",
    "type": "Question",
    "type_id": 0,
    "uid": "9466751",
    "url": "https://www.biostars.org/p/9466751/",
    "view_count": 2865,
    "vote_count": 0,
    "xhtml": "<p>Hii,\nI am looking for microarray data analysis pipeline in R language for single colour agilent data. Please help me in this. Atleast give me idea or some kind of R script for this analysis. Thanks in advance.</p>\n"
}