{
    "answer_count": 6,
    "author": "tw_140",
    "author_uid": "139770",
    "book_count": 0,
    "comment_count": 6,
    "content": "I have some cDNA data comparing various mutants to a control sample (each with 3+ replicates) that were obtained using a modified version of the direct cDNA sequencing kit (SQK-DCS109) from ONT. \n\nDue to the modified protocol, we\u2019ve gotten rather low yields for usable reads in downstream analyses. For example, the control replicates only range from 80k-290k total reads. Out of the 20k genes represented in my dataset (at least one read for each gene was identified), ~14k of the genes have less than 20 reads in each sample.\n\nWe would like to do a DE analysis between the control and mutant samples; however, I\u2019m not sure what the best practices are for datasets with such low total counts. In the past with Illumina data, I used edgeR. For this ONT dataset, I thought that changing the min.count parameter in the edgeR::filterByExpr function to min.count = 1 would be appropriate, but I\u2019m not entirely sure.\n\nI\u2019m currently trying to use ONT\u2019s epi2me-labs/wf-transcriptomes pipeline, but I\u2019m wondering if this is the best option for low-yield data? Does anyone have any experience or references with low-yield ONT on the best choices for DE analysis? \n\nThank you!\n",
    "creation_date": "2023-11-27T20:07:03.583382+00:00",
    "has_accepted": false,
    "id": 581244,
    "lastedit_date": "2024-04-09T15:25:40.277133+00:00",
    "lastedit_user_uid": "8494",
    "parent_id": 581244,
    "rank": 1701115623.58339,
    "reply_count": 6,
    "root_id": 581244,
    "status": "Open",
    "status_id": 1,
    "subs_count": 2,
    "tag_val": "differential-expression,RNA-Seq,ONT,Nanopore",
    "thread_score": 0,
    "title": "Best practices for differential expression analysis with low-yield Nanopore/ONT direct cDNA data?",
    "type": "Question",
    "type_id": 0,
    "uid": "9581244",
    "url": "https://www.biostars.org/p/9581244/",
    "view_count": 798,
    "vote_count": 0,
    "xhtml": "<p>I have some cDNA data comparing various mutants to a control sample (each with 3+ replicates) that were obtained using a modified version of the direct cDNA sequencing kit (SQK-DCS109) from ONT.</p>\n<p>Due to the modified protocol, we\u2019ve gotten rather low yields for usable reads in downstream analyses. For example, the control replicates only range from 80k-290k total reads. Out of the 20k genes represented in my dataset (at least one read for each gene was identified), ~14k of the genes have less than 20 reads in each sample.</p>\n<p>We would like to do a DE analysis between the control and mutant samples; however, I\u2019m not sure what the best practices are for datasets with such low total counts. In the past with Illumina data, I used edgeR. For this ONT dataset, I thought that changing the min.count parameter in the edgeR::filterByExpr function to min.count = 1 would be appropriate, but I\u2019m not entirely sure.</p>\n<p>I\u2019m currently trying to use ONT\u2019s epi2me-labs/wf-transcriptomes pipeline, but I\u2019m wondering if this is the best option for low-yield data? Does anyone have any experience or references with low-yield ONT on the best choices for DE analysis?</p>\n<p>Thank you!</p>\n"
}