{
    "answer_count": 1,
    "author": "cwwong13",
    "author_uid": "41492",
    "book_count": 0,
    "comment_count": 0,
    "content": "I know the questions seem naive (I am working on slurm environment):\r\n\r\n 1. What command should I use to run the ENCODE ATAC seq pipeline?\r\n 2. Which output file should be used for downstream analysis (and where to locate them)?\r\n\r\nMy goal is to further analysis the data with ChIPseeker, Diffbind etc.\r\n\r\nIndeed, I have found the code in [this tutorial][1] and [this tutorial by NIH][2] helpful (at least, I can run the pipeline now). However, the pipeline generates many folders and files. I am not sure which is the main output file (and maybe some QC-related files). \r\n\r\n\r\n  [1]: https://bioinfocore.com/blogs/encode-atac-seq-analyzing-pipeline-hands-on-tutorial/\r\n  [2]: https://hpc.nih.gov/apps/encode-atac-seq-pipeline.html",
    "creation_date": "2021-03-01T21:41:59.424963+00:00",
    "has_accepted": false,
    "id": 458084,
    "lastedit_date": "2021-04-20T19:33:07.932078+00:00",
    "lastedit_user_uid": "73",
    "parent_id": 458084,
    "rank": 1618947188.006513,
    "reply_count": 1,
    "root_id": 458084,
    "status": "Open",
    "status_id": 1,
    "subs_count": 3,
    "tag_val": "ATAC-seq,ENCODE,peak",
    "thread_score": 0,
    "title": "how to run and use the ENCODE ATAC-seq pipline",
    "type": "Question",
    "type_id": 0,
    "uid": "494013",
    "url": "https://www.biostars.org/p/494013/",
    "view_count": 2094,
    "vote_count": 0,
    "xhtml": "<p>I know the questions seem naive (I am working on slurm environment):</p>\n\n<ol>\n<li>What command should I use to run the ENCODE ATAC seq pipeline?</li>\n<li>Which output file should be used for downstream analysis (and where to locate them)?</li>\n</ol>\n\n<p>My goal is to further analysis the data with ChIPseeker, Diffbind etc.</p>\n\n<p>Indeed, I have found the code in <a rel=\"nofollow\" href=\"https://bioinfocore.com/blogs/encode-atac-seq-analyzing-pipeline-hands-on-tutorial/\">this tutorial</a> and <a rel=\"nofollow\" href=\"https://hpc.nih.gov/apps/encode-atac-seq-pipeline.html\">this tutorial by NIH</a> helpful (at least, I can run the pipeline now). However, the pipeline generates many folders and files. I am not sure which is the main output file (and maybe some QC-related files). </p>\n"
}