{
    "answer_count": 7,
    "author": "fabiomarcelomedvet",
    "author_uid": "63128",
    "book_count": 1,
    "comment_count": 4,
    "content": "Hi everyone. I've been trying to copy and rename files created by a pipeline executed in nextflow. I have implemented a qiime2 workflow and got the taxonomy (.qza) and biom files (see image below). Wen I run `qiime tools export` qiime2 creates a directory containing the tsv and/or biom file . The entire pipeline is executed in container = `quay.io/qiime2/core:2023.7` with runOptions = `-u $(id -u):$(id -g)`.\n\n![enter image description here][1]\n\nThe process which exports the taxonomy is the following:\n\n```\nprocess taxonomy{\n  publishDir params.outdir, mode:'copy'\n\n  input:\n  path \"table-denoised.qza\"\n  path \"vsearch-taxonomyITS.qza\"\n  path \"blast-taxonomyITS.qza\"\n  path \"sklearn-taxonomyITS.qza\"\n  \n  output:\n  path \"feature-table\", emit: feature_table\n  path \"vsearch-taxonomy\", emit: vsearch_taxonomy\n  path \"blast-taxonomy\", emit: blast_taxonomy\n  path \"sklearn-taxonomy\", emit: sklearn_taxonomy\n  \n  script:\n  \"\"\"\n  qiime tools export \\\n  --input-path table-denoised.qza \\\n  --output-path feature-table\n\n  qiime tools export \\\n  --input-path vsearch-taxonomyITS.qza \\\n  --output-path vsearch-taxonomy\n\n  qiime tools export \\\n  --input-path blast-taxonomyITS.qza \\\n  --output-path blast-taxonomy\n\n  qiime tools export \\\n  --input-path sklearn-taxonomyITS.qza \\\n  --output-path sklearn-taxonomy\n  \"\"\"\n}\n```\n\nNow I need to copy and rename the tsv files. I've tried:\n\n```\nprocess replace_header{\n  publishDir params.outdir, mode:'copy'\n    \n  input:\n  path \"vsearch-taxonomy/taxonomy.tsv\"\n  \n  output:\n  path \"taxonomy.tsv\"\n  \n  script:\n  \"\"\"\n  cp vsearch-taxonomy/taxonomy.tsv taxonomy.tsv\n  \"\"\"\n}\n```\n\nAny idea?\n\n\n  [1]: /media/images/5cd07aea-0e41-47fa-9c9c-0c7355b4",
    "creation_date": "2024-01-09T16:59:52.293209+00:00",
    "has_accepted": true,
    "id": 584494,
    "lastedit_date": "2024-01-11T13:59:55.549617+00:00",
    "lastedit_user_uid": "63128",
    "parent_id": 584494,
    "rank": 1704980835.778808,
    "reply_count": 7,
    "root_id": 584494,
    "status": "Open",
    "status_id": 1,
    "subs_count": 2,
    "tag_val": "nextflow",
    "thread_score": 9,
    "title": "how to copy and rename files in nextflow",
    "type": "Question",
    "type_id": 0,
    "uid": "9584494",
    "url": "https://www.biostars.org/p/9584494/",
    "view_count": 1364,
    "vote_count": 1,
    "xhtml": "<p>Hi everyone. I've been trying to copy and rename files created by a pipeline executed in nextflow. I have implemented a qiime2 workflow and got the taxonomy (.qza) and biom files (see image below). Wen I run <code>qiime tools export</code> qiime2 creates a directory containing the tsv and/or biom file . The entire pipeline is executed in container = <code>quay.io/qiime2/core:2023.7</code> with runOptions = <code>-u $(id -u):$(id -g)</code>.</p>\n<p><img alt=\"enter image description here\" src=\"/media/images/5cd07aea-0e41-47fa-9c9c-0c7355b4\"></p>\n<p>The process which exports the taxonomy is the following:</p>\n<pre><code>process taxonomy{\n  publishDir params.outdir, mode:'copy'\n\n  input:\n  path \"table-denoised.qza\"\n  path \"vsearch-taxonomyITS.qza\"\n  path \"blast-taxonomyITS.qza\"\n  path \"sklearn-taxonomyITS.qza\"\n\n  output:\n  path \"feature-table\", emit: feature_table\n  path \"vsearch-taxonomy\", emit: vsearch_taxonomy\n  path \"blast-taxonomy\", emit: blast_taxonomy\n  path \"sklearn-taxonomy\", emit: sklearn_taxonomy\n\n  script:\n  \"\"\"\n  qiime tools export \\\n  --input-path table-denoised.qza \\\n  --output-path feature-table\n\n  qiime tools export \\\n  --input-path vsearch-taxonomyITS.qza \\\n  --output-path vsearch-taxonomy\n\n  qiime tools export \\\n  --input-path blast-taxonomyITS.qza \\\n  --output-path blast-taxonomy\n\n  qiime tools export \\\n  --input-path sklearn-taxonomyITS.qza \\\n  --output-path sklearn-taxonomy\n  \"\"\"\n}\n</code></pre>\n<p>Now I need to copy and rename the tsv files. I've tried:</p>\n<pre><code>process replace_header{\n  publishDir params.outdir, mode:'copy'\n\n  input:\n  path \"vsearch-taxonomy/taxonomy.tsv\"\n\n  output:\n  path \"taxonomy.tsv\"\n\n  script:\n  \"\"\"\n  cp vsearch-taxonomy/taxonomy.tsv taxonomy.tsv\n  \"\"\"\n}\n</code></pre>\n<p>Any idea?</p>\n"
}