{
    "answer_count": 2,
    "author": "Katherine",
    "author_uid": "110895",
    "book_count": 0,
    "comment_count": 2,
    "content": "Hello, \r\n\r\nI am new to bioinformatics and have been working with three sets of RNAseq data by Ilumina, two of which are of a certain disease condition and the other is a control (this low sample number makes analysis very hard).  The end goal is to identify and/or confirm biomarkers for the disease.  \r\n\r\nI have assembled the sequences using hisat2 to map to the GRCh38 human reference genome and stringtie for the assembly, creating output files that I could feed into Ballgown for analysis.  I have also done some analysis with DESeq2.  I have several problems:\r\n\r\n1.  My assembled transcripts are all (I think) labeled with MSTRG.[#], a labelling convention that is assigned by stringtie for unknown transcripts.  However, when I manually take some of these sequences and use a genome viewer, they are clearly matching to a gene.  How do I get stringtie to actually map the gene names to the transcripts?  Is this a problem with my reference files?  \r\n\r\n2. I have been unable to extract the fasta files from the gtf files that I have created.  I have tried gffread which gave me errors and cannot get agat to download.  How do I extract the fasta files? \r\n\r\n3. How do I analyze only 3 datasets?  Are there databases with other RNAseq data that I could easily download to supplement my analysis?  I am really trying to get together a pipeline for when we get hopefully 200 samples.  \r\n\r\nI mainly want to know if there are important steps that I am missing or if there is a better assembly and analysis pipeline that is more up-to-date for human transcriptome assembly.  Tips about checking the quality of assembly would be fantastic too.  Happy to provide more info; any advice/resources would be great! ",
    "creation_date": "2022-06-24T16:54:00.516899+00:00",
    "has_accepted": false,
    "id": 528585,
    "lastedit_date": "2022-07-14T20:07:22.219391+00:00",
    "lastedit_user_uid": "8494",
    "parent_id": 528585,
    "rank": 1656089640.516911,
    "reply_count": 2,
    "root_id": 528585,
    "status": "Open",
    "status_id": 1,
    "subs_count": 1,
    "tag_val": "human,assembly,transcriptome",
    "thread_score": 0,
    "title": "Best pipeline for RNAseq assembly and analysis (or help with stringtie assembly)",
    "type": "Question",
    "type_id": 0,
    "uid": "9528585",
    "url": "https://www.biostars.org/p/9528585/",
    "view_count": 888,
    "vote_count": 0,
    "xhtml": "<p>Hello,</p>\n<p>I am new to bioinformatics and have been working with three sets of RNAseq data by Ilumina, two of which are of a certain disease condition and the other is a control (this low sample number makes analysis very hard).  The end goal is to identify and/or confirm biomarkers for the disease.</p>\n<p>I have assembled the sequences using hisat2 to map to the GRCh38 human reference genome and stringtie for the assembly, creating output files that I could feed into Ballgown for analysis.  I have also done some analysis with DESeq2.  I have several problems:</p>\n<ol>\n<li><p>My assembled transcripts are all (I think) labeled with MSTRG.[#], a labelling convention that is assigned by stringtie for unknown transcripts.  However, when I manually take some of these sequences and use a genome viewer, they are clearly matching to a gene.  How do I get stringtie to actually map the gene names to the transcripts?  Is this a problem with my reference files?</p>\n</li>\n<li><p>I have been unable to extract the fasta files from the gtf files that I have created.  I have tried gffread which gave me errors and cannot get agat to download.  How do I extract the fasta files?</p>\n</li>\n<li><p>How do I analyze only 3 datasets?  Are there databases with other RNAseq data that I could easily download to supplement my analysis?  I am really trying to get together a pipeline for when we get hopefully 200 samples.</p>\n</li>\n</ol>\n<p>I mainly want to know if there are important steps that I am missing or if there is a better assembly and analysis pipeline that is more up-to-date for human transcriptome assembly.  Tips about checking the quality of assembly would be fantastic too.  Happy to provide more info; any advice/resources would be great!</p>\n"
}