{
    "answer_count": 6,
    "author": "adrianj.randall",
    "author_uid": "6867",
    "book_count": 2,
    "comment_count": 1,
    "content": "<p>Hello everyone,</p>\n\n<p>I inherited some colorspace data of various samples that I am trying to make use of. I don't have access to lifescope/bioscope, and finding open-source tools that handle colorspace data well seems like a challenge. What I have are basically *.bam files of mapped/unmapped reads as well as *.csfasta and *.quals files. What I am trying to do is perform variant analysis to see if I can find SNPs/indels in my data, both across samples as well as in comparison to the reference genome. </p>\n\n<p>I am thinking about using the GATK pipeline, but I wanted to ask if there is anything 'better' for doing what I'd like to do. The bam files were generated using the hg18 reference genome, and common aligners like bwa don't seem to support colorspace anymore. From what I understand, due to differences in how errors are handled, converting the csfasta/quals files to fastq files isn't recommended, although it seems there are some people who analyze colorspace data this way. </p>\n\n<p>Can anyone here recommend a pipeline for me to basically take my RNA-seq data and either 1) re-align using a newer reference genome or 2) use the existing *.bam files to perform variant analysis to find sequence differences? </p>\n\n<p>Thanks, and all the best. </p>\n",
    "creation_date": "2013-01-23T17:34:33.660780+00:00",
    "has_accepted": false,
    "id": 58737,
    "lastedit_date": "2021-11-16T16:43:08.386782+00:00",
    "lastedit_user_uid": "8494",
    "parent_id": 58737,
    "rank": 1456294993.76634,
    "reply_count": 6,
    "root_id": 58737,
    "status": "Open",
    "status_id": 1,
    "subs_count": 6,
    "tag_val": "rna-seq,variant,analysis,pipeline",
    "thread_score": 15,
    "title": "Best Pipeline For Doing Variant Analysis On Rna-Seq Data?",
    "type": "Question",
    "type_id": 0,
    "uid": "61721",
    "url": "https://www.biostars.org/p/61721/",
    "view_count": 7072,
    "vote_count": 4,
    "xhtml": "<p>Hello everyone,</p>\n\n<p>I inherited some colorspace data of various samples that I am trying to make use of. I don't have access to lifescope/bioscope, and finding open-source tools that handle colorspace data well seems like a challenge. What I have are basically *.bam files of mapped/unmapped reads as well as *.csfasta and *.quals files. What I am trying to do is perform variant analysis to see if I can find SNPs/indels in my data, both across samples as well as in comparison to the reference genome. </p>\n\n<p>I am thinking about using the GATK pipeline, but I wanted to ask if there is anything 'better' for doing what I'd like to do. The bam files were generated using the hg18 reference genome, and common aligners like bwa don't seem to support colorspace anymore. From what I understand, due to differences in how errors are handled, converting the csfasta/quals files to fastq files isn't recommended, although it seems there are some people who analyze colorspace data this way. </p>\n\n<p>Can anyone here recommend a pipeline for me to basically take my RNA-seq data and either 1) re-align using a newer reference genome or 2) use the existing *.bam files to perform variant analysis to find sequence differences? </p>\n\n<p>Thanks, and all the best. </p>\n"
}