{
    "answer_count": 2,
    "author": "jonrkarr",
    "author_uid": "16972",
    "book_count": 0,
    "comment_count": 2,
    "content": "We are looking for a consultant for a small project to update the [StaG-mwc][1] metagenomics Snakemake pipeline to work with the new Kubernetes executor plugin for Snakemake 8.\r\n\r\nKey expertise that we needs include the following\r\n- Snakemake\r\n- Snakemake executors\r\n- Kubernetes\r\n- AWS\r\n\r\nOur company, [Deep Origin][2], is developing a platform to help life science organizations execute modern scientific projects, which are increasingly large and complex, often involving more experimental modalities, larger data sets, and more sophisticated analysis. One key capability we're developing is the ability for scientists to easily run Snakemake pipelines at scale in AWS with Kubernetes. We're working with a customer who would like to use the StaG-mwc pipeline.\r\n\r\n\r\n  [1]: https://github.com/ctmrbio/stag-mwc\r\n  [2]: https://www.deeporigin.com/",
    "creation_date": "2024-04-17T07:18:28.500130+00:00",
    "has_accepted": false,
    "id": 592829,
    "lastedit_date": "2024-06-25T18:30:58.270951+00:00",
    "lastedit_user_uid": "25721",
    "parent_id": 592829,
    "rank": 1719274559.801686,
    "reply_count": 2,
    "root_id": 592829,
    "status": "Open",
    "status_id": 1,
    "subs_count": 4,
    "tag_val": "Kubernetes,DevOps,executor,AWS,Snakemake",
    "thread_score": 1,
    "title": "Consultant to update a Snakemake workflow with the new Kubernetes executor plugin for Snakemake 8",
    "type": "Job",
    "type_id": 2,
    "uid": "9592829",
    "url": "https://www.biostars.org/p/9592829/",
    "view_count": 801,
    "vote_count": 1,
    "xhtml": "<p>We are looking for a consultant for a small project to update the <a href=\"https://github.com/ctmrbio/stag-mwc\" rel=\"nofollow\">StaG-mwc</a> metagenomics Snakemake pipeline to work with the new Kubernetes executor plugin for Snakemake 8.</p>\n<p>Key expertise that we needs include the following</p>\n<ul>\n<li>Snakemake</li>\n<li>Snakemake executors</li>\n<li>Kubernetes</li>\n<li>AWS</li>\n</ul>\n<p>Our company, <a href=\"https://www.deeporigin.com/\" rel=\"nofollow\">Deep Origin</a>, is developing a platform to help life science organizations execute modern scientific projects, which are increasingly large and complex, often involving more experimental modalities, larger data sets, and more sophisticated analysis. One key capability we're developing is the ability for scientists to easily run Snakemake pipelines at scale in AWS with Kubernetes. We're working with a customer who would like to use the StaG-mwc pipeline.</p>\n"
}