{
    "answer_count": 4,
    "author": "2822462298",
    "author_uid": "61978",
    "book_count": 0,
    "comment_count": 4,
    "content": "Hi all,\r\n\r\nI am currently using samtools to sort my bam files by positions (as default), then I used htseq to obtain read counts. Initially, I got massive 'Mate records missing' warnings. Then, I realized that htseq assumed the files were sorted by name, so I included the '-r pos' option and re-run the htseq. Then, I got less  'Mate records missing' warnings but they are still there...So my question would be:\r\n1. Is there a way I can totally eliminate the warnings? \r\n2. Which of the following pipeline is better?\r\n\r\n1. samtool sort by name + htseq without  -r pos\r\n2. samtool sort by position + htseq with  -r pos\r\n\r\nI referred to the developer's posts: https://github.com/simon-anders/htseq/issues/37\r\nbut I still couldn't figure out how I should improve the process properly.\r\n\r\n",
    "creation_date": "2020-01-13T11:16:47.387172+00:00",
    "has_accepted": false,
    "id": 400251,
    "lastedit_date": "2020-01-13T12:36:37.741776+00:00",
    "lastedit_user_uid": "61978",
    "parent_id": 400251,
    "rank": 1578918997.741776,
    "reply_count": 4,
    "root_id": 400251,
    "status": "Open",
    "status_id": 1,
    "subs_count": 2,
    "tag_val": "htseq,RNA-Seq,RNA,rna-seq,samtools",
    "thread_score": 2,
    "title": "optimise htseq count performance by choosing proper samtools sort options",
    "type": "Question",
    "type_id": 0,
    "uid": "416292",
    "url": "https://www.biostars.org/p/416292/",
    "view_count": 2136,
    "vote_count": 0,
    "xhtml": "<p>Hi all,</p>\n\n<p>I am currently using samtools to sort my bam files by positions (as default), then I used htseq to obtain read counts. Initially, I got massive 'Mate records missing' warnings. Then, I realized that htseq assumed the files were sorted by name, so I included the '-r pos' option and re-run the htseq. Then, I got less  'Mate records missing' warnings but they are still there...So my question would be:\n1. Is there a way I can totally eliminate the warnings? \n2. Which of the following pipeline is better?</p>\n\n<ol>\n<li>samtool sort by name + htseq without  -r pos</li>\n<li>samtool sort by position + htseq with  -r pos</li>\n</ol>\n\n<p>I referred to the developer's posts: <a rel=\"nofollow\" href=\"https://github.com/simon-anders/htseq/issues/37\">https://github.com/simon-anders/htseq/issues/37</a>\nbut I still couldn't figure out how I should improve the process properly.</p>\n"
}