{
    "answer_count": 2,
    "author": "Emily",
    "author_uid": "7019",
    "book_count": 0,
    "comment_count": 2,
    "content": "We're looking for someone to join our Genebuild team in Ensembl at the EBI in Cambridge. The job involves running our genebuild automatic pipelines to annotate genes onto genomes from biological data, and for some species to merge them with manual annotation and produce the Gencode genes.\n\nWe're looking for people with a good biology background, plus Perl coding and use of Unix. The EBI can get visas for pretty much anyone, so doesn't matter where you're from.\n\nOn a personal note, I love the EBI and I love Ensembl. We're working on the cutting edge and providing free open data to the biological, clinical and bioinformatic community, which is just awesome. We're also really nice people to work with!\n\nVisit the job ad to find out more and apply [here][1]. I'm willing to answer any questions you might have (although I might have to ask other people).\n\n [1]: http://www.embl.de/jobs/searchjobs/index.php?newlang=1&ref=EBI_00652",
    "creation_date": "2016-01-13T11:10:26.786006+00:00",
    "has_accepted": false,
    "id": 165154,
    "lastedit_date": "2022-07-29T19:45:43.614211+00:00",
    "lastedit_user_uid": "8494",
    "parent_id": 165154,
    "rank": 1452685031.54111,
    "reply_count": 2,
    "root_id": 165154,
    "status": "Open",
    "status_id": 1,
    "subs_count": 1,
    "tag_val": "ensembl,gene-annotation,gencode",
    "thread_score": 2,
    "title": "Ensembl genebuilder job",
    "type": "Job",
    "type_id": 2,
    "uid": "172534",
    "url": "https://www.biostars.org/p/172534/",
    "view_count": 1983,
    "vote_count": 2,
    "xhtml": "<p>We're looking for someone to join our Genebuild team in Ensembl at the EBI in Cambridge. The job involves running our genebuild automatic pipelines to annotate genes onto genomes from biological data, and for some species to merge them with manual annotation and produce the Gencode genes.</p>\n<p>We're looking for people with a good biology background, plus Perl coding and use of Unix. The EBI can get visas for pretty much anyone, so doesn't matter where you're from.</p>\n<p>On a personal note, I love the EBI and I love Ensembl. We're working on the cutting edge and providing free open data to the biological, clinical and bioinformatic community, which is just awesome. We're also really nice people to work with!</p>\n<p>Visit the job ad to find out more and apply <a href=\"http://www.embl.de/jobs/searchjobs/index.php?newlang=1&amp;ref=EBI_00652\" rel=\"nofollow\">here</a>. I'm willing to answer any questions you might have (although I might have to ask other people).</p>\n"
}