{
    "answer_count": 0,
    "author": "David Langenberger",
    "author_uid": "3827",
    "book_count": 1,
    "comment_count": 0,
    "content": "![enter image description here][1]\n\nInferring genomic information from bisulfite sequencing data\n------------------------------------------------------------\n\n - **PhD Supervisor(s):** Dr. David Langenberger, Prof. Dr. Peter F. Stadler\n - **Host Institution:** ecSeq Bioinformatics GmbH in collaboration with the Chair for Bioinformatics University Leipzig\n - **Duration:** 36 months\n - **Fixed start date:** 1 April 2018\n - **Planned secondment(s):** Gregor Mendel Institute of Molecular Plant Biology (Vienna, Austria), IGA Technology Services SRL (Udine, Italy) and Roche Diagnostics GmbH (Mannheim, Germany)\n\nBackground\n-------\n\nDNA methylation variants can arise spontaneously, they can be under genetic control or they can be induced by the environment. In plants, some DNA methylation variants are stable across many generations whereas other variants are very transient. A good understanding of the transgenerational dynamics of DNA methylation variants is essential to understand their impact on heritable traits and their effect on adaptation. Current insight in the transgenerational dynamics of DNA methylation is limited to very few model plant species, but it is predicted that these dynamics are not constant among different plants. For instance, plant reproduction mode can have a large effect because asexual reproduction bypasses some of the epigenetic resetting mechanisms that normally occur during sexual reproduction. Adaptive differences in transgenerational stability may also differ between species with different life spans or from habitats of different environmental predictability.\n\nYour PhD Project\n-----------\n\nIn this project, we aim to investigate differences in DNA methylation dynamics between species with different life history traits. In close collaboration with other bioinformaticians and biologists, a best-practice pipeline for the analysis of plant bisulfite data will be developed, benchmarked, and provided to be applied to the Next-Generation Sequencing (NGS) data generated in the frame of different EpiDiverse projects. In addition, novel algorithms will be devised and implemented to better detect DNA methylation variants and search for important methylation haplotypes to better understand the epigenetic regulation. The special constellation of working at a bioinformatics company in very strong cooperation with the chair of bioinformatics at the university offers the unique possibility of gaining benefits from both: The clearly structured style of the work in a company will help implementing novel ideas from academia in the light of recent publications, resulting in a strong focus and high productivity.\n\nYour Qualifications\n--------------\n\nWe seek a bright, highly motivated, and enthusiastic bioinformatician, or computer scientist with significant interest in solving biologically motivated questions. Excellent programming skills with knowledge of at least one of the following programming languages are mandatory: Python, R, or C/C++/C#. A strong background in Next-Generation Sequencing (NGS) and/or (epi)genetics data analyses are an advantage. A high standard of spoken and written English is required, as are good quantitative and analytical capabilities, excellent interpersonal and communication skills, and the ability to work independently as well as part of a team.\n\nHow to apply\n------------\n\n[Find out how to apply for this position][2]\n\n**NOTE: Only complete applications can be considered! Please read the 'How to apply' section carefully!**\n\n  [1]: https://www2.pic-upload.de/img/34126724/Depositphotos_129609120_xl-2015Kopie.jpg\n  [2]: http://www.ecseq.com/blog/2017/Open-PhD-Position",
    "creation_date": "2017-10-18T13:19:37.099024+00:00",
    "has_accepted": false,
    "id": 268786,
    "lastedit_date": "2023-05-17T16:07:08.953596+00:00",
    "lastedit_user_uid": "8494",
    "parent_id": 268786,
    "rank": 1510775124.253699,
    "reply_count": 0,
    "root_id": 268786,
    "status": "Open",
    "status_id": 1,
    "subs_count": 0,
    "tag_val": "bisulfite-seq,ngs,phd",
    "thread_score": 4,
    "title": "LAST CALL - Open PhD position: Inferring genomic information from bisulfite sequencing data",
    "type": "Job",
    "type_id": 2,
    "uid": "278603",
    "url": "https://www.biostars.org/p/278603/",
    "view_count": 2065,
    "vote_count": 4,
    "xhtml": "<p><img alt=\"enter image description here\" src=\"https://www2.pic-upload.de/img/34126724/Depositphotos_129609120_xl-2015Kopie.jpg\"></p>\n<h2>Inferring genomic information from bisulfite sequencing data</h2>\n<ul>\n<li><strong>PhD Supervisor(s):</strong> Dr. David Langenberger, Prof. Dr. Peter F. Stadler</li>\n<li><strong>Host Institution:</strong> ecSeq Bioinformatics GmbH in collaboration with the Chair for Bioinformatics University Leipzig</li>\n<li><strong>Duration:</strong> 36 months</li>\n<li><strong>Fixed start date:</strong> 1 April 2018</li>\n<li><strong>Planned secondment(s):</strong> Gregor Mendel Institute of Molecular Plant Biology (Vienna, Austria), IGA Technology Services SRL (Udine, Italy) and Roche Diagnostics GmbH (Mannheim, Germany)</li>\n</ul>\n<h2>Background</h2>\n<p>DNA methylation variants can arise spontaneously, they can be under genetic control or they can be induced by the environment. In plants, some DNA methylation variants are stable across many generations whereas other variants are very transient. A good understanding of the transgenerational dynamics of DNA methylation variants is essential to understand their impact on heritable traits and their effect on adaptation. Current insight in the transgenerational dynamics of DNA methylation is limited to very few model plant species, but it is predicted that these dynamics are not constant among different plants. For instance, plant reproduction mode can have a large effect because asexual reproduction bypasses some of the epigenetic resetting mechanisms that normally occur during sexual reproduction. Adaptive differences in transgenerational stability may also differ between species with different life spans or from habitats of different environmental predictability.</p>\n<h2>Your PhD Project</h2>\n<p>In this project, we aim to investigate differences in DNA methylation dynamics between species with different life history traits. In close collaboration with other bioinformaticians and biologists, a best-practice pipeline for the analysis of plant bisulfite data will be developed, benchmarked, and provided to be applied to the Next-Generation Sequencing (NGS) data generated in the frame of different EpiDiverse projects. In addition, novel algorithms will be devised and implemented to better detect DNA methylation variants and search for important methylation haplotypes to better understand the epigenetic regulation. The special constellation of working at a bioinformatics company in very strong cooperation with the chair of bioinformatics at the university offers the unique possibility of gaining benefits from both: The clearly structured style of the work in a company will help implementing novel ideas from academia in the light of recent publications, resulting in a strong focus and high productivity.</p>\n<h2>Your Qualifications</h2>\n<p>We seek a bright, highly motivated, and enthusiastic bioinformatician, or computer scientist with significant interest in solving biologically motivated questions. Excellent programming skills with knowledge of at least one of the following programming languages are mandatory: Python, R, or C/C++/C#. A strong background in Next-Generation Sequencing (NGS) and/or (epi)genetics data analyses are an advantage. A high standard of spoken and written English is required, as are good quantitative and analytical capabilities, excellent interpersonal and communication skills, and the ability to work independently as well as part of a team.</p>\n<h2>How to apply</h2>\n<p><a href=\"http://www.ecseq.com/blog/2017/Open-PhD-Position\" rel=\"nofollow\">Find out how to apply for this position</a></p>\n<p><strong>NOTE: Only complete applications can be considered! Please read the 'How to apply' section carefully!</strong></p>\n"
}