{
    "answer_count": 8,
    "author": "jason.taotaotan",
    "author_uid": "60695",
    "book_count": 1,
    "comment_count": 7,
    "content": "Hi everyone,\n\nI have a very general question about WGCNA:\n\nOne critical step in WGCNA pipeline is to calculate the correlation between eigen-genes and traits. Besides the correlation, we also calculate a p value for each correlation using `corPvalueStudent()`. I thought that\u2019s a typical multiple hypothesis testing scenario since we are testing many traits against many eigen-genes. Now the question is: should we adjust the p-value?\n\nI didn\u2019t see many people discussing this, although WGCNA is a very popular software. Even in the official tutorial, they are using the un-adjusted p-value. Isn't this problematic?\n\nBest,  \nTaotao",
    "creation_date": "2021-07-30T21:37:10.445679+00:00",
    "has_accepted": false,
    "id": 482927,
    "lastedit_date": "2024-08-27T17:03:36.407626+00:00",
    "lastedit_user_uid": "146625",
    "parent_id": 482927,
    "rank": 1627764211.300069,
    "reply_count": 8,
    "root_id": 482927,
    "status": "Open",
    "status_id": 1,
    "subs_count": 5,
    "tag_val": "statistics,WGCNA",
    "thread_score": 3,
    "title": "WGCNA adjust p value",
    "type": "Question",
    "type_id": 0,
    "uid": "9482927",
    "url": "https://www.biostars.org/p/9482927/",
    "view_count": 3980,
    "vote_count": 1,
    "xhtml": "<p>Hi everyone,</p>\n<p>I have a very general question about WGCNA:</p>\n<p>One critical step in WGCNA pipeline is to calculate the correlation between eigen-genes and traits. Besides the correlation, we also calculate a p value for each correlation using <code>corPvalueStudent()</code>. I thought that\u2019s a typical multiple hypothesis testing scenario since we are testing many traits against many eigen-genes. Now the question is: should we adjust the p-value?</p>\n<p>I didn\u2019t see many people discussing this, although WGCNA is a very popular software. Even in the official tutorial, they are using the un-adjusted p-value. Isn't this problematic?</p>\n<p>Best,<br>\nTaotao</p>\n"
}