{
    "answer_count": 3,
    "author": "mattblackhand",
    "author_uid": "23764",
    "book_count": 0,
    "comment_count": 1,
    "content": "Hello,\r\n\r\nI am currently trying to establish a pipeline to call CNVs from WES data using CNVkit to process the data into cnr format and then segment manually using segment function of DNAcopy package from Bioconductor. \r\n\r\nHowever after I try to use segment.p to get p values and other characteristics what happens is I get mostly **almost all** NAs in the result file and even if there is some number, the pvalue is really really high...\r\n\r\n    > ID\tchrom\tloc.start\tloc.end\tnum.mark\tseg.mean\tbstat\tpval\tlcl\tucl\r\n    > Sample.1\tchr17\t1964785\t28548633\t57\t0.004\tNA\tNA\tNA\tNA\r\n    > Sample.1\tchr18\t13387721\t53254275\t38\t-0.0087\tNA\tNA\tNA\tNA\r\n    > Sample.1\tchr19\t32836513\t50370310\t29\t0.0653\tNA\tNA\tNA\tNA\r\n    > Sample.1\tchr2\t32288900\t200320591\t220\t0.0049\tNA\tNA\tNA\tNA\r\n    > Sample.1\tchr22\t51113475\t51154096\t19\t0.0217\t5.13427042369266\t5.31224265912416e-06\t51143391\t51158892\r\n\r\nand it goes like this... \r\nAs I already mentioned I am using CNVkit to calculate cnn and cnr files by normal recommended route, which I am analyzing by this sequence in DNAcopy\r\n\r\n  \r\n\r\n    cn <- read.table(file = args[1],header = TRUE)\r\n    CNA.object <- CNA(genomdat = cn[,5], chrom = cn[,1], maploc = cn[,2], data.type = 'logratio')\r\n    CNA.smoothed <- smooth.CNA(CNA.object)\r\n    segs <- segment(CNA.smoothed, alpha = 0.01, nperm = 10000, p.method = c(\"hybrid\"), \r\n                    kmax=25, nmin=200, eta=0.05, trim= 0.025, min.width= 2, undo.splits = c(\"sdundo\"),undo.SD=4, verbose=3)\r\n    segsout = segs$output\r\n    \r\n    write.table(segsout[,2:6], file = cns_name, row.names = F, col.names = T, quote = F, sep=\"\\t\")\r\n    \r\n    seg.pvalue <- segments.p(segs, ngrid=100, tol=1e-6, alpha=0.05, search.range=100, nperm=1000)\r\n    write.table(seg.pvalue, file= seg_name, row.names=F, col.names=T, quote=F, sep=\"\\t\")\r\n\r\n\r\nWhat does this indicate? Where should I search for the problem? Any help would be appreciated. \r\n\r\nThank you very much for your answers",
    "creation_date": "2016-04-18T23:35:00.854219+00:00",
    "has_accepted": false,
    "id": 179677,
    "lastedit_date": "2016-04-21T23:35:44.540922+00:00",
    "lastedit_user_uid": "23764",
    "parent_id": 179677,
    "rank": 1461281744.540922,
    "reply_count": 3,
    "root_id": 179677,
    "status": "Open",
    "status_id": 1,
    "subs_count": 1,
    "tag_val": "DNAcopy,CNV,Bioconductor",
    "thread_score": 0,
    "title": "Troubleshooting NAs in segment.p DNAcopy",
    "type": "Question",
    "type_id": 0,
    "uid": "187431",
    "url": "https://www.biostars.org/p/187431/",
    "view_count": 3291,
    "vote_count": 0,
    "xhtml": "<p>Hello,</p>\n\n<p>I am currently trying to establish a pipeline to call CNVs from WES data using CNVkit to process the data into cnr format and then segment manually using segment function of DNAcopy package from Bioconductor. </p>\n\n<p>However after I try to use segment.p to get p values and other characteristics what happens is I get mostly <strong>almost all</strong> NAs in the result file and even if there is some number, the pvalue is really really high...</p>\n\n<pre class=\"pre\"><code class=\"language-bash\">&gt; ID    chrom   loc.start   loc.end num.mark    seg.mean    bstat   pval    lcl ucl\n&gt; Sample.1  chr17   1964785 28548633    57  0.004   NA  NA  NA  NA\n&gt; Sample.1  chr18   13387721    53254275    38  -0.0087 NA  NA  NA  NA\n&gt; Sample.1  chr19   32836513    50370310    29  0.0653  NA  NA  NA  NA\n&gt; Sample.1  chr2    32288900    200320591   220 0.0049  NA  NA  NA  NA\n&gt; Sample.1  chr22   51113475    51154096    19  0.0217  5.13427042369266    5.31224265912416e-06    51143391    51158892\n</code></pre>\n\n<p>and it goes like this... \nAs I already mentioned I am using CNVkit to calculate cnn and cnr files by normal recommended route, which I am analyzing by this sequence in DNAcopy</p>\n\n<pre class=\"pre\"><code class=\"language-bash\">cn &lt;- read.table(file = args[1],header = TRUE)\nCNA.object &lt;- CNA(genomdat = cn[,5], chrom = cn[,1], maploc = cn[,2], data.type = 'logratio')\nCNA.smoothed &lt;- smooth.CNA(CNA.object)\nsegs &lt;- segment(CNA.smoothed, alpha = 0.01, nperm = 10000, p.method = c(\"hybrid\"), \n                kmax=25, nmin=200, eta=0.05, trim= 0.025, min.width= 2, undo.splits = c(\"sdundo\"),undo.SD=4, verbose=3)\nsegsout = segs$output\n\nwrite.table(segsout[,2:6], file = cns_name, row.names = F, col.names = T, quote = F, sep=\"\\t\")\n\nseg.pvalue &lt;- segments.p(segs, ngrid=100, tol=1e-6, alpha=0.05, search.range=100, nperm=1000)\nwrite.table(seg.pvalue, file= seg_name, row.names=F, col.names=T, quote=F, sep=\"\\t\")\n</code></pre>\n\n<p>What does this indicate? Where should I search for the problem? Any help would be appreciated. </p>\n\n<p>Thank you very much for your answers</p>\n"
}