{
    "answer_count": 23,
    "author": "alons",
    "author_uid": "18837",
    "book_count": 0,
    "comment_count": 20,
    "content": "Hi all!\n\nWe have a working NGS analysis variant calling pipeline for cancer which we've recently ran on a sample.\n\nA certain mutation was found, specifically in chr3:178936095 (hg19), now as part of a confirmation process the lab ran a Sanger sequencing process on the mutation region and found out that a 2-based deletion and 1-base insertion wrt hg19, occurred in a close position, in chr3:178936116 and that the mutation we found seems like a false-positive.\n\nLooking through the VCF files, I didn't find the deletion+insertion position, nor did I find it when I checked the BAM file.\n\nWe're using:\n - BWA MEM as an aligner. Our command for running is: `bwa mem -t 12 -R <read groups info> <ref genome> <fastq files> > aligned.sam`\n - Realigning around indels using GATK.\n - Calling variants with FreeBayes, GATK & bcf tools.\n - Currently there's no filter based on read quality other than the default one in bwa mem.\n\nThere was a consensus between all 3 on the mutation we found from the NGS data.\n\nThis has led me to think that the reads 'supporting' that hypothesis weren't aligned from the .fastq files as they were too different from the reference or got a 'lower score'.\n\nMy question is: Has something similar ever occurred to you? Is there a parameter/argument I can provide BWA MEM with so that those missing reads would be aligned? Otherwise, can you recommend a program/pipeline I can use to call these indels/insertions successfully?\n\nThank you very much in advance,\n\nAlon",
    "creation_date": "2015-11-22T16:10:58.160784+00:00",
    "has_accepted": true,
    "id": 159561,
    "lastedit_date": "2022-08-10T18:52:21.661282+00:00",
    "lastedit_user_uid": "8494",
    "parent_id": 159561,
    "rank": 1509845423.554293,
    "reply_count": 23,
    "root_id": 159561,
    "status": "Open",
    "status_id": 1,
    "subs_count": 9,
    "tag_val": "Sanger,NGS,variant-calling,BWA-MEM,indel",
    "thread_score": 18,
    "title": "Lack of consensus between NGS & Sanger sequencing on indels/mutations",
    "type": "Question",
    "type_id": 0,
    "uid": "166832",
    "url": "https://www.biostars.org/p/166832/",
    "view_count": 5350,
    "vote_count": 2,
    "xhtml": "<p>Hi all!</p>\n<p>We have a working NGS analysis variant calling pipeline for cancer which we've recently ran on a sample.</p>\n<p>A certain mutation was found, specifically in chr3:178936095 (hg19), now as part of a confirmation process the lab ran a Sanger sequencing process on the mutation region and found out that a 2-based deletion and 1-base insertion wrt hg19, occurred in a close position, in chr3:178936116 and that the mutation we found seems like a false-positive.</p>\n<p>Looking through the VCF files, I didn't find the deletion+insertion position, nor did I find it when I checked the BAM file.</p>\n<p>We're using:</p>\n<ul>\n<li>BWA MEM as an aligner. Our command for running is: <code>bwa mem -t 12 -R &lt;read groups info&gt; &lt;ref genome&gt; &lt;fastq files&gt; &gt; aligned.sam</code></li>\n<li>Realigning around indels using GATK.</li>\n<li>Calling variants with FreeBayes, GATK &amp; bcf tools.</li>\n<li>Currently there's no filter based on read quality other than the default one in bwa mem.</li>\n</ul>\n<p>There was a consensus between all 3 on the mutation we found from the NGS data.</p>\n<p>This has led me to think that the reads 'supporting' that hypothesis weren't aligned from the .fastq files as they were too different from the reference or got a 'lower score'.</p>\n<p>My question is: Has something similar ever occurred to you? Is there a parameter/argument I can provide BWA MEM with so that those missing reads would be aligned? Otherwise, can you recommend a program/pipeline I can use to call these indels/insertions successfully?</p>\n<p>Thank you very much in advance,</p>\n<p>Alon</p>\n"
}