{
    "answer_count": 9,
    "author": "elb",
    "author_uid": "5580",
    "book_count": 1,
    "comment_count": 9,
    "content": "Hi guys, \r\nI know that DESeq as well as EdgeR perform differential gene expression analysis from RNA seq experiments using counts.\r\nI have normalized my data.frame using an independent method (qsmooth not in the pipeline of the two packages). The input/output of the normalisation are log2(counts). Now, I would like to perform differential gene expression analysis between the conditions of my dataset using quasi-likelihood negative binomial method. I know that the function voom of Limma allows the transformation of counts to log2-counts per million for subsequent linear model. However it is not clear if this is the case in my analytical condition. Can anyone please explain/suggest me how to proceed for differential expression analysis using my log2 normalized counts? \r\n\r\n\r\n\r\nThank you a lot!",
    "creation_date": "2018-11-28T10:42:48.354483+00:00",
    "has_accepted": false,
    "id": 340373,
    "lastedit_date": "2018-11-29T12:41:10.455908+00:00",
    "lastedit_user_uid": "5580",
    "parent_id": 340373,
    "rank": 1543495270.455908,
    "reply_count": 9,
    "root_id": 340373,
    "status": "Open",
    "status_id": 1,
    "subs_count": 2,
    "tag_val": "rna-seq,R",
    "thread_score": 3,
    "title": "differential gene expression analysis using log2(counts+1)",
    "type": "Question",
    "type_id": 0,
    "uid": "351765",
    "url": "https://www.biostars.org/p/351765/",
    "view_count": 3266,
    "vote_count": 1,
    "xhtml": "<p>Hi guys, \nI know that DESeq as well as EdgeR perform differential gene expression analysis from RNA seq experiments using counts.\nI have normalized my data.frame using an independent method (qsmooth not in the pipeline of the two packages). The input/output of the normalisation are log2(counts). Now, I would like to perform differential gene expression analysis between the conditions of my dataset using quasi-likelihood negative binomial method. I know that the function voom of Limma allows the transformation of counts to log2-counts per million for subsequent linear model. However it is not clear if this is the case in my analytical condition. Can anyone please explain/suggest me how to proceed for differential expression analysis using my log2 normalized counts? </p>\n\n<p>Thank you a lot!</p>\n"
}