{
    "answer_count": 0,
    "author": "rheab1230",
    "author_uid": "69327f4a",
    "book_count": 0,
    "comment_count": 0,
    "content": "Hello,\r\nI want to inverse quantile normalized by gene count data for brain cortex tissue.\r\nI am trying to follow the gtex qtl pipeline for this:\r\nhttps://github.com/broadinstitute/gtex-pipeline/blob/master/qtl/README.md\r\nBut I think this is primarily for eqtl.\r\nCan I follow the same pipeline but not for eqtl, I just want to normalized my gene count file and not do any eqtl analysis on this?\r\n",
    "creation_date": "2022-08-16T18:29:14.592183+00:00",
    "has_accepted": false,
    "id": 534877,
    "lastedit_date": "2022-08-16T18:29:14.592196+00:00",
    "lastedit_user_uid": "69327f4a",
    "parent_id": 534877,
    "rank": 1660674554.592196,
    "reply_count": 0,
    "root_id": 534877,
    "status": "Open",
    "status_id": 1,
    "subs_count": 1,
    "tag_val": "gene,GTEX,expression,tissue,normalization,brain",
    "thread_score": 0,
    "title": "inquiry related to gtex normalization",
    "type": "Question",
    "type_id": 0,
    "uid": "9534877",
    "url": "https://www.biostars.org/p/9534877/",
    "view_count": 420,
    "vote_count": 0,
    "xhtml": "<p>Hello,\nI want to inverse quantile normalized by gene count data for brain cortex tissue.\nI am trying to follow the gtex qtl pipeline for this:\n<a href=\"https://github.com/broadinstitute/gtex-pipeline/blob/master/qtl/README.md\" rel=\"nofollow\">https://github.com/broadinstitute/gtex-pipeline/blob/master/qtl/README.md</a>\nBut I think this is primarily for eqtl.\nCan I follow the same pipeline but not for eqtl, I just want to normalized my gene count file and not do any eqtl analysis on this?</p>\n"
}