{
    "answer_count": 4,
    "author": "getanid123",
    "author_uid": "63759",
    "book_count": 0,
    "comment_count": 4,
    "content": "Hi All,\r\n\r\nI am a newbie in computing biological data and I have 30 samples ranging from 3-8GB size obtained when studying embryonic development of cells in small and large groups.I was doing batch correction as first step of my pipeline and was struck with this step.\r\nI am planning to do kBET and MNNcorrect batch correction methods and would like to know how I can generate the matrix [rows -cells, columns -genes]. I am assuming that I will copy all the file names to rows - which would be my cells; and copy genes as columns. Then I was confused as to what genes to add as columns. \r\n\r\n1. can you please confirm if my understanding is right?\r\n2. Please suggest what I choose as genes and where can I obtain the gene list?\r\n3. Now I am starting to wonder if my pipeline is correct. Please suggest if anyone came across a pipeline which involves batch correction, before QC or alignment to reference?\r\n\r\nThanks a lot for your support!!\r\n\r\n-Swats",
    "creation_date": "2020-02-12T04:26:44.769510+00:00",
    "has_accepted": false,
    "id": 404580,
    "lastedit_date": "2020-02-12T04:26:44.769510+00:00",
    "lastedit_user_uid": "63759",
    "parent_id": 404580,
    "rank": 1581481604.76951,
    "reply_count": 4,
    "root_id": 404580,
    "status": "Open",
    "status_id": 1,
    "subs_count": 1,
    "tag_val": "RNA-Seq",
    "thread_score": 2,
    "title": "single cell RNA seq batch correction question",
    "type": "Question",
    "type_id": 0,
    "uid": "421661",
    "url": "https://www.biostars.org/p/421661/",
    "view_count": 986,
    "vote_count": 0,
    "xhtml": "<p>Hi All,</p>\n\n<p>I am a newbie in computing biological data and I have 30 samples ranging from 3-8GB size obtained when studying embryonic development of cells in small and large groups.I was doing batch correction as first step of my pipeline and was struck with this step.\nI am planning to do kBET and MNNcorrect batch correction methods and would like to know how I can generate the matrix [rows -cells, columns -genes]. I am assuming that I will copy all the file names to rows - which would be my cells; and copy genes as columns. Then I was confused as to what genes to add as columns. </p>\n\n<ol>\n<li>can you please confirm if my understanding is right?</li>\n<li>Please suggest what I choose as genes and where can I obtain the gene list?</li>\n<li>Now I am starting to wonder if my pipeline is correct. Please suggest if anyone came across a pipeline which involves batch correction, before QC or alignment to reference?</li>\n</ol>\n\n<p>Thanks a lot for your support!!</p>\n\n<p>-Swats</p>\n"
}