{
    "answer_count": 7,
    "author": "buthercup_ch",
    "author_uid": "16375",
    "book_count": 0,
    "comment_count": 4,
    "content": "Hello,\n\nWe are studying the differential gene expression of  bacteria under different growth conditions, by applying RNA-Seq.\nThe pipeline she used so far is the following:\n- After quality check and trimming by using Trimmomatic, we use TopHat for mapping the reads against the bacterial genome, and then we use Cufflinks (Cuffdiff) for the analysis of differential expression.\n\nMy question is the following, as TopHat has been designed to detect exon-exon junctions in eukaryotic genomes, how this will affect the analysis of a prokaryotic genome?\n\nI just found information about what seems to be an alternative to TopHat when dealing with bacteria, that is EDGE-pro: http://www.la-press.com/edge-pro-estimated-degree-of-gene-expression-in-prokaryotic-genomes-article-a3586-abstract\nhttp://ccb.jhu.edu/software/EDGE-pro/\n\nDoes anyone experience with this one? \n\nThanks in advance for help\n",
    "creation_date": "2016-06-18T21:38:57.927583+00:00",
    "has_accepted": false,
    "id": 189451,
    "lastedit_date": "2023-04-06T19:12:12.859615+00:00",
    "lastedit_user_uid": "8494",
    "parent_id": 189451,
    "rank": 1476796477.739568,
    "reply_count": 7,
    "root_id": 189451,
    "status": "Open",
    "status_id": 1,
    "subs_count": 2,
    "tag_val": "RNA-Seq,bacteria",
    "thread_score": 1,
    "title": "EDGE-pro: Estimated Degree of Gene Expression in Prokaryotic Genomes",
    "type": "Question",
    "type_id": 0,
    "uid": "197470",
    "url": "https://www.biostars.org/p/197470/",
    "view_count": 2889,
    "vote_count": 1,
    "xhtml": "<p>Hello,</p>\n<p>We are studying the differential gene expression of  bacteria under different growth conditions, by applying RNA-Seq.\nThe pipeline she used so far is the following:</p>\n<ul>\n<li>After quality check and trimming by using Trimmomatic, we use TopHat for mapping the reads against the bacterial genome, and then we use Cufflinks (Cuffdiff) for the analysis of differential expression.</li>\n</ul>\n<p>My question is the following, as TopHat has been designed to detect exon-exon junctions in eukaryotic genomes, how this will affect the analysis of a prokaryotic genome?</p>\n<p>I just found information about what seems to be an alternative to TopHat when dealing with bacteria, that is EDGE-pro: <a href=\"http://www.la-press.com/edge-pro-estimated-degree-of-gene-expression-in-prokaryotic-genomes-article-a3586-abstract\" rel=\"nofollow\">http://www.la-press.com/edge-pro-estimated-degree-of-gene-expression-in-prokaryotic-genomes-article-a3586-abstract</a>\n<a href=\"http://ccb.jhu.edu/software/EDGE-pro/\" rel=\"nofollow\">http://ccb.jhu.edu/software/EDGE-pro/</a></p>\n<p>Does anyone experience with this one?</p>\n<p>Thanks in advance for help</p>\n"
}