{
    "answer_count": 2,
    "author": "das2000sidd",
    "author_uid": "27263",
    "book_count": 0,
    "comment_count": 1,
    "content": "Hi everyone,\n\nI am very frustrated with this and hence decided to reach out here.\n\nDoes anyone have experience with scRNA seq where you use a pre annotated single cell atlas and integrate your data to look for similarities from cell type of pre annotated single cell atlas and the given data?\n\nThere is a tool called scArches to do this but was wondering if somebody had worked on a similar problem and could just tools or pipelines to follow?\n\nThanks so much!",
    "creation_date": "2021-04-08T16:36:24.554146+00:00",
    "has_accepted": false,
    "id": 464218,
    "lastedit_date": "2023-11-06T20:55:57.990130+00:00",
    "lastedit_user_uid": "8494",
    "parent_id": 464218,
    "rank": 1617900801.066083,
    "reply_count": 2,
    "root_id": 464218,
    "status": "Open",
    "status_id": 1,
    "subs_count": 2,
    "tag_val": "machine-learning,scRNA-Seq",
    "thread_score": 0,
    "title": "integrate two single cell datasets and use transfer learning approach using annotated cell atlas",
    "type": "Question",
    "type_id": 0,
    "uid": "9464218",
    "url": "https://www.biostars.org/p/9464218/",
    "view_count": 871,
    "vote_count": 0,
    "xhtml": "<p>Hi everyone,</p>\n<p>I am very frustrated with this and hence decided to reach out here.</p>\n<p>Does anyone have experience with scRNA seq where you use a pre annotated single cell atlas and integrate your data to look for similarities from cell type of pre annotated single cell atlas and the given data?</p>\n<p>There is a tool called scArches to do this but was wondering if somebody had worked on a similar problem and could just tools or pipelines to follow?</p>\n<p>Thanks so much!</p>\n"
}