{
    "answer_count": 3,
    "author": "Sean",
    "author_uid": "15180",
    "book_count": 0,
    "comment_count": 1,
    "content": "I would like to get the alternate allele counts (AC) and the total allele counts (AN) for any variant in each of the five 1000 Genomes super-populations (AFR, AMR, EAS, EUR, SAS) as well as the global population (ALL).\n\n1000 Genomes offers its [Allele Frequency Calculator][1] which gives an output for the global population (ALL) and each sub-population (ACB, ACW, BEB, etc.) like the following:\n\n    CHR   POS    ID  REF  ALT   ALL_POP_TOTAL_CNT  ALL_POP_ALT_CNT  ALL_POP_FRQ  ...\n    1     10177  .   A    AC    5008               2130             0.43         ...\n\nThis gives me exactly what I need, but ideally I would like to have a solution that I can implement in a pipeline (aka independent of the online interface), perhaps using [vcftools][2] or [bcftools][3]. I know I can sum the values for the sub-populations to get the values for each respective super-population, but I also wonder if there is a simpler/faster way that I'm missing.\n\n**What I've tried already**:\n\n- I can easily get AF for the global and super-populations using ANNOVAR, but I still need AC and AN.\n- I can get AC and AF from dbNSFP 2, but this limits the variants to non-synonymous SNPs only. Technically, I could calculate AN by dividing AC by AF, but this introduces rounding errors because AF has been truncated. Additionally, if AC and AF are zero, then I won't be able to calculate AN at all.\n- I have tried using the [fill-an-ac][4] script for VCF files using the technique suggested [here][5]. This will update the AN and AC fields just fine, but it doesn't update the AF field for some reason.\n\n- I've dabbled in the idea of adding up the genotypes (e.g. 0|0, 0|1, 1|1, etc.) in the VCF/BCF files, but I was hoping to avoid this if possible.\n\n**Question**:\n\nHow can I get the AC, AN, and AF of any variant for each of the five 1000 Genomes super-populations as well as the global population? Can I do this without first calculating the sub-populations?\n\nNOTE: I know AF is included in the 1000 Genomes VCF/BCF files, but if someone knows how to get AC, AN, and AF in one fell swoop (similar to Allele Frequency Calculator) then it would be greatly appreciated.\n\n [1]: http://browser.1000genomes.org/Homo_sapiens/UserData/Allele\n [2]: http://vcftools.sourceforge.net/\n [3]: http://samtools.github.io/bcftools/\n [4]: http://vcftools.sourceforge.net/perl_module.html#fill-an-ac\n [5]: http://www.1000genomes.org/faq/how-can-i-get-allele-frequency-my-variant",
    "creation_date": "2014-12-11T17:46:10.030632+00:00",
    "has_accepted": true,
    "id": 117378,
    "lastedit_date": "2022-03-11T20:00:54.675816+00:00",
    "lastedit_user_uid": "8494",
    "parent_id": 117378,
    "rank": 1419305371.102015,
    "reply_count": 3,
    "root_id": 117378,
    "status": "Open",
    "status_id": 1,
    "subs_count": 1,
    "tag_val": "1000Genomes,vcf,allele-counts,bcf",
    "thread_score": 1,
    "title": "Get alternate / total allele counts for 1000 Genomes super-populations",
    "type": "Question",
    "type_id": 0,
    "uid": "123468",
    "url": "https://www.biostars.org/p/123468/",
    "view_count": 5172,
    "vote_count": 0,
    "xhtml": "<p>I would like to get the alternate allele counts (AC) and the total allele counts (AN) for any variant in each of the five 1000 Genomes super-populations (AFR, AMR, EAS, EUR, SAS) as well as the global population (ALL).</p>\n<p>1000 Genomes offers its <a href=\"http://browser.1000genomes.org/Homo_sapiens/UserData/Allele\" rel=\"nofollow\">Allele Frequency Calculator</a> which gives an output for the global population (ALL) and each sub-population (ACB, ACW, BEB, etc.) like the following:</p>\n<pre><code>CHR   POS    ID  REF  ALT   ALL_POP_TOTAL_CNT  ALL_POP_ALT_CNT  ALL_POP_FRQ  ...\n1     10177  .   A    AC    5008               2130             0.43         ...\n</code></pre>\n<p>This gives me exactly what I need, but ideally I would like to have a solution that I can implement in a pipeline (aka independent of the online interface), perhaps using <a href=\"http://vcftools.sourceforge.net/\" rel=\"nofollow\">vcftools</a> or <a href=\"http://samtools.github.io/bcftools/\" rel=\"nofollow\">bcftools</a>. I know I can sum the values for the sub-populations to get the values for each respective super-population, but I also wonder if there is a simpler/faster way that I'm missing.</p>\n<p><strong>What I've tried already</strong>:</p>\n<ul>\n<li>I can easily get AF for the global and super-populations using ANNOVAR, but I still need AC and AN.</li>\n<li>I can get AC and AF from dbNSFP 2, but this limits the variants to non-synonymous SNPs only. Technically, I could calculate AN by dividing AC by AF, but this introduces rounding errors because AF has been truncated. Additionally, if AC and AF are zero, then I won't be able to calculate AN at all.</li>\n<li><p>I have tried using the <a href=\"http://vcftools.sourceforge.net/perl_module.html#fill-an-ac\" rel=\"nofollow\">fill-an-ac</a> script for VCF files using the technique suggested <a href=\"http://www.1000genomes.org/faq/how-can-i-get-allele-frequency-my-variant\" rel=\"nofollow\">here</a>. This will update the AN and AC fields just fine, but it doesn't update the AF field for some reason.</p>\n</li>\n<li><p>I've dabbled in the idea of adding up the genotypes (e.g. 0|0, 0|1, 1|1, etc.) in the VCF/BCF files, but I was hoping to avoid this if possible.</p>\n</li>\n</ul>\n<p><strong>Question</strong>:</p>\n<p>How can I get the AC, AN, and AF of any variant for each of the five 1000 Genomes super-populations as well as the global population? Can I do this without first calculating the sub-populations?</p>\n<p>NOTE: I know AF is included in the 1000 Genomes VCF/BCF files, but if someone knows how to get AC, AN, and AF in one fell swoop (similar to Allele Frequency Calculator) then it would be greatly appreciated.</p>\n"
}