{
    "answer_count": 2,
    "author": "Mbillah",
    "author_uid": "49537",
    "book_count": 1,
    "comment_count": 1,
    "content": "My aim is to find out copy number variants. I knew that CNVnator is enough to find out CNV. Recently I read a post from GitHub. Where they merge CNVnator and lumpy pipeline. Post link: https://gist.github.com/ryanlayer/38b58ef08a5ef7dbe326 Can anyone explain please?\r\nThank you",
    "creation_date": "2018-12-08T09:01:43.366510+00:00",
    "has_accepted": false,
    "id": 342085,
    "lastedit_date": "2019-05-08T10:10:03.296121+00:00",
    "lastedit_user_uid": "54943",
    "parent_id": 342085,
    "rank": 1557310203.296121,
    "reply_count": 2,
    "root_id": 342085,
    "status": "Open",
    "status_id": 1,
    "subs_count": 2,
    "tag_val": "CNVs,SVs",
    "thread_score": 2,
    "title": "Merge CNVnator and Lumpy to find out copy number variants ",
    "type": "Question",
    "type_id": 0,
    "uid": "353538",
    "url": "https://www.biostars.org/p/353538/",
    "view_count": 2712,
    "vote_count": 1,
    "xhtml": "<p>My aim is to find out copy number variants. I knew that CNVnator is enough to find out CNV. Recently I read a post from GitHub. Where they merge CNVnator and lumpy pipeline. Post link: <script src=\"https://gist.github.com/ryanlayer/38b58ef08a5ef7dbe326.js\"></script> Can anyone explain please?\nThank you</p>\n"
}