{
    "answer_count": 9,
    "author": "Farbod",
    "author_uid": "24238",
    "book_count": 0,
    "comment_count": 8,
    "content": "Hi Dear Friends, ( I'm not native in English so, be ready for some possible language flaws)\n\nI have 6 paired end 100 bp fastq files (3 for female and 3 for males, paired-end reads = 12 files) which is from Illumina HiSeq RNA_seq process of a non-model fish. I have run some de novo transcriptome assembly using Trinity package.\n\nNow I want to do some genome-guided investigation on the same data to check for the annotation of transcripts that did not show any blast hit in de novo assembly.\n\nSo, I have downloaded a **close species** reference genome from NCBI.\n\nNow I want to map my reads to that genome.\n\n1. Which **splice aware aligner** is preferred? **STAR or BBmap**?\n2. In the old \"bowtie --> tophat  --> cufflink\" pipeline, it must be some \"bowtiebuild\" preparing the reference genome file, is it needed yet?\n3. Can I use all my 12 files in just one command? or I must use sample1-lef - sample1-right mapping first and then repeat it for other 5 files?\n\nPlease share any useful script for aligning that you think it would be useful.\n\nThank you in advance",
    "creation_date": "2016-07-21T10:08:37.579328+00:00",
    "has_accepted": false,
    "id": 194670,
    "lastedit_date": "2023-04-07T15:06:46.423435+00:00",
    "lastedit_user_uid": "8494",
    "parent_id": 194670,
    "rank": 1469099098.392786,
    "reply_count": 9,
    "root_id": 194670,
    "status": "Open",
    "status_id": 1,
    "subs_count": 2,
    "tag_val": "alignment,RNA-Seq,genome",
    "thread_score": 11,
    "title": "How to map RNA-seq reads of a species to a reference genome of another close species ?",
    "type": "Question",
    "type_id": 0,
    "uid": "202823",
    "url": "https://www.biostars.org/p/202823/",
    "view_count": 2959,
    "vote_count": 1,
    "xhtml": "<p>Hi Dear Friends, ( I'm not native in English so, be ready for some possible language flaws)</p>\n<p>I have 6 paired end 100 bp fastq files (3 for female and 3 for males, paired-end reads = 12 files) which is from Illumina HiSeq RNA_seq process of a non-model fish. I have run some de novo transcriptome assembly using Trinity package.</p>\n<p>Now I want to do some genome-guided investigation on the same data to check for the annotation of transcripts that did not show any blast hit in de novo assembly.</p>\n<p>So, I have downloaded a <strong>close species</strong> reference genome from NCBI.</p>\n<p>Now I want to map my reads to that genome.</p>\n<ol>\n<li>Which <strong>splice aware aligner</strong> is preferred? <strong>STAR or BBmap</strong>?</li>\n<li>In the old \"bowtie --&gt; tophat  --&gt; cufflink\" pipeline, it must be some \"bowtiebuild\" preparing the reference genome file, is it needed yet?</li>\n<li>Can I use all my 12 files in just one command? or I must use sample1-lef - sample1-right mapping first and then repeat it for other 5 files?</li>\n</ol>\n<p>Please share any useful script for aligning that you think it would be useful.</p>\n<p>Thank you in advance</p>\n"
}