{
    "answer_count": 1,
    "author": "Anand Rao",
    "author_uid": "2566",
    "book_count": 0,
    "comment_count": 1,
    "content": "I think I have obtained some weird k-mer patterns after Trimmomatic based trimming of adapters and trimming based on Quality Scores. I wonder if you forum members also consider this weird OR if it is not (much of) a problem at all.  I'd like to know if you think that I may proceed with the next step of my analysis pipeline -  Error Correction for singleton k-mers using ALLPATHS-LG.\r\nAdditional info below, please read on:\r\n\r\nINPUT FILE - http://imgur.com/a/qBKIg\r\n\r\nPost-Trimmomatic FastQC report on k-mer overrepresentation - http://imgur.com/a/IMCa8\r\nTrimmomatic Syntax:\r\n\r\n    java -jar trimmomatic-0.33.jar PE -threads 6 -phred33 -basein EthFoc-11.S285_L007.1.txt -baseout EthFoc-11_S285_L007_trimmomatic5 -trimlog EthFoc-11_trimmomatic5.log ILLUMINACLIP:TruSeq3-PE.fa:2:30:10:1:true LEADING:3 TRAILING:3\r\n\r\n \r\nAfter Trimmomatic, there is k-mer over-representation as shown here. Because I thought this might go away if I clip away the first 10nt away, I performed another Trimmomatic run, this time with HEADCROP:10, so this truncates 10nt at 5' end irrespective of other downstream parameters in the syntax. \r\nPost-Trimmomatic FastQC report on k-mer overrepresentation - http://imgur.com/a/y7DVe\r\nTrimmomatic modified Syntax:\r\n\r\n    java -jar trimmomatic-0.33.jar PE -threads 6 -phred33 -basein EthFoc-11.S285_L007.1.txt -baseout EthFoc-11_S285_L007_trimmomatic6 -trimlog EthFoc-11_trimmomatic6.log ILLUMINACLIP:TruSeq3-PE.fa:2:30:10:1:true HEADCROP:10 LEADING:3 TRAILING:3 SLIDINGWINDOW:4:24 MINLEN:54\r\n\r\nBut this does not seem to fix anything, only makes it look worse than before. Am I not interpreting these FastQC results properly?\r\n\r\nNEXTflex-96 DNA Barcodes from BiooScientific were used for multiplexing. The instrument used was HiSeq 4000 and the NGS library prep was using Kapa HyperPlus Library Preparation Kit. And my understanding is that the sequencing center had already de-multiplexed these Illlumina files that I am not working with. \r\n\r\nHere are couple of links where such a problem is discussed on Biostars.\r\nhttps://www.biostars.org/p/159348/ - but for RNASeq, so not directly relevant to my WGS samples\r\nhttps://www.biostars.org/p/252744/ - k-mer overrepresentation looks quite similar to mine - one source of this is listed to be random priming.\r\nAgain, mine is not RNASeq sample, but WGS sample. Importantly, I think there is no random priming and no PCR step during Kapa HyperPlus Library Preparation. So I am puzzled WHY k-mers are overrepresented the way they are?\r\nIn the second post linked above, I did notice how the scale is very different (18), but even in my analyses, first time log2(Obs/Exp) gets worse from ~5 to ~8...\r\n\r\nSince I am new to NGS Illumina sequence QC, any & all advice, education, suggestions are welcome.",
    "creation_date": "2017-08-06T19:34:06.166829+00:00",
    "has_accepted": false,
    "id": 256989,
    "lastedit_date": "2017-08-06T19:35:30.554680+00:00",
    "lastedit_user_uid": "2566",
    "parent_id": 256989,
    "rank": 1502048130.55468,
    "reply_count": 1,
    "root_id": 256989,
    "status": "Open",
    "status_id": 1,
    "subs_count": 1,
    "tag_val": "Adapter,Trimming,k-mer,Trimmomatic,FastQC",
    "thread_score": 0,
    "title": "k-mer overrepresentation of WGS Illumina reads",
    "type": "Question",
    "type_id": 0,
    "uid": "266451",
    "url": "https://www.biostars.org/p/266451/",
    "view_count": 2416,
    "vote_count": 0,
    "xhtml": "<p>I think I have obtained some weird k-mer patterns after Trimmomatic based trimming of adapters and trimming based on Quality Scores. I wonder if you forum members also consider this weird OR if it is not (much of) a problem at all.  I'd like to know if you think that I may proceed with the next step of my analysis pipeline -  Error Correction for singleton k-mers using ALLPATHS-LG.\nAdditional info below, please read on:</p>\n\n<p>INPUT FILE - <a rel=\"nofollow\" href=\"http://imgur.com/a/qBKIg\">http://imgur.com/a/qBKIg</a></p>\n\n<p>Post-Trimmomatic FastQC report on k-mer overrepresentation - <a rel=\"nofollow\" href=\"http://imgur.com/a/IMCa8\">http://imgur.com/a/IMCa8</a>\nTrimmomatic Syntax:</p>\n\n<pre class=\"pre\"><code class=\"language-bash\">java -jar trimmomatic-0.33.jar PE -threads 6 -phred33 -basein EthFoc-11.S285_L007.1.txt -baseout EthFoc-11_S285_L007_trimmomatic5 -trimlog EthFoc-11_trimmomatic5.log ILLUMINACLIP:TruSeq3-PE.fa:2:30:10:1:true LEADING:3 TRAILING:3\n</code></pre>\n\n<p>After Trimmomatic, there is k-mer over-representation as shown here. Because I thought this might go away if I clip away the first 10nt away, I performed another Trimmomatic run, this time with HEADCROP:10, so this truncates 10nt at 5' end irrespective of other downstream parameters in the syntax. \nPost-Trimmomatic FastQC report on k-mer overrepresentation - <a rel=\"nofollow\" href=\"http://imgur.com/a/y7DVe\">http://imgur.com/a/y7DVe</a>\nTrimmomatic modified Syntax:</p>\n\n<pre class=\"pre\"><code class=\"language-bash\">java -jar trimmomatic-0.33.jar PE -threads 6 -phred33 -basein EthFoc-11.S285_L007.1.txt -baseout EthFoc-11_S285_L007_trimmomatic6 -trimlog EthFoc-11_trimmomatic6.log ILLUMINACLIP:TruSeq3-PE.fa:2:30:10:1:true HEADCROP:10 LEADING:3 TRAILING:3 SLIDINGWINDOW:4:24 MINLEN:54\n</code></pre>\n\n<p>But this does not seem to fix anything, only makes it look worse than before. Am I not interpreting these FastQC results properly?</p>\n\n<p>NEXTflex-96 DNA Barcodes from BiooScientific were used for multiplexing. The instrument used was HiSeq 4000 and the NGS library prep was using Kapa HyperPlus Library Preparation Kit. And my understanding is that the sequencing center had already de-multiplexed these Illlumina files that I am not working with. </p>\n\n<p>Here are couple of links where such a problem is discussed on Biostars.\n<a rel=\"nofollow\" href=\"https://www.biostars.org/p/159348/\">How to remove kmer profiles?</a> - but for RNASeq, so not directly relevant to my WGS samples\n<a rel=\"nofollow\" href=\"https://www.biostars.org/p/252744/\">fastqc: kmer-content failed</a> - k-mer overrepresentation looks quite similar to mine - one source of this is listed to be random priming.\nAgain, mine is not RNASeq sample, but WGS sample. Importantly, I think there is no random priming and no PCR step during Kapa HyperPlus Library Preparation. So I am puzzled WHY k-mers are overrepresented the way they are?\nIn the second post linked above, I did notice how the scale is very different (18), but even in my analyses, first time log2(Obs/Exp) gets worse from ~5 to ~8...</p>\n\n<p>Since I am new to NGS Illumina sequence QC, any &amp; all advice, education, suggestions are welcome.</p>\n"
}