{
    "answer_count": 1,
    "author": "a.hoogeveen",
    "author_uid": "46563",
    "book_count": 0,
    "comment_count": 1,
    "content": "Dear all, \r\n\r\nThe pipeline I am working on will call sites in sequenced regions with bcftools. We have sequenced replicates of species we know to have the same genotype. The idea is to combine these replicates into one genotype for each species. \r\n\r\nTo do this I have written a python script that uses pyvcf to walk through all the records and combine these replicates. I ran into a snag with combining the Phred-scaled genotype likelihoods. \r\n\r\nRight now I'm combining the score for each genotype by taking the max over the replicates. Preferably the genotype likelihood would be recalculated.\r\n\r\nWould recalculating the PL be possible? Is there documentation on how the genotype likelihood is calculated?",
    "creation_date": "2018-05-08T12:09:59.004489+00:00",
    "has_accepted": false,
    "id": 303242,
    "lastedit_date": "2018-05-08T12:09:59.004489+00:00",
    "lastedit_user_uid": "46563",
    "parent_id": 303242,
    "rank": 1525781399.004489,
    "reply_count": 1,
    "root_id": 303242,
    "status": "Open",
    "status_id": 1,
    "subs_count": 1,
    "tag_val": "SNP",
    "thread_score": 1,
    "title": "Merging VCF calls, how to combine genotype likelihoods (PL)",
    "type": "Question",
    "type_id": 0,
    "uid": "313799",
    "url": "https://www.biostars.org/p/313799/",
    "view_count": 1370,
    "vote_count": 0,
    "xhtml": "<p>Dear all, </p>\n\n<p>The pipeline I am working on will call sites in sequenced regions with bcftools. We have sequenced replicates of species we know to have the same genotype. The idea is to combine these replicates into one genotype for each species. </p>\n\n<p>To do this I have written a python script that uses pyvcf to walk through all the records and combine these replicates. I ran into a snag with combining the Phred-scaled genotype likelihoods. </p>\n\n<p>Right now I'm combining the score for each genotype by taking the max over the replicates. Preferably the genotype likelihood would be recalculated.</p>\n\n<p>Would recalculating the PL be possible? Is there documentation on how the genotype likelihood is calculated?</p>\n"
}