{
    "answer_count": 2,
    "author": "bio.erikson",
    "author_uid": "47726",
    "book_count": 0,
    "comment_count": 1,
    "content": "I have been tasked to analyze a rich dataset consisting of transcriptomics, proteomics and metabolomics. I want to take a systems biology approach and explore the data and find some new questions to test. I am new to the field of systems biology, and I am trying to find some resources to help me on my endeavor. I have found a few  papers using correlation networks for transcriptomics and I have a copy of *An Introduction to Systems Biology* by Uri Alon in the mail. But I have yet to find any papers that actually use all three types of data in an analysis. And I am struggling to find a resource on how to practically carry out such an analysis, especially on the proteomics and metabolomics side of things. Any recommendations for good systems biology papers and examples of software/pipelines that would be useful in my case would be much appreciated. ",
    "creation_date": "2018-07-09T02:46:35.128400+00:00",
    "has_accepted": false,
    "id": 314726,
    "lastedit_date": "2018-07-11T19:47:20.750845+00:00",
    "lastedit_user_uid": "31025",
    "parent_id": 314726,
    "rank": 1531338440.750845,
    "reply_count": 2,
    "root_id": 314726,
    "status": "Open",
    "status_id": 1,
    "subs_count": 3,
    "tag_val": "systems biology,metabolomics",
    "thread_score": 1,
    "title": "Resources for a systems biology approach to multiomics.",
    "type": "Question",
    "type_id": 0,
    "uid": "325520",
    "url": "https://www.biostars.org/p/325520/",
    "view_count": 1341,
    "vote_count": 1,
    "xhtml": "<p>I have been tasked to analyze a rich dataset consisting of transcriptomics, proteomics and metabolomics. I want to take a systems biology approach and explore the data and find some new questions to test. I am new to the field of systems biology, and I am trying to find some resources to help me on my endeavor. I have found a few  papers using correlation networks for transcriptomics and I have a copy of <em>An Introduction to Systems Biology</em> by Uri Alon in the mail. But I have yet to find any papers that actually use all three types of data in an analysis. And I am struggling to find a resource on how to practically carry out such an analysis, especially on the proteomics and metabolomics side of things. Any recommendations for good systems biology papers and examples of software/pipelines that would be useful in my case would be much appreciated. </p>\n"
}