{
    "answer_count": 2,
    "author": "phusion",
    "author_uid": "24685",
    "book_count": 0,
    "comment_count": 1,
    "content": "Hi all,\r\n\r\nI have recently run CNVkit on some matched tumour-normal samples and I have trouble interpreting the reliability of the CN1 and CN2 estimates. My understanding is that they refer to allele-specific integer copy number values as inferred from total copy number and BAF and that if they differ significantly there is a possibility of allelic imbalance. However, the CN1 values is always lower than the CN2 values for all my samples, which I find highly improbable. I post an example of my output below:\r\n\r\nchromosome\tstart\tend\tgene\tlog2\tprobes\tCN1\tCN2\tbaf\tweight\tdepth  \r\nchr1\t10500\t34977724\tRPL22,MTOR,MTOR,MTOR-AS1,ARID1A\t-0.191955\t254\t0.351843\t1.39899\t0.598086\t100.516\t720.247  \r\nchr1\t34977724\t80014265\tCDKN2C\t-0.294298\t193\t\t\t\t38.9794\t198.895  \r\nchr1\t80014265\t102870652\tRPL5,FAM69A,RPL5\t-0.261633\t102\t\t\t\t21.5914\t136.321  \r\nchr1\t102870652\t234590351\tNRAS,B4GALT3,PPOX,ELF3,ELF3,RP11-510N19.5\t-0.0828552\t488\t0.381008\t1.50737\t0.59647\t111.538\t283.32\r\n\r\nCould someone explain to me whether my results are reliable and if not, how should I fix it? For info I've run CNVkit using the bcbio pipeline.\r\n\r\nThanks!",
    "creation_date": "2016-10-24T07:58:28.580665+00:00",
    "has_accepted": false,
    "id": 209919,
    "lastedit_date": "2016-10-25T02:40:11.708825+00:00",
    "lastedit_user_uid": "24685",
    "parent_id": 209919,
    "rank": 1477363211.708825,
    "reply_count": 2,
    "root_id": 209919,
    "status": "Open",
    "status_id": 1,
    "subs_count": 0,
    "tag_val": "CNVkit",
    "thread_score": 0,
    "title": "Help on understanding CNVkit CN1/CN2",
    "type": "Question",
    "type_id": 0,
    "uid": "218464",
    "url": "https://www.biostars.org/p/218464/",
    "view_count": 3025,
    "vote_count": 0,
    "xhtml": "<p>Hi all,</p>\n\n<p>I have recently run CNVkit on some matched tumour-normal samples and I have trouble interpreting the reliability of the CN1 and CN2 estimates. My understanding is that they refer to allele-specific integer copy number values as inferred from total copy number and BAF and that if they differ significantly there is a possibility of allelic imbalance. However, the CN1 values is always lower than the CN2 values for all my samples, which I find highly improbable. I post an example of my output below:</p>\n\n<p>chromosome  start   end gene    log2    probes  CN1 CN2 baf weight  depth <br>\nchr1    10500   34977724    RPL22,MTOR,MTOR,MTOR-AS1,ARID1A -0.191955   254 0.351843    1.39899 0.598086    100.516 720.247 <br>\nchr1    34977724    80014265    CDKN2C  -0.294298   193             38.9794 198.895 <br>\nchr1    80014265    102870652   RPL5,FAM69A,RPL5    -0.261633   102             21.5914 136.321 <br>\nchr1    102870652   234590351   NRAS,B4GALT3,PPOX,ELF3,ELF3,RP11-510N19.5   -0.0828552  488 0.381008    1.50737 0.59647 111.538 283.32</p>\n\n<p>Could someone explain to me whether my results are reliable and if not, how should I fix it? For info I've run CNVkit using the bcbio pipeline.</p>\n\n<p>Thanks!</p>\n"
}