{
    "answer_count": 1,
    "author": "jb.sequence",
    "author_uid": "39914",
    "book_count": 0,
    "comment_count": 1,
    "content": "Hello,\r\n\r\nI am rather new to bioinformatics (PhD student) and am stuck on a particular part of the pipeline my advisor and I are setting up. I am essentially trying to put together a genomic feature graph that includes promoter, TSS, intron, exon, intergenic, 5'UTR, 3'UTR, and CDS. We want the final output to be a stacked bargraph with percentages. I was able to find a gtf annotations from gencode which has gene, exon, transcript, start_codon, stop_codon, 5'UTR, 3'UTR, and CDS. From the looks of it, it seems I have everything except promoter, intron, and intergenic and would eventually need to remove gene and transcript since they overlap several features. Also, do I also need to account for the overlap of CDS with exon in the gtf file. How would I go about this as far as scripting goes? \r\n\r\nI would really like to use this with featureCounts as it is a rather straight forward program.",
    "creation_date": "2017-06-17T12:19:52.737679+00:00",
    "has_accepted": false,
    "id": 249023,
    "lastedit_date": "2017-06-17T12:19:52.737679+00:00",
    "lastedit_user_uid": "39914",
    "parent_id": 249023,
    "rank": 1497701992.737679,
    "reply_count": 1,
    "root_id": 249023,
    "status": "Open",
    "status_id": 1,
    "subs_count": 1,
    "tag_val": "sequencing,bisulfite sequencing,featureCounts",
    "thread_score": 1,
    "title": "Genomic feature graph",
    "type": "Question",
    "type_id": 0,
    "uid": "258325",
    "url": "https://www.biostars.org/p/258325/",
    "view_count": 1924,
    "vote_count": 0,
    "xhtml": "<p>Hello,</p>\n\n<p>I am rather new to bioinformatics (PhD student) and am stuck on a particular part of the pipeline my advisor and I are setting up. I am essentially trying to put together a genomic feature graph that includes promoter, TSS, intron, exon, intergenic, 5'UTR, 3'UTR, and CDS. We want the final output to be a stacked bargraph with percentages. I was able to find a gtf annotations from gencode which has gene, exon, transcript, start_codon, stop_codon, 5'UTR, 3'UTR, and CDS. From the looks of it, it seems I have everything except promoter, intron, and intergenic and would eventually need to remove gene and transcript since they overlap several features. Also, do I also need to account for the overlap of CDS with exon in the gtf file. How would I go about this as far as scripting goes? </p>\n\n<p>I would really like to use this with featureCounts as it is a rather straight forward program.</p>\n"
}