{
    "answer_count": 0,
    "author": "Spencer",
    "author_uid": "69528",
    "book_count": 0,
    "comment_count": 0,
    "content": "Hi,\r\ni have recently learned Bedtools,but i'm not totally understand the parameter -fs. For example,in the chip-exo pipeline in order to generate stranded read counts trim 1,using -fs. Code as following:\r\nbedtools genomecov -ibam bamfile -fs 1 -d -strand +\r\nbedtools genomecov -ibam bamfile -fs 1 -d -strand -\r\nSo what exactly does it do?\r\n\r\nThanks.",
    "creation_date": "2020-06-09T03:14:32.313515+00:00",
    "has_accepted": false,
    "id": 422003,
    "lastedit_date": "2020-06-17T15:47:05.035552+00:00",
    "lastedit_user_uid": "69528",
    "parent_id": 422003,
    "rank": 1592408825.035552,
    "reply_count": 0,
    "root_id": 422003,
    "status": "Open",
    "status_id": 1,
    "subs_count": 0,
    "tag_val": "bedtools",
    "thread_score": 0,
    "title": "Question about the parameter -fs in bedtools.",
    "type": "Question",
    "type_id": 0,
    "uid": "442565",
    "url": "https://www.biostars.org/p/442565/",
    "view_count": 699,
    "vote_count": 0,
    "xhtml": "<p>Hi,\ni have recently learned Bedtools,but i'm not totally understand the parameter -fs. For example,in the chip-exo pipeline in order to generate stranded read counts trim 1,using -fs. Code as following:\nbedtools genomecov -ibam bamfile -fs 1 -d -strand +\nbedtools genomecov -ibam bamfile -fs 1 -d -strand -\nSo what exactly does it do?</p>\n\n<p>Thanks.</p>\n"
}