{
    "answer_count": 0,
    "author": "careers_lodotherapeutics",
    "author_uid": "35714",
    "book_count": 0,
    "comment_count": 0,
    "content": "Lodo Therapeutics is a drug discovery and development company focused on the creation of novel therapeutics derived from nature that will impact patients around the world.  Lodo seeks to work in partnership with global pharmaceutical companies and world leading non-governmental organizations (NGO\u2019s) to tackle some of the greatest challenges in human health:  drug-resistant microbial infections and cancers. \n\nLodo Therapeutics is seeking an independent, flexible and high-energy Bioinformatic Scientist to join our drug discovery team at our laboratories in the Alexandria Center, New York City. In collaboration with a fast-paced discovery team of chemists, structural biologists and biochemists, the individual will be responsible for analysis of next generation sequencing data including the application of bioinformatics pipelines, report generation and developing information products. You will assist in transitioning NGS processing pipelines to AWS infrastructure, and will institute best CI/CD practices for our incoming data and analytical software. The team is using sequence information to discover new natural products from the microbial metagenome.\n\n**RESPONSIBILITIES**:\n\n - Develop and implement analysis approaches\n - Implement, execute and document NGS data analysis workflows\n - Analyze sequencing data using established workflows\n - Assist in management of experimentally produced data sets\n - Document and present results in written or oral reports to other lab members\n - Working with the scientific and bioinformatic staff to determine the appropriate storage medium/database for processed NGS data and critical long-term data. Implement, execute and document NGS data analysis workflows\n\n**EDUCATION AND EXPERIENCE PREFERENCES**:\n\n - BS or MS degree in bioinformatics, computer science, biology,\n   biochemistry or similar\n - Demonstrated exposure to NGS data analysis\n - Excellent programming skills in R, Python, BASH\n - Experience working in a Linux environment\n - Team oriented with excellent written and verbal communication skills\n - Exposure or training in NGS data analysis;  experience with microbiome datasets is a plus\n - Experience establishing applications and data processing workflows on AWS, ideally in the context of NGS data processing\n - Experience in the AWS ecosystem and/or AWS Certification heavily favored.\n\nLodo Therapeutics identifies and produces bioactive natural products directly from the microbial DNA sequence information contained in soil. Information encoded in bacterial genomes, not experimental serendipity, drives our discovery of new medicines. Not constrained by traditional culture-based approaches to natural products drug discovery, Lodo Therapeutics has unlocked a vast trove of overlooked compounds evolutionary selected for processes essential for life. For information, visit our website recent [C&EN article][1]. \n\nPlease send a ***COPY*** of your CV to careers@lodotherapeutics.com\n\nLodo Therapeutics Corporation  \n***Reference Job Code: 16-004-BioStars***  \nAttn: Human Resources  \n430 E 29th St, Suite 845, New York, NY 10016  \nT: 646-828-5950 F: 646-828-5989\n\n  [1]: https://cen.acs.org/articles/94/i43/Lodo-Therapeutics.html",
    "creation_date": "2016-12-20T20:45:03.001077+00:00",
    "has_accepted": false,
    "id": 219424,
    "lastedit_date": "2023-04-12T20:05:21.716594+00:00",
    "lastedit_user_uid": "8494",
    "parent_id": 219424,
    "rank": 1482266703.001077,
    "reply_count": 0,
    "root_id": 219424,
    "status": "Open",
    "status_id": 1,
    "subs_count": 0,
    "tag_val": "next-gen",
    "thread_score": 0,
    "title": "Job: Scientist, Bioinformatics and Data Management Engineer",
    "type": "Job",
    "type_id": 2,
    "uid": "228197",
    "url": "https://www.biostars.org/p/228197/",
    "view_count": 1929,
    "vote_count": 0,
    "xhtml": "<p>Lodo Therapeutics is a drug discovery and development company focused on the creation of novel therapeutics derived from nature that will impact patients around the world.  Lodo seeks to work in partnership with global pharmaceutical companies and world leading non-governmental organizations (NGO\u2019s) to tackle some of the greatest challenges in human health:  drug-resistant microbial infections and cancers.</p>\n<p>Lodo Therapeutics is seeking an independent, flexible and high-energy Bioinformatic Scientist to join our drug discovery team at our laboratories in the Alexandria Center, New York City. In collaboration with a fast-paced discovery team of chemists, structural biologists and biochemists, the individual will be responsible for analysis of next generation sequencing data including the application of bioinformatics pipelines, report generation and developing information products. You will assist in transitioning NGS processing pipelines to AWS infrastructure, and will institute best CI/CD practices for our incoming data and analytical software. The team is using sequence information to discover new natural products from the microbial metagenome.</p>\n<p><strong>RESPONSIBILITIES</strong>:</p>\n<ul>\n<li>Develop and implement analysis approaches</li>\n<li>Implement, execute and document NGS data analysis workflows</li>\n<li>Analyze sequencing data using established workflows</li>\n<li>Assist in management of experimentally produced data sets</li>\n<li>Document and present results in written or oral reports to other lab members</li>\n<li>Working with the scientific and bioinformatic staff to determine the appropriate storage medium/database for processed NGS data and critical long-term data. Implement, execute and document NGS data analysis workflows</li>\n</ul>\n<p><strong>EDUCATION AND EXPERIENCE PREFERENCES</strong>:</p>\n<ul>\n<li>BS or MS degree in bioinformatics, computer science, biology,\nbiochemistry or similar</li>\n<li>Demonstrated exposure to NGS data analysis</li>\n<li>Excellent programming skills in R, Python, BASH</li>\n<li>Experience working in a Linux environment</li>\n<li>Team oriented with excellent written and verbal communication skills</li>\n<li>Exposure or training in NGS data analysis;  experience with microbiome datasets is a plus</li>\n<li>Experience establishing applications and data processing workflows on AWS, ideally in the context of NGS data processing</li>\n<li>Experience in the AWS ecosystem and/or AWS Certification heavily favored.</li>\n</ul>\n<p>Lodo Therapeutics identifies and produces bioactive natural products directly from the microbial DNA sequence information contained in soil. Information encoded in bacterial genomes, not experimental serendipity, drives our discovery of new medicines. Not constrained by traditional culture-based approaches to natural products drug discovery, Lodo Therapeutics has unlocked a vast trove of overlooked compounds evolutionary selected for processes essential for life. For information, visit our website recent <a href=\"https://cen.acs.org/articles/94/i43/Lodo-Therapeutics.html\" rel=\"nofollow\">C&amp;EN article</a>.</p>\n<p>Please send a <strong><em>COPY</em></strong> of your CV to careers@lodotherapeutics.com</p>\n<p>Lodo Therapeutics Corporation<br>\n<strong><em>Reference Job Code: 16-004-BioStars</em></strong><br>\nAttn: Human Resources<br>\n430 E 29th St, Suite 845, New York, NY 10016<br>\nT: 646-828-5950 F: 646-828-5989</p>\n"
}