{
    "answer_count": 6,
    "author": "Parichitran",
    "author_uid": "103516",
    "book_count": 0,
    "comment_count": 5,
    "content": "Dear Biostarians,\n\n\nUsing GATK i successfully created a VCF file.Now i have to validate it.In GATK itself there is an command option to do it\n\n      gatk ValidateVariants \\\n       -R ref.fasta \\\n       -V input.vcf \\\n       --dbsnp dbsnp.vcf\n\nHere in \" --dbsnp \" which dbsp file i have to use ,I am confused regarding latest **GCF_000001405.39.gz** or  **All.vcf.gz**.And also lot other human VCF file too there like archive folder and GATK folder too which further confuses me which to use here.The  above both VCF file links.\n\nTheir links\nhttps://ftp.ncbi.nih.gov/snp/latest_release/VCF/GCF_000001405.39.gz\n                                            or\n\nhttps://ftp.ncbi.nih.gov/snp/organisms/human_9606_b150_GRCh37p13/VCF/00-All.vcf.gz\n\nMy data is processed with GRCh38 reference genome.\n\nOr anyother validations for VCF is there please let me knew it.\n\nThanks in advance",
    "creation_date": "2022-04-07T11:35:15.715936+00:00",
    "has_accepted": false,
    "id": 518109,
    "lastedit_date": "2022-04-08T12:55:10.242627+00:00",
    "lastedit_user_uid": "18713",
    "parent_id": 518109,
    "rank": 1649341119.255784,
    "reply_count": 6,
    "root_id": 518109,
    "status": "Open",
    "status_id": 1,
    "subs_count": 2,
    "tag_val": "VCF,dbsnp,GATK",
    "thread_score": 3,
    "title": "Validation of VCF file generated from GATK pipeline",
    "type": "Question",
    "type_id": 0,
    "uid": "9518109",
    "url": "https://www.biostars.org/p/9518109/",
    "view_count": 1516,
    "vote_count": 0,
    "xhtml": "<p>Dear Biostarians,</p>\n<p>Using GATK i successfully created a VCF file.Now i have to validate it.In GATK itself there is an command option to do it</p>\n<pre><code>  gatk ValidateVariants \\\n   -R ref.fasta \\\n   -V input.vcf \\\n   --dbsnp dbsnp.vcf\n</code></pre>\n<p>Here in \" --dbsnp \" which dbsp file i have to use ,I am confused regarding latest <strong>GCF_000001405.39.gz</strong> or  <strong>All.vcf.gz</strong>.And also lot other human VCF file too there like archive folder and GATK folder too which further confuses me which to use here.The  above both VCF file links.</p>\n<p>Their links\n<a href=\"https://ftp.ncbi.nih.gov/snp/latest_release/VCF/GCF_000001405.39.gz\" rel=\"nofollow\">https://ftp.ncbi.nih.gov/snp/latest_release/VCF/GCF_000001405.39.gz</a>\n                                            or</p>\n<p><a href=\"https://ftp.ncbi.nih.gov/snp/organisms/human_9606_b150_GRCh37p13/VCF/00-All.vcf.gz\" rel=\"nofollow\">https://ftp.ncbi.nih.gov/snp/organisms/human_9606_b150_GRCh37p13/VCF/00-All.vcf.gz</a></p>\n<p>My data is processed with GRCh38 reference genome.</p>\n<p>Or anyother validations for VCF is there please let me knew it.</p>\n<p>Thanks in advance</p>\n"
}