{
    "answer_count": 2,
    "author": "Ram",
    "author_uid": "8494",
    "book_count": 0,
    "comment_count": 1,
    "content": "Hello everyone,\r\n\r\nI'm using a pipeline developed by another bioinformatician in the team a couple of years ago - someone who is no longer in the team. This pipeline uses plink - `module load`s it without specifying a version number.\r\n\r\nThe pipeline also has an awk script that maps X,Y and MT chromosomes to 23,24 and 25 respectively. The current plink standard is to map MT to 26, because 25 maps to the Pseudo Autosomal Region of X and Y.\r\n\r\nWas there a time when MT mapped to 25 for plink - I'm trying to understand why the bioinformatician mapped MT to 25.",
    "creation_date": "2016-11-08T17:30:46.360696+00:00",
    "has_accepted": true,
    "id": 212520,
    "lastedit_date": "2016-11-08T19:10:57.427346+00:00",
    "lastedit_user_uid": "9575",
    "parent_id": 212520,
    "rank": 1478632257.427346,
    "reply_count": 2,
    "root_id": 212520,
    "status": "Open",
    "status_id": 1,
    "subs_count": 1,
    "tag_val": "plink",
    "thread_score": 2,
    "title": "plink and mitochondrial DNA",
    "type": "Question",
    "type_id": 0,
    "uid": "221135",
    "url": "https://www.biostars.org/p/221135/",
    "view_count": 2252,
    "vote_count": 0,
    "xhtml": "<p>Hello everyone,</p>\n\n<p>I'm using a pipeline developed by another bioinformatician in the team a couple of years ago - someone who is no longer in the team. This pipeline uses plink - <code>module load</code>s it without specifying a version number.</p>\n\n<p>The pipeline also has an awk script that maps X,Y and MT chromosomes to 23,24 and 25 respectively. The current plink standard is to map MT to 26, because 25 maps to the Pseudo Autosomal Region of X and Y.</p>\n\n<p>Was there a time when MT mapped to 25 for plink - I'm trying to understand why the bioinformatician mapped MT to 25.</p>\n"
}