{
    "answer_count": 0,
    "author": "girlwithglasses",
    "author_uid": "6987",
    "book_count": 0,
    "comment_count": 0,
    "content": "**February 26-28, 2014, Kuala Lumpur, Malaysia.**\n\nMore details on [the GMOD wiki][1]\n\nGMOD Malaysia 2014 offers an introduction to, and training in, the bioinformatics software offered by the [Generic Model Organism Database project][2]. Over three days, participants will learn about GMOD's free, open-source tools for visualising, storing, and disseminating genetic and genomic data.\n\nThese include:\n\n - [Galaxy][3] analysis pipeline\n - [GBrowse][4] and [JBrowse][5] genome browsers\n - [InterMine][6] data warehouse\n - [MAKER and MAKER-P][7] genome annotation pipelines\n - [Tripal][8] website generator and database interface\n - [Chado][9] database schema\n\nInstruction is by experienced instructors and developers with deep knowledge of the tools and their applications.\nBy the end of the course, participants will have hands-on experience of setting up and using core components needed for a modern genomics project.\n\n[Apply online now!][10]\n\nApplication deadline: 12 February 2014.\n\n![GMOD Malaysia][11]\n\nGMOD Malaysia 2014 is made possible by the extremely generous support of [National Evolutionary Synthesis Center (NESCent)][12] and the NESCent Ambassador program. NESCent promotes the synthesis of information, concepts and knowledge to address significant, emerging, or novel questions in evolutionary science and its applications. NESCent supports research and education across disciplinary, institutional, geographic, and demographic boundaries. The NESCent Ambassador Program is NESCent\u2019s primary international outreach program, and is supported by a three-year grant from the NSF. GMOD is very grateful to be a beneficiary of this generous program.\n\n![NESCent][13]\n\n [1]: http://gmod.org/wiki/GMOD_Malaysia_2014\n [2]: http://gmod.org\n [3]: http://gmod.org/wiki/Galaxy\n [4]: http://gmod.org/wiki/GBrowse\n [5]: http://gmod.org/wiki/JBrowse\n [6]: http://intermine.org\n [7]: http://gmod.org/wiki/MAKER\n [8]: http://tripal.info\n [9]: http://gmod.org/wiki/Chado\n [10]: https://docs.google.com/a/gmod.org/spreadsheet/viewform?usp=drive_web&formkey=dE9vUGlFTFA4SkM2aU05WkpWNWlSOVE6MA#gid=0\n [11]: http://gmod.org/mediawiki/images/thumb/a/a3/GMOD-malaysia.png/300px-GMOD-malaysia.png\n [12]: http://nescent.org\n [13]: http://gmod.org/mediawiki/images/3/3a/NESCentLogo152.jpg",
    "creation_date": "2014-01-21T21:14:22.907854+00:00",
    "has_accepted": false,
    "id": 86098,
    "lastedit_date": "2023-03-02T21:06:05.539343+00:00",
    "lastedit_user_uid": "8494",
    "parent_id": 86098,
    "rank": 1390338862.907854,
    "reply_count": 0,
    "root_id": 86098,
    "status": "Open",
    "status_id": 1,
    "subs_count": 0,
    "tag_val": "training",
    "thread_score": 2,
    "title": "Gmod Malaysia Bioinformatics Training Course",
    "type": "Forum",
    "type_id": 3,
    "uid": "91298",
    "url": "https://www.biostars.org/p/91298/",
    "view_count": 2672,
    "vote_count": 2,
    "xhtml": "<p><strong>February 26-28, 2014, Kuala Lumpur, Malaysia.</strong></p>\n<p>More details on <a href=\"http://gmod.org/wiki/GMOD_Malaysia_2014\" rel=\"nofollow\">the GMOD wiki</a></p>\n<p>GMOD Malaysia 2014 offers an introduction to, and training in, the bioinformatics software offered by the <a href=\"http://gmod.org\" rel=\"nofollow\">Generic Model Organism Database project</a>. Over three days, participants will learn about GMOD's free, open-source tools for visualising, storing, and disseminating genetic and genomic data.</p>\n<p>These include:</p>\n<ul>\n<li><a href=\"http://gmod.org/wiki/Galaxy\" rel=\"nofollow\">Galaxy</a> analysis pipeline</li>\n<li><a href=\"http://gmod.org/wiki/GBrowse\" rel=\"nofollow\">GBrowse</a> and <a href=\"http://gmod.org/wiki/JBrowse\" rel=\"nofollow\">JBrowse</a> genome browsers</li>\n<li><a href=\"http://intermine.org\" rel=\"nofollow\">InterMine</a> data warehouse</li>\n<li><a href=\"http://gmod.org/wiki/MAKER\" rel=\"nofollow\">MAKER and MAKER-P</a> genome annotation pipelines</li>\n<li><a href=\"http://tripal.info\" rel=\"nofollow\">Tripal</a> website generator and database interface</li>\n<li><a href=\"http://gmod.org/wiki/Chado\" rel=\"nofollow\">Chado</a> database schema</li>\n</ul>\n<p>Instruction is by experienced instructors and developers with deep knowledge of the tools and their applications.\nBy the end of the course, participants will have hands-on experience of setting up and using core components needed for a modern genomics project.</p>\n<p><a href=\"https://docs.google.com/a/gmod.org/spreadsheet/viewform?usp=drive_web&amp;formkey=dE9vUGlFTFA4SkM2aU05WkpWNWlSOVE6MA#gid=0\" rel=\"nofollow\">Apply online now!</a></p>\n<p>Application deadline: 12 February 2014.</p>\n<p><img alt=\"GMOD Malaysia\" src=\"http://gmod.org/mediawiki/images/thumb/a/a3/GMOD-malaysia.png/300px-GMOD-malaysia.png\"></p>\n<p>GMOD Malaysia 2014 is made possible by the extremely generous support of <a href=\"http://nescent.org\" rel=\"nofollow\">National Evolutionary Synthesis Center (NESCent)</a> and the NESCent Ambassador program. NESCent promotes the synthesis of information, concepts and knowledge to address significant, emerging, or novel questions in evolutionary science and its applications. NESCent supports research and education across disciplinary, institutional, geographic, and demographic boundaries. The NESCent Ambassador Program is NESCent\u2019s primary international outreach program, and is supported by a three-year grant from the NSF. GMOD is very grateful to be a beneficiary of this generous program.</p>\n<p><img alt=\"NESCent\" src=\"http://gmod.org/mediawiki/images/3/3a/NESCentLogo152.jpg\"></p>\n"
}