{
    "answer_count": 9,
    "author": "dtatarak",
    "author_uid": "46506",
    "book_count": 0,
    "comment_count": 6,
    "content": "Hi all,\r\n\r\nI'm a relative newcomer to RNA-seq analysis, and I am now at the point where I want to do GO term analysis on my dataset. \r\n\r\nI have done hierarchical clustering of my dataset consisting of 800 differentially expressed genes from Zebrafish samples. I have identified clusters that are interesting based on their expression patterns, and I now want to look at the gene ontology within these clusters.\r\n\r\nI have looked at several R packages for GO term analysis online including clusterProfiler and GOexpress. But the documentation leaves something to be desired for an R newbie like myself. Does anyone have a suggestion for a GO term analysis pipeline they have used in R? Thank you very much!\r\n\r\nBest\r\nDavid Tatarakis",
    "creation_date": "2018-06-01T17:28:47.423328+00:00",
    "has_accepted": false,
    "id": 307612,
    "lastedit_date": "2021-12-29T14:46:26.616436+00:00",
    "lastedit_user_uid": "102589",
    "parent_id": 307612,
    "rank": 1528105880.224368,
    "reply_count": 9,
    "root_id": 307612,
    "status": "Open",
    "status_id": 1,
    "subs_count": 8,
    "tag_val": "RNA-Seq,GO terms,R",
    "thread_score": 7,
    "title": "A good pipeline for GO term analysis on RNA-seq Clusters in R?",
    "type": "Question",
    "type_id": 0,
    "uid": "318244",
    "url": "https://www.biostars.org/p/318244/",
    "view_count": 7700,
    "vote_count": 1,
    "xhtml": "<p>Hi all,</p>\n\n<p>I'm a relative newcomer to RNA-seq analysis, and I am now at the point where I want to do GO term analysis on my dataset. </p>\n\n<p>I have done hierarchical clustering of my dataset consisting of 800 differentially expressed genes from Zebrafish samples. I have identified clusters that are interesting based on their expression patterns, and I now want to look at the gene ontology within these clusters.</p>\n\n<p>I have looked at several R packages for GO term analysis online including clusterProfiler and GOexpress. But the documentation leaves something to be desired for an R newbie like myself. Does anyone have a suggestion for a GO term analysis pipeline they have used in R? Thank you very much!</p>\n\n<p>Best\nDavid Tatarakis</p>\n"
}