{
    "answer_count": 1,
    "author": "u107311201",
    "author_uid": "71998",
    "book_count": 0,
    "comment_count": 1,
    "content": "![enter image description here][1]I wanted to use MSPminer, which needs  a tab-separated values matrix giving the number of reads mapped on genes (rows) across metagenomic samples (columns). ((namely count table))\n\nRecently, I used metawibele, a software also helping preprocessing the fastq.gz files, but the program frequently crushing in the ''prokka\" step.\nThen I tried to use NGLess from embl to generate that count matrix, but I only got the single colum table according the human-gut.ngl (predefined pipeline)........I think I have to modified the script from NGLess, but didn't know how.\n\nI am not familiar with metagenomic WGS data (I used to deal with 16S amplicon data), and don't know how to generate the count table required by MSPminer.\n\n\n  [1]: /media/images/9f040a74-0dbc-4ebc-a4d4-1964550e",
    "creation_date": "2021-09-28T02:55:41.678683+00:00",
    "has_accepted": false,
    "id": 491297,
    "lastedit_date": "2021-09-28T09:25:09.937260+00:00",
    "lastedit_user_uid": "23882",
    "parent_id": 491297,
    "rank": 1632797741.678696,
    "reply_count": 1,
    "root_id": 491297,
    "status": "Open",
    "status_id": 1,
    "subs_count": 2,
    "tag_val": "MSPminer,WGS,NGLess,metawibele",
    "thread_score": 0,
    "title": "From metagenome whole shotgun sequencing (*fastq.gz) to generate count matrix table",
    "type": "Question",
    "type_id": 0,
    "uid": "9491297",
    "url": "https://www.biostars.org/p/9491297/",
    "view_count": 598,
    "vote_count": 0,
    "xhtml": "<p><img alt=\"enter image description here\" src=\"/media/images/9f040a74-0dbc-4ebc-a4d4-1964550e\">I wanted to use MSPminer, which needs  a tab-separated values matrix giving the number of reads mapped on genes (rows) across metagenomic samples (columns). ((namely count table))</p>\n<p>Recently, I used metawibele, a software also helping preprocessing the fastq.gz files, but the program frequently crushing in the ''prokka\" step.\nThen I tried to use NGLess from embl to generate that count matrix, but I only got the single colum table according the human-gut.ngl (predefined pipeline)........I think I have to modified the script from NGLess, but didn't know how.</p>\n<p>I am not familiar with metagenomic WGS data (I used to deal with 16S amplicon data), and don't know how to generate the count table required by MSPminer.</p>\n"
}