{
    "answer_count": 3,
    "author": "guillaume.rbt",
    "author_uid": "14460",
    "book_count": 0,
    "comment_count": 2,
    "content": "Hi,\r\n\r\nI've written a pipeline to perform quantification from RNAseq data with salmon.\r\n\r\nI'm trying to find a way to evaluate the quality of my results.\r\n\r\nI was thinking to run the pipeline on available public dataset and compare my output with another analysis.\r\n\r\nWould anyone have heard of an RNAseq dataset for which the fastq are available, and that have been quantified with salmon?\r\n\r\nThanks",
    "creation_date": "2022-04-13T09:12:26.067072+00:00",
    "has_accepted": true,
    "id": 518918,
    "lastedit_date": "2022-04-26T13:46:34.192509+00:00",
    "lastedit_user_uid": "14460",
    "parent_id": 518918,
    "rank": 1649872463.605023,
    "reply_count": 3,
    "root_id": 518918,
    "status": "Open",
    "status_id": 1,
    "subs_count": 3,
    "tag_val": "salmon,rnaseq",
    "thread_score": 2,
    "title": "Validate RNAseq salmon quantification pipeline",
    "type": "Question",
    "type_id": 0,
    "uid": "9518918",
    "url": "https://www.biostars.org/p/9518918/",
    "view_count": 822,
    "vote_count": 0,
    "xhtml": "<p>Hi,</p>\n<p>I've written a pipeline to perform quantification from RNAseq data with salmon.</p>\n<p>I'm trying to find a way to evaluate the quality of my results.</p>\n<p>I was thinking to run the pipeline on available public dataset and compare my output with another analysis.</p>\n<p>Would anyone have heard of an RNAseq dataset for which the fastq are available, and that have been quantified with salmon?</p>\n<p>Thanks</p>\n"
}