{
    "answer_count": 0,
    "author": "Careers",
    "author_uid": "49554",
    "book_count": 0,
    "comment_count": 0,
    "content": "TwinStrand Biosciences, a Seattle-based genomics company focused on ultra-high accuracy DNA sequencing, seeks a qualified individual for the position of Bioinformatics Engineer.  As a Bioinformatics Engineer, you will work within a team of bioinformatics scientists and software engineering consultants to play a pivotal role in solving important problems in cancer research through genomics pipeline development and deployment. \n\nYou will draft and co-engineer an enterprise customer-facing cloud application that will become the core analytics platform for current and future product lines at TwinStrand. Our cloud application will enable worldwide researchers the most accurate insight into their DNA samples.  Tandem to developing a customer-facing cloud application, you will engineer novel algorithms as command line tools to be used by scientists for further investigating scientific phenomena.\n\nAs a part of the software development team, you will establish and enforce development best practices at TwinStrand.  A process-oriented individual with exceptional attention to detail will excel in the role of Bioinformatics Engineer.  Familiarity with agile programming methods such as test-driven development, collaborative programming, version control flow, and code quality standards is ideal, however, we are eager to support efforts to round out any skills that have not been previously acquired!\n\nWe encourage all employees at TwinStrand to jump in and help with whatever is needed to get the job done.  At TwinStrand, you will learn many skills beyond those required for the core role of Bioinformatics Engineer by working on projects of NGS analysis, UI development, process automation, and even database architecture.\n\nYou are the ideal Bioinformatics Engineer if you love working within a high-performance team in a collaborative environment to deliver high-quality solutions of bioinformatics processing.  We need your expertise in bringing our Duplex Sequencing toolkits into a cloud application, so we can continue to pioneer solutions for human health through scientific discovery.\n\nSPECIFIC DUTIES INCLUDE:\n\n - Deployment of a performant, customer-facing cloud pipeline for automated processing of Duplex Sequencing experiments\n - Maintenance of and improvements to existing internal genomics pipelines\n - Engineering of on-site applications and information systems\n - Management opportunity is available\n\nREQUIREMENTS:\n\n - B.S. in computer science, engineering, or related field. 5+ years of experience\n - Ability to work well within a team, in a fast-paced environment\n - Expert ability in at least one programming language, and proficiency in others\n - Experience in developing genomics pipelines and containerizing workflows\n - High competency with cloud development and deployment\n - High competency with version control systems like Git\n - Effective communication skills\n\nPREFERRED EXPERIENCE:\n\n - M.Sc. or Ph.D. in computer science, engineering, or related field\n - Experience with Amazon Web Services like Batch, EC2, and S3\n - Experience with continuous integration and deployment\n - Experience with API query language\n - Experience with DevOps\n - Experience with analytics and big data systems \n - Biotechnology experience preferred, startup company a bonus\n - Familiarity with high-throughput sequencing libraries and short-read sequencing\n\nWe are a vibrant young company committed to applying a powerful new genomic technology across disciplines to improve human health and accelerate scientific discovery.  We are a spinout from the University of Washington and our mission is to commercially develop and deliver the unprecedented accuracy of Duplex Sequencing&trade; for applications in medicine and life sciences where it can do the greatest good for the greatest number of people. \n\nOur business is multifaceted and encompasses internal development projects, external collaborations and empowering of partner organizations.  Our mission is strongly rooted in academic principles of responsible citizenship within the broader scientific community, yet executed with the nimbleness of a startup, such that research can be rapidly translated into products that benefit many. To the greatest extent possible, we strive for open sharing of knowledge and discovery through publication.\n\nAt TwinStrand we put a premium on creativity, dynamic thinking and a rigorous scientific approach.  You will be challenged to push the boundaries of your knowledge, skills and comfort zone and to take ownership of your area of specialty.  We expect all team members to take on some form of leadership role over time and mentor new team members as we continue to expand.  We want every member of our community to come to work excited each day and able to take pride in the high-quality science to improve human health that they are contributing to.\n\nOur new state-of-the-art NGS laboratory is ideally situated on the Downtown Seattle waterfront overlooking Puget Sound and our genomics team is growing quickly.\n\nQualified Candidates should send a resume and cover letter to careers@twinstrandbio.com.  Please be prepared to provide a relevant code sample upon request.",
    "creation_date": "2018-10-08T20:46:06.263626+00:00",
    "has_accepted": false,
    "id": 330946,
    "lastedit_date": "2023-05-25T15:34:12.320591+00:00",
    "lastedit_user_uid": "8494",
    "parent_id": 330946,
    "rank": 1539034818.647807,
    "reply_count": 0,
    "root_id": 330946,
    "status": "Open",
    "status_id": 1,
    "subs_count": 0,
    "tag_val": "next-gen-sequencing,cloud,pipeline",
    "thread_score": 1,
    "title": "BIOINFORMATICS ENGINEER Position - TwinStrand Bioscience, Seattle, WA, USA",
    "type": "Job",
    "type_id": 2,
    "uid": "342112",
    "url": "https://www.biostars.org/p/342112/",
    "view_count": 1865,
    "vote_count": 1,
    "xhtml": "<p>TwinStrand Biosciences, a Seattle-based genomics company focused on ultra-high accuracy DNA sequencing, seeks a qualified individual for the position of Bioinformatics Engineer.  As a Bioinformatics Engineer, you will work within a team of bioinformatics scientists and software engineering consultants to play a pivotal role in solving important problems in cancer research through genomics pipeline development and deployment.</p>\n<p>You will draft and co-engineer an enterprise customer-facing cloud application that will become the core analytics platform for current and future product lines at TwinStrand. Our cloud application will enable worldwide researchers the most accurate insight into their DNA samples.  Tandem to developing a customer-facing cloud application, you will engineer novel algorithms as command line tools to be used by scientists for further investigating scientific phenomena.</p>\n<p>As a part of the software development team, you will establish and enforce development best practices at TwinStrand.  A process-oriented individual with exceptional attention to detail will excel in the role of Bioinformatics Engineer.  Familiarity with agile programming methods such as test-driven development, collaborative programming, version control flow, and code quality standards is ideal, however, we are eager to support efforts to round out any skills that have not been previously acquired!</p>\n<p>We encourage all employees at TwinStrand to jump in and help with whatever is needed to get the job done.  At TwinStrand, you will learn many skills beyond those required for the core role of Bioinformatics Engineer by working on projects of NGS analysis, UI development, process automation, and even database architecture.</p>\n<p>You are the ideal Bioinformatics Engineer if you love working within a high-performance team in a collaborative environment to deliver high-quality solutions of bioinformatics processing.  We need your expertise in bringing our Duplex Sequencing toolkits into a cloud application, so we can continue to pioneer solutions for human health through scientific discovery.</p>\n<p>SPECIFIC DUTIES INCLUDE:</p>\n<ul>\n<li>Deployment of a performant, customer-facing cloud pipeline for automated processing of Duplex Sequencing experiments</li>\n<li>Maintenance of and improvements to existing internal genomics pipelines</li>\n<li>Engineering of on-site applications and information systems</li>\n<li>Management opportunity is available</li>\n</ul>\n<p>REQUIREMENTS:</p>\n<ul>\n<li>B.S. in computer science, engineering, or related field. 5+ years of experience</li>\n<li>Ability to work well within a team, in a fast-paced environment</li>\n<li>Expert ability in at least one programming language, and proficiency in others</li>\n<li>Experience in developing genomics pipelines and containerizing workflows</li>\n<li>High competency with cloud development and deployment</li>\n<li>High competency with version control systems like Git</li>\n<li>Effective communication skills</li>\n</ul>\n<p>PREFERRED EXPERIENCE:</p>\n<ul>\n<li>M.Sc. or Ph.D. in computer science, engineering, or related field</li>\n<li>Experience with Amazon Web Services like Batch, EC2, and S3</li>\n<li>Experience with continuous integration and deployment</li>\n<li>Experience with API query language</li>\n<li>Experience with DevOps</li>\n<li>Experience with analytics and big data systems </li>\n<li>Biotechnology experience preferred, startup company a bonus</li>\n<li>Familiarity with high-throughput sequencing libraries and short-read sequencing</li>\n</ul>\n<p>We are a vibrant young company committed to applying a powerful new genomic technology across disciplines to improve human health and accelerate scientific discovery.  We are a spinout from the University of Washington and our mission is to commercially develop and deliver the unprecedented accuracy of Duplex Sequencing\u2122 for applications in medicine and life sciences where it can do the greatest good for the greatest number of people.</p>\n<p>Our business is multifaceted and encompasses internal development projects, external collaborations and empowering of partner organizations.  Our mission is strongly rooted in academic principles of responsible citizenship within the broader scientific community, yet executed with the nimbleness of a startup, such that research can be rapidly translated into products that benefit many. To the greatest extent possible, we strive for open sharing of knowledge and discovery through publication.</p>\n<p>At TwinStrand we put a premium on creativity, dynamic thinking and a rigorous scientific approach.  You will be challenged to push the boundaries of your knowledge, skills and comfort zone and to take ownership of your area of specialty.  We expect all team members to take on some form of leadership role over time and mentor new team members as we continue to expand.  We want every member of our community to come to work excited each day and able to take pride in the high-quality science to improve human health that they are contributing to.</p>\n<p>Our new state-of-the-art NGS laboratory is ideally situated on the Downtown Seattle waterfront overlooking Puget Sound and our genomics team is growing quickly.</p>\n<p>Qualified Candidates should send a resume and cover letter to careers@twinstrandbio.com.  Please be prepared to provide a relevant code sample upon request.</p>\n"
}