{
    "answer_count": 13,
    "author": "newDNASeqer",
    "author_uid": "8358",
    "book_count": 1,
    "comment_count": 10,
    "content": "<p>I have 15 exome-seq samples, and have been using <a href='http://bio-bwa.sourceforge.net/'>BWA</a>-PiCard-GATK pipeline to do the variant calling. I did not realize GATK is so slow until I have to analyze this large number of samples. In this HaplotypeCaller step, each sample seems to take at least 2 days (48+ hours). Is this normal is there's something I did wrong? Below is my command, is there anything wrong or GATK-HaplotypeCaller is known this slooooow? </p>\n\n<blockquote>\n  <p>java -Xmx10g -Djava.awt.headless=true -jar\n  /Library/Java/Extensions/GenomeAnalysisTK.jar \\\n  -T HaplotypeCaller \\\n  -minPruning 3 \\\n  -dcov 10 \\\n  -R ./GATK_ref/hg19.fasta \\\n  -I ./GATK/BQSR/sample1_realign.recal.compressed.bam \\\n  -o ./GATK/VQSR/sample1_realign.raw.snps_indels.vcf</p>\n</blockquote>\n\n<p>What other variant calling program do you guys recommend? Can I use the above <strong>sample1_realign.recal.compressed.bam</strong>  file (prepared by GATK procedures before HaplotypeCaller) for use with the program you recommend? Thank you</p>\n\n<p>ps: GATK 2.5 is what I am using.</p>\n",
    "creation_date": "2013-08-08T17:14:53.997434+00:00",
    "has_accepted": false,
    "id": 74066,
    "lastedit_date": "2016-10-04T21:46:49.817362+00:00",
    "lastedit_user_uid": "16232",
    "parent_id": 74066,
    "rank": 1475617609.817362,
    "reply_count": 13,
    "root_id": 74066,
    "status": "Open",
    "status_id": 1,
    "subs_count": 10,
    "tag_val": "gatk",
    "thread_score": 28,
    "title": "Gatk - Haplotypecaller Is So Slow, What Is Faster And As Good?",
    "type": "Question",
    "type_id": 0,
    "uid": "78500",
    "url": "https://www.biostars.org/p/78500/",
    "view_count": 17078,
    "vote_count": 7,
    "xhtml": "<p>I have 15 exome-seq samples, and have been using <a rel=\"nofollow\" href=\"http://bio-bwa.sourceforge.net/\">BWA</a>-PiCard-GATK pipeline to do the variant calling. I did not realize GATK is so slow until I have to analyze this large number of samples. In this HaplotypeCaller step, each sample seems to take at least 2 days (48+ hours). Is this normal is there's something I did wrong? Below is my command, is there anything wrong or GATK-HaplotypeCaller is known this slooooow? </p>\n\n<blockquote>\n  <p>java -Xmx10g -Djava.awt.headless=true -jar\n  /Library/Java/Extensions/GenomeAnalysisTK.jar \\\n  -T HaplotypeCaller \\\n  -minPruning 3 \\\n  -dcov 10 \\\n  -R ./GATK_ref/hg19.fasta \\\n  -I ./GATK/BQSR/sample1_realign.recal.compressed.bam \\\n  -o ./GATK/VQSR/sample1_realign.raw.snps_indels.vcf</p>\n</blockquote>\n\n<p>What other variant calling program do you guys recommend? Can I use the above <strong>sample1_realign.recal.compressed.bam</strong>  file (prepared by GATK procedures before HaplotypeCaller) for use with the program you recommend? Thank you</p>\n\n<p>ps: GATK 2.5 is what I am using.</p>\n"
}