{
    "answer_count": 0,
    "author": "tom5",
    "author_uid": "67709",
    "book_count": 0,
    "comment_count": 0,
    "content": "Hi, I'm attempting to set up an ML model to predict antibody developability properties (eg. aggregation likelihood, viscosity, etc.) from sequence. I've previously worked with the ESM-1b model (https://github.com/facebookresearch/esm) for protein sequences on a toxicity prediction task and achieved good results. I saw that the ABLang model (https://github.com/oxpig/AbLang) is now available for extracting antibody specific sequence embeddings. I'm wondering if there's any guidance on using these embeddings for upstream property prediction tasks. \n\nMy specific task is as follows: \n 1. I have access to a dataset of antibody sequences and corresponding descriptor values that were calculated via a more traditional bioinformatics pipeline, and want to see if I can predict these descriptor values via an ml pipeline. These values are linear in nature, but can be made categorical (eg. high aggregation likelihood vs. low aggregation likelihood). \n 2. I plan to use a pre-trained language model (eg. AbLang) to extract embeddings for each of my antibody sequences. These embeddings will be paired with the descriptors corresponding to the input amino acid sequence. That is, for each input antibody sequence, I'll produce an (embedding, descriptor) pair for all descriptors associated with that antibody (eg. aggregation likelihood, viscosity, etc.). \n 3. I will set up a predictive model for each descriptor, with the data generated in step two as training data. This will leave me with multiple models, one for each descriptor. As an initial step, I was thinking of using just two layers in the predictive models, a fully connected layer and an output layer. To make training easier, I can convert my linear descriptor label to binary labels (eg. high aggregation likelihood vs. low aggregation likelihood). \n \nIs the approach in step three sufficient for a baseline test of the predictive validity of antibody sequence embeddings generated by ABLang on developability properties? I have around 2,000 antibody sequences total (training and test). Or will I need to set up a more complex model? Additionally, are there other models you may recommend I look into, either for the developability property prediction task or the embedding generation task? I've looked into DeepAb as well (https://github.com/RosettaCommons/DeepAb). Value the help!",
    "creation_date": "2022-06-22T07:15:11.466573+00:00",
    "has_accepted": false,
    "id": 528157,
    "lastedit_date": "2022-06-22T16:49:23.649020+00:00",
    "lastedit_user_uid": "67709",
    "parent_id": 528157,
    "rank": 1655882111.466587,
    "reply_count": 0,
    "root_id": 528157,
    "status": "Open",
    "status_id": 1,
    "subs_count": 1,
    "tag_val": "ML,fab,Alphafold,mab,antibody",
    "thread_score": 0,
    "title": "Generating embeddings for antibody data",
    "type": "Question",
    "type_id": 0,
    "uid": "9528157",
    "url": "https://www.biostars.org/p/9528157/",
    "view_count": 685,
    "vote_count": 0,
    "xhtml": "<p>Hi, I'm attempting to set up an ML model to predict antibody developability properties (eg. aggregation likelihood, viscosity, etc.) from sequence. I've previously worked with the ESM-1b model (<a href=\"https://github.com/facebookresearch/esm\" rel=\"nofollow\">https://github.com/facebookresearch/esm</a>) for protein sequences on a toxicity prediction task and achieved good results. I saw that the ABLang model (<a href=\"https://github.com/oxpig/AbLang\" rel=\"nofollow\">https://github.com/oxpig/AbLang</a>) is now available for extracting antibody specific sequence embeddings. I'm wondering if there's any guidance on using these embeddings for upstream property prediction tasks.</p>\n<p>My specific task is as follows:</p>\n<ol>\n<li>I have access to a dataset of antibody sequences and corresponding descriptor values that were calculated via a more traditional bioinformatics pipeline, and want to see if I can predict these descriptor values via an ml pipeline. These values are linear in nature, but can be made categorical (eg. high aggregation likelihood vs. low aggregation likelihood). </li>\n<li>I plan to use a pre-trained language model (eg. AbLang) to extract embeddings for each of my antibody sequences. These embeddings will be paired with the descriptors corresponding to the input amino acid sequence. That is, for each input antibody sequence, I'll produce an (embedding, descriptor) pair for all descriptors associated with that antibody (eg. aggregation likelihood, viscosity, etc.). </li>\n<li>I will set up a predictive model for each descriptor, with the data generated in step two as training data. This will leave me with multiple models, one for each descriptor. As an initial step, I was thinking of using just two layers in the predictive models, a fully connected layer and an output layer. To make training easier, I can convert my linear descriptor label to binary labels (eg. high aggregation likelihood vs. low aggregation likelihood). </li>\n</ol>\n<p>Is the approach in step three sufficient for a baseline test of the predictive validity of antibody sequence embeddings generated by ABLang on developability properties? I have around 2,000 antibody sequences total (training and test). Or will I need to set up a more complex model? Additionally, are there other models you may recommend I look into, either for the developability property prediction task or the embedding generation task? I've looked into DeepAb as well (<a href=\"https://github.com/RosettaCommons/DeepAb\" rel=\"nofollow\">https://github.com/RosettaCommons/DeepAb</a>). Value the help!</p>\n"
}