{
    "answer_count": 4,
    "author": "asidhu",
    "author_uid": "49585",
    "book_count": 0,
    "comment_count": 2,
    "content": "I'm trying to create a pipeline that converts FASTQ --> VCF and it would include the option of single-end and paired-end reads. I am a little bit confused about how to approach this for paired-end reads as they are more complicated. For single-end pairs I've done the following steps:\r\n\r\n - Demultiplex with `sabre se`\r\n - Trim adapters with Cutadapt\r\n - Map reads with BWA\r\n - Convert .SAM to .BAM using `samtools view`\r\n - Sorted alignments using `samtools sort`\r\n - Created an index using `samtools index`\r\n - Used `samtools mpileup` to create .BCF\r\n - Converted .BCF to .VCF using `bcftools call`\r\n\r\nFor single-end pairs this has worked well but I am unsure of the process for paired-end reads. I am new to bioinformatics so I am still in the learning process.\r\n\r\nFor paired-end reads I was told I need to merge the read pairs together before cutting the adapters on each end. Would the process by as follows:\r\n\r\n - Demultiplex with `sabre pe`\r\n - Join the forward and reverse pairs using `pandaseq`\r\n - Trim the adapters from each side using `cutadapt` and since with `pandaseq` a single merged file is created, treat as single-end?",
    "creation_date": "2018-11-13T21:53:38.701049+00:00",
    "has_accepted": false,
    "id": 337786,
    "lastedit_date": "2019-05-13T06:28:11.625011+00:00",
    "lastedit_user_uid": "1",
    "parent_id": 337786,
    "rank": 1557728891.625011,
    "reply_count": 4,
    "root_id": 337786,
    "status": "Open",
    "status_id": 1,
    "subs_count": 5,
    "tag_val": "sabre,pandaseq,cutadapt",
    "thread_score": 0,
    "title": "Demultiplexing before merging paired-end reads?",
    "type": "Question",
    "type_id": 0,
    "uid": "349115",
    "url": "https://www.biostars.org/p/349115/",
    "view_count": 3679,
    "vote_count": 0,
    "xhtml": "<p>I'm trying to create a pipeline that converts FASTQ --&gt; VCF and it would include the option of single-end and paired-end reads. I am a little bit confused about how to approach this for paired-end reads as they are more complicated. For single-end pairs I've done the following steps:</p>\n\n<ul>\n<li>Demultiplex with <code>sabre se</code></li>\n<li>Trim adapters with Cutadapt</li>\n<li>Map reads with BWA</li>\n<li>Convert .SAM to .BAM using <code>samtools view</code></li>\n<li>Sorted alignments using <code>samtools sort</code></li>\n<li>Created an index using <code>samtools index</code></li>\n<li>Used <code>samtools mpileup</code> to create .BCF</li>\n<li>Converted .BCF to .VCF using <code>bcftools call</code></li>\n</ul>\n\n<p>For single-end pairs this has worked well but I am unsure of the process for paired-end reads. I am new to bioinformatics so I am still in the learning process.</p>\n\n<p>For paired-end reads I was told I need to merge the read pairs together before cutting the adapters on each end. Would the process by as follows:</p>\n\n<ul>\n<li>Demultiplex with <code>sabre pe</code></li>\n<li>Join the forward and reverse pairs using <code>pandaseq</code></li>\n<li>Trim the adapters from each side using <code>cutadapt</code> and since with <code>pandaseq</code> a single merged file is created, treat as single-end?</li>\n</ul>\n"
}