{
    "answer_count": 1,
    "author": "malaykbasu",
    "author_uid": "46022",
    "book_count": 0,
    "comment_count": 1,
    "content": "UAB Department of Pathology, Genomic Diagnostics and Bioinformatics Division, is seeking a bioinformatics engineer/analysist/scientist.  Applications are invited from qualified candidates.  Responsibilities of this position include taking a lead role in building and maintaining bioinformatics pipelines for clinical next generation sequencing in a CLIA certified molecular diagnostic laboratory. Reseach and publish in the related areas.  The candidate should have excellent communication and collaborative skills and will work closely with our growing faculty team at the molecular diagnostic laboratory at UAB Hospital.  \n\nThe candidate should have a Masters degree/Ph.D./M.D in relevant a discipline with 2+ years of demonstrated experience in handling next-generation sequencing data and relevant bioinformatics tool-chains. Salary will be commensurate with experience. A Ph.D.  in bioinformatics, may substitute for  experience. A background in analysis of genetic variants in the context of human disease is a plus. Mastery of R, Linux bash shell, and at least one scripting language like Perl or Python is a mandatory requirement. Exposure to web-technologies like Javascript/HTML5/JQuery is a plus. \n\nIndividuals who wish to be considered for this position should submit their Curriculum Vitae to the attention of Malay Basu (malay@uab.edu).\n\nThe University of Alabama at Birmingham is an equal opportunity employer. Women, minorities, and persons with disabilities are encouraged to apply. Women, persons with disabilities, and members of underrepresented minority groups are particularly encouraged to apply. A pre-employment background investigation is performed on candidates selected for employment.",
    "creation_date": "2018-04-10T21:33:35.704573+00:00",
    "has_accepted": false,
    "id": 298166,
    "lastedit_date": "2023-05-22T19:15:21.539836+00:00",
    "lastedit_user_uid": "8494",
    "parent_id": 298166,
    "rank": 1523397304.617405,
    "reply_count": 1,
    "root_id": 298166,
    "status": "Open",
    "status_id": 1,
    "subs_count": 1,
    "tag_val": "next-gen,snp,R",
    "thread_score": 0,
    "title": "Bioinformatics professional in genomic diagnostics and personalized medicine, The University of Alabama at Birmingham, Birmingham, AL, USA",
    "type": "Job",
    "type_id": 2,
    "uid": "308618",
    "url": "https://www.biostars.org/p/308618/",
    "view_count": 946,
    "vote_count": 0,
    "xhtml": "<p>UAB Department of Pathology, Genomic Diagnostics and Bioinformatics Division, is seeking a bioinformatics engineer/analysist/scientist.  Applications are invited from qualified candidates.  Responsibilities of this position include taking a lead role in building and maintaining bioinformatics pipelines for clinical next generation sequencing in a CLIA certified molecular diagnostic laboratory. Reseach and publish in the related areas.  The candidate should have excellent communication and collaborative skills and will work closely with our growing faculty team at the molecular diagnostic laboratory at UAB Hospital.</p>\n<p>The candidate should have a Masters degree/Ph.D./M.D in relevant a discipline with 2+ years of demonstrated experience in handling next-generation sequencing data and relevant bioinformatics tool-chains. Salary will be commensurate with experience. A Ph.D.  in bioinformatics, may substitute for  experience. A background in analysis of genetic variants in the context of human disease is a plus. Mastery of R, Linux bash shell, and at least one scripting language like Perl or Python is a mandatory requirement. Exposure to web-technologies like Javascript/HTML5/JQuery is a plus.</p>\n<p>Individuals who wish to be considered for this position should submit their Curriculum Vitae to the attention of Malay Basu (malay@uab.edu).</p>\n<p>The University of Alabama at Birmingham is an equal opportunity employer. Women, minorities, and persons with disabilities are encouraged to apply. Women, persons with disabilities, and members of underrepresented minority groups are particularly encouraged to apply. A pre-employment background investigation is performed on candidates selected for employment.</p>\n"
}