{
    "answer_count": 0,
    "author": "daniparada97",
    "author_uid": "97686",
    "book_count": 0,
    "comment_count": 0,
    "content": "Hi everyone, \n\nI'm running a **cross-contamination** test by following the gatk pipeline. I have no problem launching GetPileupSummaries and CalculateContamination as I get results, but I don't understand why the default values \u200b\u200bkeep a max-allele frequency of 0.2 and a min-allele frequency of 0.01 when GetPileupSummaries is launched \n\n(I have read all the information available in GATK and the only thing I have been able to get is: *If the homozygous alternate site has a rare allele, we are more likely to observe the presence of REF or other more common alleles if there is cross-sample contamination*)\n\nI have done some tests and I get similar results if I use a max-ref of 0.2 or a max-ref of 0.8, so I don't understand why this can be possible\n\nThanks so much for reading.",
    "creation_date": "2021-09-15T11:41:51.207401+00:00",
    "has_accepted": false,
    "id": 489453,
    "lastedit_date": "2021-09-15T11:42:55.656246+00:00",
    "lastedit_user_uid": "97686",
    "parent_id": 489453,
    "rank": 1631706111.207417,
    "reply_count": 0,
    "root_id": 489453,
    "status": "Open",
    "status_id": 1,
    "subs_count": 1,
    "tag_val": "getpileupsummaries,calculatecontamination,cross-contamination,gatk",
    "thread_score": 0,
    "title": "What do the values \u200b\u200bof max-allele frequency and min-allele frequency mean in the GATK GetPileupSumaries tool? (CalculateContamination)",
    "type": "Question",
    "type_id": 0,
    "uid": "9489453",
    "url": "https://www.biostars.org/p/9489453/",
    "view_count": 551,
    "vote_count": 0,
    "xhtml": "<p>Hi everyone,</p>\n<p>I'm running a <strong>cross-contamination</strong> test by following the gatk pipeline. I have no problem launching GetPileupSummaries and CalculateContamination as I get results, but I don't understand why the default values \u200b\u200bkeep a max-allele frequency of 0.2 and a min-allele frequency of 0.01 when GetPileupSummaries is launched</p>\n<p>(I have read all the information available in GATK and the only thing I have been able to get is: <em>If the homozygous alternate site has a rare allele, we are more likely to observe the presence of REF or other more common alleles if there is cross-sample contamination</em>)</p>\n<p>I have done some tests and I get similar results if I use a max-ref of 0.2 or a max-ref of 0.8, so I don't understand why this can be possible</p>\n<p>Thanks so much for reading.</p>\n"
}