{
    "answer_count": 16,
    "author": "Tom",
    "author_uid": "47041",
    "book_count": 1,
    "comment_count": 14,
    "content": "*Edit for future readers: I assume the problem here was that the tool i was running tried to contact the servers of the manufacturer. It wouldn't continue working unless the connection was successful, but wouldn't indicate what it was trying to do. The `--preserve-entire-environment` flag of cwltool fixed the problem because it enabled to software to communicate through the network.\r\n\r\nOriginal Questions:\r\n\r\nI'm new to cwl and not very experienced in programming in general, so please bear with me.\r\n\r\nI have created CommandLineTool which is supposed to use Oxford Nanopore's albacore basecaller to generate .fastq-Files from .fast5 current data.\r\n\r\nWhen using this CommandLineTool, it takes about five minutes to generate all output files in the output directory. However, the cwl-runner job does not end for several more hours.\r\nWhen i invoke the basecaller manually from the command line, using the same parameters i use in the CommandLineTool, it generates the exact same data and then finishes in about 5 minutes.\r\n\r\nCould this be caused by a faulty outputs-field? I am still having difficulties understanding how outputs in cwl work. But the fact that the tool takes multiple hours to terminate makes it difficult for me to trace where my mistake lies. \r\n\r\nThe outputs i am expecting are some report files: *\"configuration.cfg\", \"pipeline.log\", \"sequencing_summary.txt\", \"sequencing_telemetry.js\"*\r\nAs well as a directory called *\"workspace\"* containing several subdirectories filled with .fastq-files. \r\n\r\nThis is the code of the CommandLineTool:\r\n\r\n    cwlVersion: v1.0\r\n    class: CommandLineTool\r\n    baseCommand: read_fast5_basecaller.py\r\n    \r\n    inputs:\r\n      input_directory:\r\n        label: |\r\n          Folder of current data in .fast5 format.\r\n        type: Directory\r\n        inputBinding:\r\n          prefix: --input\r\n      worker_threads:\r\n        label: |\r\n          Number of CPU-Cores used for computation.\r\n        type: int\r\n        inputBinding:\r\n          prefix: --worker_threads\r\n      flowcell:\r\n        label: |\r\n          Type of flowcell used in experiment.\r\n        type: string\r\n        inputBinding:\r\n          prefix: --flowcell\r\n      kit:\r\n        label: |\r\n          Type of kit used in experiment.\r\n        type: string\r\n        inputBinding:\r\n          prefix: --kit\r\n      output_directory:\r\n        label: |\r\n          Folder where albacore saves results.\r\n        type: string\r\n        inputBinding:\r\n          prefix: --save_path\r\n    \r\n    outputs:\r\n      sequences:\r\n        type:\r\n          type: array\r\n          items: File\r\n        outputBinding:\r\n          glob: $(inputs.output_directory+\"/workspace/pass/*.fasta\")\r\n      config:\r\n        type: File\r\n        outputBinding:\r\n          glob: $(inputs.output_directory+\"configuration.cfg\")\r\n      pipeline:\r\n        type: File\r\n        outputBinding:\r\n          glob: $(inputs.output_directory+\"pipeline.log\")\r\n      summary:\r\n        type: File\r\n        outputBinding:\r\n          glob: $(inputs.output_directory+\"sequencing_summary.txt\")\r\n      telemetry:\r\n        type: File\r\n        outputBinding:\r\n          glob: $(inputs.output_directory+\"sequencing_telemetry.txt\")\r\n\r\nThanks in advance for any help/advice.\r\n\r\n*edited the post to make it shorter & more comprehensible*\r\n",
    "creation_date": "2018-06-04T10:06:54.501021+00:00",
    "has_accepted": true,
    "id": 307930,
    "lastedit_date": "2020-02-26T13:49:20.147443+00:00",
    "lastedit_user_uid": "47041",
    "parent_id": 307930,
    "rank": 1582724960.147443,
    "reply_count": 16,
    "root_id": 307930,
    "status": "Open",
    "status_id": 1,
    "subs_count": 2,
    "tag_val": "cwl",
    "thread_score": 17,
    "title": "CommandLineTool doesn't finish",
    "type": "Question",
    "type_id": 0,
    "uid": "318570",
    "url": "https://www.biostars.org/p/318570/",
    "view_count": 2784,
    "vote_count": 3,
    "xhtml": "<p>*Edit for future readers: I assume the problem here was that the tool i was running tried to contact the servers of the manufacturer. It wouldn't continue working unless the connection was successful, but wouldn't indicate what it was trying to do. The <code>--preserve-entire-environment</code> flag of cwltool fixed the problem because it enabled to software to communicate through the network.</p>\n\n<p>Original Questions:</p>\n\n<p>I'm new to cwl and not very experienced in programming in general, so please bear with me.</p>\n\n<p>I have created CommandLineTool which is supposed to use Oxford Nanopore's albacore basecaller to generate .fastq-Files from .fast5 current data.</p>\n\n<p>When using this CommandLineTool, it takes about five minutes to generate all output files in the output directory. However, the cwl-runner job does not end for several more hours.\nWhen i invoke the basecaller manually from the command line, using the same parameters i use in the CommandLineTool, it generates the exact same data and then finishes in about 5 minutes.</p>\n\n<p>Could this be caused by a faulty outputs-field? I am still having difficulties understanding how outputs in cwl work. But the fact that the tool takes multiple hours to terminate makes it difficult for me to trace where my mistake lies. </p>\n\n<p>The outputs i am expecting are some report files: <em>\"configuration.cfg\", \"pipeline.log\", \"sequencing_summary.txt\", \"sequencing_telemetry.js\"</em>\nAs well as a directory called <em>\"workspace\"</em> containing several subdirectories filled with .fastq-files. </p>\n\n<p>This is the code of the CommandLineTool:</p>\n\n<pre class=\"pre\"><code class=\"language-bash\">cwlVersion: v1.0\nclass: CommandLineTool\nbaseCommand: read_fast5_basecaller.py\n\ninputs:\n  input_directory:\n    label: |\n      Folder of current data in .fast5 format.\n    type: Directory\n    inputBinding:\n      prefix: --input\n  worker_threads:\n    label: |\n      Number of CPU-Cores used for computation.\n    type: int\n    inputBinding:\n      prefix: --worker_threads\n  flowcell:\n    label: |\n      Type of flowcell used in experiment.\n    type: string\n    inputBinding:\n      prefix: --flowcell\n  kit:\n    label: |\n      Type of kit used in experiment.\n    type: string\n    inputBinding:\n      prefix: --kit\n  output_directory:\n    label: |\n      Folder where albacore saves results.\n    type: string\n    inputBinding:\n      prefix: --save_path\n\noutputs:\n  sequences:\n    type:\n      type: array\n      items: File\n    outputBinding:\n      glob: $(inputs.output_directory+\"/workspace/pass/*.fasta\")\n  config:\n    type: File\n    outputBinding:\n      glob: $(inputs.output_directory+\"configuration.cfg\")\n  pipeline:\n    type: File\n    outputBinding:\n      glob: $(inputs.output_directory+\"pipeline.log\")\n  summary:\n    type: File\n    outputBinding:\n      glob: $(inputs.output_directory+\"sequencing_summary.txt\")\n  telemetry:\n    type: File\n    outputBinding:\n      glob: $(inputs.output_directory+\"sequencing_telemetry.txt\")\n</code></pre>\n\n<p>Thanks in advance for any help/advice.</p>\n\n<p><em>edited the post to make it shorter &amp; more comprehensible</em></p>\n"
}