{
    "answer_count": 3,
    "author": "pv6077",
    "author_uid": "71650",
    "book_count": 0,
    "comment_count": 3,
    "content": "I'm an R beginner trying to learn how to analyze single-cell seq data using Seurat tools. I wanted to try to work with a published Drop-seq UMI count dataset available via GEO:\r\n\r\nhttps://ftp.ncbi.nlm.nih.gov/geo/samples/GSM2781nnn/GSM2781556/suppl/GSM2781556_Dropseq_120000_umi.txt.gz\r\n\r\nI've encountered two errors trying to load this data into R:\r\n1. Using `data <- read.table(file = /path/to/file, sep = '\\t')` results in a memory error `Cannot allocate vector of size 125 Kb`. To work around this I've tried to use `memory.limit()` to try to get around this (I have 8Gb of RAM) but R always crashes. \r\n\r\n2. To get around the memory issue another way I've tried to use `read.table.ffdf` using various combinations of parameters i.e.`row.names = 1`, `header = TRUE` but each results in an error. i.e. `attempt to set 'rownames' on an object with no dimensions` and `more columns than column names`. \r\n\r\nI think the issue comes down to the fact that I do not know what this data file looks like and because it is very large data file (~4Gb) I haven't been able to open it to view it myself, even using LTFviewer. So does anybody have any tips on how to load in large single-cell seq UMI count files for use in Seurat pipeline? Would using `read.table.ffdf` work if I found the correct parameters to load in the file or is there a better way to go about this all together?\r\n\r\nThank you!\r\n",
    "creation_date": "2020-07-13T18:58:19.132312+00:00",
    "has_accepted": false,
    "id": 427110,
    "lastedit_date": "2020-07-13T18:58:19.132312+00:00",
    "lastedit_user_uid": "71650",
    "parent_id": 427110,
    "rank": 1594666699.132312,
    "reply_count": 3,
    "root_id": 427110,
    "status": "Open",
    "status_id": 1,
    "subs_count": 1,
    "tag_val": "seurat,R",
    "thread_score": 2,
    "title": "Read in UMI count table from GEO for use in Seurat pipeline",
    "type": "Question",
    "type_id": 0,
    "uid": "449217",
    "url": "https://www.biostars.org/p/449217/",
    "view_count": 3710,
    "vote_count": 0,
    "xhtml": "<p>I'm an R beginner trying to learn how to analyze single-cell seq data using Seurat tools. I wanted to try to work with a published Drop-seq UMI count dataset available via GEO:</p>\n\n<p><a rel=\"nofollow\" href=\"https://ftp.ncbi.nlm.nih.gov/geo/samples/GSM2781nnn/GSM2781556/suppl/GSM2781556_Dropseq_120000_umi.txt.gz\">https://ftp.ncbi.nlm.nih.gov/geo/samples/GSM2781nnn/GSM2781556/suppl/GSM2781556_Dropseq_120000_umi.txt.gz</a></p>\n\n<p>I've encountered two errors trying to load this data into R:\n1. Using <code>data &lt;- read.table(file = /path/to/file, sep = '\\t')</code> results in a memory error <code>Cannot allocate vector of size 125 Kb</code>. To work around this I've tried to use <code>memory.limit()</code> to try to get around this (I have 8Gb of RAM) but R always crashes. </p>\n\n<ol>\n<li>To get around the memory issue another way I've tried to use <code>read.table.ffdf</code> using various combinations of parameters i.e.<code>row.names = 1</code>, <code>header = TRUE</code> but each results in an error. i.e. <code>attempt to set 'rownames' on an object with no dimensions</code> and <code>more columns than column names</code>. </li>\n</ol>\n\n<p>I think the issue comes down to the fact that I do not know what this data file looks like and because it is very large data file (~4Gb) I haven't been able to open it to view it myself, even using LTFviewer. So does anybody have any tips on how to load in large single-cell seq UMI count files for use in Seurat pipeline? Would using <code>read.table.ffdf</code> work if I found the correct parameters to load in the file or is there a better way to go about this all together?</p>\n\n<p>Thank you!</p>\n"
}