{
    "answer_count": 1,
    "author": "NikhilP",
    "author_uid": "84343",
    "book_count": 1,
    "comment_count": 1,
    "content": "So I have a pipeline written in shell which loops over three folders and then an inside loop which loops over files inside the folder.\n\nFor next step, I have a snakemake file, which takes an input folder and output folder. For trial run I gave the folder path inside the snakemake file. So I was wondering is there any way I can give input and output folder path explicitly.\n\nFor e.g. \n\n```snakemake --cores 30 -s trial.snakemake /path/to/input /path/to/output```\n\nSince I want to change the input and output according to the main loop.\n\nI tried ```import sys``` and using ```sys.argv[1]``` and ```sys.argv[2]``` inside the snakemake file but its not working.\n\nBelow is the snippet of my pipeline, it takes three folder for now, ABC_Samples, DEF_Samples, XYZ_Samples\n\n```\nfor folder in /path/to/*_Samples\ndo\n  folderName=$(basename $folder _Samples)\n  mkdir -p /path/to/output/$fodlerName\n  for files in $folder/*.gz\n  do\n    /\n     do something\n    /\n  done\n  snakemake --cores 30 -s trial.snakemake /path/to/output/$fodlerName /path/to/output2/\ndone\n```\nBut the above doesn't work. So is there any way I can do this. I am really new to snakemake.\n\nThank you in advance.",
    "creation_date": "2021-10-01T06:59:55.413259+00:00",
    "has_accepted": false,
    "id": 491848,
    "lastedit_date": "2021-10-01T07:29:41.249072+00:00",
    "lastedit_user_uid": "30",
    "parent_id": 491848,
    "rank": 1633071595.413272,
    "reply_count": 1,
    "root_id": 491848,
    "status": "Open",
    "status_id": 1,
    "subs_count": 2,
    "tag_val": "snakemake,bash,python,pipeline",
    "thread_score": 3,
    "title": "How to give explicitly input and output to Snakemake file?",
    "type": "Question",
    "type_id": 0,
    "uid": "9491848",
    "url": "https://www.biostars.org/p/9491848/",
    "view_count": 1021,
    "vote_count": 1,
    "xhtml": "<p>So I have a pipeline written in shell which loops over three folders and then an inside loop which loops over files inside the folder.</p>\n<p>For next step, I have a snakemake file, which takes an input folder and output folder. For trial run I gave the folder path inside the snakemake file. So I was wondering is there any way I can give input and output folder path explicitly.</p>\n<p>For e.g.</p>\n<p><code>snakemake --cores 30 -s trial.snakemake /path/to/input /path/to/output</code></p>\n<p>Since I want to change the input and output according to the main loop.</p>\n<p>I tried <code>import sys</code> and using <code>sys.argv[1]</code> and <code>sys.argv[2]</code> inside the snakemake file but its not working.</p>\n<p>Below is the snippet of my pipeline, it takes three folder for now, ABC_Samples, DEF_Samples, XYZ_Samples</p>\n<pre><code>for folder in /path/to/*_Samples\ndo\n  folderName=$(basename $folder _Samples)\n  mkdir -p /path/to/output/$fodlerName\n  for files in $folder/*.gz\n  do\n    /\n     do something\n    /\n  done\n  snakemake --cores 30 -s trial.snakemake /path/to/output/$fodlerName /path/to/output2/\ndone\n</code></pre>\n<p>But the above doesn't work. So is there any way I can do this. I am really new to snakemake.</p>\n<p>Thank you in advance.</p>\n"
}