{
    "answer_count": 12,
    "author": "karlaarz",
    "author_uid": "57426",
    "book_count": 0,
    "comment_count": 6,
    "content": "Hello! \n\nI want to ask about your opinions on NextFlow or Snakemake. I'm not in a bioinformatics lab, so I've learned to analyse data using every software needed for each step. I construct my pipeline step by step; for instance, I use Fastqc for QC, trim galore for trimming, and so on. \n\nHowever, when looking for job opportunities in bioinformatics, they ask for experience in Nextflow or Snakemake to analyse data. I did an ATACseq analysis as an experiment by building my pipeline and also using Nextflow. Still, I would like to know more about what your opinions and points of view are about the pros and cons of using NextFlow or Snakemake or creating self-made pipelines to analyse data. \n\nThanks!",
    "creation_date": "2024-02-26T11:27:10.631330+00:00",
    "has_accepted": false,
    "id": 588531,
    "lastedit_date": "2024-02-29T10:13:06.364116+00:00",
    "lastedit_user_uid": "57426",
    "parent_id": 588531,
    "rank": 1708995763.989154,
    "reply_count": 12,
    "root_id": 588531,
    "status": "Open",
    "status_id": 1,
    "subs_count": 7,
    "tag_val": "nextflow,pipeline,data-analysis",
    "thread_score": 33,
    "title": "Nextflow and self-made pipelines opinion",
    "type": "Forum",
    "type_id": 3,
    "uid": "9588531",
    "url": "https://www.biostars.org/p/9588531/",
    "view_count": 1758,
    "vote_count": 4,
    "xhtml": "<p>Hello!</p>\n<p>I want to ask about your opinions on NextFlow or Snakemake. I'm not in a bioinformatics lab, so I've learned to analyse data using every software needed for each step. I construct my pipeline step by step; for instance, I use Fastqc for QC, trim galore for trimming, and so on.</p>\n<p>However, when looking for job opportunities in bioinformatics, they ask for experience in Nextflow or Snakemake to analyse data. I did an ATACseq analysis as an experiment by building my pipeline and also using Nextflow. Still, I would like to know more about what your opinions and points of view are about the pros and cons of using NextFlow or Snakemake or creating self-made pipelines to analyse data.</p>\n<p>Thanks!</p>\n"
}