{
    "answer_count": 1,
    "author": "paraskevopou",
    "author_uid": "44921",
    "book_count": 0,
    "comment_count": 0,
    "content": "Dear all!\r\nI have a vcf file with SNPs among two individuals and I would like to annotate those SNPs. \r\nvcf file looks like the following\r\n\r\n    TRINITY_DN9255_c0_g1\t226\t.\tC\tA\t5762.77\tPASS\t.\tGT:AD:DP:GQ:PL\t1/1:0,146:146:99:5791,459,0\r\n    TRINITY_DN9573_c0_g1\t51\t.\tA\tC\t6742.77\tPASS\t.\tGT:AD:DP:GQ:PL\t1/1:0,204:204:99:6771,610,0\r\n    TRINITY_DN9573_c0_g1\t313\t.\tG\tC\t9761.77\tPASS\t.\tGT:AD:DP:GQ:PL\t1/1:1,287:288:99:9790,857,0\r\n    TRINITY_DN10141_c1_g1\t1018\t.\tG\tA\t5078.77\tPASS\t.\tGT:AD:DP:GQ:PL\t1/1:0,146:146:99:5107,435,0\r\n    TRINITY_DN13710_c0_g1\t495\t.\tT\tA\t43.28\tPASS\t.\tGT:AD:DP:GQ:PL\t1/1:0,3:3:9:71,9,0\r\n    TRINITY_DN13710_c0_g1\t533\t.\tG\tA\t62.28\tPASS\t.\tGT:AD:DP:GQ:PL\t1/1:0,3:3:9:90,9,0\r\n    TRINITY_DN23295_c0_g1\t303\t.\tT\tC\t184.84\tPASS\t.\tGT:AD:DP:GQ:PL\t1/1:0,6:6:18:213,18,0\r\n\r\nI tried to use SnpEff to annotate my SNPs according to a close related genome but what I get at the ANN field is \r\n\r\n    ANN=A||MODIFIER|||||||||||||ERROR_CHROMOSOME_NOT_FOUND\r\n\r\nMy transcriptome is de novo assembly. And for calling SNPs i used the supertranscript pipeline on trinity. \r\n\r\nHere is the command I used \r\n\r\n    java -Xmx4g -jar snpEff.jar Helobdella_robusta SNPs.vcf > SNPs.ann.vcf\r\n\r\nDo you have any idea how should I proceed? Any helpful would be useful.\r\nThanks a lot in advance\r\nSofia \r\n\r\n\r\n",
    "creation_date": "2018-04-04T15:59:01.750465+00:00",
    "has_accepted": false,
    "id": 297145,
    "lastedit_date": "2018-04-04T16:56:27.558930+00:00",
    "lastedit_user_uid": "21419",
    "parent_id": 297145,
    "rank": 1522860987.55893,
    "reply_count": 1,
    "root_id": 297145,
    "status": "Open",
    "status_id": 1,
    "subs_count": 1,
    "tag_val": "RNA-Seq,snp",
    "thread_score": 1,
    "title": "SNP annotation from RNA-seq data without referene",
    "type": "Question",
    "type_id": 0,
    "uid": "307579",
    "url": "https://www.biostars.org/p/307579/",
    "view_count": 1137,
    "vote_count": 0,
    "xhtml": "<p>Dear all!\nI have a vcf file with SNPs among two individuals and I would like to annotate those SNPs. \nvcf file looks like the following</p>\n\n<pre class=\"pre\"><code class=\"language-bash\">TRINITY_DN9255_c0_g1    226 .   C   A   5762.77 PASS    .   GT:AD:DP:GQ:PL  1/1:0,146:146:99:5791,459,0\nTRINITY_DN9573_c0_g1    51  .   A   C   6742.77 PASS    .   GT:AD:DP:GQ:PL  1/1:0,204:204:99:6771,610,0\nTRINITY_DN9573_c0_g1    313 .   G   C   9761.77 PASS    .   GT:AD:DP:GQ:PL  1/1:1,287:288:99:9790,857,0\nTRINITY_DN10141_c1_g1   1018    .   G   A   5078.77 PASS    .   GT:AD:DP:GQ:PL  1/1:0,146:146:99:5107,435,0\nTRINITY_DN13710_c0_g1   495 .   T   A   43.28   PASS    .   GT:AD:DP:GQ:PL  1/1:0,3:3:9:71,9,0\nTRINITY_DN13710_c0_g1   533 .   G   A   62.28   PASS    .   GT:AD:DP:GQ:PL  1/1:0,3:3:9:90,9,0\nTRINITY_DN23295_c0_g1   303 .   T   C   184.84  PASS    .   GT:AD:DP:GQ:PL  1/1:0,6:6:18:213,18,0\n</code></pre>\n\n<p>I tried to use SnpEff to annotate my SNPs according to a close related genome but what I get at the ANN field is </p>\n\n<pre class=\"pre\"><code class=\"language-bash\">ANN=A||MODIFIER|||||||||||||ERROR_CHROMOSOME_NOT_FOUND\n</code></pre>\n\n<p>My transcriptome is de novo assembly. And for calling SNPs i used the supertranscript pipeline on trinity. </p>\n\n<p>Here is the command I used </p>\n\n<pre class=\"pre\"><code class=\"language-bash\">java -Xmx4g -jar snpEff.jar Helobdella_robusta SNPs.vcf &gt; SNPs.ann.vcf\n</code></pre>\n\n<p>Do you have any idea how should I proceed? Any helpful would be useful.\nThanks a lot in advance\nSofia </p>\n"
}