{
    "answer_count": 0,
    "author": "trichter",
    "author_uid": "41389",
    "book_count": 0,
    "comment_count": 0,
    "content": "I have three libraries with 100 barcodes each. Many barcodes are redundant between libraries.\r\nI need to create a combined OTU table for all three libraries.\r\n\r\nI tried to merge the input at different steps of my QIIME 1 pipeline, but failed.\r\nWhat i am doing now is replacing redundant barcodes with unique ones, create a new mapping file and run all three libraries together in split_libraries. Is there a better way?",
    "creation_date": "2020-02-04T08:40:33.393130+00:00",
    "has_accepted": false,
    "id": 403299,
    "lastedit_date": "2020-02-04T08:46:13.300320+00:00",
    "lastedit_user_uid": "41389",
    "parent_id": 403299,
    "rank": 1580805973.30032,
    "reply_count": 0,
    "root_id": 403299,
    "status": "Open",
    "status_id": 1,
    "subs_count": 0,
    "tag_val": "QIIME",
    "thread_score": 0,
    "title": "How to cluster libraries with shared barcodes together (QIIME 1)",
    "type": "Question",
    "type_id": 0,
    "uid": "420070",
    "url": "https://www.biostars.org/p/420070/",
    "view_count": 614,
    "vote_count": 0,
    "xhtml": "<p>I have three libraries with 100 barcodes each. Many barcodes are redundant between libraries.\nI need to create a combined OTU table for all three libraries.</p>\n\n<p>I tried to merge the input at different steps of my QIIME 1 pipeline, but failed.\nWhat i am doing now is replacing redundant barcodes with unique ones, create a new mapping file and run all three libraries together in split_libraries. Is there a better way?</p>\n"
}