{
    "answer_count": 2,
    "author": "zengtony743",
    "author_uid": "9603",
    "book_count": 0,
    "comment_count": 1,
    "content": "When I ran samtools to check if my bam file is right, it shows as this,\n\n```\n[rzeng@qlogin2 reference]$ samtools view -H MO_137.bam\n\n@HD    VN:1.4    SO:coordinate\n@SQ    SN:chr10    LN:130694993\n@SQ    SN:chr11    LN:122082543\n@SQ    SN:chr12    LN:120129022\n```\n\nMy previous bam file looks like this,\n\n```\n$ samtools view -H /path/to/my.bam\n@HD     VN:1.0  GO:none SO:coordinate\n@SQ     SN:1    LN:247249719\n@SQ     SN:2    LN:242951149\n```\n\nMy question is what is GO:none mean? Why it shows in my previous bam file but not this file? I use the same pipeline with no any modification.",
    "creation_date": "2014-10-17T17:06:20.776854+00:00",
    "has_accepted": false,
    "id": 110036,
    "lastedit_date": "2022-01-24T22:01:00.067747+00:00",
    "lastedit_user_uid": "8494",
    "parent_id": 110036,
    "rank": 1413566893.602479,
    "reply_count": 2,
    "root_id": 110036,
    "status": "Open",
    "status_id": 1,
    "subs_count": 1,
    "tag_val": "bam",
    "thread_score": 5,
    "title": "What does the @HD GO record type mean in a BAM file?",
    "type": "Question",
    "type_id": 0,
    "uid": "115960",
    "url": "https://www.biostars.org/p/115960/",
    "view_count": 5535,
    "vote_count": 0,
    "xhtml": "<p>When I ran samtools to check if my bam file is right, it shows as this,</p>\n<pre><code>[rzeng@qlogin2 reference]$ samtools view -H MO_137.bam\n\n@HD    VN:1.4    SO:coordinate\n@SQ    SN:chr10    LN:130694993\n@SQ    SN:chr11    LN:122082543\n@SQ    SN:chr12    LN:120129022\n</code></pre>\n<p>My previous bam file looks like this,</p>\n<pre><code>$ samtools view -H /path/to/my.bam\n@HD     VN:1.0  GO:none SO:coordinate\n@SQ     SN:1    LN:247249719\n@SQ     SN:2    LN:242951149\n</code></pre>\n<p>My question is what is GO:none mean? Why it shows in my previous bam file but not this file? I use the same pipeline with no any modification.</p>\n"
}