{
    "answer_count": 1,
    "author": "samuel.marsh",
    "author_uid": "47693",
    "book_count": 0,
    "comment_count": 0,
    "content": "Hi,\r\n\r\nSorry for long post but I'm new to all of this.  I have been (slowly) figuring out how to run preprocessing for RNA-seq using pipeline of fastq > STAR > featureCounts before proceeding to analysis.  I've recently noticed a seemingly random error keeps happening using featureCounts from Subread 1.60 running on my university's HPC cluster.\r\n\r\nI have have paired end reads processed in STAR into single BAM file which I then provide to featureCounts.  I have been keeping each lane of the flow cell separate until after featureCounts before combining them.  The output read counts for each lane are usually (as expected) very close in value to each other.  But I started to notice occasionally one lane would output a value ~2x the other lanes in terms of aligned reads.  When I would rerun the samples I found that sometimes it gave output ~2x the other lanes and other times in gave output ~equal to the other lanes.\r\n\r\nTo try and find solution to the error I wrote script which literally contained identical code copied and pasted 10 times to simply perform featureCounts on the same single BAM file.  The code I used is below\r\n\r\n    featureCounts -p -T 6 \\ \r\n       -a /home/Genomes/gencode_m17_genome/gencode_vM17_grcm38_p6.gtf \\\r\n       -o /home/exp1_20180705/test_featureCount_errors/sample27_lane3/sample27_lane3_error_testing1.txt \\\r\n       LIB03_S27_L003_Aligned.sortedByCoord.out.bam\r\n\r\nTwo of the times the output from featureCounts counted 3,875,038 reads\r\nEight of the times the output from featureCounts counted  7,261,716\r\n(See example output text at bottom of this post).\r\n\r\nThe only difference appears to be that when the counts end up nearly duplicated that featureCounts has failed to reorder the BAM file.  But this seems to happen randomly and to random BAM files when I run featureCounts on multiple BAM files at the same time.  Even when I repeat the identical code for multiple BAM files new files randomly show up duplicated.\r\n\r\nDoes anyone know why this is happening and how I can prevent it?  It gets really annoying to sort through the outputs to find which files this occurred to and rerun them until the issue clears up.\r\n\r\nThanks!!!\r\n\r\n****\r\n\r\n/\r\n\r\n    /================================= Running ==================================\\\\\r\n    ||                                                                            ||\r\n    || Load annotation file /home/Genomes/gencode_m17_genome/genc ... ||\r\n    ||    Features : 801623                                                       ||\r\n    ||    Meta-features : 53801                                                   ||\r\n    ||    Chromosomes/contigs : 45                                                ||\r\n    ||                                                                            ||\r\n    || Process BAM file LIB03_S27_L003_Aligned.sortedByCoord. ... ||\r\n    ||    Paired-end reads are included.                                          ||\r\n    ||    Assign fragments (read pairs) to features...                            ||\r\n    ||                                                                            ||\r\n    ||    WARNING: reads from the same pair were found not adjacent to each       ||\r\n    ||             other in the input (due to read sorting by location or         ||\r\n    ||             reporting of multi-mapping read pairs).                        ||\r\n    ||                                                                            ||\r\n    ||    Read re-ordering is performed.                                          ||\r\n    ||                                                                            ||\r\n    ||    Total fragments : 17288816                                              ||\r\n    ||    Successfully assigned fragments : 3875038 (22.4%)                       ||\r\n    ||    Running time : 1.15 minutes                                             ||\r\n    ||                                                                            ||\r\n    ||                         Read assignment finished.                          ||\r\n    ||                                                                            ||\r\n    || Summary of counting results can be found in file \"/home/exp1_  ||\r\n    || 20180705/test_featureCount_errors/sample27_lane3/sample27_lane3_err  ||\r\n    || or_testing1.txt.summary\"                                                   ||\r\n    ||                                                                            ||\r\n    \\\\===================== http://subread.sourceforge.net/ ======================//\r\n    \r\n    ***\r\n    \r\n    //================================= Running ==================================\\\\\r\n    ||                                                                            ||\r\n    || Load annotation file /home/Genomes/gencode_m17_genome/genc ... ||\r\n    ||    Features : 801623                                                       ||\r\n    ||    Meta-features : 53801                                                   ||\r\n    ||    Chromosomes/contigs : 45                                                ||\r\n    ||                                                                            ||\r\n    || Process BAM file LIB03_S27_L003_Aligned.sortedByCoord. ... ||\r\n    ||    Paired-end reads are included.                                          ||\r\n    ||    Assign fragments (read pairs) to features...                            ||\r\n    ||    Total fragments : 34577632                                              ||\r\n    ||    Successfully assigned fragments : 7261716 (21.0%)                       ||\r\n    ||    Running time : 1.12 minutes                                             ||\r\n    ||                                                                            ||\r\n    ||                         Read assignment finished.                          ||\r\n    ||                                                                            ||\r\n    || Summary of counting results can be found in file \"/home/exp1_  ||\r\n    || 20180705/test_featureCount_errors/sample27_lane3/sample27_lane3_err  ||\r\n    || or_testing2.txt.summary\"                                                   ||\r\n    ||                                                                            ||\r\n    \\\\===================== http://subread.sourceforge.net/ ======================//",
    "creation_date": "2018-07-06T12:00:24.914002+00:00",
    "has_accepted": false,
    "id": 314425,
    "lastedit_date": "2018-07-06T13:46:54.690710+00:00",
    "lastedit_user_uid": "7403",
    "parent_id": 314425,
    "rank": 1530884814.69071,
    "reply_count": 1,
    "root_id": 314425,
    "status": "Open",
    "status_id": 1,
    "subs_count": 1,
    "tag_val": "RNA-Seq,featureCounts,Subread",
    "thread_score": 0,
    "title": "featureCounts fails to reorder BAM and duplicates read counts",
    "type": "Question",
    "type_id": 0,
    "uid": "325214",
    "url": "https://www.biostars.org/p/325214/",
    "view_count": 2654,
    "vote_count": 0,
    "xhtml": "<p>Hi,</p>\n\n<p>Sorry for long post but I'm new to all of this.  I have been (slowly) figuring out how to run preprocessing for RNA-seq using pipeline of fastq &gt; STAR &gt; featureCounts before proceeding to analysis.  I've recently noticed a seemingly random error keeps happening using featureCounts from Subread 1.60 running on my university's HPC cluster.</p>\n\n<p>I have have paired end reads processed in STAR into single BAM file which I then provide to featureCounts.  I have been keeping each lane of the flow cell separate until after featureCounts before combining them.  The output read counts for each lane are usually (as expected) very close in value to each other.  But I started to notice occasionally one lane would output a value ~2x the other lanes in terms of aligned reads.  When I would rerun the samples I found that sometimes it gave output ~2x the other lanes and other times in gave output ~equal to the other lanes.</p>\n\n<p>To try and find solution to the error I wrote script which literally contained identical code copied and pasted 10 times to simply perform featureCounts on the same single BAM file.  The code I used is below</p>\n\n<pre class=\"pre\"><code class=\"language-bash\">featureCounts -p -T 6 \\ \n   -a /home/Genomes/gencode_m17_genome/gencode_vM17_grcm38_p6.gtf \\\n   -o /home/exp1_20180705/test_featureCount_errors/sample27_lane3/sample27_lane3_error_testing1.txt \\\n   LIB03_S27_L003_Aligned.sortedByCoord.out.bam\n</code></pre>\n\n<p>Two of the times the output from featureCounts counted 3,875,038 reads\nEight of the times the output from featureCounts counted  7,261,716\n(See example output text at bottom of this post).</p>\n\n<p>The only difference appears to be that when the counts end up nearly duplicated that featureCounts has failed to reorder the BAM file.  But this seems to happen randomly and to random BAM files when I run featureCounts on multiple BAM files at the same time.  Even when I repeat the identical code for multiple BAM files new files randomly show up duplicated.</p>\n\n<p>Does anyone know why this is happening and how I can prevent it?  It gets really annoying to sort through the outputs to find which files this occurred to and rerun them until the issue clears up.</p>\n\n<p>Thanks!!!</p>\n\n<hr>\n\n<p>/</p>\n\n<pre class=\"pre\"><code class=\"language-bash\">/================================= Running ==================================\\\\\n||                                                                            ||\n|| Load annotation file /home/Genomes/gencode_m17_genome/genc ... ||\n||    Features : 801623                                                       ||\n||    Meta-features : 53801                                                   ||\n||    Chromosomes/contigs : 45                                                ||\n||                                                                            ||\n|| Process BAM file LIB03_S27_L003_Aligned.sortedByCoord. ... ||\n||    Paired-end reads are included.                                          ||\n||    Assign fragments (read pairs) to features...                            ||\n||                                                                            ||\n||    WARNING: reads from the same pair were found not adjacent to each       ||\n||             other in the input (due to read sorting by location or         ||\n||             reporting of multi-mapping read pairs).                        ||\n||                                                                            ||\n||    Read re-ordering is performed.                                          ||\n||                                                                            ||\n||    Total fragments : 17288816                                              ||\n||    Successfully assigned fragments : 3875038 (22.4%)                       ||\n||    Running time : 1.15 minutes                                             ||\n||                                                                            ||\n||                         Read assignment finished.                          ||\n||                                                                            ||\n|| Summary of counting results can be found in file \"/home/exp1_  ||\n|| 20180705/test_featureCount_errors/sample27_lane3/sample27_lane3_err  ||\n|| or_testing1.txt.summary\"                                                   ||\n||                                                                            ||\n\\\\===================== <a rel=\"nofollow\" href=\"http://subread.sourceforge.net/\">http://subread.sourceforge.net/</a> ======================//\n\n***\n\n//================================= Running ==================================\\\\\n||                                                                            ||\n|| Load annotation file /home/Genomes/gencode_m17_genome/genc ... ||\n||    Features : 801623                                                       ||\n||    Meta-features : 53801                                                   ||\n||    Chromosomes/contigs : 45                                                ||\n||                                                                            ||\n|| Process BAM file LIB03_S27_L003_Aligned.sortedByCoord. ... ||\n||    Paired-end reads are included.                                          ||\n||    Assign fragments (read pairs) to features...                            ||\n||    Total fragments : 34577632                                              ||\n||    Successfully assigned fragments : 7261716 (21.0%)                       ||\n||    Running time : 1.12 minutes                                             ||\n||                                                                            ||\n||                         Read assignment finished.                          ||\n||                                                                            ||\n|| Summary of counting results can be found in file \"/home/exp1_  ||\n|| 20180705/test_featureCount_errors/sample27_lane3/sample27_lane3_err  ||\n|| or_testing2.txt.summary\"                                                   ||\n||                                                                            ||\n\\\\===================== <a rel=\"nofollow\" href=\"http://subread.sourceforge.net/\">http://subread.sourceforge.net/</a> ======================//\n</code></pre>\n"
}