{
    "answer_count": 1,
    "author": "xiaofeng.dong12",
    "author_uid": "18130",
    "book_count": 0,
    "comment_count": 0,
    "content": "Can anyone please suggest a good tool or pipeline for indication of Transcription Factor Binding Sites (such as E-box and D-box) at genome level of zebrafish?",
    "creation_date": "2016-05-19T02:11:59.127950+00:00",
    "has_accepted": false,
    "id": 184553,
    "lastedit_date": "2016-05-19T11:17:32.733674+00:00",
    "lastedit_user_uid": "2318",
    "parent_id": 184553,
    "rank": 1463656652.733674,
    "reply_count": 1,
    "root_id": 184553,
    "status": "Open",
    "status_id": 1,
    "subs_count": 1,
    "tag_val": "next-gen,genome",
    "thread_score": 1,
    "title": "Best method for identification of Transcription Factor Binding Sites at genome level?",
    "type": "Question",
    "type_id": 0,
    "uid": "192424",
    "url": "https://www.biostars.org/p/192424/",
    "view_count": 2018,
    "vote_count": 0,
    "xhtml": "<p>Can anyone please suggest a good tool or pipeline for indication of Transcription Factor Binding Sites (such as E-box and D-box) at genome level of zebrafish?</p>\n"
}