{
    "answer_count": 0,
    "author": "David_emir",
    "author_uid": "8453",
    "book_count": 0,
    "comment_count": 0,
    "content": "Hello All,\r\n\r\nI am trying to build  the database for Rat genome for annotating with my .VCF files which i had generated using GATK pipeline.\r\n **problem is:** \r\nsince i have used Rat genome from NCBI genome as my reference (ftp://ftp.ncbi.nlm.nih.gov/genomes/all/GCF/000/001/895/GCF_000001895.5_Rnor_6.0/GCF_000001895.5_Rnor_6.0_genomic.fna.gz) now i am facing an error while annotating. i have used all the standard procedure as pointed by Broad institute in creating VCF file.\r\n\r\n**Error 1:**\r\n\r\n    ERRORS: Some errors were detected\r\n    Error type\tNumber of errors\r\n    ***ERROR_CHROMOSOME_NOT_FOUND\t5257945***\r\n    \r\n    \r\n    00:03:13\tCreating summary file: snpEff_summary.html\r\n    00:03:14\tCreating genes file: snpEff_genes.txt\r\n    00:03:14\tdone.\r\n    00:03:14\tLogging\r\n    00:03:15\tChecking for updates\r\n\r\n..\r\nI have used the inbuilt databases for annotations. I doubt whether this will be a conflict between GTF and GFF file format since i have used NCBI genomes reference genome to align. Please help me in this.\r\n\r\nSecondly,\r\n\r\nI have thought of building my own database for snpeff and downloaded GFF & genome file from ncbi genome and tried to build a database its showing me the Error, it cant find .fa files, i have tried renaming my .fna to .fa but its dosnt work. please help. error is as follows:\r\n\r\n**Error 2:**\r\n\r\n    \t\r\n\r\n    Exons created for 496 transcripts.\r\n    \r\n    \tDeleting redundant exons (if needed): \r\n    \t\tTotal transcripts with deleted exons: 0\r\n    \r\n    \tCollapsing zero length introns (if needed): .\r\n    \t\t0\t\r\n    \t\tTotal collapsed transcripts: 4\r\n    \tReading sequences   :\r\n    \tFASTA file: '/home/snpEff/./data/genomes/gcf_rnor.fa' not found.\r\n    \tFASTA file: '/home/snpEff/./data/gcf_rnor/sequences.fa' not found.\r\n    java.lang.RuntimeException: Cannot find reference sequence.\r\n    \tat org.snpeff.snpEffect.factory.SnpEffPredictorFactory.readExonSequences(SnpEffPredictorFactory.java:689)\r\n    \tat org.snpeff.snpEffect.factory.SnpEffPredictorFactoryGff.readExonSequences(SnpEffPredictorFactoryGff.java:428)\r\n    \tat org.snpeff.snpEffect.factory.SnpEffPredictorFactoryGff.create(SnpEffPredictorFactoryGff.java:342)\r\n    \tat org.snpeff.snpEffect.commandLine.SnpEffCmdBuild.createSnpEffPredictor(SnpEffCmdBuild.java:118)\r\n    \tat org.snpeff.snpEffect.commandLine.SnpEffCmdBuild.run(SnpEffCmdBuild.java:362)\r\n    \tat org.snpeff.SnpEff.run(SnpEff.java:1041)\r\n    \tat org.snpeff.SnpEff.main(SnpEff.java:159)\r\n    java.lang.RuntimeException: Error reading file '/home/snpEff/./data/gcf_rnor/genes.gff'\r\n    java.lang.RuntimeException: Cannot find reference sequence.\r\n    \tat org.snpeff.snpEffect.factory.SnpEffPredictorFactoryGff.create(SnpEffPredictorFactoryGff.java:353)\r\n    \tat org.snpeff.snpEffect.commandLine.SnpEffCmdBuild.createSnpEffPredictor(SnpEffCmdBuild.java:118)\r\n    \tat org.snpeff.snpEffect.commandLine.SnpEffCmdBuild.run(SnpEffCmdBuild.java:362)\r\n    \tat org.snpeff.SnpEff.run(SnpEff.java:1041)\r\n    \tat org.snpeff.SnpEff.main(SnpEff.java:159)\r\n    00:00:28\tLogging\r\n    00:00:29\tChecking for updates...\r\n\r\nThirdly,\r\n\r\nCan i uses some thing less 'coding ' to annotate my .vcf file - but should be effective and accurate in getting me SNPs and INDELs.\r\n\r\nSorry for lengthy post, and pardon for my English(i am non English speaking human) Hope you guys will help me in resolving this error .\r\n\r\nThanks for helping !!!\r\nDavid_emir",
    "creation_date": "2017-01-27T18:06:12.417004+00:00",
    "has_accepted": false,
    "id": 224823,
    "lastedit_date": "2017-01-27T18:06:12.417004+00:00",
    "lastedit_user_uid": "8453",
    "parent_id": 224823,
    "rank": 1485540372.417004,
    "reply_count": 0,
    "root_id": 224823,
    "status": "Open",
    "status_id": 1,
    "subs_count": 1,
    "tag_val": "SnpEff,GFF file,Error",
    "thread_score": 0,
    "title": "Error while annotating With SnpEff",
    "type": "Question",
    "type_id": 0,
    "uid": "233714",
    "url": "https://www.biostars.org/p/233714/",
    "view_count": 2857,
    "vote_count": 0,
    "xhtml": "<p>Hello All,</p>\n\n<p>I am trying to build  the database for Rat genome for annotating with my .VCF files which i had generated using GATK pipeline.\n <strong>problem is:</strong> \nsince i have used Rat genome from NCBI genome as my reference (<a rel=\"nofollow\" href=\"ftp://ftp.ncbi.nlm.nih.gov/genomes/all/GCF/000/001/895/GCF_000001895.5_Rnor_6.0/GCF_000001895.5_Rnor_6.0_genomic.fna.gz\">ftp://ftp.ncbi.nlm.nih.gov/genomes/all/GCF/000/001/895/GCF_000001895.5_Rnor_6.0/GCF_000001895.5_Rnor_6.0_genomic.fna.gz</a>) now i am facing an error while annotating. i have used all the standard procedure as pointed by Broad institute in creating VCF file.</p>\n\n<p><strong>Error 1:</strong></p>\n\n<pre class=\"pre\"><code class=\"language-bash\">ERRORS: Some errors were detected\nError type  Number of errors\n***ERROR_CHROMOSOME_NOT_FOUND   5257945***\n\n\n00:03:13    Creating summary file: snpEff_summary.html\n00:03:14    Creating genes file: snpEff_genes.txt\n00:03:14    done.\n00:03:14    Logging\n00:03:15    Checking for updates\n</code></pre>\n\n<p>..\nI have used the inbuilt databases for annotations. I doubt whether this will be a conflict between GTF and GFF file format since i have used NCBI genomes reference genome to align. Please help me in this.</p>\n\n<p>Secondly,</p>\n\n<p>I have thought of building my own database for snpeff and downloaded GFF &amp; genome file from ncbi genome and tried to build a database its showing me the Error, it cant find .fa files, i have tried renaming my .fna to .fa but its dosnt work. please help. error is as follows:</p>\n\n<p><strong>Error 2:</strong></p>\n\n<pre class=\"pre\"><code class=\"language-bash\">Exons created for 496 transcripts.\n\n    Deleting redundant exons (if needed): \n        Total transcripts with deleted exons: 0\n\n    Collapsing zero length introns (if needed): .\n        0   \n        Total collapsed transcripts: 4\n    Reading sequences   :\n    FASTA file: '/home/snpEff/./data/genomes/gcf_rnor.fa' not found.\n    FASTA file: '/home/snpEff/./data/gcf_rnor/sequences.fa' not found.\njava.lang.RuntimeException: Cannot find reference sequence.\n    at org.snpeff.snpEffect.factory.SnpEffPredictorFactory.readExonSequences(SnpEffPredictorFactory.java:689)\n    at org.snpeff.snpEffect.factory.SnpEffPredictorFactoryGff.readExonSequences(SnpEffPredictorFactoryGff.java:428)\n    at org.snpeff.snpEffect.factory.SnpEffPredictorFactoryGff.create(SnpEffPredictorFactoryGff.java:342)\n    at org.snpeff.snpEffect.commandLine.SnpEffCmdBuild.createSnpEffPredictor(SnpEffCmdBuild.java:118)\n    at org.snpeff.snpEffect.commandLine.SnpEffCmdBuild.run(SnpEffCmdBuild.java:362)\n    at org.snpeff.SnpEff.run(SnpEff.java:1041)\n    at org.snpeff.SnpEff.main(SnpEff.java:159)\njava.lang.RuntimeException: Error reading file '/home/snpEff/./data/gcf_rnor/genes.gff'\njava.lang.RuntimeException: Cannot find reference sequence.\n    at org.snpeff.snpEffect.factory.SnpEffPredictorFactoryGff.create(SnpEffPredictorFactoryGff.java:353)\n    at org.snpeff.snpEffect.commandLine.SnpEffCmdBuild.createSnpEffPredictor(SnpEffCmdBuild.java:118)\n    at org.snpeff.snpEffect.commandLine.SnpEffCmdBuild.run(SnpEffCmdBuild.java:362)\n    at org.snpeff.SnpEff.run(SnpEff.java:1041)\n    at org.snpeff.SnpEff.main(SnpEff.java:159)\n00:00:28    Logging\n00:00:29    Checking for updates...\n</code></pre>\n\n<p>Thirdly,</p>\n\n<p>Can i uses some thing less 'coding ' to annotate my .vcf file - but should be effective and accurate in getting me SNPs and INDELs.</p>\n\n<p>Sorry for lengthy post, and pardon for my English(i am non English speaking human) Hope you guys will help me in resolving this error .</p>\n\n<p>Thanks for helping !!!\nDavid_emir</p>\n"
}