{
    "answer_count": 6,
    "author": "Viktor Ljungstr\u00f6m",
    "author_uid": "6615",
    "book_count": 0,
    "comment_count": 5,
    "content": "<p>Hi,</p>\n\n<p>I'm trying to set up gkno but have come across some errors on the way when trying the run-test pipeline.</p>\n\n<ol>\n<li><p>First time it stopped at the build-reference task and then reported the error \"/bin/sh: /\"pathonmycomputer\"/gkno/gkno_launcher/tools/MOSAIK/bin/MosaikBuild: No such file or directory\"\nI looked into named folder and realized that it was empty. To resolve this i placed the bin files from the latest Mosaikbuild into this directory which seemed to solve the problem. Is this a possible bug that anyone else has seen?</p></li>\n<li><p>When retrying after replacing the files everything runs smoothly until the sort-multiple-bam-step. Gkno then reports \"Error 1\" and in the error log i find \"bamtools sort ERROR: could not open /\"pathonmycomputer\"/gkno/gkno<em>launcher/simulated</em>reads<em>1.multiple.bam for reading... Aborting.\" There is no file called simulated</em>reads_1.multiple.bam in the project folder either. I'm a bit stuck here, has anyone else seen this error?</p></li>\n</ol>\n\n<p>I'm test running this on Mac OSX 10.8.2 and it's gkno version 0.42. My java version is 1.6.0_37 so that shouldn't be a problem.</p>\n\n<p>Best,\nViktor </p>\n",
    "creation_date": "2012-12-17T09:38:32.577328+00:00",
    "has_accepted": false,
    "id": 56564,
    "lastedit_date": "2012-12-17T21:36:13.695825+00:00",
    "lastedit_user_uid": "643",
    "parent_id": 56564,
    "rank": 1355780173.695825,
    "reply_count": 6,
    "root_id": 56564,
    "status": "Open",
    "status_id": 1,
    "subs_count": 1,
    "tag_val": "",
    "thread_score": 6,
    "title": "Gkno: Sort-Multiple-Bam-Error",
    "type": "Question",
    "type_id": 0,
    "uid": "59271",
    "url": "https://www.biostars.org/p/59271/",
    "view_count": 3043,
    "vote_count": 1,
    "xhtml": "<p>Hi,</p>\n\n<p>I'm trying to set up gkno but have come across some errors on the way when trying the run-test pipeline.</p>\n\n<ol>\n<li><p>First time it stopped at the build-reference task and then reported the error \"/bin/sh: /\"pathonmycomputer\"/gkno/gkno_launcher/tools/MOSAIK/bin/MosaikBuild: No such file or directory\"\nI looked into named folder and realized that it was empty. To resolve this i placed the bin files from the latest Mosaikbuild into this directory which seemed to solve the problem. Is this a possible bug that anyone else has seen?</p></li>\n<li><p>When retrying after replacing the files everything runs smoothly until the sort-multiple-bam-step. Gkno then reports \"Error 1\" and in the error log i find \"bamtools sort ERROR: could not open /\"pathonmycomputer\"/gkno/gkno<em>launcher/simulated</em>reads<em>1.multiple.bam for reading... Aborting.\" There is no file called simulated</em>reads_1.multiple.bam in the project folder either. I'm a bit stuck here, has anyone else seen this error?</p></li>\n</ol>\n\n<p>I'm test running this on Mac OSX 10.8.2 and it's gkno version 0.42. My java version is 1.6.0_37 so that shouldn't be a problem.</p>\n\n<p>Best,\nViktor </p>\n"
}