{
    "answer_count": 7,
    "author": "aidpranculis",
    "author_uid": "31170",
    "book_count": 0,
    "comment_count": 6,
    "content": "Hi,\r\n\r\nI've received my microbiome sequencing results from uBiome and I am trying to analyze the raw reads using QIIME 1.9.1.\r\nThe files are as follows: \r\n\r\n    ssr_100__R1__L001.fastq.gz, \r\n    ssr_100__R1__L002.fastq.gz, \r\n    ssr_100__R1__L003.fastq.gz, \r\n    ssr_100__R1__L004.fastq.gz, \r\n    ssr_100__R2__L001.fastq.gz, \r\n    ssr_100__R2__L002.fastq.gz, \r\n    ssr_100__R2__L003.fastq.gz, \r\n    ssr_100__R2__L004.fastq.gz.  \r\n\r\nI have tried merging the R1 files and R2 files using cat and then use the join_paired_ends.py script, but only a fraction of reads get joined. Could anyone advise me on propper sequence of steps  to analyze this data to perform OTU picking?\r\nPerhaps someone has a script to run the automated pipeline for the analysis?\r\n\r\nThanks,\r\n",
    "creation_date": "2017-04-05T11:02:51.454934+00:00",
    "has_accepted": false,
    "id": 236716,
    "lastedit_date": "2018-07-31T17:12:34.457260+00:00",
    "lastedit_user_uid": "48097",
    "parent_id": 236716,
    "rank": 1533057154.45726,
    "reply_count": 7,
    "root_id": 236716,
    "status": "Open",
    "status_id": 1,
    "subs_count": 3,
    "tag_val": "microbiome,16s,QIIME,next-gen,fastq",
    "thread_score": 0,
    "title": "Microbiome 16s sequencing raw data analysis",
    "type": "Question",
    "type_id": 0,
    "uid": "245805",
    "url": "https://www.biostars.org/p/245805/",
    "view_count": 4393,
    "vote_count": 0,
    "xhtml": "<p>Hi,</p>\n\n<p>I've received my microbiome sequencing results from uBiome and I am trying to analyze the raw reads using QIIME 1.9.1.\nThe files are as follows: </p>\n\n<pre class=\"pre\"><code class=\"language-bash\">ssr_100__R1__L001.fastq.gz, \nssr_100__R1__L002.fastq.gz, \nssr_100__R1__L003.fastq.gz, \nssr_100__R1__L004.fastq.gz, \nssr_100__R2__L001.fastq.gz, \nssr_100__R2__L002.fastq.gz, \nssr_100__R2__L003.fastq.gz, \nssr_100__R2__L004.fastq.gz.\n</code></pre>\n\n<p>I have tried merging the R1 files and R2 files using cat and then use the join_paired_ends.py script, but only a fraction of reads get joined. Could anyone advise me on propper sequence of steps  to analyze this data to perform OTU picking?\nPerhaps someone has a script to run the automated pipeline for the analysis?</p>\n\n<p>Thanks,</p>\n"
}