{
    "answer_count": 0,
    "author": "Richard Smith",
    "author_uid": "5117",
    "book_count": 0,
    "comment_count": 0,
    "content": "Healx is an award\u00ad-winning startup using genomic data analysis and machine learning to find existing drugs that could treat rare diseases. There are over 7,000 rare diseases that affect an estimated 350 million people worldwide, most of which lack effective treatment. Healx is a social enterprise using drug repurposing to radically reduce the time to find novel treatments for rare diseases.\n\nWe are currently recruiting a **software developer / bioinformatician** with expertise in **natural language processing** and **machine learning**.\n\n - Location: Mount Pleasant House, **Cambridge, UK**\n - Salary: A competitive compensation package including share options, subject to experience\n - Start date: **Immediate start preferred**\n - Application deadline: **31st July 2016**\n\n## What you'll do\nYou'll be responsible for implementing and improving software to perform large scale biomedical text mining. Your work will be used in our internal drug repurposing pipelines and also tools we make available for use by the rare disease research community.\n\nYour initial focus will be on identifying biological entities and relationships in text, incorporating appropriate machine learning techniques. You'll also work on algorithms to analyse the resulting knowledge graph for use in our drug repurposing analysis. You will investigate the application of cutting-edge technologies and be encouraged to keep up with current research in the field.\n\nYou'll join a small team of developers with existing experience in bioinformatics, cheminformatics, machine learning and software engineering. As an early employee in an ambitious, growing startup company you'll be able to make a significant contribution to our technical direction.\n\n## What we're looking for\nWe're looking for a talented developer who is able to use their existing experience in NLP to help solve problems that really matter.\n\nThe ideal candidate shall:\n\n - be educated to at least degree level (or equivalent) in computer science, bioinformatics or related discipline\n - have significant experience in natural language processing\n - have a solid understanding of machine learning approaches\n - ideally have experience applying NLP to biomedical text mining\n - have significant programming experience, ideally in Python\n - be flexible, proactive and be able to implement practical solutions rapidly\n\nWe're looking for someone who can work independently and contribute novel ideas to help improve our analysis.\n\n## About Healx\nHealx is an award-winning Cambridge UK startup focussed on predictive drug repurposing for rare diseases. There are over 7,000 rare diseases that affect an estimated 350 million people worldwide, most of which lack effective treatment. Drug repurposing can radically reduce the time to develop treatments by finding existing drugs that can be used to treat another disease.\n\nAt Healx we combine in-depth drug repurposing expertise with biological data analysis, data mining and machine learning. As a social enterprise we work closely with patient groups and charities to find therapies for rare diseases that may not otherwise receive sufficient research investment.\n\n## Application\nWe can offer a competitive compensation package including share options. Immediate start preferred.\n\nAt Healx we'll provide you with the support and guidance to help you do your best work and make an impact. If you're interested please drop us an email with a **covering letter** and **CV** jobs@healx.io.\n\nFor more information see https://healx.io.\n\n**We're not able to use recruitment agencies for this position.**\n",
    "creation_date": "2016-07-11T11:23:56.655793+00:00",
    "has_accepted": false,
    "id": 192917,
    "lastedit_date": "2023-04-06T20:37:36.936391+00:00",
    "lastedit_user_uid": "8494",
    "parent_id": 192917,
    "rank": 1468253210.761097,
    "reply_count": 0,
    "root_id": 192917,
    "status": "Open",
    "status_id": 1,
    "subs_count": 0,
    "tag_val": "text-mining,nlp,machine-learning",
    "thread_score": 1,
    "title": "Biomedical Text Mining - Cambridge, UK",
    "type": "Job",
    "type_id": 2,
    "uid": "201018",
    "url": "https://www.biostars.org/p/201018/",
    "view_count": 1911,
    "vote_count": 1,
    "xhtml": "<p>Healx is an award\u00ad-winning startup using genomic data analysis and machine learning to find existing drugs that could treat rare diseases. There are over 7,000 rare diseases that affect an estimated 350 million people worldwide, most of which lack effective treatment. Healx is a social enterprise using drug repurposing to radically reduce the time to find novel treatments for rare diseases.</p>\n<p>We are currently recruiting a <strong>software developer / bioinformatician</strong> with expertise in <strong>natural language processing</strong> and <strong>machine learning</strong>.</p>\n<ul>\n<li>Location: Mount Pleasant House, <strong>Cambridge, UK</strong></li>\n<li>Salary: A competitive compensation package including share options, subject to experience</li>\n<li>Start date: <strong>Immediate start preferred</strong></li>\n<li>Application deadline: <strong>31st July 2016</strong></li>\n</ul>\n<h2>What you'll do</h2>\n<p>You'll be responsible for implementing and improving software to perform large scale biomedical text mining. Your work will be used in our internal drug repurposing pipelines and also tools we make available for use by the rare disease research community.</p>\n<p>Your initial focus will be on identifying biological entities and relationships in text, incorporating appropriate machine learning techniques. You'll also work on algorithms to analyse the resulting knowledge graph for use in our drug repurposing analysis. You will investigate the application of cutting-edge technologies and be encouraged to keep up with current research in the field.</p>\n<p>You'll join a small team of developers with existing experience in bioinformatics, cheminformatics, machine learning and software engineering. As an early employee in an ambitious, growing startup company you'll be able to make a significant contribution to our technical direction.</p>\n<h2>What we're looking for</h2>\n<p>We're looking for a talented developer who is able to use their existing experience in NLP to help solve problems that really matter.</p>\n<p>The ideal candidate shall:</p>\n<ul>\n<li>be educated to at least degree level (or equivalent) in computer science, bioinformatics or related discipline</li>\n<li>have significant experience in natural language processing</li>\n<li>have a solid understanding of machine learning approaches</li>\n<li>ideally have experience applying NLP to biomedical text mining</li>\n<li>have significant programming experience, ideally in Python</li>\n<li>be flexible, proactive and be able to implement practical solutions rapidly</li>\n</ul>\n<p>We're looking for someone who can work independently and contribute novel ideas to help improve our analysis.</p>\n<h2>About Healx</h2>\n<p>Healx is an award-winning Cambridge UK startup focussed on predictive drug repurposing for rare diseases. There are over 7,000 rare diseases that affect an estimated 350 million people worldwide, most of which lack effective treatment. Drug repurposing can radically reduce the time to develop treatments by finding existing drugs that can be used to treat another disease.</p>\n<p>At Healx we combine in-depth drug repurposing expertise with biological data analysis, data mining and machine learning. As a social enterprise we work closely with patient groups and charities to find therapies for rare diseases that may not otherwise receive sufficient research investment.</p>\n<h2>Application</h2>\n<p>We can offer a competitive compensation package including share options. Immediate start preferred.</p>\n<p>At Healx we'll provide you with the support and guidance to help you do your best work and make an impact. If you're interested please drop us an email with a <strong>covering letter</strong> and <strong>CV</strong> jobs@healx.io.</p>\n<p>For more information see <a href=\"https://healx.io\" rel=\"nofollow\">https://healx.io</a>.</p>\n<p><strong>We're not able to use recruitment agencies for this position.</strong></p>\n"
}