{
    "answer_count": 1,
    "author": "tiancaigg",
    "author_uid": "38903",
    "book_count": 0,
    "comment_count": 1,
    "content": "I've been performing RNA-seq according to https://bioinformatics.uconn.edu/rnaseq-arabidopsis/ , following the hisat2-stringtie-ballgown pipeline, but it gave very high p-value and q-value, I've tried many different parameters, but it doesn't change. I am not sure if there are anything wrong in my pipeline.\r\n\r\nI build the hisat_index by\r\n\r\n    pythotract_splice_sites.py /mnt/chaelab/donghui/TAIR10/gtf/Arabidopsis_thaliana.TAIR10.42.gtf >/mnt/chaelab/donghui/TAIR10/new_index/TAIR10.ss\r\n    python extract_exons.py /mnt/chaelab/donghui/TAIR10/gtf/Arabidopsis_thaliana.TAIR10.42.gtf >/mnt/chaelab/donghui/TAIR10/new_index/TAIR10.exon\r\n    hisat2-build --ss /mnt/chaelab/donghui/TAIR10/new_index/TAIR10.ss --exon /mnt/chaelab/donghui/TAIR10/new_index/TAIR10.exon /mnt/chaelab/donghui/TAIR10/TAIR10_chr_all.fas /mnt/chaelab/donghui/TAIR10/new_index/index\r\n\r\ntrim raw_data by AfterQC,\r\n\r\n    for i in {12,13,15,16}\r\n    do \r\n    \tpython2 /mnt/chaelab/donghui/download/AfterQC-master/after.py -1 hisat/SRR34982${i}.fastq\r\n    done\r\n\r\nthen run the pipeline:\r\n\r\n    gtf=/mnt/chaelab/donghui/TAIR10/gtf/Arabidopsis_thaliana.TAIR10.42.gtf\r\n    index=/mnt/chaelab/donghui/TAIR10/new_index/index\r\n    \r\n    mkdir 1_hisat 2_samtools_bam 3_stringtie_gtf 4_stringtie_merge 5_stringtie_for_ballgown\r\n    \r\n    \r\n    for i in {12,13,15,16}\r\n    do \r\n    \thisat2 -p 8 --dta -x $index -q good/SRR34982${i}.good.fq -S 1_hisat/SRR34982${i}.sam \r\n    done\r\n    \r\n    for i in {12,13,15,16}\r\n    do\r\n    \tsamtools sort -@ 8 -o 2_samtools_bam/SRR34982${i}.bam 1_hisat/SRR34982${i}.sam \r\n    done\r\n    \r\n    for i in {12,13,15,16}\r\n    do\r\n    \tstringtie -p 8 -G $gtf -o 3_stringtie_gtf/SRR34982${i}.gtf -l SRR34982${i} 2_samtools_bam/SRR34982${i}.bam \r\n    done\r\n    \r\n    ls 3_stringtie_gtf/*.gtf > 3_stringtie_gtf/assebly_GTF_list.txt\r\n    stringtie --merge -p 8 -o 4_stringtie_merge/merged_gtf.gtf -G $gtf 3_stringtie_gtf/assebly_GTF_list.txt\r\n    \r\n    for i in {12,13,15,16}\r\n    do\r\n    \tmkdir 5_stringtie_for_ballgown/SRR34982${i}\r\n    \tstringtie -e -B -p 8 -G 4_stringtie_merge/merged_gtf.gtf -o 5_stringtie_for_ballgown/SRR34982${i}/SRR34982${i}.gtf 2_samtools_bam/SRR34982${i}.bam \r\n    done\r\n\r\nThen the R script:\r\n\r\n    library(ballgown)\r\n    library(RSkittleBrewer)\r\n    library(genefilter)\r\n    library(dplyr)\r\n    library(ggplot2)\r\n    library(gplots)\r\n    library(devtools)\r\n    \r\n    dir <- \"/mnt/chaelab/donghui/root_shoot/\"\r\n    setwd(dir)\r\n    \r\n    pheno_data <- data.frame( ID = c('SRR3498212','SRR3498213', 'SRR3498215', 'SRR3498216'),\r\n                              Type= c( 'root','root','shoot', 'shoot'))\r\n    \r\n    bg <- ballgown(dataDir = \"5_stringtie_for_ballgown\", samplePattern = 'SRR34982', pData = pheno_data )\r\n    print(bg)\r\n\r\nballgown instance with 54127 transcripts and 4 samples\r\n    \r\n    #remove low-abundance genes ( 0 and 1 )\r\n    bg_filt <- subset(bg,\"rowVars(texpr(bg)) >1\", genomesubset=TRUE)\r\n    print(bg_filt)\r\n\r\nballgown instance with 18483 transcripts and 4 samples\r\n    \r\n    results_transcripts <- stattest(bg_filt, feature = \"transcript\", covariate = \"Type\", getFC = TRUE, meas = \"FPKM\")\r\n    \r\n    results_transcripts <- data.frame(geneNames = ballgown::geneNames(bg_filt), \r\n                                     geneIDs = ballgown::geneIDs(bg_filt), \r\n                                     results_transcripts)\r\n    summary(results_transcripts)\r\n    head(results_transcripts, n = 500)\r\n    \r\n    subset(results_transcripts,results_transcripts$qval<0.05)\r\n    \r\n    results_transcripts = arrange(results_transcripts,pval)\r\n    write.csv(results_transcripts, \"afterqc_transcript_results.csv\", row.names=FALSE)\r\n\r\nhowever, the result shows very high q-val,\r\n\r\n       geneNames          geneIDs            feature            id       \r\n     .      :8699   MSTRG.6333:   11   transcript:18483   1000   :    1  \r\n     A1     :   9   MSTRG.2749:   10                      10004  :    1  \r\n     ARP1   :   8   MSTRG.5542:    7                      10008  :    1  \r\n     ATGRP9 :   8   MSTRG.8965:    7                      1001   :    1  \r\n     RPL13B :   7   MSTRG.1251:    6                      10011  :    1  \r\n     UBQ10  :   7   MSTRG.1364:    6                      10014  :    1  \r\n     (Other):9745   (Other)   :18436                      (Other):18477  \r\n           fc                            pval              qval       \r\n     Min.   :0.000e+00   Min.   :0.0000135   Min.   :0.2488  \r\n     1st Qu.:0.000e+00   1st Qu.:0.1320150   1st Qu.:0.5278  \r\n     Median :1.000e+00   Median :0.3798743   Median :0.7596  \r\n     Mean   :8.941e+10   Mean   :0.4354506   Mean   :0.7457  \r\n     3rd Qu.:8.000e+00   3rd Qu.:0.7277507   3rd Qu.:0.9703  \r\n     Max.   :1.645e+15   Max.   :0.9999579   Max.   :1.0000 \r\n\r\n    geneNames\tgeneIDs\tfeature\tid\tfc\t          pval\t                  qval\r\n      2\tARV1\tAT1G01020\ttranscript\t2\t4.887496e-02\t0.42724866\t0.7960507\r\n    11\tDCL1\tMSTRG.10\ttranscript\t11\t1.996840e+00\t0.86585464\t0.9883641\r\n    12\t.\tMSTRG.11\ttranscript\t12\t2.095266e+00\t0.91548484\t0.9937310\r\n    14\tMIR838A\tMSTRG.12\ttranscript\t14\t1.098434e+00\t0.98874281\t0.9937310\r\n    15\tPPA1\tMSTRG.13\ttranscript\t15\t2.263532e+04\t0.10262150\t0.4894779\r\n    21\tLHY\tAT1G01060\ttranscript\t21\t3.983061e-04\t0.18029668\t0.5788472\r\n    23\tLHY\tAT1G01060\ttranscript\t23\t1.375484e+06\t0.08195434\t0.4894779\r\n    26\t.\tMSTRG.2\ttranscript\t26\t1.592113e-01\t0.83509407\t0.9704967\r\n    27\t.\tMSTRG.2\ttranscript\t27\t6.134825e+01\t0.65382588\t0.9334463\r\n    29\t.\tMSTRG.5\ttranscript\t29\t7.045163e+04\t0.08195434\t0.4894779\r\n    30\t.\tMSTRG.5\ttranscript\t30\t4.287336e-03\t0.36838524\t0.7517703\r\n    32\tPDH-E1 ALPHA\tMSTRG.6\ttranscript\t32\t4.143954e-01\t0.50230252\t0.8452166\r\n    33\tRPP1A\tMSTRG.7\ttranscript\t33\t1.099668e-01\t0.89197850\t0.9937310\r\n    34\tRPP1A\tMSTRG.7\ttranscript\t34\t1.440411e+08\t0.25745333\t0.6535037\r\n    36\tRPP1A\tMSTRG.7\ttranscript\t36\t1.340859e-08\t0.51091104\t0.8510193\r\n    39\tKCS1\tMSTRG.1\ttranscript\t39\t5.171983e+00\t0.01450149\t0.4894779\r\n    41\tCIPK9\tAT1G01140\ttranscript\t41\t1.938509e+05\t0.08195434\t0.4894779\r\n    47\tGIF2\tMSTRG.15\ttranscript\t47\t3.886182e-01\t0.31962657\t0.7093423\r\n\r\nand no transcripts showd qval<0.05, quite opposite from the https://bioinformatics.uconn.edu/rnaseq-arabidopsis/",
    "creation_date": "2019-03-16T00:47:51.050592+00:00",
    "has_accepted": false,
    "id": 357424,
    "lastedit_date": "2020-10-17T11:56:49.410272+00:00",
    "lastedit_user_uid": "78261",
    "parent_id": 357424,
    "rank": 1602935809.410272,
    "reply_count": 1,
    "root_id": 357424,
    "status": "Open",
    "status_id": 1,
    "subs_count": 1,
    "tag_val": "RNA-Seq,hisat2,ballgown,stringtie,arabidopsis",
    "thread_score": 1,
    "title": "hisat2-stringtie-ballgown pipeline gives high p-value and q-value for RNA-seq of Arabidopsis thaliana",
    "type": "Question",
    "type_id": 0,
    "uid": "369720",
    "url": "https://www.biostars.org/p/369720/",
    "view_count": 3046,
    "vote_count": 1,
    "xhtml": "<p>I've been performing RNA-seq according to <a rel=\"nofollow\" href=\"https://bioinformatics.uconn.edu/rnaseq-arabidopsis/\">https://bioinformatics.uconn.edu/rnaseq-arabidopsis/</a> , following the hisat2-stringtie-ballgown pipeline, but it gave very high p-value and q-value, I've tried many different parameters, but it doesn't change. I am not sure if there are anything wrong in my pipeline.</p>\n\n<p>I build the hisat_index by</p>\n\n<pre class=\"pre\"><code class=\"language-bash\">pythotract_splice_sites.py /mnt/chaelab/donghui/TAIR10/gtf/Arabidopsis_thaliana.TAIR10.42.gtf &gt;/mnt/chaelab/donghui/TAIR10/new_index/TAIR10.ss\npython extract_exons.py /mnt/chaelab/donghui/TAIR10/gtf/Arabidopsis_thaliana.TAIR10.42.gtf &gt;/mnt/chaelab/donghui/TAIR10/new_index/TAIR10.exon\nhisat2-build --ss /mnt/chaelab/donghui/TAIR10/new_index/TAIR10.ss --exon /mnt/chaelab/donghui/TAIR10/new_index/TAIR10.exon /mnt/chaelab/donghui/TAIR10/TAIR10_chr_all.fas /mnt/chaelab/donghui/TAIR10/new_index/index\n</code></pre>\n\n<p>trim raw_data by AfterQC,</p>\n\n<pre class=\"pre\"><code class=\"language-bash\">for i in {12,13,15,16}\ndo \n    python2 /mnt/chaelab/donghui/download/AfterQC-master/after.py -1 hisat/SRR34982${i}.fastq\ndone\n</code></pre>\n\n<p>then run the pipeline:</p>\n\n<pre class=\"pre\"><code class=\"language-bash\">gtf=/mnt/chaelab/donghui/TAIR10/gtf/Arabidopsis_thaliana.TAIR10.42.gtf\nindex=/mnt/chaelab/donghui/TAIR10/new_index/index\n\nmkdir 1_hisat 2_samtools_bam 3_stringtie_gtf 4_stringtie_merge 5_stringtie_for_ballgown\n\n\nfor i in {12,13,15,16}\ndo \n    hisat2 -p 8 --dta -x $index -q good/SRR34982${i}.good.fq -S 1_hisat/SRR34982${i}.sam \ndone\n\nfor i in {12,13,15,16}\ndo\n    samtools sort -@ 8 -o 2_samtools_bam/SRR34982${i}.bam 1_hisat/SRR34982${i}.sam \ndone\n\nfor i in {12,13,15,16}\ndo\n    stringtie -p 8 -G $gtf -o 3_stringtie_gtf/SRR34982${i}.gtf -l SRR34982${i} 2_samtools_bam/SRR34982${i}.bam \ndone\n\nls 3_stringtie_gtf/*.gtf &gt; 3_stringtie_gtf/assebly_GTF_list.txt\nstringtie --merge -p 8 -o 4_stringtie_merge/merged_gtf.gtf -G $gtf 3_stringtie_gtf/assebly_GTF_list.txt\n\nfor i in {12,13,15,16}\ndo\n    mkdir 5_stringtie_for_ballgown/SRR34982${i}\n    stringtie -e -B -p 8 -G 4_stringtie_merge/merged_gtf.gtf -o 5_stringtie_for_ballgown/SRR34982${i}/SRR34982${i}.gtf 2_samtools_bam/SRR34982${i}.bam \ndone\n</code></pre>\n\n<p>Then the R script:</p>\n\n<pre class=\"pre\"><code class=\"language-bash\">library(ballgown)\nlibrary(RSkittleBrewer)\nlibrary(genefilter)\nlibrary(dplyr)\nlibrary(ggplot2)\nlibrary(gplots)\nlibrary(devtools)\n\ndir &lt;- \"/mnt/chaelab/donghui/root_shoot/\"\nsetwd(dir)\n\npheno_data &lt;- data.frame( ID = c('SRR3498212','SRR3498213', 'SRR3498215', 'SRR3498216'),\n                          Type= c( 'root','root','shoot', 'shoot'))\n\nbg &lt;- ballgown(dataDir = \"5_stringtie_for_ballgown\", samplePattern = 'SRR34982', pData = pheno_data )\nprint(bg)\n</code></pre>\n\n<p>ballgown instance with 54127 transcripts and 4 samples</p>\n\n<pre class=\"pre\"><code class=\"language-bash\">#remove low-abundance genes ( 0 and 1 )\nbg_filt &lt;- subset(bg,\"rowVars(texpr(bg)) &gt;1\", genomesubset=TRUE)\nprint(bg_filt)\n</code></pre>\n\n<p>ballgown instance with 18483 transcripts and 4 samples</p>\n\n<pre class=\"pre\"><code class=\"language-bash\">results_transcripts &lt;- stattest(bg_filt, feature = \"transcript\", covariate = \"Type\", getFC = TRUE, meas = \"FPKM\")\n\nresults_transcripts &lt;- data.frame(geneNames = ballgown::geneNames(bg_filt), \n                                 geneIDs = ballgown::geneIDs(bg_filt), \n                                 results_transcripts)\nsummary(results_transcripts)\nhead(results_transcripts, n = 500)\n\nsubset(results_transcripts,results_transcripts$qval&lt;0.05)\n\nresults_transcripts = arrange(results_transcripts,pval)\nwrite.csv(results_transcripts, \"afterqc_transcript_results.csv\", row.names=FALSE)\n</code></pre>\n\n<p>however, the result shows very high q-val,</p>\n\n<pre class=\"pre\"><code class=\"language-bash\">   geneNames          geneIDs            feature            id       \n .      :8699   MSTRG.6333:   11   transcript:18483   1000   :    1  \n A1     :   9   MSTRG.2749:   10                      10004  :    1  \n ARP1   :   8   MSTRG.5542:    7                      10008  :    1  \n ATGRP9 :   8   MSTRG.8965:    7                      1001   :    1  \n RPL13B :   7   MSTRG.1251:    6                      10011  :    1  \n UBQ10  :   7   MSTRG.1364:    6                      10014  :    1  \n (Other):9745   (Other)   :18436                      (Other):18477  \n       fc                            pval              qval       \n Min.   :0.000e+00   Min.   :0.0000135   Min.   :0.2488  \n 1st Qu.:0.000e+00   1st Qu.:0.1320150   1st Qu.:0.5278  \n Median :1.000e+00   Median :0.3798743   Median :0.7596  \n Mean   :8.941e+10   Mean   :0.4354506   Mean   :0.7457  \n 3rd Qu.:8.000e+00   3rd Qu.:0.7277507   3rd Qu.:0.9703  \n Max.   :1.645e+15   Max.   :0.9999579   Max.   :1.0000 \n\ngeneNames   geneIDs feature id  fc            pval                    qval\n  2 ARV1    AT1G01020   transcript  2   4.887496e-02    0.42724866  0.7960507\n11  DCL1    MSTRG.10    transcript  11  1.996840e+00    0.86585464  0.9883641\n12  .   MSTRG.11    transcript  12  2.095266e+00    0.91548484  0.9937310\n14  MIR838A MSTRG.12    transcript  14  1.098434e+00    0.98874281  0.9937310\n15  PPA1    MSTRG.13    transcript  15  2.263532e+04    0.10262150  0.4894779\n21  LHY AT1G01060   transcript  21  3.983061e-04    0.18029668  0.5788472\n23  LHY AT1G01060   transcript  23  1.375484e+06    0.08195434  0.4894779\n26  .   MSTRG.2 transcript  26  1.592113e-01    0.83509407  0.9704967\n27  .   MSTRG.2 transcript  27  6.134825e+01    0.65382588  0.9334463\n29  .   MSTRG.5 transcript  29  7.045163e+04    0.08195434  0.4894779\n30  .   MSTRG.5 transcript  30  4.287336e-03    0.36838524  0.7517703\n32  PDH-E1 ALPHA    MSTRG.6 transcript  32  4.143954e-01    0.50230252  0.8452166\n33  RPP1A   MSTRG.7 transcript  33  1.099668e-01    0.89197850  0.9937310\n34  RPP1A   MSTRG.7 transcript  34  1.440411e+08    0.25745333  0.6535037\n36  RPP1A   MSTRG.7 transcript  36  1.340859e-08    0.51091104  0.8510193\n39  KCS1    MSTRG.1 transcript  39  5.171983e+00    0.01450149  0.4894779\n41  CIPK9   AT1G01140   transcript  41  1.938509e+05    0.08195434  0.4894779\n47  GIF2    MSTRG.15    transcript  47  3.886182e-01    0.31962657  0.7093423\n</code></pre>\n\n<p>and no transcripts showd qval&lt;0.05, quite opposite from the <a rel=\"nofollow\" href=\"https://bioinformatics.uconn.edu/rnaseq-arabidopsis/\">https://bioinformatics.uconn.edu/rnaseq-arabidopsis/</a></p>\n"
}