{
    "answer_count": 5,
    "author": "ebrown1955",
    "author_uid": "16634",
    "book_count": 1,
    "comment_count": 3,
    "content": "<p>I have 1000 samples that I need to run through a certain pipeline. Are there any programs that can generate shell scripts for each sample?</p>\r\n\r\n<p>For example, if I have a command to run BWA on a sample, e.g.</p>\r\n\r\n<pre>\r\nbwa mem -R &quot;@RG\\tID:[sample]\\tPL:ILLUMINA\\tLB:lib1&quot; $REF [sample]_1.fastq [sample]_2.fastq &gt; [sample].sam</pre>\r\n\r\n<p>How can I generate this script for 1000 samples (replacing &quot;[sample]&quot; which respective sample ID). Are there any tools that do this sort of batch processing? I&#39;ve heard of people using make, but I&#39;m unsure of what they mean.</p>\r\n\r\n<p>I know I can write a loop that processes each file separately, however I&#39;d like to submit the jobs separately as there is a time limit on each job I can submit to my cluster.</p>\r\n",
    "creation_date": "2015-10-19T19:15:01.774811+00:00",
    "has_accepted": false,
    "id": 155367,
    "lastedit_date": "2015-10-19T19:29:57.618661+00:00",
    "lastedit_user_uid": "30",
    "parent_id": 155367,
    "rank": 1445282997.618661,
    "reply_count": 5,
    "root_id": 155367,
    "status": "Open",
    "status_id": 1,
    "subs_count": 3,
    "tag_val": "shell,bash",
    "thread_score": 15,
    "title": "Generating shell scripts",
    "type": "Question",
    "type_id": 0,
    "uid": "162555",
    "url": "https://www.biostars.org/p/162555/",
    "view_count": 3493,
    "vote_count": 1,
    "xhtml": "<p>I have 1000 samples that I need to run through a certain pipeline. Are there any programs that can generate shell scripts for each sample?</p>\n\n<p>For example, if I have a command to run BWA on a sample, e.g.</p>\n\n<pre>bwa mem -R \"@RG\\tID:[sample]\\tPL:ILLUMINA\\tLB:lib1\" $REF [sample]_1.fastq [sample]_2.fastq &gt; [sample].sam</pre>\n\n<p>How can I generate this script for 1000 samples (replacing \"[sample]\" which respective sample ID). Are there any tools that do this sort of batch processing? I've heard of people using make, but I'm unsure of what they mean.</p>\n\n<p>I know I can write a loop that processes each file separately, however I'd like to submit the jobs separately as there is a time limit on each job I can submit to my cluster.</p>\n"
}