{
    "answer_count": 0,
    "author": "bgbrink",
    "author_uid": "45308",
    "book_count": 0,
    "comment_count": 0,
    "content": "I have data set where the genome is known to contain about 10% telomeric repeats. However, when I blast a sequence of 4 x TTAGGG against my reads, less than 1% show a hit. This makes me wonder if reads with low complexity are removed by the basecalling pipeline and don't end up in the subreads.fastq.\r\n\r\nHere is my blast command, to make sure I didn't do anything wrong on my side. I also tried to use less stringend values for reward/penalty and gap costs (5/-4, 10/6), but the result remains the same.\r\n\r\n    blastn -db \"all_reads.fasta\" -query \"telo_sequence.fasta\" -word_size 6 -dust no -soft_masking false -outfmt 6",
    "creation_date": "2018-05-03T06:39:05.542069+00:00",
    "has_accepted": false,
    "id": 302315,
    "lastedit_date": "2018-05-03T06:39:05.542069+00:00",
    "lastedit_user_uid": "45308",
    "parent_id": 302315,
    "rank": 1525329545.542069,
    "reply_count": 0,
    "root_id": 302315,
    "status": "Open",
    "status_id": 1,
    "subs_count": 0,
    "tag_val": "sequencing",
    "thread_score": 0,
    "title": "Does the PacBio basecaller filter out reads with low complexity?",
    "type": "Question",
    "type_id": 0,
    "uid": "312844",
    "url": "https://www.biostars.org/p/312844/",
    "view_count": 929,
    "vote_count": 0,
    "xhtml": "<p>I have data set where the genome is known to contain about 10% telomeric repeats. However, when I blast a sequence of 4 x TTAGGG against my reads, less than 1% show a hit. This makes me wonder if reads with low complexity are removed by the basecalling pipeline and don't end up in the subreads.fastq.</p>\n\n<p>Here is my blast command, to make sure I didn't do anything wrong on my side. I also tried to use less stringend values for reward/penalty and gap costs (5/-4, 10/6), but the result remains the same.</p>\n\n<pre class=\"pre\"><code class=\"language-bash\">blastn -db \"all_reads.fasta\" -query \"telo_sequence.fasta\" -word_size 6 -dust no -soft_masking false -outfmt 6\n</code></pre>\n"
}