{
    "answer_count": 2,
    "author": "umn_bist",
    "author_uid": "22513",
    "book_count": 0,
    "comment_count": 1,
    "content": "Is it safe to feed the same adapter list for both forward and reverse strands (for paired end reads)? In other words, will the tool automatically reverse the adapters for the reverse strand?\n\n    cutadapt --quiet -q 10,10 -aA /Volumes/My\\ Passport/Documents/adapters.fa -o out_1.fastq -p out_2.fastq in_1.fastq in_2.fastq\n\nI purposefully left out -O command (min overlap length, of 25) because the overrepresented Kmers in my FastQC report showed 6 bp sequences commonly found in TruSeq adapters. The default min overlap is 3 bp.\n\nAlso, in an example pipeline, I found these (highlighted) commands that I could not understand why it was necessary.\n\n```\nls *R1_001.fastq | parallel -j $PARALLEL_TASKS \"cutadapt -q 10,10 -a GATCGGAAGAGCACACGTCTGAACTCCAGTCAC -O 25 {} 2> {.}.cutadapt | sed 's/^$/C/g' > {.}_adapt.fastq\u200b\n                                                                                                             ^^^                      ^^^^^^^^^^\n```",
    "creation_date": "2016-02-03T08:15:28.243392+00:00",
    "has_accepted": true,
    "id": 167794,
    "lastedit_date": "2022-07-25T17:52:27.039155+00:00",
    "lastedit_user_uid": "8494",
    "parent_id": 167794,
    "rank": 1454489472.664845,
    "reply_count": 2,
    "root_id": 167794,
    "status": "Open",
    "status_id": 1,
    "subs_count": 1,
    "tag_val": "RNA-Seq,Illumina,cutadapt",
    "thread_score": 3,
    "title": "Cutadapt paired end reads with 1 adapter list fasta",
    "type": "Question",
    "type_id": 0,
    "uid": "175273",
    "url": "https://www.biostars.org/p/175273/",
    "view_count": 2770,
    "vote_count": 0,
    "xhtml": "<p>Is it safe to feed the same adapter list for both forward and reverse strands (for paired end reads)? In other words, will the tool automatically reverse the adapters for the reverse strand?</p>\n<pre><code>cutadapt --quiet -q 10,10 -aA /Volumes/My\\ Passport/Documents/adapters.fa -o out_1.fastq -p out_2.fastq in_1.fastq in_2.fastq\n</code></pre>\n<p>I purposefully left out -O command (min overlap length, of 25) because the overrepresented Kmers in my FastQC report showed 6 bp sequences commonly found in TruSeq adapters. The default min overlap is 3 bp.</p>\n<p>Also, in an example pipeline, I found these (highlighted) commands that I could not understand why it was necessary.</p>\n<pre><code>ls *R1_001.fastq | parallel -j $PARALLEL_TASKS \"cutadapt -q 10,10 -a GATCGGAAGAGCACACGTCTGAACTCCAGTCAC -O 25 {} 2&gt; {.}.cutadapt | sed 's/^$/C/g' &gt; {.}_adapt.fastq\u200b\n                                                                                                             ^^^                      ^^^^^^^^^^\n</code></pre>\n"
}