{
    "answer_count": 1,
    "author": "cdrinfo",
    "author_uid": "135821",
    "book_count": 0,
    "comment_count": 1,
    "content": "**Job Qualification**:\n\n**Ph.D**. in Bioinformatics, Computational Biology, Computer Science, Biomedical Engineering, Computer Engineering, Genetics/Genomics or related field. Experience with \u2018omics platform output.\nExperience with biological datasets and next generation sequencing data.\nGraphical output of data analysis for publication. Demonstrated experience designing computational methods and tools, including prior experience with algorithms relevant to computational biology, and skill and experience with statistical analysis.\nOutstanding programming skills in at least two of these languages on a Linux environment: Python, R, bash, Perl, Java, and C++.\nExcellent communication and organizational skills with ability to work to tight timelines, both independently and as part of a multi-disciplinary team.\n\n**Job Description**:\n\nAnalyses of high throughput genomic, transcriptomic, epigenetic, proteomic, digital spatial, and other 'omics data in healthy and    disease states. Analysis of multiscale single cell \u2018omics data to perform multi tissue cellular de novo taxonomy in healthy and disease states.\nDevelop and maintain genetic, genomic, and biological databases to annotate and interpret human genome data.\nPerform rigorous and reproducible data analyses along with graphics and spreadsheet output.\nDevelop projects and work independently on a variety of data analysis projects. Learn and use bioinformatics tools for processing and analysis of large datasets.\nIdentify and resolve technical issues and propose upgrades to current software.\nDevelop and maintain bioinformatic pipelines for analyses of high throughput genomic, transcriptomic, epigenetic, proteomic, and other 'omics data in healthy and disease states.\n\n**Location**\nThe Nathan S. Kline Institute for Psychiatric Research, 140 Old Orangeburg Road, Orangeburg, NY  10962. The Nathan S. Kline Institute for Psychiatric Research (NKI) is a dedicated research facility of the New York State Office of Mental Health (OMH) located on the grounds of Rockland Psychiatric Center in Orangeburg, NY. NKI is affiliated with the New York University Langone Medical Center (NYULMC), located in midtown Manhattan.\n\n**To apply**\nOnly PhD-level candidates should send their Resume to cdrinfo@nki.rfmh.org.\n",
    "creation_date": "2023-08-21T18:56:33.384831+00:00",
    "has_accepted": false,
    "id": 572866,
    "lastedit_date": "2023-09-07T11:07:38.096803+00:00",
    "lastedit_user_uid": "29107",
    "parent_id": 572866,
    "rank": 1692644193.38484,
    "reply_count": 1,
    "root_id": 572866,
    "status": "Open",
    "status_id": 1,
    "subs_count": 2,
    "tag_val": "Statistics,Neuroscience,Data-Scientist",
    "thread_score": 1,
    "title": "Data Scientist for Bioinformatics and Computer Biology, USA",
    "type": "Job",
    "type_id": 2,
    "uid": "9572866",
    "url": "https://www.biostars.org/p/9572866/",
    "view_count": 1201,
    "vote_count": 0,
    "xhtml": "<p><strong>Job Qualification</strong>:</p>\n<p><strong>Ph.D</strong>. in Bioinformatics, Computational Biology, Computer Science, Biomedical Engineering, Computer Engineering, Genetics/Genomics or related field. Experience with \u2018omics platform output.\nExperience with biological datasets and next generation sequencing data.\nGraphical output of data analysis for publication. Demonstrated experience designing computational methods and tools, including prior experience with algorithms relevant to computational biology, and skill and experience with statistical analysis.\nOutstanding programming skills in at least two of these languages on a Linux environment: Python, R, bash, Perl, Java, and C++.\nExcellent communication and organizational skills with ability to work to tight timelines, both independently and as part of a multi-disciplinary team.</p>\n<p><strong>Job Description</strong>:</p>\n<p>Analyses of high throughput genomic, transcriptomic, epigenetic, proteomic, digital spatial, and other 'omics data in healthy and    disease states. Analysis of multiscale single cell \u2018omics data to perform multi tissue cellular de novo taxonomy in healthy and disease states.\nDevelop and maintain genetic, genomic, and biological databases to annotate and interpret human genome data.\nPerform rigorous and reproducible data analyses along with graphics and spreadsheet output.\nDevelop projects and work independently on a variety of data analysis projects. Learn and use bioinformatics tools for processing and analysis of large datasets.\nIdentify and resolve technical issues and propose upgrades to current software.\nDevelop and maintain bioinformatic pipelines for analyses of high throughput genomic, transcriptomic, epigenetic, proteomic, and other 'omics data in healthy and disease states.</p>\n<p><strong>Location</strong>\nThe Nathan S. Kline Institute for Psychiatric Research, 140 Old Orangeburg Road, Orangeburg, NY  10962. The Nathan S. Kline Institute for Psychiatric Research (NKI) is a dedicated research facility of the New York State Office of Mental Health (OMH) located on the grounds of Rockland Psychiatric Center in Orangeburg, NY. NKI is affiliated with the New York University Langone Medical Center (NYULMC), located in midtown Manhattan.</p>\n<p><strong>To apply</strong>\nOnly PhD-level candidates should send their Resume to cdrinfo@nki.rfmh.org.</p>\n"
}