{
    "answer_count": 2,
    "author": "nilakshafreezon",
    "author_uid": "10710",
    "book_count": 0,
    "comment_count": 1,
    "content": "<p>I have developed a pipeline for variant calling from exome sequence data, and I currently use ANNOVAR to annotate the obtained variants. But I would like to extend my analysis further with pharmacogenomic data as well. PharmGKB is a good source but it does not have any annotation facilities. Anybody know a good tool to do this or any alternative approach is highly appreciated. :)</p>\r\n\r\n<p>Thanks in advance.</p>\r\n",
    "creation_date": "2014-06-16T07:13:08.719537+00:00",
    "has_accepted": false,
    "id": 98031,
    "lastedit_date": "2014-06-16T07:20:16.291891+00:00",
    "lastedit_user_uid": "6430",
    "parent_id": 98031,
    "rank": 1402903216.291891,
    "reply_count": 2,
    "root_id": 98031,
    "status": "Open",
    "status_id": 1,
    "subs_count": 1,
    "tag_val": "pharmacogenomics,ngs,Exome sequencing",
    "thread_score": 0,
    "title": "Annotate Variants with Pharmacogenomic Data",
    "type": "Question",
    "type_id": 0,
    "uid": "103676",
    "url": "https://www.biostars.org/p/103676/",
    "view_count": 2621,
    "vote_count": 0,
    "xhtml": "<p>I have developed a pipeline for variant calling from exome sequence data, and I currently use ANNOVAR to annotate the obtained variants. But I would like to extend my analysis further with pharmacogenomic data as well. PharmGKB is a good source but it does not have any annotation facilities. Anybody know a good tool to do this or any alternative approach is highly appreciated. :)</p>\n\n<p>Thanks in advance.</p>\n"
}