{
    "answer_count": 1,
    "author": "jordan.mandel",
    "author_uid": "55403",
    "book_count": 0,
    "comment_count": 0,
    "content": "I have an R  dataframe where each row is an Ensembl ID for a gene, and each column is a sample, and each value is a number of counts of transcripts matched to a gene (for the entire genome, human).  My question is: how do I get the appropriate gene length for normalization to FPKM or TPM? This answer: https://www.biostars.org/p/317962/  gives the total gene length that includes introns which is not appropriate.  This one: https://bioinformatics.stackexchange.com/questions/2567/how-can-i-calculate-gene-length-for-rpkm-calculation-from-counts-data \r\ngives a valid answer but I don't know what a GTF file is/ might not be able to construct one.  I just want to go straight from \r\nensmbl ID -----------> transcript length.\r\n\r\n\r\nI know that there are a lot of details (how were the transcripts mapped/what reference genome, etc etc etc) that could make a simple ensembl ID -------->transcript length calculation slightly inaccurate but this is an early stage of the exploratory data analysis, and I can confirm the results later once the analysis pipeline is set up.\r\n\r\nThanks for tolerating an amateur!\r\n",
    "creation_date": "2019-05-24T22:24:30.336853+00:00",
    "has_accepted": false,
    "id": 368389,
    "lastedit_date": "2019-05-24T23:26:11.321989+00:00",
    "lastedit_user_uid": "6093",
    "parent_id": 368389,
    "rank": 1558740371.321989,
    "reply_count": 1,
    "root_id": 368389,
    "status": "Open",
    "status_id": 1,
    "subs_count": 1,
    "tag_val": "RNA-Seq,R,tpm,fpkm,exon",
    "thread_score": 0,
    "title": "Ensembl ID and counts to FPKM/TPM",
    "type": "Question",
    "type_id": 0,
    "uid": "381390",
    "url": "https://www.biostars.org/p/381390/",
    "view_count": 2223,
    "vote_count": 0,
    "xhtml": "<p>I have an R  dataframe where each row is an Ensembl ID for a gene, and each column is a sample, and each value is a number of counts of transcripts matched to a gene (for the entire genome, human).  My question is: how do I get the appropriate gene length for normalization to FPKM or TPM? This answer: <a rel=\"nofollow\" href=\"https://www.biostars.org/p/317962/\">Get gene length with R</a>  gives the total gene length that includes introns which is not appropriate.  This one: <a rel=\"nofollow\" href=\"https://bioinformatics.stackexchange.com/questions/2567/how-can-i-calculate-gene-length-for-rpkm-calculation-from-counts-data\">https://bioinformatics.stackexchange.com/questions/2567/how-can-i-calculate-gene-length-for-rpkm-calculation-from-counts-data</a> \ngives a valid answer but I don't know what a GTF file is/ might not be able to construct one.  I just want to go straight from \nensmbl ID -----------&gt; transcript length.</p>\n\n<p>I know that there are a lot of details (how were the transcripts mapped/what reference genome, etc etc etc) that could make a simple ensembl ID --------&gt;transcript length calculation slightly inaccurate but this is an early stage of the exploratory data analysis, and I can confirm the results later once the analysis pipeline is set up.</p>\n\n<p>Thanks for tolerating an amateur!</p>\n"
}