{
    "answer_count": 0,
    "author": "dan.brewer",
    "author_uid": "4898",
    "book_count": 0,
    "comment_count": 0,
    "content": "We are looking for a Research Associate to implement, and then run, a resource within the Norwich Medical School to process next generation sequencing data using best-of-class bioinformatics pipelines. The pipelines will be made available as Docker images and the resource will be run on a high-performance computing cluster. \n\nYou will part of the Cancer Genetics team at the Norwich Medical School, which is an interdisciplinary team comprising a mixture of bioinformaticians and lab-based scientists. We have a broad interest in translational cancer based molecular studies with the aim of improving patient care. The Cancer Genetics lab plays a central role in the International Cancer Genome Consortium (ICGC) Prostate UK group and played a pivotal role in setting up the Pan-Prostate Cancer Group (http://panprostate.org), a collaboration between all the major prostate cancer sequencing projects in the world.\n\nYou will have a graduate level qualification or equivalent experience in computer science or a numeric biological discipline. Experience in running bioinformatics pipelines on high performance computing clusters and container technologies such as Docker images is also advantageous. You should also have an enthusiasm for working in an interdisciplinary environment and have the ability to interact and communicate effectively with scientists from other disciplines, including clinicians, scientific computing IT, and biologists.\n\nAcceptable first degree: Computer Science, Physics, Mathematics, Engineering, Biological Sciences, Biochemistry, Biomedical Science. \n\nClosing date: 8 August 2019.\n\nFurther particulars and an application form can be obtained from: https://myview.uea.ac.uk/webrecruitment/pages/vacancy.jsf?vacancyRef=RA1661",
    "creation_date": "2019-07-19T11:24:41.738433+00:00",
    "has_accepted": false,
    "id": 376943,
    "lastedit_date": "2023-06-01T18:21:13.042663+00:00",
    "lastedit_user_uid": "8494",
    "parent_id": 376943,
    "rank": 1563535481.738433,
    "reply_count": 0,
    "root_id": 376943,
    "status": "Open",
    "status_id": 1,
    "subs_count": 0,
    "tag_val": "NGS,Pipelines,Docker,Cancer",
    "thread_score": 1,
    "title": "Research Associate in Genomics Pipelines @ UEA, Norwich, UK",
    "type": "Job",
    "type_id": 2,
    "uid": "390485",
    "url": "https://www.biostars.org/p/390485/",
    "view_count": 1168,
    "vote_count": 1,
    "xhtml": "<p>We are looking for a Research Associate to implement, and then run, a resource within the Norwich Medical School to process next generation sequencing data using best-of-class bioinformatics pipelines. The pipelines will be made available as Docker images and the resource will be run on a high-performance computing cluster.</p>\n<p>You will part of the Cancer Genetics team at the Norwich Medical School, which is an interdisciplinary team comprising a mixture of bioinformaticians and lab-based scientists. We have a broad interest in translational cancer based molecular studies with the aim of improving patient care. The Cancer Genetics lab plays a central role in the International Cancer Genome Consortium (ICGC) Prostate UK group and played a pivotal role in setting up the Pan-Prostate Cancer Group (<a href=\"http://panprostate.org\" rel=\"nofollow\">http://panprostate.org</a>), a collaboration between all the major prostate cancer sequencing projects in the world.</p>\n<p>You will have a graduate level qualification or equivalent experience in computer science or a numeric biological discipline. Experience in running bioinformatics pipelines on high performance computing clusters and container technologies such as Docker images is also advantageous. You should also have an enthusiasm for working in an interdisciplinary environment and have the ability to interact and communicate effectively with scientists from other disciplines, including clinicians, scientific computing IT, and biologists.</p>\n<p>Acceptable first degree: Computer Science, Physics, Mathematics, Engineering, Biological Sciences, Biochemistry, Biomedical Science.</p>\n<p>Closing date: 8 August 2019.</p>\n<p>Further particulars and an application form can be obtained from: <a href=\"https://myview.uea.ac.uk/webrecruitment/pages/vacancy.jsf?vacancyRef=RA1661\" rel=\"nofollow\">https://myview.uea.ac.uk/webrecruitment/pages/vacancy.jsf?vacancyRef=RA1661</a></p>\n"
}