{
    "answer_count": 2,
    "author": "kittys",
    "author_uid": "56057",
    "book_count": 0,
    "comment_count": 0,
    "content": "Hi. \r\nI am running a GWAS pipeline and am now imputing my genotypes. I have run shape-it for pre-phasing and am now running Impute2 for imputation. I have split each chromosome into chunks and run the command with no errors or warnings. However for some chunks, the .imputed file produced is empty and I don't know why. There is still information in the info and summary files though. Has something gone wrong or I can't find out if this is a normal output for some genomic locations?\r\n\r\nHere is the summary output file produced for one chunk where there is no output in the .imputed file\r\n\r\nThanks very much for your help.\r\nKitty \r\n\r\n\r\n======================\r\n IMPUTE version 2.3.2 \r\n======================\r\n\r\nCopyright 2008 Bryan Howie, Peter Donnelly, and Jonathan Marchini\r\nPlease see the LICENCE file included with this program for conditions of use.\r\n\r\nThe seed for the random number generator is 578320895.\r\n\r\nCommand-line input: impute2 -use_prephased_g -known_Swiss_shapeit_chr22_map_1000G.phased.haps -h 1000GP_Phase3_chr22.hap.gz -l1000GP_Phase3_chr22.legend.gz -m genetic_map_chr22_combined_b37.txt -Ne 20000 -int 15000001 20000000 -o chr22_chunks/chr22_impute2_chunk1.imputed\r\n\r\n---------------------------------\r\n Nomenclature and data structure \r\n---------------------------------\r\n\r\n     Panel 0: phased reference haplotypes\r\n     Panel 2: phased study haplotypes\r\n\r\nFor optimal results, each successive panel (0,1,2) should contain a subset of the SNPs in the previous panel. When the data structure deviates from this ideal configuration, IMPUTE2 tries to use as much of the available information as possible; see documentation for details.\r\n\r\n-------------\r\n Input files \r\n-------------\r\n\r\n         Panel 0 haplotypes: 1000GP_Phase3_chr22.hap.gz\r\n         Panel 0 hap legend: 1000GP_Phase3_chr22.legend.gz\r\n         Panel 2 known haps: Swiss_shapeit_chr22_map_1000G.phased.haps\r\n                genetic map: genetic_map_chr22_combined_b37.txt\r\n\r\n--------------\r\n Output files \r\n--------------\r\n\r\n                main output: chr22_chunks/chr22_impute2_chunk1.imputed\r\n                SNP QC info: chr22_chunks/chr22_impute2_chunk1.imputed_info\r\n             sample QC info: chr22_chunks/chr22_impute2_chunk1.imputed_info_by_sample\r\n                run summary: chr22_chunks/chr22_impute2_chunk1.imputed_summary\r\n                warning log: chr22_chunks/chr22_impute2_chunk1.imputed_warnings\r\n\r\n-----------------\r\n Data processing \r\n-----------------\r\n\r\n-reading genetic map from -m file\r\n --filename=[genetic_map_chr22_combined_b37.txt]\r\n --read 3753 SNPs in the analysis interval+buffer region\r\n\r\n-reading Panel 2 haplotypes from -known_haps_g file\r\n --filename=[Swiss_shapeit_chr22_map_1000G.phased.haps]\r\n --detected 1065 individuals\r\n --read 782 SNPs in the analysis interval+buffer region\r\n --added 782 new SNPs based on known haplotypes\r\n\r\n-reading Panel 0 haplotypes from -h and -l files\r\n --filename=[1000GP_Phase3_chr22.hap.gz]\r\n --filename=[1000GP_Phase3_chr22.legend.gz]\r\n --detected 5008 haplotypes\r\n --read 117035 SNPs in the analysis interval+buffer region\r\n\r\n-removing SNPs that violate the hierarchical data requirements\r\n --no SNPs removed\r\n\r\n-removing reference-only SNPs from buffer region\r\n --removed 8307 SNPs\r\n\r\n-checking strand alignment between Panel 2 and Panel 0 by allele labels\r\n --flipped strand due to allele mismatch at 367 out of 782 SNPs in Panel 2\r\n\r\n-aligning allele labels between panels\r\n\r\n-removing non-aligned genotyped SNPs\r\n --removed 0 out of 774 SNPs with data in multiple panels\r\n\r\n--------------\r\n Data summary \r\n--------------\r\n\r\n[type 0 = SNP in Panel 0 only]\r\n[type 1 = SNP in Panel 1]\r\n[type 2 = SNP in Panel 2 and all ref panels]\r\n[type 3 = SNP in Panel 2 only]\r\n\r\n-Upstream buffer region\r\n --0 type 0 SNPs\r\n --0 type 1 SNPs\r\n --0 type 2 SNPs\r\n --0 type 3 SNPs\r\n --0 total SNPs\r\n\r\n-Downstream buffer region\r\n --0 type 0 SNPs\r\n --0 type 1 SNPs\r\n --55 type 2 SNPs\r\n --0 type 3 SNPs\r\n --55 total SNPs\r\n\r\n-Analysis region (as defined by -int argument)\r\n --107954 type 0 SNPs\r\n --0 type 1 SNPs\r\n --719 type 2 SNPs\r\n --8 type 3 SNPs\r\n --108681 total SNPs\r\n\r\n-Output file\r\n --107954 type 0 SNPs\r\n --0 type 1 SNPs\r\n --719 type 2 SNPs\r\n --8 type 3 SNPs\r\n --108681 total SNPs\r\n\r\n-In total, 108736 SNPs will be used in the analysis, including 774 Panel 2 SNPs\r\n\r\n-setting storage space\r\n\r\n----------------\r\n Run parameters \r\n----------------\r\n\r\n        reference haplotypes: 5008 [Panel 0]\r\n           study individuals: 1065 [Panel 2]\r\n           sequence interval: [15000001,20000000]\r\n                      buffer: 250 kb\r\n                          Ne: 20000\r\n           input call thresh: 0.900\r\n     burn-in MCMC iterations: 0\r\n       total MCMC iterations: 1 (1 used for inference)\r\n   HMM states for imputation: 500 [Panel 0->2]\r\n                active flags: <-use_prephased_g>\r\n\r\n---------\r\n Run log \r\n---------\r\n\r\nRESETTING PARAMETERS FOR \"SURROGATE FAMILY\" MODELING\r\n-setting mutation matrices\r\n-setting switch rates\r\n\r\ndiploid sampling success rate: (no diploid sampling performed)\r\n\r\nhaploid sampling success rate: (no haploid sampling performed)\r\n\r\n\r\n--------------------------------\r\n Imputation accuracy assessment \r\n--------------------------------\r\n\r\nThe table below is based on an internal cross-validation that is performed during each IMPUTE2 run. For this analysis, the program masks the genotypes of one variant at a time in the study data (Panel 2) and imputes the masked genotypes by using the remaining study and reference data. The imputed genotypes are then compared with the original genotypes to produce the concordance statistics shown in the table. You can learn more about this procedure and the contents of the table at http://mathgen.stats.ox.ac.uk/impute/concordance_table_description.html.\r\n\r\nIn the current analysis, IMPUTE2 masked, imputed, and evaluated 765735 genotypes that were called with high confidence (maximum probability >= 0.90) in the Panel 2 input file (-g or -known_haps_g).\r\n\r\nWhen the masked study genotypes were imputed with reference data from Panel 0, the concordance between original and imputed genotypes was as follows:\r\n\r\n  Interval  #Genotypes %Concordance         Interval  %Called %Concordance\r\n  [0.0-0.1]          0          0.0         [ >= 0.0]   100.0         94.5\r\n  [0.1-0.2]          0          0.0         [ >= 0.1]   100.0         94.5\r\n  [0.2-0.3]          0          0.0         [ >= 0.2]   100.0         94.5\r\n  [0.3-0.4]          0          0.0         [ >= 0.3]   100.0         94.5\r\n  [0.4-0.5]       1902         43.9         [ >= 0.4]   100.0         94.5\r\n  [0.5-0.6]      14508         54.4         [ >= 0.5]    99.8         94.6\r\n  [0.6-0.7]      14318         61.3         [ >= 0.6]    97.9         95.4\r\n  [0.7-0.8]      17094         70.0         [ >= 0.7]    96.0         96.1\r\n  [0.8-0.9]      25654         77.7         [ >= 0.8]    93.8         96.7\r\n  [0.9-1.0]     692259         97.4         [ >= 0.9]    90.4         97.4\r\n",
    "creation_date": "2021-03-08T14:39:06.797909+00:00",
    "has_accepted": false,
    "id": 458956,
    "lastedit_date": "2022-08-17T08:48:56.937740+00:00",
    "lastedit_user_uid": "109104",
    "parent_id": 458956,
    "rank": 1660726137.178417,
    "reply_count": 2,
    "root_id": 458956,
    "status": "Open",
    "status_id": 1,
    "subs_count": 3,
    "tag_val": "impute2,SNP,sequencing,genome,GWAS",
    "thread_score": 0,
    "title": "Impute2 empty output for imputed SNPs",
    "type": "Question",
    "type_id": 0,
    "uid": "495356",
    "url": "https://www.biostars.org/p/495356/",
    "view_count": 1994,
    "vote_count": 0,
    "xhtml": "<p>Hi. \nI am running a GWAS pipeline and am now imputing my genotypes. I have run shape-it for pre-phasing and am now running Impute2 for imputation. I have split each chromosome into chunks and run the command with no errors or warnings. However for some chunks, the .imputed file produced is empty and I don't know why. There is still information in the info and summary files though. Has something gone wrong or I can't find out if this is a normal output for some genomic locations?</p>\n\n<p>Here is the summary output file produced for one chunk where there is no output in the .imputed file</p>\n\n<p>Thanks very much for your help.\nKitty </p>\n\n<p>======================</p>\n\n<h1> IMPUTE version 2.3.2 </h1>\n\n<p>Copyright 2008 Bryan Howie, Peter Donnelly, and Jonathan Marchini\nPlease see the LICENCE file included with this program for conditions of use.</p>\n\n<p>The seed for the random number generator is 578320895.</p>\n\n<p>Command-line input: impute2 -use_prephased_g -known_Swiss_shapeit_chr22_map_1000G.phased.haps -h 1000GP_Phase3_chr22.hap.gz -l1000GP_Phase3_chr22.legend.gz -m genetic_map_chr22_combined_b37.txt -Ne 20000 -int 15000001 20000000 -o chr22_chunks/chr22_impute2_chunk1.imputed</p>\n\n<hr>\n\n<h2> Nomenclature and data structure </h2>\n\n<pre class=\"pre\"><code class=\"language-bash\"> Panel 0: phased reference haplotypes\n Panel 2: phased study haplotypes\n</code></pre>\n\n<p>For optimal results, each successive panel (0,1,2) should contain a subset of the SNPs in the previous panel. When the data structure deviates from this ideal configuration, IMPUTE2 tries to use as much of the available information as possible; see documentation for details.</p>\n\n<hr>\n\n<h2> Input files </h2>\n\n<pre class=\"pre\"><code class=\"language-bash\">     Panel 0 haplotypes: 1000GP_Phase3_chr22.hap.gz\n     Panel 0 hap legend: 1000GP_Phase3_chr22.legend.gz\n     Panel 2 known haps: Swiss_shapeit_chr22_map_1000G.phased.haps\n            genetic map: genetic_map_chr22_combined_b37.txt\n</code></pre>\n\n<hr>\n\n<h2> Output files </h2>\n\n<pre class=\"pre\"><code class=\"language-bash\">            main output: chr22_chunks/chr22_impute2_chunk1.imputed\n            SNP QC info: chr22_chunks/chr22_impute2_chunk1.imputed_info\n         sample QC info: chr22_chunks/chr22_impute2_chunk1.imputed_info_by_sample\n            run summary: chr22_chunks/chr22_impute2_chunk1.imputed_summary\n            warning log: chr22_chunks/chr22_impute2_chunk1.imputed_warnings\n</code></pre>\n\n<hr>\n\n<h2> Data processing </h2>\n\n<p>-reading genetic map from -m file\n --filename=[genetic_map_chr22_combined_b37.txt]\n --read 3753 SNPs in the analysis interval+buffer region</p>\n\n<p>-reading Panel 2 haplotypes from -known_haps_g file\n --filename=[Swiss_shapeit_chr22_map_1000G.phased.haps]\n --detected 1065 individuals\n --read 782 SNPs in the analysis interval+buffer region\n --added 782 new SNPs based on known haplotypes</p>\n\n<p>-reading Panel 0 haplotypes from -h and -l files\n --filename=[1000GP_Phase3_chr22.hap.gz]\n --filename=[1000GP_Phase3_chr22.legend.gz]\n --detected 5008 haplotypes\n --read 117035 SNPs in the analysis interval+buffer region</p>\n\n<p>-removing SNPs that violate the hierarchical data requirements\n --no SNPs removed</p>\n\n<p>-removing reference-only SNPs from buffer region\n --removed 8307 SNPs</p>\n\n<p>-checking strand alignment between Panel 2 and Panel 0 by allele labels\n --flipped strand due to allele mismatch at 367 out of 782 SNPs in Panel 2</p>\n\n<p>-aligning allele labels between panels</p>\n\n<p>-removing non-aligned genotyped SNPs\n --removed 0 out of 774 SNPs with data in multiple panels</p>\n\n<hr>\n\n<h2> Data summary </h2>\n\n<p>[type 0 = SNP in Panel 0 only]\n[type 1 = SNP in Panel 1]\n[type 2 = SNP in Panel 2 and all ref panels]\n[type 3 = SNP in Panel 2 only]</p>\n\n<p>-Upstream buffer region\n --0 type 0 SNPs\n --0 type 1 SNPs\n --0 type 2 SNPs\n --0 type 3 SNPs\n --0 total SNPs</p>\n\n<p>-Downstream buffer region\n --0 type 0 SNPs\n --0 type 1 SNPs\n --55 type 2 SNPs\n --0 type 3 SNPs\n --55 total SNPs</p>\n\n<p>-Analysis region (as defined by -int argument)\n --107954 type 0 SNPs\n --0 type 1 SNPs\n --719 type 2 SNPs\n --8 type 3 SNPs\n --108681 total SNPs</p>\n\n<p>-Output file\n --107954 type 0 SNPs\n --0 type 1 SNPs\n --719 type 2 SNPs\n --8 type 3 SNPs\n --108681 total SNPs</p>\n\n<p>-In total, 108736 SNPs will be used in the analysis, including 774 Panel 2 SNPs</p>\n\n<p>-setting storage space</p>\n\n<hr>\n\n<h2> Run parameters </h2>\n\n<pre class=\"pre\"><code class=\"language-bash\">    reference haplotypes: 5008 [Panel 0]\n       study individuals: 1065 [Panel 2]\n       sequence interval: [15000001,20000000]\n                  buffer: 250 kb\n                      Ne: 20000\n       input call thresh: 0.900\n burn-in MCMC iterations: 0\n   total MCMC iterations: 1 (1 used for inference)\n</code></pre>\n\n<p>HMM states for imputation: 500 [Panel 0-&gt;2]\n                active flags: &lt;-use_prephased_g&gt;</p>\n\n<hr>\n\n<h2> Run log </h2>\n\n<p>RESETTING PARAMETERS FOR \"SURROGATE FAMILY\" MODELING\n-setting mutation matrices\n-setting switch rates</p>\n\n<p>diploid sampling success rate: (no diploid sampling performed)</p>\n\n<p>haploid sampling success rate: (no haploid sampling performed)</p>\n\n<hr>\n\n<h2> Imputation accuracy assessment </h2>\n\n<p>The table below is based on an internal cross-validation that is performed during each IMPUTE2 run. For this analysis, the program masks the genotypes of one variant at a time in the study data (Panel 2) and imputes the masked genotypes by using the remaining study and reference data. The imputed genotypes are then compared with the original genotypes to produce the concordance statistics shown in the table. You can learn more about this procedure and the contents of the table at <a rel=\"nofollow\" href=\"http://mathgen.stats.ox.ac.uk/impute/concordance_table_description.html\">http://mathgen.stats.ox.ac.uk/impute/concordance_table_description.html</a>.</p>\n\n<p>In the current analysis, IMPUTE2 masked, imputed, and evaluated 765735 genotypes that were called with high confidence (maximum probability &gt;= 0.90) in the Panel 2 input file (-g or -known_haps_g).</p>\n\n<p>When the masked study genotypes were imputed with reference data from Panel 0, the concordance between original and imputed genotypes was as follows:</p>\n\n<p>Interval  #Genotypes %Concordance         Interval  %Called %Concordance\n  [0.0-0.1]          0          0.0         [ &gt;= 0.0]   100.0         94.5\n  [0.1-0.2]          0          0.0         [ &gt;= 0.1]   100.0         94.5\n  [0.2-0.3]          0          0.0         [ &gt;= 0.2]   100.0         94.5\n  [0.3-0.4]          0          0.0         [ &gt;= 0.3]   100.0         94.5\n  [0.4-0.5]       1902         43.9         [ &gt;= 0.4]   100.0         94.5\n  [0.5-0.6]      14508         54.4         [ &gt;= 0.5]    99.8         94.6\n  [0.6-0.7]      14318         61.3         [ &gt;= 0.6]    97.9         95.4\n  [0.7-0.8]      17094         70.0         [ &gt;= 0.7]    96.0         96.1\n  [0.8-0.9]      25654         77.7         [ &gt;= 0.8]    93.8         96.7\n  [0.9-1.0]     692259         97.4         [ &gt;= 0.9]    90.4         97.4</p>\n"
}