{
    "answer_count": 14,
    "author": "firestar",
    "author_uid": "16081",
    "book_count": 4,
    "comment_count": 12,
    "content": "I would like to add read group info (`-R`) during the mapping/alignment stage as part of my variant calling gatk pipeline.\r\n\r\nI am doing something like this:\r\n\r\n    bwa mem \\\r\n    -M \\\r\n    -t 8 \\\r\n    -v 3 \\\r\n    -R <(sh a-illumina-read-group.sh $1) \\\r\n    \"$path_dr_bwaindex_genome\" \\\r\n    $1 $2\r\n\r\nwhere the read group string is generated automatically from the fastq file by the shell script `a-illumina-read-group.sh`. It produces a string like: \r\n\r\n`'@RG\\tID:ST-E00215_230_HJ3FMALXX_2\\tSM:ST-E00215_230_HJ3FMALXX_2_ATCACG\\tLB:ATCACG\\tPL:ILLUMINA'`\r\n\r\nbut, when I run bwa, it fails with this error:\r\n`[E::bwa_set_rg] the read group line is not started with @RG`\r\n\r\nI have tried excluding the single quotes (`''`) around read group info, but that didn't change anything. I also tried variations in how the variable is passed.\r\n\r\n`-R=$(sh a-illumina-read-group.sh $1) \\`\r\n\r\n`-R=$(echo $(sh a-illumina-read-group.sh $1)) \\`\r\n\r\nJust as a test, I tried:\r\n\r\n`rg='@RG\\tID:ST-E00215_230_HJ3FMALXX_2\\tSM:ST-E00215_230_HJ3FMALXX_2_ATCACG\\tLB:ATCACG\\tPL:ILLUMINA'`\r\n\r\n`-R <(echo $rg)  \\`\r\n\r\nBut, they all produce the same error. I would appreciate any solutions to this issue.\r\n\r\nI understand that I can add read groups later on using PicardTools `AddOrReplaceReadGroup`, but I thought it might be convenient doing it here in one step.\r\n\r\nThanks.\r\n",
    "creation_date": "2017-10-31T18:03:33.517121+00:00",
    "has_accepted": true,
    "id": 270980,
    "lastedit_date": "2018-04-18T22:00:48.927559+00:00",
    "lastedit_user_uid": "16081",
    "parent_id": 270980,
    "rank": 1524088848.927559,
    "reply_count": 14,
    "root_id": 270980,
    "status": "Open",
    "status_id": 1,
    "subs_count": 3,
    "tag_val": "bwa,bwa-mem,alignment,variant calling,gatk",
    "thread_score": 18,
    "title": "bwa mem: Passing a variable to read group",
    "type": "Question",
    "type_id": 0,
    "uid": "280837",
    "url": "https://www.biostars.org/p/280837/",
    "view_count": 20758,
    "vote_count": 7,
    "xhtml": "<p>I would like to add read group info (<code>-R</code>) during the mapping/alignment stage as part of my variant calling gatk pipeline.</p>\n\n<p>I am doing something like this:</p>\n\n<pre class=\"pre\"><code class=\"language-bash\">bwa mem \\\n-M \\\n-t 8 \\\n-v 3 \\\n-R &lt;(sh a-illumina-read-group.sh $1) \\\n\"$path_dr_bwaindex_genome\" \\\n$1 $2\n</code></pre>\n\n<p>where the read group string is generated automatically from the fastq file by the shell script <code>a-illumina-read-group.sh</code>. It produces a string like: </p>\n\n<p><code>'@RG\\tID:ST-E00215_230_HJ3FMALXX_2\\tSM:ST-E00215_230_HJ3FMALXX_2_ATCACG\\tLB:ATCACG\\tPL:ILLUMINA'</code></p>\n\n<p>but, when I run bwa, it fails with this error:\n<code>[E::bwa_set_rg] the read group line is not started with @RG</code></p>\n\n<p>I have tried excluding the single quotes (<code>''</code>) around read group info, but that didn't change anything. I also tried variations in how the variable is passed.</p>\n\n<p><code>-R=$(sh a-illumina-read-group.sh $1) \\</code></p>\n\n<p><code>-R=$(echo $(sh a-illumina-read-group.sh $1)) \\</code></p>\n\n<p>Just as a test, I tried:</p>\n\n<p><code>rg='@RG\\tID:ST-E00215_230_HJ3FMALXX_2\\tSM:ST-E00215_230_HJ3FMALXX_2_ATCACG\\tLB:ATCACG\\tPL:ILLUMINA'</code></p>\n\n<p><code>-R &lt;(echo $rg)  \\</code></p>\n\n<p>But, they all produce the same error. I would appreciate any solutions to this issue.</p>\n\n<p>I understand that I can add read groups later on using PicardTools <code>AddOrReplaceReadGroup</code>, but I thought it might be convenient doing it here in one step.</p>\n\n<p>Thanks.</p>\n"
}