{
    "answer_count": 1,
    "author": "gabriel.jabud",
    "author_uid": "12081",
    "book_count": 0,
    "comment_count": 1,
    "content": "I'm following the GATK pipeline for variant calling of tomato whole genome data I am analyzing and am stuck on the base recalibration step (http://www.broadinstitute.org/gatk/guide/best-practices?bpm=DNAseq). It requires me to use a VCF file containing known variant sites. The only VCF file I've found so far is the one on NCBI's dbSNP database (ftp://ftp.ncbi.nlm.nih.gov/snp/organisms/tomato_4081/VCF/). However the combined VCF file for all 12 chromosomes is only about 237 lines long including the header, so I doubt it will help to recalibrate with such a small amount of known variants.\n\nShould I just go ahead and skip the recalibration step or is there a more complete VCF file containing variants of tomato?",
    "creation_date": "2014-08-20T21:28:57.637106+00:00",
    "has_accepted": false,
    "id": 104286,
    "lastedit_date": "2021-12-20T20:47:37.760431+00:00",
    "lastedit_user_uid": "8494",
    "parent_id": 104286,
    "rank": 1408570137.637106,
    "reply_count": 1,
    "root_id": 104286,
    "status": "Open",
    "status_id": 1,
    "subs_count": 0,
    "tag_val": "GATK,tomato,vcf",
    "thread_score": 0,
    "title": "Are there any \"complete\" VCF files for tomato available?",
    "type": "Question",
    "type_id": 0,
    "uid": "110037",
    "url": "https://www.biostars.org/p/110037/",
    "view_count": 2583,
    "vote_count": 0,
    "xhtml": "<p>I'm following the GATK pipeline for variant calling of tomato whole genome data I am analyzing and am stuck on the base recalibration step (<a href=\"http://www.broadinstitute.org/gatk/guide/best-practices?bpm=DNAseq\" rel=\"nofollow\">http://www.broadinstitute.org/gatk/guide/best-practices?bpm=DNAseq</a>). It requires me to use a VCF file containing known variant sites. The only VCF file I've found so far is the one on NCBI's dbSNP database (<a href=\"ftp://ftp.ncbi.nlm.nih.gov/snp/organisms/tomato_4081/VCF/\" rel=\"nofollow\">ftp://ftp.ncbi.nlm.nih.gov/snp/organisms/tomato_4081/VCF/</a>). However the combined VCF file for all 12 chromosomes is only about 237 lines long including the header, so I doubt it will help to recalibrate with such a small amount of known variants.</p>\n<p>Should I just go ahead and skip the recalibration step or is there a more complete VCF file containing variants of tomato?</p>\n"
}