{
    "answer_count": 14,
    "author": "jrleary",
    "author_uid": "60043",
    "book_count": 0,
    "comment_count": 13,
    "content": "My lab does a lot of single cell RNAseq of samples that include tumor cells. I have a pipeline in place that reduces dimension, clusters cells, and automatically assigns cell type labels to those clusters (mostly using `Seurat` and `SingleR`). However, I do not currently have a way to differentiate tumor cells from normal cells, which would allow me to perform other downstream analyses such as copy number variation using `inferCNV`. Are there any tools in R/Python/Bash etc. that would allow me to differentiate between those two cell types, or is doing so manually using biomarkers the best option? I'd like for the process to be as objective / reproducible as possible. ",
    "creation_date": "2020-02-18T15:09:15.136174+00:00",
    "has_accepted": false,
    "id": 405510,
    "lastedit_date": "2020-02-18T18:27:33.584942+00:00",
    "lastedit_user_uid": "40195",
    "parent_id": 405510,
    "rank": 1582050453.584942,
    "reply_count": 14,
    "root_id": 405510,
    "status": "Open",
    "status_id": 1,
    "subs_count": 2,
    "tag_val": "cancer,scRNAseq,R",
    "thread_score": 12,
    "title": "Identifying tumor cells in single cell RNAseq data",
    "type": "Question",
    "type_id": 0,
    "uid": "422827",
    "url": "https://www.biostars.org/p/422827/",
    "view_count": 3648,
    "vote_count": 1,
    "xhtml": "<p>My lab does a lot of single cell RNAseq of samples that include tumor cells. I have a pipeline in place that reduces dimension, clusters cells, and automatically assigns cell type labels to those clusters (mostly using <code>Seurat</code> and <code>SingleR</code>). However, I do not currently have a way to differentiate tumor cells from normal cells, which would allow me to perform other downstream analyses such as copy number variation using <code>inferCNV</code>. Are there any tools in R/Python/Bash etc. that would allow me to differentiate between those two cell types, or is doing so manually using biomarkers the best option? I'd like for the process to be as objective / reproducible as possible. </p>\n"
}