{
    "answer_count": 9,
    "author": "dimitrischat",
    "author_uid": "37113",
    "book_count": 1,
    "comment_count": 5,
    "content": "Hi. I am trying to work out a pipeline for hi-c data analysis. https://hms-dbmi.github.io/hic-data-analysis-bootcamp/#1\r\n\r\nThough i would prefer to use Juicebox for visualization. I am at the point where i have .mcool file (cooler) and i need .hic file so i can load it in Juicebox. Anyone knows how?\r\n\r\nI tried using the Higlass web based app but it need .json files.. i have no idea",
    "creation_date": "2019-01-24T12:44:06.110391+00:00",
    "has_accepted": false,
    "id": 348528,
    "lastedit_date": "2023-08-23T14:33:24.538153+00:00",
    "lastedit_user_uid": "136185",
    "parent_id": 348528,
    "rank": 1692801204.863453,
    "reply_count": 9,
    "root_id": 348528,
    "status": "Open",
    "status_id": 1,
    "subs_count": 9,
    "tag_val": "RNA-Seq",
    "thread_score": 24,
    "title": ".mcool to .hic",
    "type": "Question",
    "type_id": 0,
    "uid": "360254",
    "url": "https://www.biostars.org/p/360254/",
    "view_count": 13851,
    "vote_count": 4,
    "xhtml": "<p>Hi. I am trying to work out a pipeline for hi-c data analysis. <a rel=\"nofollow\" href=\"https://hms-dbmi.github.io/hic-data-analysis-bootcamp/#1\">https://hms-dbmi.github.io/hic-data-analysis-bootcamp/#1</a></p>\n\n<p>Though i would prefer to use Juicebox for visualization. I am at the point where i have .mcool file (cooler) and i need .hic file so i can load it in Juicebox. Anyone knows how?</p>\n\n<p>I tried using the Higlass web based app but it need .json files.. i have no idea</p>\n"
}