{
    "answer_count": 0,
    "author": "Kumar",
    "author_uid": "51062",
    "book_count": 0,
    "comment_count": 0,
    "content": "I have a `bacterial genome` raw data, sequenced by `PacBio` platform. I need to perform both `reference and de novo` based assembly, therefore kindly suggest me standard `tutorials` or `open source pipeline/tools` to do the same. \nThank you in advance.",
    "creation_date": "2021-04-17T08:31:28.548741+00:00",
    "has_accepted": false,
    "id": 465716,
    "lastedit_date": "2021-06-16T10:50:40.778392+00:00",
    "lastedit_user_uid": "51062",
    "parent_id": 465716,
    "rank": 1618648288.548757,
    "reply_count": 0,
    "root_id": 465716,
    "status": "Open",
    "status_id": 1,
    "subs_count": 1,
    "tag_val": "python,perl,pipeline,genome,sequence",
    "thread_score": 0,
    "title": "Assembly pipeline/tutorial for SMRT (PacBio) sequenced bacterial genome data?",
    "type": "Question",
    "type_id": 0,
    "uid": "9465716",
    "url": "https://www.biostars.org/p/9465716/",
    "view_count": 658,
    "vote_count": 0,
    "xhtml": "<p>I have a <code>bacterial genome</code> raw data, sequenced by <code>PacBio</code> platform. I need to perform both <code>reference and de novo</code> based assembly, therefore kindly suggest me standard <code>tutorials</code> or <code>open source pipeline/tools</code> to do the same. \nThank you in advance.</p>\n"
}