{
    "answer_count": 10,
    "author": "SeaStar",
    "author_uid": "51196",
    "book_count": 0,
    "comment_count": 7,
    "content": "Hello! I'm searching for suggestion about the new best pipeline/s to find TRANSPOSABLE ELEMENTS in a new assembled genome of a no reference species (octopus). I don't want to use repeatmasker.\r\nCan anyone help me?\r\n ",
    "creation_date": "2019-05-15T11:37:17.154352+00:00",
    "has_accepted": false,
    "id": 366921,
    "lastedit_date": "2021-03-29T09:14:15.770366+00:00",
    "lastedit_user_uid": "23882",
    "parent_id": 366921,
    "rank": 1616783324.664592,
    "reply_count": 10,
    "root_id": 366921,
    "status": "Open",
    "status_id": 1,
    "subs_count": 7,
    "tag_val": "transposon",
    "thread_score": 10,
    "title": "Pipeline transposable elements",
    "type": "Question",
    "type_id": 0,
    "uid": "379825",
    "url": "https://www.biostars.org/p/379825/",
    "view_count": 3270,
    "vote_count": 1,
    "xhtml": "<p>Hello! I'm searching for suggestion about the new best pipeline/s to find TRANSPOSABLE ELEMENTS in a new assembled genome of a no reference species (octopus). I don't want to use repeatmasker.\nCan anyone help me?</p>\n"
}