{
    "answer_count": 0,
    "author": "hydra_questions",
    "author_uid": "68287",
    "book_count": 0,
    "comment_count": 0,
    "content": "Hello, \r\n\r\nI'm new to de novo transcriptome assemblies and have currently completed a strictly de novo assembly using Trinity for a non-model organism. Ultimately, I would like to perform a differential gene expression analysis\r\n\r\nI have also generated some gene models but would also like do a genome-guided de novo assembly. I followed the instructions on the Trinity wiki but I am confused by the output. \r\n\r\nEach file type has 2 files (a + and - file, ex:  all.bam.-.sam.minC1.gff;  all.bam.+.sam.minC1.gff)\r\n\r\n - What do the + and - represent\r\n - Also, for next steps would I continue with the Trinity pipeline\r\n   similar to a strictly de novo assembly or a pipeline more geared\r\n   toward a strictly genome-guided DGE analysis\r\n\r\nThank you in advance",
    "creation_date": "2020-11-26T18:24:12.092725+00:00",
    "has_accepted": false,
    "id": 445954,
    "lastedit_date": "2020-11-26T18:24:12.092725+00:00",
    "lastedit_user_uid": "68287",
    "parent_id": 445954,
    "rank": 1606415052.092725,
    "reply_count": 0,
    "root_id": 445954,
    "status": "Open",
    "status_id": 1,
    "subs_count": 0,
    "tag_val": "trinity,transcriptomics,RNA-Seq",
    "thread_score": 0,
    "title": "Genome guided de novo transcriptome assembly",
    "type": "Question",
    "type_id": 0,
    "uid": "475661",
    "url": "https://www.biostars.org/p/475661/",
    "view_count": 756,
    "vote_count": 0,
    "xhtml": "<p>Hello, </p>\n\n<p>I'm new to de novo transcriptome assemblies and have currently completed a strictly de novo assembly using Trinity for a non-model organism. Ultimately, I would like to perform a differential gene expression analysis</p>\n\n<p>I have also generated some gene models but would also like do a genome-guided de novo assembly. I followed the instructions on the Trinity wiki but I am confused by the output. </p>\n\n<p>Each file type has 2 files (a + and - file, ex:  all.bam.-.sam.minC1.gff;  all.bam.+.sam.minC1.gff)</p>\n\n<ul>\n<li>What do the + and - represent</li>\n<li>Also, for next steps would I continue with the Trinity pipeline\nsimilar to a strictly de novo assembly or a pipeline more geared\ntoward a strictly genome-guided DGE analysis</li>\n</ul>\n\n<p>Thank you in advance</p>\n"
}