{
    "answer_count": 0,
    "author": "Hien",
    "author_uid": "98204",
    "book_count": 0,
    "comment_count": 0,
    "content": "Hi,\r\n\r\nI am working on single cell data from two samples. I have identified cell types in each clusters by using genes expression using Seurat in R. However, it comes from merge Seurat. I want to plot a heatmap which shows genes scores for the marker genes in one expression module (one cluster) from two samples (one control and one treatment). Example figure is a follows. Please let me know how best I can plot this type of image using Seurat or any other pipeline. Or please give me a![enter image description here][1] hint to solve it!\r\n\r\nThanks a lot for your kind help!\r\n\r\n\r\n  [1]: /media/images/5bb0ea9c-58c4-441a-91b7-51cab927",
    "creation_date": "2024-04-14T19:48:50.309130+00:00",
    "has_accepted": false,
    "id": 592628,
    "lastedit_date": "2024-04-14T19:48:50.309139+00:00",
    "lastedit_user_uid": "98204",
    "parent_id": 592628,
    "rank": 1713124130.309139,
    "reply_count": 0,
    "root_id": 592628,
    "status": "Open",
    "status_id": 1,
    "subs_count": 1,
    "tag_val": "scRNA,heatmap",
    "thread_score": 0,
    "title": "Plotting heatmap of genes in each samples scRNA in Seurat",
    "type": "Question",
    "type_id": 0,
    "uid": "9592628",
    "url": "https://www.biostars.org/p/9592628/",
    "view_count": 235,
    "vote_count": 0,
    "xhtml": "<p>Hi,</p>\n<p>I am working on single cell data from two samples. I have identified cell types in each clusters by using genes expression using Seurat in R. However, it comes from merge Seurat. I want to plot a heatmap which shows genes scores for the marker genes in one expression module (one cluster) from two samples (one control and one treatment). Example figure is a follows. Please let me know how best I can plot this type of image using Seurat or any other pipeline. Or please give me a<img alt=\"enter image description here\" src=\"/media/images/5bb0ea9c-58c4-441a-91b7-51cab927\"> hint to solve it!</p>\n<p>Thanks a lot for your kind help!</p>\n"
}