{
    "answer_count": 3,
    "author": "Shicheng Guo",
    "author_uid": "19400",
    "book_count": 1,
    "comment_count": 2,
    "content": "Hi All,\r\n\r\nWhich kind of pipeline are recommended to be use to eliminate the batch effect of RRBS dataset (DNA methylation)?  Combat or Sva? Is there any study to compare different method? \r\n\r\n\r\nThanks.    ",
    "creation_date": "2016-04-11T23:00:21.656089+00:00",
    "has_accepted": false,
    "id": 178436,
    "lastedit_date": "2016-10-04T15:54:01.836656+00:00",
    "lastedit_user_uid": "25148",
    "parent_id": 178436,
    "rank": 1475596441.836656,
    "reply_count": 3,
    "root_id": 178436,
    "status": "Open",
    "status_id": 1,
    "subs_count": 2,
    "tag_val": "RRBS,Batch-effect",
    "thread_score": 3,
    "title": "Batch effect of RRBS data (Methylation): Elimination and Pipleline",
    "type": "Question",
    "type_id": 0,
    "uid": "186172",
    "url": "https://www.biostars.org/p/186172/",
    "view_count": 2599,
    "vote_count": 3,
    "xhtml": "<p>Hi All,</p>\n\n<p>Which kind of pipeline are recommended to be use to eliminate the batch effect of RRBS dataset (DNA methylation)?  Combat or Sva? Is there any study to compare different method? </p>\n\n<p>Thanks.    </p>\n"
}