{
    "answer_count": 3,
    "author": "bridget.a.mcmahon",
    "author_uid": "21471",
    "book_count": 0,
    "comment_count": 3,
    "content": "Databiology is a fast growing software company looking to increase our team. We are seeking a bioinformatician to be the scientific and technical liaison between our development team and our external customers and partners, working with them to implement their pipelines and applications on our platform.\n\n**Responsibilities**:\n\n - Research, integrate, and test new bioinformatics applications in Databiology\n - Teach new customers how to use our platform and use it to realize their own use cases\n - Work directly with customers to assess their scientific and bioinformatics needs, providing support and leadership to ensure successful integration with our platform\n - Advance our relationships with scientific and technical users and grow our active user base\n - Provide customer insights and recommendations to help direct our technology development roadmap\n\n**Required Qualifications**:\n\n - MS / PhD in in bioinformatics, computational biology, systems biology, biophysics, computer science, or related discipline with a computational emphasis. BS considered with relevant experience\n - 2+ years in computational biology or directly related experience\n - Good working knowledge of genomic concepts, data types, and data analysis methods, and their representation in software systems\n - Pipeline development experience in sequencing analysis or genotyping, Linux or Shell scripting\n - Experience in Python, Bash, R and other relevant languages required\n - Good communication skills in English, both oral and written. Candidates should be capable of presenting technical information and data to non-experts in a clear and concise manner\n - Demonstrated work experience managing projects with minimal supervision\n - Available for occasional travel (10%)\n - Must have a UK work visa\n\n**Preferred Qualifications**:\n\n - Experience working in a virtualized computing environment (cloud, Docker) highly desirable\n - Experience in a dynamic start-up or high growth environment",
    "creation_date": "2015-12-08T00:26:40.335962+00:00",
    "has_accepted": false,
    "id": 161492,
    "lastedit_date": "2022-07-20T21:48:06.852712+00:00",
    "lastedit_user_uid": "8494",
    "parent_id": 161492,
    "rank": 1449534400.335962,
    "reply_count": 3,
    "root_id": 161492,
    "status": "Open",
    "status_id": 1,
    "subs_count": 2,
    "tag_val": "united-kingdom,python",
    "thread_score": 0,
    "title": "Bioinformatics Specialist Position - UK",
    "type": "Job",
    "type_id": 2,
    "uid": "168791",
    "url": "https://www.biostars.org/p/168791/",
    "view_count": 2381,
    "vote_count": 0,
    "xhtml": "<p>Databiology is a fast growing software company looking to increase our team. We are seeking a bioinformatician to be the scientific and technical liaison between our development team and our external customers and partners, working with them to implement their pipelines and applications on our platform.</p>\n<p><strong>Responsibilities</strong>:</p>\n<ul>\n<li>Research, integrate, and test new bioinformatics applications in Databiology</li>\n<li>Teach new customers how to use our platform and use it to realize their own use cases</li>\n<li>Work directly with customers to assess their scientific and bioinformatics needs, providing support and leadership to ensure successful integration with our platform</li>\n<li>Advance our relationships with scientific and technical users and grow our active user base</li>\n<li>Provide customer insights and recommendations to help direct our technology development roadmap</li>\n</ul>\n<p><strong>Required Qualifications</strong>:</p>\n<ul>\n<li>MS / PhD in in bioinformatics, computational biology, systems biology, biophysics, computer science, or related discipline with a computational emphasis. BS considered with relevant experience</li>\n<li>2+ years in computational biology or directly related experience</li>\n<li>Good working knowledge of genomic concepts, data types, and data analysis methods, and their representation in software systems</li>\n<li>Pipeline development experience in sequencing analysis or genotyping, Linux or Shell scripting</li>\n<li>Experience in Python, Bash, R and other relevant languages required</li>\n<li>Good communication skills in English, both oral and written. Candidates should be capable of presenting technical information and data to non-experts in a clear and concise manner</li>\n<li>Demonstrated work experience managing projects with minimal supervision</li>\n<li>Available for occasional travel (10%)</li>\n<li>Must have a UK work visa</li>\n</ul>\n<p><strong>Preferred Qualifications</strong>:</p>\n<ul>\n<li>Experience working in a virtualized computing environment (cloud, Docker) highly desirable</li>\n<li>Experience in a dynamic start-up or high growth environment</li>\n</ul>\n"
}