{
    "answer_count": 1,
    "author": "yuki.weber81",
    "author_uid": "30540",
    "book_count": 0,
    "comment_count": 0,
    "content": "Hi there,\r\nI'm just setting up my first sequence processing pipeline with mothur. I was able to generate tree files with sequence names as labels. How can I substitute the sequences with taxonomy? Or is there a way to directly generate trees with taxonomic information?\r\n\r\nThanks for your suggestions,\r\nYuki.",
    "creation_date": "2016-08-20T12:10:41.083802+00:00",
    "has_accepted": false,
    "id": 199651,
    "lastedit_date": "2019-11-27T12:29:04.236500+00:00",
    "lastedit_user_uid": "1",
    "parent_id": 199651,
    "rank": 1574857744.2365,
    "reply_count": 1,
    "root_id": 199651,
    "status": "Open",
    "status_id": 1,
    "subs_count": 0,
    "tag_val": "tree,taxonomy,mothur",
    "thread_score": 2,
    "title": "Tree file and taxonomy",
    "type": "Question",
    "type_id": 0,
    "uid": "207949",
    "url": "https://www.biostars.org/p/207949/",
    "view_count": 2568,
    "vote_count": 1,
    "xhtml": "<p>Hi there,\nI'm just setting up my first sequence processing pipeline with mothur. I was able to generate tree files with sequence names as labels. How can I substitute the sequences with taxonomy? Or is there a way to directly generate trees with taxonomic information?</p>\n\n<p>Thanks for your suggestions,\nYuki.</p>\n"
}