{
    "answer_count": 0,
    "author": "Emilio Marmol",
    "author_uid": "29798",
    "book_count": 0,
    "comment_count": 0,
    "content": "Dear all, \r\n\r\nPlease let me introduce an R package we have developed which can be accessed through the following link:\r\n\r\nhttps://github.com/emarmolsanchez/EISACompR\r\n\r\nEISAcompR is a comprehensive and user-friendly pipeline for performing Exon/Intron Split Analysis (EISA) using RNA-Seq data, as reported by Gaidatzis et al. (2015). This document is intended to give a technical supplementary description about how to run the EISAcompR pipeline through a detailed explanation of all the modules that form part of this tool.\r\n\r\nWe have implemented a framework to prioritize miRNA-driven post-transcriptional regulatory signals jointly with enrichment and covariation analyses to infer which miRNAs might be putatively affecting the post-transcriptional downregulation of targeted mRNAs highlighted by EISA. For further details please refer to https://www.biorxiv.org/content/10.1101/2021.07.14.452370v4\r\n\r\n\r\n",
    "creation_date": "2021-08-24T09:31:06.975659+00:00",
    "has_accepted": false,
    "id": 486293,
    "lastedit_date": "2021-08-24T09:31:06.975668+00:00",
    "lastedit_user_uid": "29798",
    "parent_id": 486293,
    "rank": 1629797466.975668,
    "reply_count": 0,
    "root_id": 486293,
    "status": "Open",
    "status_id": 1,
    "subs_count": 1,
    "tag_val": "post-transcriptional,miRNA,intron,exon,RNAseq",
    "thread_score": 0,
    "title": "A framework to prioritize miRNA-driven post-transcriptional signals using exonic and intronic regions of RNAseq data",
    "type": "Tool",
    "type_id": 10,
    "uid": "9486293",
    "url": "https://www.biostars.org/p/9486293/",
    "view_count": 602,
    "vote_count": 0,
    "xhtml": "<p>Dear all,</p>\n<p>Please let me introduce an R package we have developed which can be accessed through the following link:</p>\n<p><a href=\"https://github.com/emarmolsanchez/EISACompR\" rel=\"nofollow\">https://github.com/emarmolsanchez/EISACompR</a></p>\n<p>EISAcompR is a comprehensive and user-friendly pipeline for performing Exon/Intron Split Analysis (EISA) using RNA-Seq data, as reported by Gaidatzis et al. (2015). This document is intended to give a technical supplementary description about how to run the EISAcompR pipeline through a detailed explanation of all the modules that form part of this tool.</p>\n<p>We have implemented a framework to prioritize miRNA-driven post-transcriptional regulatory signals jointly with enrichment and covariation analyses to infer which miRNAs might be putatively affecting the post-transcriptional downregulation of targeted mRNAs highlighted by EISA. For further details please refer to <a href=\"https://www.biorxiv.org/content/10.1101/2021.07.14.452370v4\" rel=\"nofollow\">https://www.biorxiv.org/content/10.1101/2021.07.14.452370v4</a></p>\n"
}