{
    "answer_count": 2,
    "author": "uhlkatie",
    "author_uid": "55104",
    "book_count": 1,
    "comment_count": 1,
    "content": "I am trying to develop a workflow for performing differential expression analysis on long read direct RNA sequencing performed using the MinION from Oxford Nanopore Technology. The transcriptomics pipeline offered by ONT has a few bugs that still need to be worked out, so I am working out my own. Does anyone have any experience taking RNA-seq data from the MinION into DESEQ2 or a similar package? I started by using minimap2 (due to the fact that the parameters can be adjusted for nanopore technology) to generate a summarized experiment. I attempted to read in a table of metadata containing the list of fastq files and corresponding conditions into a data frame, but I received the error:\r\n\r\nError in `colData<-`(`*tmp*`, value = new(\"DataFrame\", rownames = NULL, : nrow of supplied 'colData' must equal ncol of object\r\n\r\nPerhaps I don't have the right understanding of what the metadata .csv file (I've also seen it referred to as a sample table) is supposed to look right. But that appears to be the one step that is preventing me from funneling my results into DESEQ2. If anyone has any advice or experience working with MinION data, I would really appreciate it. \r\n\r\nThanks!",
    "creation_date": "2019-05-14T13:53:41.817512+00:00",
    "has_accepted": false,
    "id": 366724,
    "lastedit_date": "2019-05-14T14:08:19.438861+00:00",
    "lastedit_user_uid": "25721",
    "parent_id": 366724,
    "rank": 1557842899.438861,
    "reply_count": 2,
    "root_id": 366724,
    "status": "Open",
    "status_id": 1,
    "subs_count": 1,
    "tag_val": "RNA-Seq,nanopore,MinION,DESEQ2",
    "thread_score": 1,
    "title": "Using DESeq2with Oxford Nanopore Technology Direct RNA Sequencing ",
    "type": "Question",
    "type_id": 0,
    "uid": "379608",
    "url": "https://www.biostars.org/p/379608/",
    "view_count": 1872,
    "vote_count": 1,
    "xhtml": "<p>I am trying to develop a workflow for performing differential expression analysis on long read direct RNA sequencing performed using the MinION from Oxford Nanopore Technology. The transcriptomics pipeline offered by ONT has a few bugs that still need to be worked out, so I am working out my own. Does anyone have any experience taking RNA-seq data from the MinION into DESEQ2 or a similar package? I started by using minimap2 (due to the fact that the parameters can be adjusted for nanopore technology) to generate a summarized experiment. I attempted to read in a table of metadata containing the list of fastq files and corresponding conditions into a data frame, but I received the error:</p>\n\n<p>Error in <code>colData&lt;-</code>(<code>*tmp*</code>, value = new(\"DataFrame\", rownames = NULL, : nrow of supplied 'colData' must equal ncol of object</p>\n\n<p>Perhaps I don't have the right understanding of what the metadata .csv file (I've also seen it referred to as a sample table) is supposed to look right. But that appears to be the one step that is preventing me from funneling my results into DESEQ2. If anyone has any advice or experience working with MinION data, I would really appreciate it. </p>\n\n<p>Thanks!</p>\n"
}