{
    "answer_count": 0,
    "author": "Denise CS",
    "author_uid": "14045",
    "book_count": 0,
    "comment_count": 0,
    "content": "**Hurry up: only 3 days left for your application**\n\nWe have two exciting opportunities to work in [Open Targets][1] in a startup-like environment, using a wide range of modern technologies, to continuously improve the [Open Targets Platform][2], a genome-wide resource for target identification and validity. We work following Agile practices and you will be encouraged to take ownership of what you work on. \n\nAs a [web developer][3], you will contribute to the development of the web frontend for the Open Targets Platform. You will: \n\n - Design, develop and improving a robust, testable web application to facilitate target validation;\n - Work with other developers in the team to ensure consistency in the web application;\n - Work with scientists and UX professionals to ensure a positive user experience and an integrated display of information;\n - Develop, integrate and maintain reusable data visualisation components for data display.\n\nAs a [python software developer][4], you will be involved in running large-scale biological data analysis and integration, and developing the REST API, which powers the Open Targets Platform. You will:\n\n - Design and implement the backend micro-services and data processing pipelines in Python on Unix-based systems, \n - Maintain those services in a cloud environment (Google Cloud or AWS),\n\n**Salary and benefits**\n\nThese are fixed term positions of 3 years, with monthly salaries starting at \u00a32,552 (after tax). \nMonthly allowances and other benefits for EMBL-EBI staff are also available. \n\n**Closing date**\n\nFebruary 18th, 2018 but why would you wait till the deadline?\n\nApply now for either the [software developer][5] or [web developer][6] positions.\n\n*The EMBL-EBI is based on the [Wellcome Genome Campus][7], set in the beautiful Cambridgeshire countryside. Excellent sports facilities including a gym, a free shuttle bus, an on-site nursery, caf\u00e9s and restaurant, and a library are available for all campus members of staff.*\n\n\n  [1]: https://www.biostars.org/p/196813/\n  [2]: https://www.targetvalidation.org/\n  [3]: https://www.embl.de/jobs/searchjobs/index.php?ref=EBI_01126&newlang=1&loc%5B%5D=2\n  [4]: https://www.embl.de/jobs/searchjobs/index.php?ref=EBI_01125&newlang=1&loc%5B%5D=2\n  [5]: https://ig14.i-grasp.com/fe/tpl_embl01.asp?newms=ap&id=56253&newlang=1\n  [6]: https://ig14.i-grasp.com/fe/tpl_embl01.asp?newms=ap&id=56254&newlang=1\n  [7]: https://www.wellcomegenomecampus.org/",
    "creation_date": "2018-01-17T11:58:01.999301+00:00",
    "has_accepted": false,
    "id": 283754,
    "lastedit_date": "2023-05-18T20:41:35.470981+00:00",
    "lastedit_user_uid": "8494",
    "parent_id": 283754,
    "rank": 1518696345.671189,
    "reply_count": 0,
    "root_id": 283754,
    "status": "Open",
    "status_id": 1,
    "subs_count": 0,
    "tag_val": "open-targets,drug,python,web,API",
    "thread_score": 1,
    "title": "Looking for developers to join Open Targets at EMBL-EBI (fixed term)",
    "type": "Job",
    "type_id": 2,
    "uid": "293846",
    "url": "https://www.biostars.org/p/293846/",
    "view_count": 1614,
    "vote_count": 1,
    "xhtml": "<p><strong>Hurry up: only 3 days left for your application</strong></p>\n<p>We have two exciting opportunities to work in <a href=\"https://www.biostars.org/p/196813/\" rel=\"nofollow\">Open Targets</a> in a startup-like environment, using a wide range of modern technologies, to continuously improve the <a href=\"https://www.targetvalidation.org/\" rel=\"nofollow\">Open Targets Platform</a>, a genome-wide resource for target identification and validity. We work following Agile practices and you will be encouraged to take ownership of what you work on.</p>\n<p>As a <a href=\"https://www.embl.de/jobs/searchjobs/index.php?ref=EBI_01126&amp;newlang=1&amp;loc%5B%5D=2\" rel=\"nofollow\">web developer</a>, you will contribute to the development of the web frontend for the Open Targets Platform. You will:</p>\n<ul>\n<li>Design, develop and improving a robust, testable web application to facilitate target validation;</li>\n<li>Work with other developers in the team to ensure consistency in the web application;</li>\n<li>Work with scientists and UX professionals to ensure a positive user experience and an integrated display of information;</li>\n<li>Develop, integrate and maintain reusable data visualisation components for data display.</li>\n</ul>\n<p>As a <a href=\"https://www.embl.de/jobs/searchjobs/index.php?ref=EBI_01125&amp;newlang=1&amp;loc%5B%5D=2\" rel=\"nofollow\">python software developer</a>, you will be involved in running large-scale biological data analysis and integration, and developing the REST API, which powers the Open Targets Platform. You will:</p>\n<ul>\n<li>Design and implement the backend micro-services and data processing pipelines in Python on Unix-based systems, </li>\n<li>Maintain those services in a cloud environment (Google Cloud or AWS),</li>\n</ul>\n<p><strong>Salary and benefits</strong></p>\n<p>These are fixed term positions of 3 years, with monthly salaries starting at \u00a32,552 (after tax). \nMonthly allowances and other benefits for EMBL-EBI staff are also available.</p>\n<p><strong>Closing date</strong></p>\n<p>February 18th, 2018 but why would you wait till the deadline?</p>\n<p>Apply now for either the <a href=\"https://ig14.i-grasp.com/fe/tpl_embl01.asp?newms=ap&amp;id=56253&amp;newlang=1\" rel=\"nofollow\">software developer</a> or <a href=\"https://ig14.i-grasp.com/fe/tpl_embl01.asp?newms=ap&amp;id=56254&amp;newlang=1\" rel=\"nofollow\">web developer</a> positions.</p>\n<p><em>The EMBL-EBI is based on the <a href=\"https://www.wellcomegenomecampus.org/\" rel=\"nofollow\">Wellcome Genome Campus</a>, set in the beautiful Cambridgeshire countryside. Excellent sports facilities including a gym, a free shuttle bus, an on-site nursery, caf\u00e9s and restaurant, and a library are available for all campus members of staff.</em></p>\n"
}