{
    "answer_count": 0,
    "author": "Biostar",
    "author_uid": "admin-user-1",
    "book_count": 0,
    "comment_count": 0,
    "content": "\n\n\n\nThe **Biostar Herald** publishes user submitted links of bioinformatics relevance. It aims to provide a summary of interesting and relevant information you may have missed. You too can submit [links here](/herald/).\n\nThis edition of the Herald was brought to you by contribution from  [Istvan Albert](https://www.biostars.org/u/2/),\n [vdauwera](https://www.biostars.org/u/4658/),\n and was edited by  [Istvan Albert](https://www.biostars.org/u/2/),\n\n\n\n\n---\n\n\n### [Tera Bio: Focus on your science](https://terra.bio/blog/) (terra.bio)\n\n\n\nThe Terra blog covers a variety of topics in the life sciences, including useful bioinformatics resources, training opportunities, policy developments, new tools and capabilities, and behind the scenes stories from researchers and developers who are doing bioinformatics on the cloud. \n\n\nsubmitted by: [vdauwera](https://www.biostars.org/u/4658/)\n\n\n\n---\n\n\n### https://twitter.com/jmschreiber91/status/1554897830254243840\n\n\n\n\nsubmitted by: [Istvan Albert](https://www.biostars.org/u/2/)\n\n\n\n---\n\n\n### [Transcriptome variation in human tissues revealed by long-read sequencing | Nature](https://www.nature.com/articles/s41586-022-05035-y) (www.nature.com)\n\n\n\n> In this Article, we present a large human long-read RNA-seq dataset using the Oxford Nanopore Technologies platform from 88 samples from Genotype-Tissue Expression (GTEx) tissues and cell lines, complementing the GTEx resource. We identified just over 70,000 novel transcripts for annotated genes, and validated the protein expression of 10% of novel transcripts.\n\n\nsubmitted by: [Istvan Albert](https://www.biostars.org/u/2/)\n\n\n\n---\n\n\n### https://twitter.com/rafalab/status/1554897179877203969\n\n\n\n\nsubmitted by: [Istvan Albert](https://www.biostars.org/u/2/)\n\n\n\n---\n\n\n### [JBrowse 2: A modular genome browser with views of synteny and structural variation | bioRxiv](https://www.biorxiv.org/content/10.1101/2022.07.28.501447v1) (www.biorxiv.org)\n\n\n\n> We present JBrowse 2, a general-purpose genome annotation browser offering enhanced visualization of complex structural variation and evolutionary relationships. JBrowse 2 retains the core features of the open-source JavaScript genome browser JBrowse while adding new views for synteny, dotplots, breakpoints, gene fusions, and whole-genome overviews. \n\n\nsubmitted by: [Istvan Albert](https://www.biostars.org/u/2/)\n\n\n\n---\n\n\n### [Assembler artifacts include misassembly because of unsafe unitigs and under-assembly because of bidirected graphs](https://genome.cshlp.org/content/early/2022/07/27/gr.276601.122.abstract) (genome.cshlp.org)\n\n\n\n> We prove that, contrary to popular belief, even when there are no sequencing errors, unitigs are not always safe (i.e. they are not guaranteed to be substrings of the sequenced genome). We also prove that the unitigs of a bidirected de Bruijn graph are different from those of a doubled de Bruijn graph and, contrary to our expectations, result in under-assembly.\r\n\n\n\nsubmitted by: [Istvan Albert](https://www.biostars.org/u/2/)\n\n\n\n---\n\n\n### https://academic.oup.com/gigascience/article/doi/10.1093/gigascience/giac073/6651347\n\n\n\n> Here we proposed Meta-Prism 2.0, a microbial community sample analysis method that has pushed the time and memory efficiency to a new limit without compromising accuracy. Based on sparse data structure, time-saving instruction pipeline, and SIMD optimization, Meta-Prism 2.0 has enabled ultra-fast, memory-efficient, flexible, and accurate search among millions of samples. Meta-Prism 2.0 was put to test on several data sets, with the largest containing 1 million samples.\n\n\nsubmitted by: [Istvan Albert](https://www.biostars.org/u/2/)\n\n\n\n---\n\nWant to get the **Biostar Herald** in your email? Who wouldn't? Sign up righ'ere: <a class=\"herald-sub\">toggle subscription</a>\n\n\n\n\n\n\n",
    "creation_date": "2022-08-08T13:52:26.103528+00:00",
    "has_accepted": false,
    "id": 533961,
    "lastedit_date": "2022-08-08T13:52:26.103545+00:00",
    "lastedit_user_uid": "admin-user-1",
    "parent_id": 533961,
    "rank": 1659966746.103545,
    "reply_count": 0,
    "root_id": 533961,
    "status": "Open",
    "status_id": 1,
    "subs_count": 1,
    "tag_val": "herald",
    "thread_score": 2,
    "title": "The Biostar Herald for Monday, August 08, 2022",
    "type": "Herald",
    "type_id": 12,
    "uid": "9533961",
    "url": "https://www.biostars.org/p/9533961/",
    "view_count": 613,
    "vote_count": 2,
    "xhtml": "<p>The <strong>Biostar Herald</strong> publishes user submitted links of bioinformatics relevance. It aims to provide a summary of interesting and relevant information you may have missed. You too can submit <a href=\"/herald/\" rel=\"nofollow\">links here</a>.</p>\n<p>This edition of the Herald was brought to you by contribution from  <a href=\"https://www.biostars.org/u/2/\" rel=\"nofollow\">Istvan Albert</a>,\n <a href=\"https://www.biostars.org/u/4658/\" rel=\"nofollow\">vdauwera</a>,\n and was edited by  <a href=\"https://www.biostars.org/u/2/\" rel=\"nofollow\">Istvan Albert</a>,</p>\n<hr>\n<h3><a href=\"https://terra.bio/blog/\" rel=\"nofollow\">Tera Bio: Focus on your science</a> (terra.bio)</h3>\n<p>The Terra blog covers a variety of topics in the life sciences, including useful bioinformatics resources, training opportunities, policy developments, new tools and capabilities, and behind the scenes stories from researchers and developers who are doing bioinformatics on the cloud.</p>\n<p>submitted by: <a href=\"https://www.biostars.org/u/4658/\" rel=\"nofollow\">vdauwera</a></p>\n<hr>\n<h3><blockquote class=\"twitter-tweet\"><p lang=\"en\" dir=\"ltr\">At the beginning of 2018 at an <a href=\"https://twitter.com/ENCODE_NIH?ref_src=twsrc%5Etfw\">@ENCODE_NIH</a> meeting, the idea for the ENCODE Imputation Challenge was born: an open contest to predict genome-wide genomics experiments given fixed train/test sets and encourage development of large-scale imputation methods. <br><br>warning: drama \ud83e\uddf5<br><br>1/</p>&mdash; Jacob Schreiber (@jmschreiber91) <a href=\"https://twitter.com/jmschreiber91/status/1554897830254243840?ref_src=twsrc%5Etfw\">August 3, 2022</a></blockquote>\n<script async src=\"https://platform.twitter.com/widgets.js\" charset=\"utf-8\"></script>\n</h3>\n<p>submitted by: <a href=\"https://www.biostars.org/u/2/\" rel=\"nofollow\">Istvan Albert</a></p>\n<hr>\n<h3><a href=\"https://www.nature.com/articles/s41586-022-05035-y\" rel=\"nofollow\">Transcriptome variation in human tissues revealed by long-read sequencing | Nature</a> (www.nature.com)</h3>\n<blockquote><p>In this Article, we present a large human long-read RNA-seq dataset using the Oxford Nanopore Technologies platform from 88 samples from Genotype-Tissue Expression (GTEx) tissues and cell lines, complementing the GTEx resource. We identified just over 70,000 novel transcripts for annotated genes, and validated the protein expression of 10% of novel transcripts.</p>\n</blockquote>\n<p>submitted by: <a href=\"https://www.biostars.org/u/2/\" rel=\"nofollow\">Istvan Albert</a></p>\n<hr>\n<h3><blockquote class=\"twitter-tweet\"><p lang=\"en\" dir=\"ltr\">Current <a href=\"https://twitter.com/hashtag/SingleCell?src=hash&amp;ref_src=twsrc%5Etfw\">#SingleCell</a> pipelines overcluster, leading to over-reporting novel cell types. We present a statistical method to help determine which clusters are real. Can be applied to raw counts or existing clusters.<br>Code: <a href=\"https://t.co/BaSkBEz4s2\">https://t.co/BaSkBEz4s2</a><br>Preprint: <a href=\"https://t.co/IfBs3nHaBT\">https://t.co/IfBs3nHaBT</a></p>&mdash; Rafael Irizarry (@rafalab) <a href=\"https://twitter.com/rafalab/status/1554897179877203969?ref_src=twsrc%5Etfw\">August 3, 2022</a></blockquote>\n<script async src=\"https://platform.twitter.com/widgets.js\" charset=\"utf-8\"></script>\n</h3>\n<p>submitted by: <a href=\"https://www.biostars.org/u/2/\" rel=\"nofollow\">Istvan Albert</a></p>\n<hr>\n<h3><a href=\"https://www.biorxiv.org/content/10.1101/2022.07.28.501447v1\" rel=\"nofollow\">JBrowse 2: A modular genome browser with views of synteny and structural variation | bioRxiv</a> (www.biorxiv.org)</h3>\n<blockquote><p>We present JBrowse 2, a general-purpose genome annotation browser offering enhanced visualization of complex structural variation and evolutionary relationships. JBrowse 2 retains the core features of the open-source JavaScript genome browser JBrowse while adding new views for synteny, dotplots, breakpoints, gene fusions, and whole-genome overviews.</p>\n</blockquote>\n<p>submitted by: <a href=\"https://www.biostars.org/u/2/\" rel=\"nofollow\">Istvan Albert</a></p>\n<hr>\n<h3><a href=\"https://genome.cshlp.org/content/early/2022/07/27/gr.276601.122.abstract\" rel=\"nofollow\">Assembler artifacts include misassembly because of unsafe unitigs and under-assembly because of bidirected graphs</a> (genome.cshlp.org)</h3>\n<blockquote><p>We prove that, contrary to popular belief, even when there are no sequencing errors, unitigs are not always safe (i.e. they are not guaranteed to be substrings of the sequenced genome). We also prove that the unitigs of a bidirected de Bruijn graph are different from those of a doubled de Bruijn graph and, contrary to our expectations, result in under-assembly.</p>\n</blockquote>\n<p>submitted by: <a href=\"https://www.biostars.org/u/2/\" rel=\"nofollow\">Istvan Albert</a></p>\n<hr>\n<h3><a href=\"https://academic.oup.com/gigascience/article/doi/10.1093/gigascience/giac073/6651347\" rel=\"nofollow\">https://academic.oup.com/gigascience/article/doi/10.1093/gigascience/giac073/6651347</a></h3>\n<blockquote><p>Here we proposed Meta-Prism 2.0, a microbial community sample analysis method that has pushed the time and memory efficiency to a new limit without compromising accuracy. Based on sparse data structure, time-saving instruction pipeline, and SIMD optimization, Meta-Prism 2.0 has enabled ultra-fast, memory-efficient, flexible, and accurate search among millions of samples. Meta-Prism 2.0 was put to test on several data sets, with the largest containing 1 million samples.</p>\n</blockquote>\n<p>submitted by: <a href=\"https://www.biostars.org/u/2/\" rel=\"nofollow\">Istvan Albert</a></p>\n<hr>\n<p>Want to get the <strong>Biostar Herald</strong> in your email? Who wouldn't? Sign up righ'ere: <a class=\"herald-sub\">toggle subscription</a></p>\n"
}