{
    "answer_count": 5,
    "author": "Harrison",
    "author_uid": "143781",
    "book_count": 0,
    "comment_count": 5,
    "content": "Hi there,\n\nI've been trying to run blastn locally on metabarcoding sequences of eukaryotes and am running into errors both in command line and using system2 in R.\n\nI have downloaded and unzipped the entire nt_euk library from NCBI, resulting in a folder called \"nt_euk\" containing a bunch of file types (`.nhr`, `.nin`, `.nnd`, `.nni`, `.nog`, `.nsq`) for each chunk (e.g., `nt_euk.01`, `nt_euk.02`, etc.) of the reference library database, as well as files for the whole database (`nt_euk.nal`, `nt_euk.ndb`, `nt_euk.` `nt_euk.nos`, `nt_eul.not`, `nt_euk.ntf`, `nt_euk.nto`). The folder also contains taxonomy files (`taxdb.btd`, `taxdb.bti`, `taxonomy4blast.sqlite3`).\n\nI am trying to implement this in my bioinformatics pipeline in R using system2() to run command line functions from blast+ on unassigned ASVs from my samples. The code looks like this:\n\n```r\nblast.f6 <- c('qseqid', 'sseqid', 'sscinames', 'scomnames', 'sskingdoms', 'pident', 'qcovs')\nblastn <- \"C:/Program Files/NCBI/blast-2.15.0+/bin/blastn.exe\"\nntdb <- \"data/nt_euk\"\ninput <- \"data/results/18S-Comeau_ASV_sequences.fasta\"\nblast.out <-\n      system2(command = blastn,\n          args = c('-db', ntdb,\n                   '-num_threads', '10', \n                   '-outfmt', sprintf('\"6 %s\"', paste(collapse = ' ', blast.f6)),\n                   '-perc_identity','.99',\n                   '-max_target_seqs', '1',\n                   '-query', input,\n                   '-out', 'data/results/18S_blast.txt'),\n          wait = TRUE,\n          stdout = TRUE\n  )\n```\n\nThis results in an error: \n\n```r\nWarning message:\nIn system2(command = blastn, args = c(\"-db\", ntdb, \"-num_threads\",  :\n  running command '\"C:/Program Files/NCBI/blast-2.15.0+/bin/blastn.exe\"` ... `had status 2\n```\n\nI tried to run blastn in the Terminal directly and I also get an error:\n\n```\nblastn -query data/results/18S-Comeau_ASV_sequences.fasta -db data/nt_euk\nBLAST Database error: No alias or index file found for nucleotide database\n```\n\nI thought the alias/index file is `nt_euk.nal`, which is in my directory. So I'm not sure what exactly is the issue here and all my Google searching has lead me to dead ends. Any insights or solutions would be much appreciated!",
    "creation_date": "2024-03-28T19:30:28.626685+00:00",
    "has_accepted": false,
    "id": 591268,
    "lastedit_date": "2024-03-29T14:31:35.210836+00:00",
    "lastedit_user_uid": "143781",
    "parent_id": 591268,
    "rank": 1711654228.626701,
    "reply_count": 5,
    "root_id": 591268,
    "status": "Open",
    "status_id": 1,
    "subs_count": 3,
    "tag_val": "blastn,NCBI,R",
    "thread_score": 0,
    "title": "Error running local blastn in R using system2",
    "type": "Question",
    "type_id": 0,
    "uid": "9591268",
    "url": "https://www.biostars.org/p/9591268/",
    "view_count": 668,
    "vote_count": 0,
    "xhtml": "<p>Hi there,</p>\n<p>I've been trying to run blastn locally on metabarcoding sequences of eukaryotes and am running into errors both in command line and using system2 in R.</p>\n<p>I have downloaded and unzipped the entire nt_euk library from NCBI, resulting in a folder called \"nt_euk\" containing a bunch of file types (<code>.nhr</code>, <code>.nin</code>, <code>.nnd</code>, <code>.nni</code>, <code>.nog</code>, <code>.nsq</code>) for each chunk (e.g., <code>nt_euk.01</code>, <code>nt_euk.02</code>, etc.) of the reference library database, as well as files for the whole database (<code>nt_euk.nal</code>, <code>nt_euk.ndb</code>, <code>nt_euk.</code> <code>nt_euk.nos</code>, <code>nt_eul.not</code>, <code>nt_euk.ntf</code>, <code>nt_euk.nto</code>). The folder also contains taxonomy files (<code>taxdb.btd</code>, <code>taxdb.bti</code>, <code>taxonomy4blast.sqlite3</code>).</p>\n<p>I am trying to implement this in my bioinformatics pipeline in R using system2() to run command line functions from blast+ on unassigned ASVs from my samples. The code looks like this:</p>\n<pre><code class=\"lang-r\">blast.f6 &lt;- c('qseqid', 'sseqid', 'sscinames', 'scomnames', 'sskingdoms', 'pident', 'qcovs')\nblastn &lt;- \"C:/Program Files/NCBI/blast-2.15.0+/bin/blastn.exe\"\nntdb &lt;- \"data/nt_euk\"\ninput &lt;- \"data/results/18S-Comeau_ASV_sequences.fasta\"\nblast.out &lt;-\n      system2(command = blastn,\n          args = c('-db', ntdb,\n                   '-num_threads', '10', \n                   '-outfmt', sprintf('\"6 %s\"', paste(collapse = ' ', blast.f6)),\n                   '-perc_identity','.99',\n                   '-max_target_seqs', '1',\n                   '-query', input,\n                   '-out', 'data/results/18S_blast.txt'),\n          wait = TRUE,\n          stdout = TRUE\n  )\n</code></pre>\n<p>This results in an error:</p>\n<pre><code class=\"lang-r\">Warning message:\nIn system2(command = blastn, args = c(\"-db\", ntdb, \"-num_threads\",  :\n  running command '\"C:/Program Files/NCBI/blast-2.15.0+/bin/blastn.exe\"` ... `had status 2\n</code></pre>\n<p>I tried to run blastn in the Terminal directly and I also get an error:</p>\n<pre><code>blastn -query data/results/18S-Comeau_ASV_sequences.fasta -db data/nt_euk\nBLAST Database error: No alias or index file found for nucleotide database\n</code></pre>\n<p>I thought the alias/index file is <code>nt_euk.nal</code>, which is in my directory. So I'm not sure what exactly is the issue here and all my Google searching has lead me to dead ends. Any insights or solutions would be much appreciated!</p>\n"
}