{
    "answer_count": 20,
    "author": "Seq225",
    "author_uid": "28469",
    "book_count": 0,
    "comment_count": 19,
    "content": "Hello,\r\n\r\nI have this R script:\r\n\r\n\r\n\r\n    #!/usr/bin/env Rscript\r\n    \r\n    library(ggplot2)\r\n    \r\n    Pai <- read.csv(\"abc.txt\", sep = \"\\t\")\r\n    \r\n    colnames(Pai) <- c(\"nt\",\"a\",\"c\",\"g\",\"t\")\r\n    \r\n    Pai[2:5] <- scale(Pai[2:5])\r\n    \r\n    write.table(Pai, file = \"PaiZscore.txt\", row.names = FALSE)\r\n    \r\n    pdf(\"abc.pdf\")\r\n    \r\n    ggplot() + \r\n    \tgeom_line(aes(Pai$nt,Pai$t), color = 'red') + \r\n    \t\r\n    theme_classic()\r\n    \t\r\n    dev.off()\r\n\r\n\r\nIt runs one file **abc.txt** and create one pdf **abc.pdf**. How can I modify this script so that it can run as a loop, use 200 files as input (abs1.txt, abc2.txt.........abc200.txt) and creates 200 pdfs (abs1.pdf, abc2.pdf.........abc200.pdf)?\r\n\r\nThe abc.txt files is generated using multiple custom pipelines, which incorporated bowtie, samtools, bedtools, and piPipes. I can use the aforementioned tools, but I am no expert in R. My goal is to make the heatmap of the final result in R.\r\n\r\nThanks a ton!!",
    "creation_date": "2020-07-31T20:13:41.754160+00:00",
    "has_accepted": true,
    "id": 429797,
    "lastedit_date": "2020-08-01T18:54:43.427693+00:00",
    "lastedit_user_uid": "59717",
    "parent_id": 429797,
    "rank": 1596308083.427693,
    "reply_count": 20,
    "root_id": 429797,
    "status": "Open",
    "status_id": 1,
    "subs_count": 4,
    "tag_val": "R,assembly,software error,genome",
    "thread_score": 10,
    "title": "Loop in R script ",
    "type": "Question",
    "type_id": 0,
    "uid": "452660",
    "url": "https://www.biostars.org/p/452660/",
    "view_count": 1940,
    "vote_count": 0,
    "xhtml": "<p>Hello,</p>\n\n<p>I have this R script:</p>\n\n<pre class=\"pre\"><code class=\"language-bash\">#!/usr/bin/env Rscript\n\nlibrary(ggplot2)\n\nPai &lt;- read.csv(\"abc.txt\", sep = \"\\t\")\n\ncolnames(Pai) &lt;- c(\"nt\",\"a\",\"c\",\"g\",\"t\")\n\nPai[2:5] &lt;- scale(Pai[2:5])\n\nwrite.table(Pai, file = \"PaiZscore.txt\", row.names = FALSE)\n\npdf(\"abc.pdf\")\n\nggplot() + \n    geom_line(aes(Pai$nt,Pai$t), color = 'red') + \n\ntheme_classic()\n\ndev.off()\n</code></pre>\n\n<p>It runs one file <strong>abc.txt</strong> and create one pdf <strong>abc.pdf</strong>. How can I modify this script so that it can run as a loop, use 200 files as input (abs1.txt, abc2.txt.........abc200.txt) and creates 200 pdfs (abs1.pdf, abc2.pdf.........abc200.pdf)?</p>\n\n<p>The abc.txt files is generated using multiple custom pipelines, which incorporated bowtie, samtools, bedtools, and piPipes. I can use the aforementioned tools, but I am no expert in R. My goal is to make the heatmap of the final result in R.</p>\n\n<p>Thanks a ton!!</p>\n"
}