{
    "answer_count": 5,
    "author": "James Reeve",
    "author_uid": "42384",
    "book_count": 0,
    "comment_count": 4,
    "content": "As part of my pipeline I'm using the Picard program SortSam to order the reads in my BAM file by their position (`SORT_ORDER=coordinate`). However when I run this code, my output file has less space.\r\n\r\n    java -Djava.io.tmpdir=[tmp-directory] -jar picard.jar SortSam \\\r\n         I=before-sort.bam \\ \r\n         O=after-sort.bam \\\r\n         SORT_ORDER=coordinate\r\n\r\n`du before-sort.bam` = 44131980 KB\r\n\r\n`du after-sort.bam` = 28874760 KB\r\n\r\nDo I have a loss of data, or does SortSam have a filtering step I dont' know of?",
    "creation_date": "2018-06-28T17:58:39.075071+00:00",
    "has_accepted": true,
    "id": 312904,
    "lastedit_date": "2018-06-28T18:00:59.639845+00:00",
    "lastedit_user_uid": "25721",
    "parent_id": 312904,
    "rank": 1530208859.639845,
    "reply_count": 5,
    "root_id": 312904,
    "status": "Open",
    "status_id": 1,
    "subs_count": 1,
    "tag_val": "Picard",
    "thread_score": 3,
    "title": "Does SortSam lead to a loss of data?",
    "type": "Question",
    "type_id": 0,
    "uid": "323661",
    "url": "https://www.biostars.org/p/323661/",
    "view_count": 1654,
    "vote_count": 0,
    "xhtml": "<p>As part of my pipeline I'm using the Picard program SortSam to order the reads in my BAM file by their position (<code>SORT_ORDER=coordinate</code>). However when I run this code, my output file has less space.</p>\n\n<pre class=\"pre\"><code class=\"language-bash\">java -Djava.io.tmpdir=[tmp-directory] -jar picard.jar SortSam \\\n     I=before-sort.bam \\ \n     O=after-sort.bam \\\n     SORT_ORDER=coordinate\n</code></pre>\n\n<p><code>du before-sort.bam</code> = 44131980 KB</p>\n\n<p><code>du after-sort.bam</code> = 28874760 KB</p>\n\n<p>Do I have a loss of data, or does SortSam have a filtering step I dont' know of?</p>\n"
}