{
    "answer_count": 0,
    "author": "reynald.lescarbeau",
    "author_uid": "21206",
    "book_count": 1,
    "comment_count": 0,
    "content": "Title: Computational Scientist\n\nJob Location: Cambridge, MA\n\nAPPLY HERE - http://grnh.se/nlj1go\n\nCOMPANY:\n\nThe development of CRISPR/Cas9 gene editing technology opens a new frontier in biomedical research and clinical intervention. Adapted from a natural cellular process, CRISPR/Cas9 permits the editing of any gene in any organism with unprecedented simplicity and flexibility. Intellia was founded in 2014 by Caribou Biosciences and Atlas Venture, along with a consortium of leading scientists who have helped define the space. Intellia Therapeutics holds exclusive access to a broad intellectual property portfolio covering the application of CRISPR/Cas9 technology for human therapeutic use.\n\nSUMMARY:\n\nIntellia Therapeutics is seeking a computational biologist/bioinformatician to support the development of CRISPR/Cas9 based therapeutics. This position is an opportunity to contribute to diverse aspects Intellia's bioinformatics platform from the building pipelines for processing NGS data to analyzing downstream data.\n\nGENERAL RESPONSIBILITIES:\n\n - Develop and support NGS pipelines using commonly utilized tools (BWA, bowtie, samtools, etc)\n - Apply rigorous statistical methods for testing hypotheses on processed data\n - Familiar with SQL and the use of relational databases\n - Work with scientists to develop computational methods and tools to support new assays and implement data analyses\n - Create scientifically rigorous visualizations, communications, and presentations of results\n\nREQUIRED SKILLS:\n\n - Demonstrated ability to write elegant code in R, Python, Perl, or C++\n - Experience processing and analyzing biological data, specifically sequencing data\n - Familiarity with Linux and shell scripting/bash\n\nQUALIFICATIONS:\n\nBS/MS in Bioinformatics with at least 2 years of relevant experience or recent Ph.D. in\nComputational Biology/Bioinformatics or related field\n\nAPPLY HERE - http://grnh.se/nlj1go",
    "creation_date": "2016-07-21T14:09:24.436827+00:00",
    "has_accepted": false,
    "id": 194720,
    "lastedit_date": "2023-04-07T15:09:05.625958+00:00",
    "lastedit_user_uid": "8494",
    "parent_id": 194720,
    "rank": 1469110164.436827,
    "reply_count": 0,
    "root_id": 194720,
    "status": "Open",
    "status_id": 1,
    "subs_count": 0,
    "tag_val": "genome-editing,genomics,CRISPR",
    "thread_score": 3,
    "title": "Computational Biologist at Intellia Therapeutics in Cambridge MA",
    "type": "Job",
    "type_id": 2,
    "uid": "202878",
    "url": "https://www.biostars.org/p/202878/",
    "view_count": 2017,
    "vote_count": 3,
    "xhtml": "<p>Title: Computational Scientist</p>\n<p>Job Location: Cambridge, MA</p>\n<p>APPLY HERE - <a href=\"http://grnh.se/nlj1go\" rel=\"nofollow\">http://grnh.se/nlj1go</a></p>\n<p>COMPANY:</p>\n<p>The development of CRISPR/Cas9 gene editing technology opens a new frontier in biomedical research and clinical intervention. Adapted from a natural cellular process, CRISPR/Cas9 permits the editing of any gene in any organism with unprecedented simplicity and flexibility. Intellia was founded in 2014 by Caribou Biosciences and Atlas Venture, along with a consortium of leading scientists who have helped define the space. Intellia Therapeutics holds exclusive access to a broad intellectual property portfolio covering the application of CRISPR/Cas9 technology for human therapeutic use.</p>\n<p>SUMMARY:</p>\n<p>Intellia Therapeutics is seeking a computational biologist/bioinformatician to support the development of CRISPR/Cas9 based therapeutics. This position is an opportunity to contribute to diverse aspects Intellia's bioinformatics platform from the building pipelines for processing NGS data to analyzing downstream data.</p>\n<p>GENERAL RESPONSIBILITIES:</p>\n<ul>\n<li>Develop and support NGS pipelines using commonly utilized tools (BWA, bowtie, samtools, etc)</li>\n<li>Apply rigorous statistical methods for testing hypotheses on processed data</li>\n<li>Familiar with SQL and the use of relational databases</li>\n<li>Work with scientists to develop computational methods and tools to support new assays and implement data analyses</li>\n<li>Create scientifically rigorous visualizations, communications, and presentations of results</li>\n</ul>\n<p>REQUIRED SKILLS:</p>\n<ul>\n<li>Demonstrated ability to write elegant code in R, Python, Perl, or C++</li>\n<li>Experience processing and analyzing biological data, specifically sequencing data</li>\n<li>Familiarity with Linux and shell scripting/bash</li>\n</ul>\n<p>QUALIFICATIONS:</p>\n<p>BS/MS in Bioinformatics with at least 2 years of relevant experience or recent Ph.D. in\nComputational Biology/Bioinformatics or related field</p>\n<p>APPLY HERE - <a href=\"http://grnh.se/nlj1go\" rel=\"nofollow\">http://grnh.se/nlj1go</a></p>\n"
}