{
    "answer_count": 2,
    "author": "skbrimer",
    "author_uid": "15216",
    "book_count": 0,
    "comment_count": 1,
    "content": "So, I have been reading a lot about host removal with viral data. More than one group is just using BLAST to their specific host to remove possible contamination. \r\n\r\nHow does that work? I know how to download a genome from NCBI. I have ncbi tools on my machines and can create a custom db using only the my host(s) of choice. However I'm fuzzy on how that actually removes them from the read pool. \r\n\r\nCan BLAST take all of your reads and only output the reads that have no match or is it more of piping the results to a file and removing everything that has a good match via a script? \r\n\r\nI understand BLAST is a slower way of doing this so what would be the advantage of this say over BBsplit (from the BBMap) that can map to multiple references at once? Or just concatenating all the host/viral dna/rna into one file and mapping to it?  ",
    "creation_date": "2016-09-19T18:39:27.204046+00:00",
    "has_accepted": false,
    "id": 204106,
    "lastedit_date": "2016-09-19T18:39:27.204046+00:00",
    "lastedit_user_uid": "15216",
    "parent_id": 204106,
    "rank": 1474310367.204046,
    "reply_count": 2,
    "root_id": 204106,
    "status": "Open",
    "status_id": 1,
    "subs_count": 1,
    "tag_val": "Assembly,QC",
    "thread_score": 2,
    "title": "BLAST pipeline operations",
    "type": "Question",
    "type_id": 0,
    "uid": "212527",
    "url": "https://www.biostars.org/p/212527/",
    "view_count": 1366,
    "vote_count": 0,
    "xhtml": "<p>So, I have been reading a lot about host removal with viral data. More than one group is just using BLAST to their specific host to remove possible contamination. </p>\n\n<p>How does that work? I know how to download a genome from NCBI. I have ncbi tools on my machines and can create a custom db using only the my host(s) of choice. However I'm fuzzy on how that actually removes them from the read pool. </p>\n\n<p>Can BLAST take all of your reads and only output the reads that have no match or is it more of piping the results to a file and removing everything that has a good match via a script? </p>\n\n<p>I understand BLAST is a slower way of doing this so what would be the advantage of this say over BBsplit (from the BBMap) that can map to multiple references at once? Or just concatenating all the host/viral dna/rna into one file and mapping to it?  </p>\n"
}