{
    "answer_count": 0,
    "author": "carlopecoraro2",
    "author_uid": "32251",
    "book_count": 0,
    "comment_count": 0,
    "content": "Q&A: Dr. Martin Jones helps us understand the importance of learning Linux and Python.\nhttp://www.physalia-courses.org/news/n1/\n\nPosted on 05 September, 2016 by Carlo Pecoraro\n\nThe need for Bioinformatics skills has increased and become unconditionally fundamental for experimentalists to acquire at least basic skills to enquiry, retrieve and handle the biological information that is regularly accumulating in various databases. Most of the time, PhD students and post-doctoral researchers with backgrounds in Biochemistry, Biology, Genetics, Mathematics, Physics, and Engineering have met the need for Bioinformatics skills later in their careers with all the issues related to. So there is an increasing need to attend Bioinformatics courses with highly qualified instructors in order to fill the gap and to gain more independence when doing the analyses.\n\nHere we have the possibility to interview Dr Martin Jones, who is a bioinformatics expert and founder of Python for Biologists (http://pythonforbiologists.com/). Martin started his bioinformatics career with Perl and Linux during the course of his PhD in evolutionary biology, and started teaching other people soon after. Since then he has taught programming and bioinformatics skills to hundreds of biologists, from undergraduates to PIs, and has maintained a philosophy that courses must be friendly, approachable, and practical. In his academic career, Martin mixed research and teaching at the University of Edinburgh, culminating in a two year stint as Lecturer in Bioinformatics. He now runs programming and bioinformatics courses for biological researchers as a full time freelancer.\n\nMartin is the instructor for our first courses during the Autumn season.\n\n### Can you briefly describe why it is so important to learn Linux for doing Bioinformatics analysis?\n\nThe design of Linux is very well suited to the types of analyses we do in modern data-driven biological science. The command line tools are designed to be composable \u2014 small programs which work together in a pipeline to do more complex things \u2014 which mirrors the way that we work in bioinformatics. Also, the Linux environment has tools for automation built in, which allows us to be very productive when working with large datasets. And of course, many of the pieces of software we want to use (particularly those that deal with next-gen sequence data) only run on Linux, and most of the powerful compute clusters that we want to use have Linux as their operating system.\n\n### Which are the main benefits from learning Linux in depth?\n\nLearning to use Linux in depth \u2014 as opposed to just learning which commands to copy and paste in order to run our analysis program \u2014 allows us to really take advantage of its ability to automate analyses and create repeatable, scalable pipelines. For example, we can write a shell script that combines general command line data processing tools and bioinformatics specific programs to run a complete next-generation sequence analysis workflow. This will then make it easy to repeat the same analysis on many samples, and also provide an easy way of reproducing the analysis. Being familiar with the Linux environment is also hugely helpful when working remotely on powerful servers and compute clusters.\n\n### What is the story behind the \u201cproject\u201d Python for biologists?\n\nAs a lecturer at Edinburgh University I'd been running Python courses as part of the Bioinformatics MSc programme, and over time more and more PhD students and postdocs wanted to take the course as well. To cope with the demand I started running week long intensive courses for anybody who wanted to attend. After doing this for a couple of years I decided to make it a full time job, which has allowed me to run many more courses and given me time to develop new material for additional courses, including the Linux course and some more specific Python courses dealing with software development and data visualisation. \n\n### How interested users can improve their analysis learning Python?\n\nPython can fit into our research toolkit in a number of different ways. It's a great tool for data manipulation, and we often use it to automate data cleaning and housekeeping jobs that would otherwise take up a lot of time. It also has really powerful libraries for numerical processing, which means we can develop new methods for data analysis and have them run on genome scale datasets. When it comes time to explore large datasets and make figures for publication we can use the Scientific Python stack of libraries. In general, knowing any programming language changes the way we look at computing: if a tool doesn't already exist to carry out the analysis we want to do, we have the means to build it ourselves.\n\n### What are the main advantages of programming in Python comparing to other programming languages (i.e. Perl)?\n\nI don't generally get involved in language wars :-) I have done a lot of work in Perl and still regard it as a perfectly fine language for many jobs. However, I do strongly recommend Python these days, particularly as a first programming language. Its syntax and structure are much more friendly to beginners than Perl, and the built in libraries are easier to use. Part of the strength of Python comes from the wealth of data processing libraries available, which let us do complicated tasks with very little programming effort. I think the growing popularity of Python for scientific (and especially biological) computing is evidence that it's a good fit for the types of problems that we have to solve in bioinformatics. The philosophy behind the design of Python leads to code that's easier to write. It also leads to code that easier to read, which is particularly important in bioinformatics, where code is one of the clearest ways to express our ideas. \n\nThanks Martin and see you in Berlin for your courses:\n\n### Introduction to Linux and workflows for biologists.\n\nDATE: Monday 14 - Friday 18 November 2016\n\nVENUE: Glinkastra\u00dfe 5-7, 10117 Berlin, Germany\n\nREGISTRATION DEADLINE: Friday 21 October 2016 noon\n\nPLACES: 2 places left (first come, first served)\n\nINFORMATION: Carlo Pecoraro (info@physalia-courses.org)\n\nTO REGISTER: http://www.physalia-courses.org/courses/course1/\n\n\n### Introduction to Python for biologists\n\nDATE: Monday 5 - Friday 9 December 2016\n\nVENUE: Glinkastra\u00dfe 5-7, 10117 Berlin, Germany\n\nREGISTRATION DEADLINE: Monday 21 November 2016 noon\n\nPLACES: 7 places left (first come, first served)\n\nINFORMATION: Carlo Pecoraro (info@physalia-courses.org)\n\nTO REGISTER: http://www.physalia-courses.org/courses/course2/",
    "creation_date": "2016-09-29T10:47:09.681457+00:00",
    "has_accepted": false,
    "id": 205692,
    "lastedit_date": "2023-04-10T17:30:31.277022+00:00",
    "lastedit_user_uid": "8494",
    "parent_id": 205692,
    "rank": 1475146029.681457,
    "reply_count": 0,
    "root_id": 205692,
    "status": "Open",
    "status_id": 1,
    "subs_count": 0,
    "tag_val": "genome,snp,next-gen-sequencing",
    "thread_score": 0,
    "title": "Thinking of learning Linux/Python?",
    "type": "News",
    "type_id": 11,
    "uid": "214152",
    "url": "https://www.biostars.org/p/214152/",
    "view_count": 2546,
    "vote_count": 0,
    "xhtml": "<p>Q&amp;A: Dr. Martin Jones helps us understand the importance of learning Linux and Python.\n<a href=\"http://www.physalia-courses.org/news/n1/\" rel=\"nofollow\">http://www.physalia-courses.org/news/n1/</a></p>\n<p>Posted on 05 September, 2016 by Carlo Pecoraro</p>\n<p>The need for Bioinformatics skills has increased and become unconditionally fundamental for experimentalists to acquire at least basic skills to enquiry, retrieve and handle the biological information that is regularly accumulating in various databases. Most of the time, PhD students and post-doctoral researchers with backgrounds in Biochemistry, Biology, Genetics, Mathematics, Physics, and Engineering have met the need for Bioinformatics skills later in their careers with all the issues related to. So there is an increasing need to attend Bioinformatics courses with highly qualified instructors in order to fill the gap and to gain more independence when doing the analyses.</p>\n<p>Here we have the possibility to interview Dr Martin Jones, who is a bioinformatics expert and founder of Python for Biologists (<a href=\"http://pythonforbiologists.com/\" rel=\"nofollow\">http://pythonforbiologists.com/</a>). Martin started his bioinformatics career with Perl and Linux during the course of his PhD in evolutionary biology, and started teaching other people soon after. Since then he has taught programming and bioinformatics skills to hundreds of biologists, from undergraduates to PIs, and has maintained a philosophy that courses must be friendly, approachable, and practical. In his academic career, Martin mixed research and teaching at the University of Edinburgh, culminating in a two year stint as Lecturer in Bioinformatics. He now runs programming and bioinformatics courses for biological researchers as a full time freelancer.</p>\n<p>Martin is the instructor for our first courses during the Autumn season.</p>\n<h3>Can you briefly describe why it is so important to learn Linux for doing Bioinformatics analysis?</h3>\n<p>The design of Linux is very well suited to the types of analyses we do in modern data-driven biological science. The command line tools are designed to be composable \u2014 small programs which work together in a pipeline to do more complex things \u2014 which mirrors the way that we work in bioinformatics. Also, the Linux environment has tools for automation built in, which allows us to be very productive when working with large datasets. And of course, many of the pieces of software we want to use (particularly those that deal with next-gen sequence data) only run on Linux, and most of the powerful compute clusters that we want to use have Linux as their operating system.</p>\n<h3>Which are the main benefits from learning Linux in depth?</h3>\n<p>Learning to use Linux in depth \u2014 as opposed to just learning which commands to copy and paste in order to run our analysis program \u2014 allows us to really take advantage of its ability to automate analyses and create repeatable, scalable pipelines. For example, we can write a shell script that combines general command line data processing tools and bioinformatics specific programs to run a complete next-generation sequence analysis workflow. This will then make it easy to repeat the same analysis on many samples, and also provide an easy way of reproducing the analysis. Being familiar with the Linux environment is also hugely helpful when working remotely on powerful servers and compute clusters.</p>\n<h3>What is the story behind the \u201cproject\u201d Python for biologists?</h3>\n<p>As a lecturer at Edinburgh University I'd been running Python courses as part of the Bioinformatics MSc programme, and over time more and more PhD students and postdocs wanted to take the course as well. To cope with the demand I started running week long intensive courses for anybody who wanted to attend. After doing this for a couple of years I decided to make it a full time job, which has allowed me to run many more courses and given me time to develop new material for additional courses, including the Linux course and some more specific Python courses dealing with software development and data visualisation.</p>\n<h3>How interested users can improve their analysis learning Python?</h3>\n<p>Python can fit into our research toolkit in a number of different ways. It's a great tool for data manipulation, and we often use it to automate data cleaning and housekeeping jobs that would otherwise take up a lot of time. It also has really powerful libraries for numerical processing, which means we can develop new methods for data analysis and have them run on genome scale datasets. When it comes time to explore large datasets and make figures for publication we can use the Scientific Python stack of libraries. In general, knowing any programming language changes the way we look at computing: if a tool doesn't already exist to carry out the analysis we want to do, we have the means to build it ourselves.</p>\n<h3>What are the main advantages of programming in Python comparing to other programming languages (i.e. Perl)?</h3>\n<p>I don't generally get involved in language wars :-) I have done a lot of work in Perl and still regard it as a perfectly fine language for many jobs. However, I do strongly recommend Python these days, particularly as a first programming language. Its syntax and structure are much more friendly to beginners than Perl, and the built in libraries are easier to use. Part of the strength of Python comes from the wealth of data processing libraries available, which let us do complicated tasks with very little programming effort. I think the growing popularity of Python for scientific (and especially biological) computing is evidence that it's a good fit for the types of problems that we have to solve in bioinformatics. The philosophy behind the design of Python leads to code that's easier to write. It also leads to code that easier to read, which is particularly important in bioinformatics, where code is one of the clearest ways to express our ideas.</p>\n<p>Thanks Martin and see you in Berlin for your courses:</p>\n<h3>Introduction to Linux and workflows for biologists.</h3>\n<p>DATE: Monday 14 - Friday 18 November 2016</p>\n<p>VENUE: Glinkastra\u00dfe 5-7, 10117 Berlin, Germany</p>\n<p>REGISTRATION DEADLINE: Friday 21 October 2016 noon</p>\n<p>PLACES: 2 places left (first come, first served)</p>\n<p>INFORMATION: Carlo Pecoraro (info@physalia-courses.org)</p>\n<p>TO REGISTER: <a href=\"http://www.physalia-courses.org/courses/course1/\" rel=\"nofollow\">http://www.physalia-courses.org/courses/course1/</a></p>\n<h3>Introduction to Python for biologists</h3>\n<p>DATE: Monday 5 - Friday 9 December 2016</p>\n<p>VENUE: Glinkastra\u00dfe 5-7, 10117 Berlin, Germany</p>\n<p>REGISTRATION DEADLINE: Monday 21 November 2016 noon</p>\n<p>PLACES: 7 places left (first come, first served)</p>\n<p>INFORMATION: Carlo Pecoraro (info@physalia-courses.org)</p>\n<p>TO REGISTER: <a href=\"http://www.physalia-courses.org/courses/course2/\" rel=\"nofollow\">http://www.physalia-courses.org/courses/course2/</a></p>\n"
}