{
    "answer_count": 31,
    "author": "Juke34",
    "author_uid": "12371",
    "book_count": 6,
    "comment_count": 30,
    "content": "Here I show how to filter an annotation (often evidence-based) to create a golden set of genes in order to train ab-initio annotation tools.\n\n**(What is described here can be automatically done using [this NBIS Nextflow pipeline][1])**\n\n**Prerequisite**:  \n\n  * an annotation in gff or gtf   \n  * [AGAT][2] (Another Gff Analysis Toolkit)  \n  * blast  \n  * to make it easier a nice folder structure:\n       - mkdir filter   \n       - mkdir protein   \n       - mkdir nonredundant  \n       - mkdir blast_recursive\n\n**1\\. Select  protein coding genes**\n\nFirst we select only the protein coding genes from the annotation file and remove all other type of level2 features: tRNA, snoRNA, etc.\n\n```\nagat_sp_separate_by_record_type.pl --gff annotation_evidence_based.gff -o splitByLevel2  \nln -s splitByLevel2/mrna.gff\n```\n\nFor older AGAT's version `agat_sp_separate_by_record_type.pl` was called `agat_sp_split_by_level2_feature.pl`  \n\n**2\\. Optional (Only if Maker annotation): filter by score**\n\nNext step, we need to filter the best genes. We will keep gene with AED score under a certain score (e.g 0.3).\n\n    agat_sp_filter_feature_by_attribute_value.pl --gff mrna.gff  --value 0.3 -a _AED -t \">=\" -o filter/codingGeneFeatures.filter.gff\n\n**3\\. Longest isoform per mRNA**\n\nNow we filter mRNAs to keep only the longest isoform when several are avaialble.  \n\n    agat_sp_keep_longest_isoform.pl --gff filter/codingGeneFeatures.filter.gff -o filter/codingGeneFeatures.filter.longest_cds.gff\n\n**4\\. Complete genes**\n\nWe then check that the gene models are complete (has a start and stop codon), and remove the incomplete ones.  \n\n    agat_sp_filter_incomplete_gene_coding_models.pl --gff filter/codingGeneFeatures.filter.longest_cds.gff -f genome.fa -o filter/codingGeneFeatures.filter.longest_cds.complete.gff\n\n**5\\. Distance from neighboring genes**\n\nWe can also filter the gene models by distance from neighboring genes in order to be sure to have nice intergenic region wihtout genes in it in order to train properly intergenic parameters. (default 500 bp)\n\n    agat_sp_filter_by_locus_distance.pl --gff filter/codingGeneFeatures.filter.longest_cds.complete.gff -o filter/codingGeneFeatures.filter.longest_cds.complete.good_distance.gff\n\n**6\\. Remove redundancy**\n\nTo avoid to bias the training and give an exhaustive view of the diversity of gene we have to remove the ones that are too similar to each other. In order to do so, we translate our coding genes into proteins, format the protein fasta file to be able to run a recursive blast and then filter them.  \n\n```\nagat_sp_extract_sequences.pl --gff filtercodingGeneFeatures.filter.longest_cds.complete.good_distance.gff -f genome.fa --aa -o protein/codingGeneFeatures.filter.longest_cds.complete.good_distance.proteins.fa\nmakeblastdb -in protein/codingGeneFeatures.filter.longest_cds.complete.good_distance.proteins.fa -dbtype prot\nblastp -query protein/codingGeneFeatures.filter.longest_cds.complete.good_distance.proteins.fa -db \nprotein/codingGeneFeatures.filter.longest_cds.complete.good_distance.proteins.fa -outfmt 6 -out blast_recursive/codingGeneFeatures.filter.longest_cds.complete.good_distance.proteins.fa.blast_recursive\nagat_sp_filter_by_mrnaBlastValue.pl --gff filter/codingGeneFeatures.filter.longest_cds.complete.good_distance.gff --blast blast_recursive/codingGeneFeatures.filter.longest_cds.complete.good_distance.proteins.fa.blast_recursive --outfile nonredundant/codingGeneFeatures.nr.gff\n```\n\nVoila, `nonredundant/codingGeneFeatures.nr.gff` contains your nice gene set.\n\nYou need several hundred genes to train properly an ab initio tool. The more you have, the better is... but you kind of reach a plateau around 700 genes.\n\n [1]: https://github.com/NBISweden/pipelines-nextflow/blob/master/subworkflows/abinitio_training/README.md\n [2]: https://github.com/NBISweden/AGAT",
    "creation_date": "2019-08-14T11:25:33.547724+00:00",
    "has_accepted": false,
    "id": 380572,
    "lastedit_date": "2023-03-09T19:38:53.622548+00:00",
    "lastedit_user_uid": "8494",
    "parent_id": 380572,
    "rank": 1666531928.949313,
    "reply_count": 31,
    "root_id": 380572,
    "status": "Open",
    "status_id": 1,
    "subs_count": 6,
    "tag_val": "geneset,genome,gene,abinitio",
    "thread_score": 14,
    "title": "gene set filter/selection for training ab initio annotation tools",
    "type": "Tutorial",
    "type_id": 8,
    "uid": "394385",
    "url": "https://www.biostars.org/p/394385/",
    "view_count": 7555,
    "vote_count": 9,
    "xhtml": "<p>Here I show how to filter an annotation (often evidence-based) to create a golden set of genes in order to train ab-initio annotation tools.</p>\n<p><strong>(What is described here can be automatically done using <a href=\"https://github.com/NBISweden/pipelines-nextflow/blob/master/subworkflows/abinitio_training/README.md\" rel=\"nofollow\">this NBIS Nextflow pipeline</a>)</strong></p>\n<p><strong>Prerequisite</strong>:</p>\n<ul>\n<li>an annotation in gff or gtf   </li>\n<li><a href=\"https://github.com/NBISweden/AGAT\" rel=\"nofollow\">AGAT</a> (Another Gff Analysis Toolkit)  </li>\n<li>blast  </li>\n<li>to make it easier a nice folder structure:<ul>\n<li>mkdir filter   </li>\n<li>mkdir protein   </li>\n<li>mkdir nonredundant  </li>\n<li>mkdir blast_recursive</li>\n</ul>\n</li>\n</ul>\n<p><strong>1. Select  protein coding genes</strong></p>\n<p>First we select only the protein coding genes from the annotation file and remove all other type of level2 features: tRNA, snoRNA, etc.</p>\n<pre><code>agat_sp_separate_by_record_type.pl --gff annotation_evidence_based.gff -o splitByLevel2  \nln -s splitByLevel2/mrna.gff\n</code></pre>\n<p>For older AGAT's version <code>agat_sp_separate_by_record_type.pl</code> was called <code>agat_sp_split_by_level2_feature.pl</code></p>\n<p><strong>2. Optional (Only if Maker annotation): filter by score</strong></p>\n<p>Next step, we need to filter the best genes. We will keep gene with AED score under a certain score (e.g 0.3).</p>\n<pre><code>agat_sp_filter_feature_by_attribute_value.pl --gff mrna.gff  --value 0.3 -a _AED -t \"&gt;=\" -o filter/codingGeneFeatures.filter.gff\n</code></pre>\n<p><strong>3. Longest isoform per mRNA</strong></p>\n<p>Now we filter mRNAs to keep only the longest isoform when several are avaialble.</p>\n<pre><code>agat_sp_keep_longest_isoform.pl --gff filter/codingGeneFeatures.filter.gff -o filter/codingGeneFeatures.filter.longest_cds.gff\n</code></pre>\n<p><strong>4. Complete genes</strong></p>\n<p>We then check that the gene models are complete (has a start and stop codon), and remove the incomplete ones.</p>\n<pre><code>agat_sp_filter_incomplete_gene_coding_models.pl --gff filter/codingGeneFeatures.filter.longest_cds.gff -f genome.fa -o filter/codingGeneFeatures.filter.longest_cds.complete.gff\n</code></pre>\n<p><strong>5. Distance from neighboring genes</strong></p>\n<p>We can also filter the gene models by distance from neighboring genes in order to be sure to have nice intergenic region wihtout genes in it in order to train properly intergenic parameters. (default 500 bp)</p>\n<pre><code>agat_sp_filter_by_locus_distance.pl --gff filter/codingGeneFeatures.filter.longest_cds.complete.gff -o filter/codingGeneFeatures.filter.longest_cds.complete.good_distance.gff\n</code></pre>\n<p><strong>6. Remove redundancy</strong></p>\n<p>To avoid to bias the training and give an exhaustive view of the diversity of gene we have to remove the ones that are too similar to each other. In order to do so, we translate our coding genes into proteins, format the protein fasta file to be able to run a recursive blast and then filter them.</p>\n<pre><code>agat_sp_extract_sequences.pl --gff filtercodingGeneFeatures.filter.longest_cds.complete.good_distance.gff -f genome.fa --aa -o protein/codingGeneFeatures.filter.longest_cds.complete.good_distance.proteins.fa\nmakeblastdb -in protein/codingGeneFeatures.filter.longest_cds.complete.good_distance.proteins.fa -dbtype prot\nblastp -query protein/codingGeneFeatures.filter.longest_cds.complete.good_distance.proteins.fa -db \nprotein/codingGeneFeatures.filter.longest_cds.complete.good_distance.proteins.fa -outfmt 6 -out blast_recursive/codingGeneFeatures.filter.longest_cds.complete.good_distance.proteins.fa.blast_recursive\nagat_sp_filter_by_mrnaBlastValue.pl --gff filter/codingGeneFeatures.filter.longest_cds.complete.good_distance.gff --blast blast_recursive/codingGeneFeatures.filter.longest_cds.complete.good_distance.proteins.fa.blast_recursive --outfile nonredundant/codingGeneFeatures.nr.gff\n</code></pre>\n<p>Voila, <code>nonredundant/codingGeneFeatures.nr.gff</code> contains your nice gene set.</p>\n<p>You need several hundred genes to train properly an ab initio tool. The more you have, the better is... but you kind of reach a plateau around 700 genes.</p>\n"
}