{
    "answer_count": 2,
    "author": "bz3",
    "author_uid": "56990",
    "book_count": 0,
    "comment_count": 2,
    "content": "I am using Ubuntu 18.04 LTS and fastQC v0.11.8.\r\nUsing the terminal fastqc is easly called, producing report, graphs and all needed files.\r\nIn jupyter notebook I tried calling in 2 different ways with two outcomes:\r\n\r\n    !/usr/local/bin/fastqc /home/bz/Desktop/1coding/pipeline/frag_2.fastq /home/bz/Desktop/1coding/pipeline/frag_1.fastq --extract\r\n\r\ni get error\r\n\r\n    /bin/sh: 1: /usr/local/bin/fastqc: not found\r\n\r\nHowever link to the file is present at this location.\r\n\r\nWhen I give direct path to the file.\r\n\r\n    !/home/bz/FastQC/fastqc /home/bz/Desktop/1coding/pipeline/frag_2.fastq /home/bz/Desktop/1coding/pipeline/frag_1.fastq --extract\r\n\r\nThe error:\r\n\r\n    Can't locate FindBin.pm in @INC (you may need to install the FindBin module)\r\n     (@INC contains: /etc/perl /usr/local/lib/x86_64-linux-gnu/perl/5.26.1\r\n     /usr/local/share/perl/5.26.1 \r\n    /usr/lib/x86_64-linux-gnu/perl5/5.26 /usr/share/perl5 /usr/lib/x86_64-linux-gnu/perl/5.26 \r\n    /usr/share/perl/5.26 /usr/local/lib/site_perl /usr/lib/x86_64-linux-gnu/perl-base) at /home/bz/FastQC/fastqc line 4.\r\n    BEGIN failed--compilation aborted at /home/bz/FastQC/fastqc line 4.\r\n\r\nI checked if the package is installed and it is:`perl -e FindBin.pm`\r\ndoesn't throw any errors\r\n\r\nAny tips what might be wrong and how can i make fastqc run as a part of python script, many thanks.\r\n\r\n",
    "creation_date": "2019-07-25T16:51:29.489057+00:00",
    "has_accepted": false,
    "id": 377928,
    "lastedit_date": "2019-07-25T16:56:38.829740+00:00",
    "lastedit_user_uid": "56990",
    "parent_id": 377928,
    "rank": 1564073798.82974,
    "reply_count": 2,
    "root_id": 377928,
    "status": "Open",
    "status_id": 1,
    "subs_count": 1,
    "tag_val": "FastQC,Assembly,software error,quality,reads",
    "thread_score": 0,
    "title": "Fastqc works in terminal fastqc not found during jupyter call",
    "type": "Question",
    "type_id": 0,
    "uid": "391534",
    "url": "https://www.biostars.org/p/391534/",
    "view_count": 2586,
    "vote_count": 0,
    "xhtml": "<p>I am using Ubuntu 18.04 LTS and fastQC v0.11.8.\nUsing the terminal fastqc is easly called, producing report, graphs and all needed files.\nIn jupyter notebook I tried calling in 2 different ways with two outcomes:</p>\n\n<pre class=\"pre\"><code class=\"language-bash\">!/usr/local/bin/fastqc /home/bz/Desktop/1coding/pipeline/frag_2.fastq /home/bz/Desktop/1coding/pipeline/frag_1.fastq --extract\n</code></pre>\n\n<p>i get error</p>\n\n<pre class=\"pre\"><code class=\"language-bash\">/bin/sh: 1: /usr/local/bin/fastqc: not found\n</code></pre>\n\n<p>However link to the file is present at this location.</p>\n\n<p>When I give direct path to the file.</p>\n\n<pre class=\"pre\"><code class=\"language-bash\">!/home/bz/FastQC/fastqc /home/bz/Desktop/1coding/pipeline/frag_2.fastq /home/bz/Desktop/1coding/pipeline/frag_1.fastq --extract\n</code></pre>\n\n<p>The error:</p>\n\n<pre class=\"pre\"><code class=\"language-bash\">Can't locate FindBin.pm in @INC (you may need to install the FindBin module)\n (@INC contains: /etc/perl /usr/local/lib/x86_64-linux-gnu/perl/5.26.1\n /usr/local/share/perl/5.26.1 \n/usr/lib/x86_64-linux-gnu/perl5/5.26 /usr/share/perl5 /usr/lib/x86_64-linux-gnu/perl/5.26 \n/usr/share/perl/5.26 /usr/local/lib/site_perl /usr/lib/x86_64-linux-gnu/perl-base) at /home/bz/FastQC/fastqc line 4.\nBEGIN failed--compilation aborted at /home/bz/FastQC/fastqc line 4.\n</code></pre>\n\n<p>I checked if the package is installed and it is:<code>perl -e FindBin.pm</code>\ndoesn't throw any errors</p>\n\n<p>Any tips what might be wrong and how can i make fastqc run as a part of python script, many thanks.</p>\n"
}