{
    "answer_count": 3,
    "author": "daniel.castanedamogo",
    "author_uid": "54894",
    "book_count": 0,
    "comment_count": 2,
    "content": "Hi! I'm relatively new to bioinformatics and I've been working on haplotyping malaria based on the sequencing of two gene markers (msp1 and msp2). However, I have not found a good software/pipeline that can help me to calculate the haplotype frequency per sample (I've got 20 samples in total). I already have .vcf files after I compared against a reference genome for malaria (Plasmodium falciparum 3D7), but I am stuck in regards of how to calculate haplotypes and its frequency. \r\n\r\nAny suggestions?\r\n\r\nThanks a lot!",
    "creation_date": "2019-05-06T22:11:42.976455+00:00",
    "has_accepted": false,
    "id": 365478,
    "lastedit_date": "2021-10-27T13:44:59.854425+00:00",
    "lastedit_user_uid": "99595",
    "parent_id": 365478,
    "rank": 1557196056.289353,
    "reply_count": 3,
    "root_id": 365478,
    "status": "Open",
    "status_id": 1,
    "subs_count": 3,
    "tag_val": "snp,sequencing",
    "thread_score": 3,
    "title": "Haplotype frequency calculation from .vcf files",
    "type": "Question",
    "type_id": 0,
    "uid": "378280",
    "url": "https://www.biostars.org/p/378280/",
    "view_count": 2159,
    "vote_count": 0,
    "xhtml": "<p>Hi! I'm relatively new to bioinformatics and I've been working on haplotyping malaria based on the sequencing of two gene markers (msp1 and msp2). However, I have not found a good software/pipeline that can help me to calculate the haplotype frequency per sample (I've got 20 samples in total). I already have .vcf files after I compared against a reference genome for malaria (Plasmodium falciparum 3D7), but I am stuck in regards of how to calculate haplotypes and its frequency. </p>\n\n<p>Any suggestions?</p>\n\n<p>Thanks a lot!</p>\n"
}