{
    "answer_count": 0,
    "author": "alexander.lachmann",
    "author_uid": "42053",
    "book_count": 2,
    "comment_count": 0,
    "content": "RNA-sequencing (RNA-seq) is currently the leading technology for genome-wide transcript quantification. While the volume of RNA-seq data is rapidly increasing, the currently publicly available RNA-seq data is provided mostly in raw form, with small portions processed non-uniformly. This is mainly because the computational demand, particularly for the alignment step, is a significant barrier for global and integrative retrospective analyses. To address this challenge, we developed all RNA-seq and ChIP-seq sample and signature search (ARCHS4), a web resource that makes the majority of previously published RNA-seq data from human and mouse freely available at the gene count level. Such uniformly processed data enables easy integration for downstream analyses. For developing the ARCHS4 resource, all available FASTQ files from RNA-seq experiments were retrieved from the Gene Expression Omnibus (GEO) and aligned using a cloud-based infrastructure. In total 137,792 samples are accessible through ARCHS4 with 72,363 mouse and 65,429 human samples. Through efficient use of cloud resources and dockerized deployment of the sequencing pipeline, the alignment cost per sample is reduced to less than one cent. ARCHS4 is updated automatically by adding newly published samples to the database as they become available. Additionally, the ARCHS4 web interface provides intuitive exploration of the processed data through querying tools, interactive visualization, and gene landing pages that provide average expression across cell lines and tissues, top co-expressed genes, and predicted biological functions and protein-protein interactions for each gene based on prior knowledge combined with co-expression. Benchmarking the quality of these predictions, co-expression correlation data created from ARCHS4 outperforms co-expression data created from other major gene expression data repositories such as GTEx and CCLE. ARCHS4 is freely accessible at: http://amp.pharm.mssm.edu/archs4.\n\n![ARCHS4 cloud based sequence alignment][1]\n\nThe data is visualized in a t-SNE plot and can be explored interactively. Selected samples can be highlighted in the plot.\n\n![t-SNE visualization of gene expression samples][2]\n\n  [1]: http://amp.pharm.mssm.edu/archs4/images/pipeline.png\n  [2]: http://amp.pharm.mssm.edu/archs4/images/viewer.png",
    "creation_date": "2017-09-25T17:35:08.531899+00:00",
    "has_accepted": false,
    "id": 264820,
    "lastedit_date": "2023-06-23T23:57:34.391475+00:00",
    "lastedit_user_uid": "8494",
    "parent_id": 264820,
    "rank": 1506360908.531899,
    "reply_count": 0,
    "root_id": 264820,
    "status": "Open",
    "status_id": 1,
    "subs_count": 0,
    "tag_val": "alignment,mammalian,sequencing,SRA,RNA-Seq",
    "thread_score": 3,
    "title": "ARCHS4: Massive Mining of Publicly Available RNA-seq Data from Human and Mouse",
    "type": "Tool",
    "type_id": 10,
    "uid": "274533",
    "url": "https://www.biostars.org/p/274533/",
    "view_count": 2699,
    "vote_count": 3,
    "xhtml": "<p>RNA-sequencing (RNA-seq) is currently the leading technology for genome-wide transcript quantification. While the volume of RNA-seq data is rapidly increasing, the currently publicly available RNA-seq data is provided mostly in raw form, with small portions processed non-uniformly. This is mainly because the computational demand, particularly for the alignment step, is a significant barrier for global and integrative retrospective analyses. To address this challenge, we developed all RNA-seq and ChIP-seq sample and signature search (ARCHS4), a web resource that makes the majority of previously published RNA-seq data from human and mouse freely available at the gene count level. Such uniformly processed data enables easy integration for downstream analyses. For developing the ARCHS4 resource, all available FASTQ files from RNA-seq experiments were retrieved from the Gene Expression Omnibus (GEO) and aligned using a cloud-based infrastructure. In total 137,792 samples are accessible through ARCHS4 with 72,363 mouse and 65,429 human samples. Through efficient use of cloud resources and dockerized deployment of the sequencing pipeline, the alignment cost per sample is reduced to less than one cent. ARCHS4 is updated automatically by adding newly published samples to the database as they become available. Additionally, the ARCHS4 web interface provides intuitive exploration of the processed data through querying tools, interactive visualization, and gene landing pages that provide average expression across cell lines and tissues, top co-expressed genes, and predicted biological functions and protein-protein interactions for each gene based on prior knowledge combined with co-expression. Benchmarking the quality of these predictions, co-expression correlation data created from ARCHS4 outperforms co-expression data created from other major gene expression data repositories such as GTEx and CCLE. ARCHS4 is freely accessible at: <a href=\"http://amp.pharm.mssm.edu/archs4\" rel=\"nofollow\">http://amp.pharm.mssm.edu/archs4</a>.</p>\n<p><img alt=\"ARCHS4 cloud based sequence alignment\" src=\"http://amp.pharm.mssm.edu/archs4/images/pipeline.png\"></p>\n<p>The data is visualized in a t-SNE plot and can be explored interactively. Selected samples can be highlighted in the plot.</p>\n<p><img alt=\"t-SNE visualization of gene expression samples\" src=\"http://amp.pharm.mssm.edu/archs4/images/viewer.png\"></p>\n"
}