{
    "answer_count": 4,
    "author": "win",
    "author_uid": "5381",
    "book_count": 0,
    "comment_count": 3,
    "content": "hello, i have worked a lot in human genomics and wanted to delve into microbial genomics a bit. basically i was looking for pointers for analysis of microbial sequencing data? is it the same as human?\r\n\r\nare there any sites/ resources that discuss microbial genomics including the bioinformatics pipelines etc.,required.\r\n\r\nany pointers in this direction would be most appreciated.",
    "creation_date": "2017-08-26T04:59:47.876215+00:00",
    "has_accepted": false,
    "id": 259874,
    "lastedit_date": "2017-08-26T05:13:44.913347+00:00",
    "lastedit_user_uid": "6093",
    "parent_id": 259874,
    "rank": 1503724424.913347,
    "reply_count": 4,
    "root_id": 259874,
    "status": "Open",
    "status_id": 1,
    "subs_count": 2,
    "tag_val": "ngs,microbial genomics",
    "thread_score": 1,
    "title": "Microbial genomics pipelines",
    "type": "Question",
    "type_id": 0,
    "uid": "269435",
    "url": "https://www.biostars.org/p/269435/",
    "view_count": 1719,
    "vote_count": 0,
    "xhtml": "<p>hello, i have worked a lot in human genomics and wanted to delve into microbial genomics a bit. basically i was looking for pointers for analysis of microbial sequencing data? is it the same as human?</p>\n\n<p>are there any sites/ resources that discuss microbial genomics including the bioinformatics pipelines etc.,required.</p>\n\n<p>any pointers in this direction would be most appreciated.</p>\n"
}