{
    "answer_count": 0,
    "author": "naveed.ishaque",
    "author_uid": "53757",
    "book_count": 0,
    "comment_count": 0,
    "content": "The eilslabs (http://www.eilslabs.de) has recently moved Berlin, where Prof. Roland Eils has established the Digital Health Centre on the Berlin Institute of Health in Berlin. \n\nWe are looking to rebuild our team of international and interdisciplinary computational researchers and technicians and are hiring a number of researchers at various levels of entry. Here we advertise research positions, but we are also looking for technical staff to help build hardware and software infrastructure.\n\n**Official application link**: https://www.charite.de/service/stellenangebot/angebot/detailinfo/cc04_bih_0619_1_5_bioinformaticianscomputational_life_scientists_mf/\n\n**Salary**: Based on \u00d6ffentlichen Dienst VKA E13. Final figure dependant on experience. Current range of E13 is &euro;47.9k-&euro;71.1k. 65% for PhD.\n\n**Deadline**: 17th April 2019\n\n**Duration**: Postdocs - 3 years, with possible extension. PhDs - 4 years. The position is a full time position (39 hours). Part time may also be possible.\n\n**Location**: Central Berlin, Germany\n\n**Who we are**\n\nThe Digital Health Centre, headed by Prof. Roland Eils, conducts innovative healthcare research with a strong focus on computational methods including application and development of big-data analytical methods, artificial intelligence and deep learning. We have recently moved our lab to Berlin and are looking rebuild our multi-disciplinary team of ambitious scientists to apply computational analytical methods to medical multi-omics, clinical and imaging data. We are leaders in international projects (Human Cell Atlas, International Cancer Genome Consortium) and European life science networks (de.NBI, ELIXIR, European Open Science Cloud). We have state-of-the-art computational resources including in-house HPC, cloud, GPGPU (2 x Nvidia DGX1) and FPGA technology. With access to vast amounts of data and computational resources, we aim to address important questions pertaining to precision medicine, interplay of multi-omics data and environmental/lifestyle factors, and methods development.\n\n**Example scientific projects**\n\n - Single cell sequencing to unravel heterogeneity of cancer\n - Multi-omics integration to decipher molecular mechanisms of type 2 diabetes\n - Developing a multi-omics integration platform for single cell data\n - Investigating the role of environmental pollutants on the epigenome\n - Identifying the 'omic drivers behind pancreatic neuroendocrine tumors\n - Developing methods for analysis and visualisation of spatial 'omics data\n - Adaptation of cancer genomic workflows to graph based genomes\n - Identifying regulatory programs and immune receptor repertoires after vaccination\n - Implementation of hardware accelerated bioinformatics algorithms on FPGAs\n - Generating machine learning algorithms for diagnosing tumor type from 'omics data (e.g. from DNA methylation or NanoPore sequencing)\n - Investigating interplay of genome and epigenome and their downstream effects on regulatory networks\n\n**Responsibilities**\n\nThe research group of Roland Eils provides a dynamic, challenging, and rewarding research environment. Your responsibilities are primarily to undertake excellent scientific research, while paying attention to career development and community engagement including the following:\n\n - Working in a highly collaborative research environment\n - Closely collaborate with  other research scientist within and outside the group to develop methods and/or analyse biomedical data\n - Closely collaborate with other bioinformatics developers on system implementation and deployment on internal systems and the cloud\n - Focused on application and development of novel computational methods, and awareness of community standards (e.g. GA4GH)\n\nScience communication \n\n - Publishing research papers in both peer-review and archival journals\n - Publishing novel methods arising from answering research questions\n\nTraining and professional development\n\n - Attend training courses as required, and presenting at international conferences/workshops\n - Generating own or adapting existing training material\n - Post-docs are expected to apply for third party funding as part of their own career development\n\n**Qualifications**\n\n - Ambitious, self-driven, a thirst for answering scientific questions and aim to build a scientific career in biomedical data science research\n - A post-doc or Phd candidate with an academic background (PhD/Masters) in computer science, biotechnology, cancer genomics, physics, medicine, or similar\n - Strong quantitative skills and a keen interest in pursuing computational projects\n - Excellent programming proficiency especially in one modern language such as Python, R, Julia, Rust, Javascript, bash or similar\n - Experience with dimensionality reduction and machine learning methods (e.g. PCA, ICA, Random Forest, NMF, xNN, VAE)\n - Fluent in English (written and spoken)\n\n**Qualifications \u2013 desirable**\n\n - Prior experience in working with single cell \u2018omics data, liquid biopsies, or cancer genomics data\n - Experience in data visualization, integration and interpretation of large heterogeneous datasets\n - Able to work with code repositories (git, SVN) and literate programming platforms (e.g. Jupyter, R notebook)\n - Experience with machine learning frameworks (e.g. PyTorch, TensorFlow, Keras, Caffe)\n - Experience with next generation sequencing data analysis \n - Experience or interest in single cell 'omics and imaging applications to biomedical research\n - Experience with linux based HPC or cloud environments\n - Experience in designing and implementing data analysis pipelines\n - Grasp of CWL, WDL or another workflow language, and workflow management platforms (e.g. Cromwell, Funnel, snakemake)\n\n**Contact email**: Please direct all enquires via the official email link. Informal enquiries should be sent to **naveed.ishaque@charite.de**",
    "creation_date": "2019-03-25T16:53:32.070651+00:00",
    "has_accepted": false,
    "id": 358953,
    "lastedit_date": "2023-05-30T15:42:20.318245+00:00",
    "lastedit_user_uid": "8494",
    "parent_id": 358953,
    "rank": 1553532812.070651,
    "reply_count": 0,
    "root_id": 358953,
    "status": "Open",
    "status_id": 1,
    "subs_count": 0,
    "tag_val": "big-data,data-science,genomics",
    "thread_score": 0,
    "title": "Bioinformatician/Computational Life Scientist (m/f/d), Digital Health Centre, Berlin Institute of Health/Charite, Germany",
    "type": "Job",
    "type_id": 2,
    "uid": "371330",
    "url": "https://www.biostars.org/p/371330/",
    "view_count": 2015,
    "vote_count": 0,
    "xhtml": "<p>The eilslabs (<a href=\"http://www.eilslabs.de\" rel=\"nofollow\">http://www.eilslabs.de</a>) has recently moved Berlin, where Prof. Roland Eils has established the Digital Health Centre on the Berlin Institute of Health in Berlin.</p>\n<p>We are looking to rebuild our team of international and interdisciplinary computational researchers and technicians and are hiring a number of researchers at various levels of entry. Here we advertise research positions, but we are also looking for technical staff to help build hardware and software infrastructure.</p>\n<p><strong>Official application link</strong>: <a href=\"https://www.charite.de/service/stellenangebot/angebot/detailinfo/cc04_bih_0619_1_5_bioinformaticianscomputational_life_scientists_mf/\" rel=\"nofollow\">https://www.charite.de/service/stellenangebot/angebot/detailinfo/cc04_bih_0619_1_5_bioinformaticianscomputational_life_scientists_mf/</a></p>\n<p><strong>Salary</strong>: Based on \u00d6ffentlichen Dienst VKA E13. Final figure dependant on experience. Current range of E13 is \u20ac47.9k-\u20ac71.1k. 65% for PhD.</p>\n<p><strong>Deadline</strong>: 17th April 2019</p>\n<p><strong>Duration</strong>: Postdocs - 3 years, with possible extension. PhDs - 4 years. The position is a full time position (39 hours). Part time may also be possible.</p>\n<p><strong>Location</strong>: Central Berlin, Germany</p>\n<p><strong>Who we are</strong></p>\n<p>The Digital Health Centre, headed by Prof. Roland Eils, conducts innovative healthcare research with a strong focus on computational methods including application and development of big-data analytical methods, artificial intelligence and deep learning. We have recently moved our lab to Berlin and are looking rebuild our multi-disciplinary team of ambitious scientists to apply computational analytical methods to medical multi-omics, clinical and imaging data. We are leaders in international projects (Human Cell Atlas, International Cancer Genome Consortium) and European life science networks (de.NBI, ELIXIR, European Open Science Cloud). We have state-of-the-art computational resources including in-house HPC, cloud, GPGPU (2 x Nvidia DGX1) and FPGA technology. With access to vast amounts of data and computational resources, we aim to address important questions pertaining to precision medicine, interplay of multi-omics data and environmental/lifestyle factors, and methods development.</p>\n<p><strong>Example scientific projects</strong></p>\n<ul>\n<li>Single cell sequencing to unravel heterogeneity of cancer</li>\n<li>Multi-omics integration to decipher molecular mechanisms of type 2 diabetes</li>\n<li>Developing a multi-omics integration platform for single cell data</li>\n<li>Investigating the role of environmental pollutants on the epigenome</li>\n<li>Identifying the 'omic drivers behind pancreatic neuroendocrine tumors</li>\n<li>Developing methods for analysis and visualisation of spatial 'omics data</li>\n<li>Adaptation of cancer genomic workflows to graph based genomes</li>\n<li>Identifying regulatory programs and immune receptor repertoires after vaccination</li>\n<li>Implementation of hardware accelerated bioinformatics algorithms on FPGAs</li>\n<li>Generating machine learning algorithms for diagnosing tumor type from 'omics data (e.g. from DNA methylation or NanoPore sequencing)</li>\n<li>Investigating interplay of genome and epigenome and their downstream effects on regulatory networks</li>\n</ul>\n<p><strong>Responsibilities</strong></p>\n<p>The research group of Roland Eils provides a dynamic, challenging, and rewarding research environment. Your responsibilities are primarily to undertake excellent scientific research, while paying attention to career development and community engagement including the following:</p>\n<ul>\n<li>Working in a highly collaborative research environment</li>\n<li>Closely collaborate with  other research scientist within and outside the group to develop methods and/or analyse biomedical data</li>\n<li>Closely collaborate with other bioinformatics developers on system implementation and deployment on internal systems and the cloud</li>\n<li>Focused on application and development of novel computational methods, and awareness of community standards (e.g. GA4GH)</li>\n</ul>\n<p>Science communication</p>\n<ul>\n<li>Publishing research papers in both peer-review and archival journals</li>\n<li>Publishing novel methods arising from answering research questions</li>\n</ul>\n<p>Training and professional development</p>\n<ul>\n<li>Attend training courses as required, and presenting at international conferences/workshops</li>\n<li>Generating own or adapting existing training material</li>\n<li>Post-docs are expected to apply for third party funding as part of their own career development</li>\n</ul>\n<p><strong>Qualifications</strong></p>\n<ul>\n<li>Ambitious, self-driven, a thirst for answering scientific questions and aim to build a scientific career in biomedical data science research</li>\n<li>A post-doc or Phd candidate with an academic background (PhD/Masters) in computer science, biotechnology, cancer genomics, physics, medicine, or similar</li>\n<li>Strong quantitative skills and a keen interest in pursuing computational projects</li>\n<li>Excellent programming proficiency especially in one modern language such as Python, R, Julia, Rust, Javascript, bash or similar</li>\n<li>Experience with dimensionality reduction and machine learning methods (e.g. PCA, ICA, Random Forest, NMF, xNN, VAE)</li>\n<li>Fluent in English (written and spoken)</li>\n</ul>\n<p><strong>Qualifications \u2013 desirable</strong></p>\n<ul>\n<li>Prior experience in working with single cell \u2018omics data, liquid biopsies, or cancer genomics data</li>\n<li>Experience in data visualization, integration and interpretation of large heterogeneous datasets</li>\n<li>Able to work with code repositories (git, SVN) and literate programming platforms (e.g. Jupyter, R notebook)</li>\n<li>Experience with machine learning frameworks (e.g. PyTorch, TensorFlow, Keras, Caffe)</li>\n<li>Experience with next generation sequencing data analysis </li>\n<li>Experience or interest in single cell 'omics and imaging applications to biomedical research</li>\n<li>Experience with linux based HPC or cloud environments</li>\n<li>Experience in designing and implementing data analysis pipelines</li>\n<li>Grasp of CWL, WDL or another workflow language, and workflow management platforms (e.g. Cromwell, Funnel, snakemake)</li>\n</ul>\n<p><strong>Contact email</strong>: Please direct all enquires via the official email link. Informal enquiries should be sent to <strong>naveed.ishaque@charite.de</strong></p>\n"
}