{
    "answer_count": 4,
    "author": "sagrikachugh",
    "author_uid": "49233",
    "book_count": 0,
    "comment_count": 3,
    "content": "I am in a fix and want people out here to help me. \r\n\r\nI have a control and treatment both in replicates so total 12 samples (including replicates). I have run the tophat pipeline (PS: I know i shouldn't have gone for it and should have chosen HISAT or any better pipeline). So after cuffdiff i got a file geneexp.diff that includes log2 fold change values. I set up the threshold cut off of +2 for upregulated and -2 for downregulated and p value less than 0.05\r\n\r\nNow, how will i get a matrix to create heatmap ?? i have appx 2000 upregulated genes \r\nDo we need to take log2 fold change to create heatmap or fpkm values. my fpkm values range between 0.3 to 5000 is that wrong ?\r\n\r\nmy excel sheet is as follows\r\ntest_id    gene_id     gene   locus  sample1  sample 2   value1   value 2    log2foldchange  p value   q value  significance\r\n\r\npost if you have any further queries.\r\n",
    "creation_date": "2018-09-24T07:21:24.919113+00:00",
    "has_accepted": false,
    "id": 328400,
    "lastedit_date": "2018-09-24T08:26:12.541441+00:00",
    "lastedit_user_uid": "49233",
    "parent_id": 328400,
    "rank": 1537777572.541441,
    "reply_count": 4,
    "root_id": 328400,
    "status": "Open",
    "status_id": 1,
    "subs_count": 1,
    "tag_val": "RNA-Seq,R,sequence,next-gen",
    "thread_score": 0,
    "title": "Heatmap for differential gene expression after cuffdiff",
    "type": "Question",
    "type_id": 0,
    "uid": "339515",
    "url": "https://www.biostars.org/p/339515/",
    "view_count": 1653,
    "vote_count": 0,
    "xhtml": "<p>I am in a fix and want people out here to help me. </p>\n\n<p>I have a control and treatment both in replicates so total 12 samples (including replicates). I have run the tophat pipeline (PS: I know i shouldn't have gone for it and should have chosen HISAT or any better pipeline). So after cuffdiff i got a file geneexp.diff that includes log2 fold change values. I set up the threshold cut off of +2 for upregulated and -2 for downregulated and p value less than 0.05</p>\n\n<p>Now, how will i get a matrix to create heatmap ?? i have appx 2000 upregulated genes \nDo we need to take log2 fold change to create heatmap or fpkm values. my fpkm values range between 0.3 to 5000 is that wrong ?</p>\n\n<p>my excel sheet is as follows\ntest_id    gene_id     gene   locus  sample1  sample 2   value1   value 2    log2foldchange  p value   q value  significance</p>\n\n<p>post if you have any further queries.</p>\n"
}