{
    "answer_count": 0,
    "author": "Chilly",
    "author_uid": "107881",
    "book_count": 2,
    "comment_count": 0,
    "content": "I am doing a **single cell ATAC-seq** analysis. My data was generated using the 10x kit. Shown in the attachment is a part of the report generated by the '**cellranger-atac count**' pipeline of the 10x.\r\n\r\n![enter image description here][1]\r\nBelow is my command to run the pipeline\r\n\r\n> cellranger-atac count --id=ATAC_2 --fastqs=~/ATAC_2/ --sample=ATAC_2 --reference=~/hrs1p0_primary --chemistry=ARC-v1\r\n\r\nIn above picture, yellow dots represent the 'cell' selected by the pipeline, and blue represents unselected. However, I think the part circled by the red line in the image below is the data I'm interested in:\r\n![enter image description here][2]\r\n\r\nSo I did the 'force cell' number:\r\n\r\n> cellranger-atac count --id=ATAC_2_1500 --fastqs=~/ATAC_2/ --sample=ATAC_2 --reference=~/hrs1p0_primary --chemistry=ARC-v1 --force-cells=1500\r\n\r\nThe selection of cells was forced to increase, but not as much as I needed:\r\n![enter image description here][3]\r\n\r\nHow could I select low 'fraction fragments overlapping peaks' but 'high fragments per barcode' in scATAC-seq analysis? In the pipeline manual[enter link description here][4], there are no more options to set. Is there any other way or tool? \r\n\r\nThank you for your attention\uff01\r\n\r\n\r\n  [1]: /media/images/278abda2-1907-4ac7-bd1e-ba1bbead\r\n  [2]: /media/images/033b0b57-0b12-4b9d-8e37-30325859\r\n  [3]: /media/images/78933d6b-331d-44dc-84b7-eac55b55\r\n  [4]: https://support.10xgenomics.com/single-cell-atac/software/pipelines/latest/using/count",
    "creation_date": "2022-05-25T02:46:12.434455+00:00",
    "has_accepted": false,
    "id": 524498,
    "lastedit_date": "2022-05-25T02:46:12.434470+00:00",
    "lastedit_user_uid": "107881",
    "parent_id": 524498,
    "rank": 1653446772.43447,
    "reply_count": 0,
    "root_id": 524498,
    "status": "Open",
    "status_id": 1,
    "subs_count": 1,
    "tag_val": "cellranger,ATAC-seq,peak,ATAC,10x",
    "thread_score": 4,
    "title": "how could I select low 'fraction fragments overlapping peaks' but 'high fragments per barcode' in scATAC-seq analysis?",
    "type": "Question",
    "type_id": 0,
    "uid": "9524498",
    "url": "https://www.biostars.org/p/9524498/",
    "view_count": 907,
    "vote_count": 4,
    "xhtml": "<p>I am doing a <strong>single cell ATAC-seq</strong> analysis. My data was generated using the 10x kit. Shown in the attachment is a part of the report generated by the '<strong>cellranger-atac count</strong>' pipeline of the 10x.</p>\n<p><img alt=\"enter image description here\" src=\"/media/images/278abda2-1907-4ac7-bd1e-ba1bbead\">\nBelow is my command to run the pipeline</p>\n<blockquote><p>cellranger-atac count --id=ATAC_2 --fastqs=~/ATAC_2/ --sample=ATAC_2 --reference=~/hrs1p0_primary --chemistry=ARC-v1</p>\n</blockquote>\n<p>In above picture, yellow dots represent the 'cell' selected by the pipeline, and blue represents unselected. However, I think the part circled by the red line in the image below is the data I'm interested in:\n<img alt=\"enter image description here\" src=\"/media/images/033b0b57-0b12-4b9d-8e37-30325859\"></p>\n<p>So I did the 'force cell' number:</p>\n<blockquote><p>cellranger-atac count --id=ATAC_2_1500 --fastqs=~/ATAC_2/ --sample=ATAC_2 --reference=~/hrs1p0_primary --chemistry=ARC-v1 --force-cells=1500</p>\n</blockquote>\n<p>The selection of cells was forced to increase, but not as much as I needed:\n<img alt=\"enter image description here\" src=\"/media/images/78933d6b-331d-44dc-84b7-eac55b55\"></p>\n<p>How could I select low 'fraction fragments overlapping peaks' but 'high fragments per barcode' in scATAC-seq analysis? In the pipeline manual<a href=\"https://support.10xgenomics.com/single-cell-atac/software/pipelines/latest/using/count\" rel=\"nofollow\">enter link description here</a>, there are no more options to set. Is there any other way or tool?</p>\n<p>Thank you for your attention\uff01</p>\n"
}