{
    "answer_count": 0,
    "author": "bis3",
    "author_uid": "33686",
    "book_count": 0,
    "comment_count": 0,
    "content": "Project Description:\n\nA fellowship opportunity is currently available with the Laboratory Branch of the Division of HIV/AIDS Prevention (DHAP) within the National Center for HIV/AIDS, Viral Hepatitis, STD, and TB Prevention (NCHHSTP) at the Centers for Disease Control and Prevention (CDC).\n\nThis fellowship offers the opportunity to join a high-priority, high-impact issue in domestic HIV, hepatitis, tuberculosis (TB) and sexually transmitted disease (STD) surveillance. This is an exciting opportunity for a skilled and experienced bioinformatician or computer scientist to lead and manage an innovative CDC project to develop a bioinformatics pipeline for the analysis and visualization of microbial transmission networks. The opportunity includes working with internationally renown laboratory and epidemiology scientists at the CDC with expertise with a variety of pathogens in our center, including TB, HIV, hepatitis and STDs. Very large microbial datasets exist to both develop and be analyzed by using this new platform, the outcomes of which will have significant public health impact.\n\nThe fellow will help develop a comprehensive software system that integrates multiple bioinformatics tools for the analysis and visualization of transmission networks, including development of methods to improve integration, analysis, and interpretation of phylogenetic, network, and epidemiologic, clinical and antimicrobial treatment data. When possible, this approach will utilize existing individual software programs and bioinformatics tools that are free and open source. The developed methods will use the rich metadata available from various studies and allow for searching and filtering sequences and metadata by specific characteristics, risk groups, and antimicrobial treatments. These new tools will help identify meaningful cluster characteristics and trends in subgroups at local and national levels. This work will provide CDC with a better understanding of pathogen transmission in communities and will better utilize resources to target specific prevention efforts. The new tools will also facilitate providing data and results back to state and local health departments for use in additional investigations and to guide local prevention efforts.\n\nSpecific opportunities during the fellowship may include:\n\n - Develop novel bioinformatics pipeline for characterizing and visualizing microbial transmission networks\n - Participating in multidisciplinary research projects involving molecular epidemiology, microbiome analysis and bioinformatics\n - Assisting in the training of scientists in the selection and use of bioinformatics tools\n - Collaborating with external and internal stakeholders\n - Lead and manage a high profile public health project\n - Analysis of large complex microbial datasets using the new pipeline\n - Preparing manuscripts describing new pipeline and/or analysis of dataset\n - Communicating research results through conference presentations, scientific publications or project reports\n\nThe Research Participation Program for CDC is administered by the Oak Ridge Institute for Science and Education (ORISE). The initial appointment is for one year, but may be renewed upon recommendation of CDC contingent on the availability of funds. The participant will receive a monthly stipend depending on educational level and experience. The participant must show proof of health insurance. The appointment is full-time at CDC in the Atlanta, Georgia, area. Participants do not become employees of CDC or the program administrator, and there are no fringe benefits paid.\n\nSkills and Qualifications:\n\n - MS or PhD degree in an area of computational or life sciences with at least two years programming experience, including bioinformatics. \n - Familiarity with molecular and public health epidemiology and analysis of genetic sequence data, including phylogenetic and network analyses.  \n - Experience with data manipulation and development of software utilizing various programming languages, including Java, Linux, Perl/Python, C++, and be willing to learn additional programming languages as necessary. \n - Experience with relational databases (MySQL, Oracle or PostgreSQL). Experience manipulating, analyzing, and annotating very large biological sequence data sets, both in exploratory and pipelined fashions. \n - Highly capable of working collaboratively with an interdisciplinary team, including laboratory scientists, epidemiologists, bioinformaticians, statisticians, and data analysts, and have strong written and verbal communication skills.  \n - Must be self-motivated, work independently in a team environment, and be able to multi-task. \n - The fellow is expected to comply with DHAP, CDC, and DHHS policies and procedures for the handling of human subject\u2019s data.\n\nHow to Apply:\n\nTo be considered, please send a current CV/resume and a one-page cover letter addressing your relevant experience and your interest in this position to the attention of:\n\nWilliam M. Switzer, M.P.H.  \nDiagnostics & Incidence Team Lead  \nLaboratory Branch  \nDivision of HIV/AIDS Prevention  \nCenters for Disease Control and Prevention  \n1600 Clifton Road, Mailstop G-45  \nAtlanta, GA 30329  \nEmail:bis3@cdc.gov",
    "creation_date": "2016-11-04T21:33:49.389439+00:00",
    "has_accepted": false,
    "id": 212046,
    "lastedit_date": "2023-04-10T21:20:11.330995+00:00",
    "lastedit_user_uid": "8494",
    "parent_id": 212046,
    "rank": 1478311136.377777,
    "reply_count": 0,
    "root_id": 212046,
    "status": "Open",
    "status_id": 1,
    "subs_count": 0,
    "tag_val": "data-visualization,transmission-networks",
    "thread_score": 0,
    "title": "Bioinformatician Fellowship at CDC-Atlanta in Microbial Transmission Networks, Atlanta, GA, USA",
    "type": "Job",
    "type_id": 2,
    "uid": "220641",
    "url": "https://www.biostars.org/p/220641/",
    "view_count": 1766,
    "vote_count": 0,
    "xhtml": "<p>Project Description:</p>\n<p>A fellowship opportunity is currently available with the Laboratory Branch of the Division of HIV/AIDS Prevention (DHAP) within the National Center for HIV/AIDS, Viral Hepatitis, STD, and TB Prevention (NCHHSTP) at the Centers for Disease Control and Prevention (CDC).</p>\n<p>This fellowship offers the opportunity to join a high-priority, high-impact issue in domestic HIV, hepatitis, tuberculosis (TB) and sexually transmitted disease (STD) surveillance. This is an exciting opportunity for a skilled and experienced bioinformatician or computer scientist to lead and manage an innovative CDC project to develop a bioinformatics pipeline for the analysis and visualization of microbial transmission networks. The opportunity includes working with internationally renown laboratory and epidemiology scientists at the CDC with expertise with a variety of pathogens in our center, including TB, HIV, hepatitis and STDs. Very large microbial datasets exist to both develop and be analyzed by using this new platform, the outcomes of which will have significant public health impact.</p>\n<p>The fellow will help develop a comprehensive software system that integrates multiple bioinformatics tools for the analysis and visualization of transmission networks, including development of methods to improve integration, analysis, and interpretation of phylogenetic, network, and epidemiologic, clinical and antimicrobial treatment data. When possible, this approach will utilize existing individual software programs and bioinformatics tools that are free and open source. The developed methods will use the rich metadata available from various studies and allow for searching and filtering sequences and metadata by specific characteristics, risk groups, and antimicrobial treatments. These new tools will help identify meaningful cluster characteristics and trends in subgroups at local and national levels. This work will provide CDC with a better understanding of pathogen transmission in communities and will better utilize resources to target specific prevention efforts. The new tools will also facilitate providing data and results back to state and local health departments for use in additional investigations and to guide local prevention efforts.</p>\n<p>Specific opportunities during the fellowship may include:</p>\n<ul>\n<li>Develop novel bioinformatics pipeline for characterizing and visualizing microbial transmission networks</li>\n<li>Participating in multidisciplinary research projects involving molecular epidemiology, microbiome analysis and bioinformatics</li>\n<li>Assisting in the training of scientists in the selection and use of bioinformatics tools</li>\n<li>Collaborating with external and internal stakeholders</li>\n<li>Lead and manage a high profile public health project</li>\n<li>Analysis of large complex microbial datasets using the new pipeline</li>\n<li>Preparing manuscripts describing new pipeline and/or analysis of dataset</li>\n<li>Communicating research results through conference presentations, scientific publications or project reports</li>\n</ul>\n<p>The Research Participation Program for CDC is administered by the Oak Ridge Institute for Science and Education (ORISE). The initial appointment is for one year, but may be renewed upon recommendation of CDC contingent on the availability of funds. The participant will receive a monthly stipend depending on educational level and experience. The participant must show proof of health insurance. The appointment is full-time at CDC in the Atlanta, Georgia, area. Participants do not become employees of CDC or the program administrator, and there are no fringe benefits paid.</p>\n<p>Skills and Qualifications:</p>\n<ul>\n<li>MS or PhD degree in an area of computational or life sciences with at least two years programming experience, including bioinformatics. </li>\n<li>Familiarity with molecular and public health epidemiology and analysis of genetic sequence data, including phylogenetic and network analyses.  </li>\n<li>Experience with data manipulation and development of software utilizing various programming languages, including Java, Linux, Perl/Python, C++, and be willing to learn additional programming languages as necessary. </li>\n<li>Experience with relational databases (MySQL, Oracle or PostgreSQL). Experience manipulating, analyzing, and annotating very large biological sequence data sets, both in exploratory and pipelined fashions. </li>\n<li>Highly capable of working collaboratively with an interdisciplinary team, including laboratory scientists, epidemiologists, bioinformaticians, statisticians, and data analysts, and have strong written and verbal communication skills.  </li>\n<li>Must be self-motivated, work independently in a team environment, and be able to multi-task. </li>\n<li>The fellow is expected to comply with DHAP, CDC, and DHHS policies and procedures for the handling of human subject\u2019s data.</li>\n</ul>\n<p>How to Apply:</p>\n<p>To be considered, please send a current CV/resume and a one-page cover letter addressing your relevant experience and your interest in this position to the attention of:</p>\n<p>William M. Switzer, M.P.H.<br>\nDiagnostics &amp; Incidence Team Lead<br>\nLaboratory Branch<br>\nDivision of HIV/AIDS Prevention<br>\nCenters for Disease Control and Prevention<br>\n1600 Clifton Road, Mailstop G-45<br>\nAtlanta, GA 30329<br>\nEmail:bis3@cdc.gov</p>\n"
}