{
    "answer_count": 4,
    "author": "stefanos.bamopoulos",
    "author_uid": "38608",
    "book_count": 1,
    "comment_count": 3,
    "content": "Hello guys,\r\n\r\nI am interested in the differential expression of splice junctions. \r\nFor this purpose I have a count matrix containing counts (per sample) from reads spanning each splice junction.\r\nI want to perform a DE analysis on the splice junction level and I have not found any suitable tools for this task.\r\n\r\nI am aware of one method:\r\n\r\nhttp://journals.plos.org/plosone/article?id=10.1371/journal.pone.0136653\r\n\r\nbut I am reluctant to use it, because DEXSeq is too computationally expensive for the number of samples I have.\r\n\r\nI have already used a voom-limma pipeline for DE analysis of genes & transcripts, as well as a voom-diffSplice pipeline for DE analysis of exons. \r\n\r\n - Now I am curious if a voom pipeline would be suitable for DE of splice junctions (I remember having read somewhere, that limma is suitable for any genomic feature, but since a splice junction consists of 2 borders and does not have *actual* length, I am wondering if it would be a valid analysis.)\r\n - If it is, then I'm unsure if **voom-limma** or **voom-diffSplice** is more appropriate for this purpose\r\n\r\nI would appreciate any help or caveats regarding such an analysis with limma, or any tip regarding the use of other tools to perform such an analysis.  \r\n\r\nThanks in advance!\r\n\r\nStefan\r\n\r\n",
    "creation_date": "2017-05-10T21:58:01.087708+00:00",
    "has_accepted": false,
    "id": 242898,
    "lastedit_date": "2018-04-05T12:26:24.004979+00:00",
    "lastedit_user_uid": "1",
    "parent_id": 242898,
    "rank": 1522931184.004979,
    "reply_count": 4,
    "root_id": 242898,
    "status": "Open",
    "status_id": 1,
    "subs_count": 1,
    "tag_val": "RNA-Seq,DE,limma,splice junctions",
    "thread_score": 2,
    "title": "Differential Expression of Splice Junctions using voom-limma/voom-diffSplice",
    "type": "Question",
    "type_id": 0,
    "uid": "252092",
    "url": "https://www.biostars.org/p/252092/",
    "view_count": 3482,
    "vote_count": 2,
    "xhtml": "<p>Hello guys,</p>\n\n<p>I am interested in the differential expression of splice junctions. \nFor this purpose I have a count matrix containing counts (per sample) from reads spanning each splice junction.\nI want to perform a DE analysis on the splice junction level and I have not found any suitable tools for this task.</p>\n\n<p>I am aware of one method:</p>\n\n<p><a rel=\"nofollow\" href=\"http://journals.plos.org/plosone/article?id=10.1371/journal.pone.0136653\">http://journals.plos.org/plosone/article?id=10.1371/journal.pone.0136653</a></p>\n\n<p>but I am reluctant to use it, because DEXSeq is too computationally expensive for the number of samples I have.</p>\n\n<p>I have already used a voom-limma pipeline for DE analysis of genes &amp; transcripts, as well as a voom-diffSplice pipeline for DE analysis of exons. </p>\n\n<ul>\n<li>Now I am curious if a voom pipeline would be suitable for DE of splice junctions (I remember having read somewhere, that limma is suitable for any genomic feature, but since a splice junction consists of 2 borders and does not have <em>actual</em> length, I am wondering if it would be a valid analysis.)</li>\n<li>If it is, then I'm unsure if <strong>voom-limma</strong> or <strong>voom-diffSplice</strong> is more appropriate for this purpose</li>\n</ul>\n\n<p>I would appreciate any help or caveats regarding such an analysis with limma, or any tip regarding the use of other tools to perform such an analysis.  </p>\n\n<p>Thanks in advance!</p>\n\n<p>Stefan</p>\n"
}