{
    "answer_count": 0,
    "author": "ManuelDB",
    "author_uid": "96456",
    "book_count": 0,
    "comment_count": 0,
    "content": "Hi all, \n\nWe have implemented the last software available of Illumina in our Myseq sequencer and I am comparing the data generated between the previous version and the new version changing some parameters. I have one VCF (actually this is 16 samples combined)  from the previous version and 4 VCF files after running the most recent software turning off and on two parameters. Obviously, all data come from the same sequencer output.\n\nAs a learning activity ( I am a trainee) I have been asked to get the sensitivity and specificity of the new version assuming that the variants that passed all filters and got quality equal to 100 are the positives in these tests. \n\nHaving this I think the most appropriate statistical test is McNemar's test.\n\nDoes this analysis make sense and are the FILTER and QUAL attributes correct to analyse sensitivity and specificity?",
    "creation_date": "2021-10-22T10:20:06.326257+00:00",
    "has_accepted": false,
    "id": 494563,
    "lastedit_date": "2021-10-22T10:32:56.208184+00:00",
    "lastedit_user_uid": "96456",
    "parent_id": 494563,
    "rank": 1634898006.326267,
    "reply_count": 0,
    "root_id": 494563,
    "status": "Open",
    "status_id": 1,
    "subs_count": 1,
    "tag_val": "NGS",
    "thread_score": 0,
    "title": "Calculating sensitivity and specificity between different NGS pipelines",
    "type": "Question",
    "type_id": 0,
    "uid": "9494563",
    "url": "https://www.biostars.org/p/9494563/",
    "view_count": 430,
    "vote_count": 0,
    "xhtml": "<p>Hi all,</p>\n<p>We have implemented the last software available of Illumina in our Myseq sequencer and I am comparing the data generated between the previous version and the new version changing some parameters. I have one VCF (actually this is 16 samples combined)  from the previous version and 4 VCF files after running the most recent software turning off and on two parameters. Obviously, all data come from the same sequencer output.</p>\n<p>As a learning activity ( I am a trainee) I have been asked to get the sensitivity and specificity of the new version assuming that the variants that passed all filters and got quality equal to 100 are the positives in these tests.</p>\n<p>Having this I think the most appropriate statistical test is McNemar's test.</p>\n<p>Does this analysis make sense and are the FILTER and QUAL attributes correct to analyse sensitivity and specificity?</p>\n"
}