{
    "answer_count": 4,
    "author": "yueli7",
    "author_uid": "19441",
    "book_count": 0,
    "comment_count": 2,
    "content": "Hello,\r\n\r\nI think the pipeline of the RNA-seq is trim adaptor, QC, then mapping the reads.\r\n\r\nDo I have to mark duplicates before mapping the reads?\r\n\r\nThanks in advance.\r\n\r\n",
    "creation_date": "2018-04-28T12:56:56.759311+00:00",
    "has_accepted": true,
    "id": 301510,
    "lastedit_date": "2018-04-28T22:52:05.999474+00:00",
    "lastedit_user_uid": "36974",
    "parent_id": 301510,
    "rank": 1524955925.999474,
    "reply_count": 4,
    "root_id": 301510,
    "status": "Open",
    "status_id": 1,
    "subs_count": 2,
    "tag_val": "RNA-Seq",
    "thread_score": 5,
    "title": "Do I have to mark duplicates before mapping the reads",
    "type": "Question",
    "type_id": 0,
    "uid": "312022",
    "url": "https://www.biostars.org/p/312022/",
    "view_count": 3474,
    "vote_count": 0,
    "xhtml": "<p>Hello,</p>\n\n<p>I think the pipeline of the RNA-seq is trim adaptor, QC, then mapping the reads.</p>\n\n<p>Do I have to mark duplicates before mapping the reads?</p>\n\n<p>Thanks in advance.</p>\n"
}