{
    "answer_count": 0,
    "author": "MK2000",
    "author_uid": "50874",
    "book_count": 1,
    "comment_count": 0,
    "content": "I am attempting to run through a whole genome shotgun metagenomics pipeline on some raw metagenomic reads from a hypersaline soil microbial community study on NCBI, and I am stuck on the initial quality control step (I have very little experience in this field). I utilized FastQC and Prinseq to get a quick picture of the quality of my data. My per-base sequence quality falls off pretty quickly into the poor region (at about position 300 in the read, with read range being 52-1780). It appears I don't have any adapter contamination or duplicated sequences. My GC content panel was another one that did fail, but there is evidence in the literature that different salt-tolerant microorganisms can have widely varying GC content, so I am hesitant to correct for that. \r\n\r\nI am looking for advice on how to quality correct my data, or if anyone could point me to some good resources for reading more on filtering/trimming data based on quality assessment results. I am not sure how much I should be trimming my reads, and if I did how I should decide what read length should be my trimming cutoff, because I don't want biased coverage. I will be using Prinseq for this quality processing. \r\n\r\nThanks much!",
    "creation_date": "2018-12-19T21:01:57.655729+00:00",
    "has_accepted": false,
    "id": 343723,
    "lastedit_date": "2019-01-04T00:27:36.775471+00:00",
    "lastedit_user_uid": "1",
    "parent_id": 343723,
    "rank": 1546561656.775471,
    "reply_count": 0,
    "root_id": 343723,
    "status": "Open",
    "status_id": 1,
    "subs_count": 0,
    "tag_val": "metagenomics,microbial,prinseq,fastqc",
    "thread_score": 2,
    "title": "Filtering and Trimming Metagenomic Data ",
    "type": "Question",
    "type_id": 0,
    "uid": "355225",
    "url": "https://www.biostars.org/p/355225/",
    "view_count": 1417,
    "vote_count": 2,
    "xhtml": "<p>I am attempting to run through a whole genome shotgun metagenomics pipeline on some raw metagenomic reads from a hypersaline soil microbial community study on NCBI, and I am stuck on the initial quality control step (I have very little experience in this field). I utilized FastQC and Prinseq to get a quick picture of the quality of my data. My per-base sequence quality falls off pretty quickly into the poor region (at about position 300 in the read, with read range being 52-1780). It appears I don't have any adapter contamination or duplicated sequences. My GC content panel was another one that did fail, but there is evidence in the literature that different salt-tolerant microorganisms can have widely varying GC content, so I am hesitant to correct for that. </p>\n\n<p>I am looking for advice on how to quality correct my data, or if anyone could point me to some good resources for reading more on filtering/trimming data based on quality assessment results. I am not sure how much I should be trimming my reads, and if I did how I should decide what read length should be my trimming cutoff, because I don't want biased coverage. I will be using Prinseq for this quality processing. </p>\n\n<p>Thanks much!</p>\n"
}