{
    "answer_count": 4,
    "author": "dylannicoembros",
    "author_uid": "135188",
    "book_count": 0,
    "comment_count": 3,
    "content": "Good afternoon,\n\nI am trying to do a DTU analysis for my research, but I am kinda new to this stuff and I have some problems. In particular on point 5). I am following the workflow of [Bioconductor vignette rnaseqDTU][1]\n\n\nand my pipeline is this: \n1) read salmon quants\n\n       ## List all directories containing data  \n       samples <- list.files(path = \"../data/quants\", full.names = T)\n       ## Obtain a vector of all filenames including the path\n       files <- file.path(samples, \"quant.sf\")\n       ## Since all quant files have the same name it is useful to have names for each element\n       names(files) <- str_replace(samples, \"../data/quants/\", \"\") %>% \n         str_replace(\".salmon\", \"\")\n\n2) Then, create sampleTable from an excel file containing clinical info. It is structured like the following:\n\n       1  sex   age    condition\n       2   M     20           A\n       3   M     30           B\n \n 3) Tximeta imoprt counts with metadata\n\n        # Import counts\n        txi <- tximport(files, type=\"salmon\", txOut=TRUE,\n                countsFromAbundance=\"scaledTPM\")\n\n        rownames(txi$counts) <- gsub(\"\\\\..*\", \"\", rownames(txi$counts))\n        cts <- txi$counts\n        cts <- cts[rowSums(cts) > 0,]\n        head(cts)\n\n4) Trascript to geneID\n\n        gtf <- \"../data/Homo_sapiens.GRCh38.110 (1).gtf\"\n        txdb.filename <- \"../data/Homo_sapiens.GRCh38.110.sqlite\"\n        txdb <- makeTxDbFromGFF(gtf)\n        saveDb(txdb, txdb.filename)\n\n        # Load and add geneid\n        txdb <- loadDb(txdb.filename)\n        txdf <- select(txdb, keys(txdb, \"GENEID\"), \"TXNAME\", \"GENEID\")\n        tab <- table(txdf$GENEID)\n        txdf$ntx <- tab[match(txdf$GENEID, names(tab))]\n\n        head(txdf)\n\n5) Check consistency --> ERROR\n\n       all(rownames(cts) %in% txdf$TXNAME) # FALSE\n\n\nMy `cts` object is this way and has length equal to 21436, instead the `txdf$TXNAME` has length 252894\n \n                         Sample1  Sample2   Sample3                  \n       ENST00000000003    \n       ENST00000000004   \n       ENST00000000005   \nA more detailed image of the cts object: ![cts][2]\n\n\n  ![cts object][1]\n\nProbably I am missing something and I cannot understand what.\n\n\n  [1]: /media/images/1362dc73-4e8e-4cff-8e2d-b41b1c17",
    "creation_date": "2023-11-03T14:17:58.443383+00:00",
    "has_accepted": true,
    "id": 579322,
    "lastedit_date": "2023-11-04T14:56:21.623566+00:00",
    "lastedit_user_uid": "135188",
    "parent_id": 579322,
    "rank": 1699021078.443391,
    "reply_count": 4,
    "root_id": 579322,
    "status": "Open",
    "status_id": 1,
    "subs_count": 2,
    "tag_val": "r,cts,bioconductor,dtu,deseq2",
    "thread_score": 2,
    "title": "all(rownames(cts) %in% txdf$TXNAME) is FALSE in DTU Analysis in R",
    "type": "Question",
    "type_id": 0,
    "uid": "9579322",
    "url": "https://www.biostars.org/p/9579322/",
    "view_count": 789,
    "vote_count": 0,
    "xhtml": "<p>Good afternoon,</p>\n<p>I am trying to do a DTU analysis for my research, but I am kinda new to this stuff and I have some problems. In particular on point 5). I am following the workflow of <a href=\"/media/images/1362dc73-4e8e-4cff-8e2d-b41b1c17\" rel=\"nofollow\">Bioconductor vignette rnaseqDTU</a></p>\n<p>and my pipeline is this: \n1) read salmon quants</p>\n<pre><code>   ## List all directories containing data  \n   samples &lt;- list.files(path = \"../data/quants\", full.names = T)\n   ## Obtain a vector of all filenames including the path\n   files &lt;- file.path(samples, \"quant.sf\")\n   ## Since all quant files have the same name it is useful to have names for each element\n   names(files) &lt;- str_replace(samples, \"../data/quants/\", \"\") %&gt;% \n     str_replace(\".salmon\", \"\")\n</code></pre>\n<p>2) Then, create sampleTable from an excel file containing clinical info. It is structured like the following:</p>\n<pre><code>   1  sex   age    condition\n   2   M     20           A\n   3   M     30           B\n</code></pre>\n<p>3) Tximeta imoprt counts with metadata</p>\n<pre><code>    # Import counts\n    txi &lt;- tximport(files, type=\"salmon\", txOut=TRUE,\n            countsFromAbundance=\"scaledTPM\")\n\n    rownames(txi$counts) &lt;- gsub(\"\\\\..*\", \"\", rownames(txi$counts))\n    cts &lt;- txi$counts\n    cts &lt;- cts[rowSums(cts) &gt; 0,]\n    head(cts)\n</code></pre>\n<p>4) Trascript to geneID</p>\n<pre><code>    gtf &lt;- \"../data/Homo_sapiens.GRCh38.110 (1).gtf\"\n    txdb.filename &lt;- \"../data/Homo_sapiens.GRCh38.110.sqlite\"\n    txdb &lt;- makeTxDbFromGFF(gtf)\n    saveDb(txdb, txdb.filename)\n\n    # Load and add geneid\n    txdb &lt;- loadDb(txdb.filename)\n    txdf &lt;- select(txdb, keys(txdb, \"GENEID\"), \"TXNAME\", \"GENEID\")\n    tab &lt;- table(txdf$GENEID)\n    txdf$ntx &lt;- tab[match(txdf$GENEID, names(tab))]\n\n    head(txdf)\n</code></pre>\n<p>5) Check consistency --&gt; ERROR</p>\n<pre><code>   all(rownames(cts) %in% txdf$TXNAME) # FALSE\n</code></pre>\n<p>My <code>cts</code> object is this way and has length equal to 21436, instead the <code>txdf$TXNAME</code> has length 252894</p>\n<pre><code>                     Sample1  Sample2   Sample3                  \n   ENST00000000003    \n   ENST00000000004   \n   ENST00000000005   \n</code></pre>\n<p>A more detailed image of the cts object: ![cts][2]</p>\n<p><img alt=\"cts object\" src=\"/media/images/1362dc73-4e8e-4cff-8e2d-b41b1c17\"></p>\n<p>Probably I am missing something and I cannot understand what.</p>\n"
}