{
    "answer_count": 0,
    "author": "spiral01",
    "author_uid": "25385",
    "book_count": 0,
    "comment_count": 0,
    "content": "Hi, I am trying to estimate mutation rates in humans, chimps and vervets, using ancestral sequences that have been estimated using the EPO pipeline (available here from Ensembl: https://ftp.ensembl.org/pub/release-100/fasta/ancestral_alleles/). \r\n\r\nPreviously I have downloaded orthologous sequences, aligned them using MUSCLE, and then compared pairwise differences. However the ancestral sequence data is by chromosome so I am not sure how to proceed? Is it best to align chromosomes? In which case how do I deal with chromosomes that only exist in one of my three species? \r\n\r\nWhat i'd really like is some direction or a pipeline for taking these ancestral sequences and estimating divergence from them, which I can then use to estimate mutation rates. ",
    "creation_date": "2022-07-05T21:00:57.135397+00:00",
    "has_accepted": false,
    "id": 529838,
    "lastedit_date": "2022-07-05T21:00:57.135413+00:00",
    "lastedit_user_uid": "25385",
    "parent_id": 529838,
    "rank": 1657054857.135413,
    "reply_count": 0,
    "root_id": 529838,
    "status": "Open",
    "status_id": 1,
    "subs_count": 1,
    "tag_val": "EPO,alignment,divergence,mutation,primate",
    "thread_score": 0,
    "title": "Estimating divergence from EPO ancestral sequences in primates",
    "type": "Question",
    "type_id": 0,
    "uid": "9529838",
    "url": "https://www.biostars.org/p/9529838/",
    "view_count": 363,
    "vote_count": 0,
    "xhtml": "<p>Hi, I am trying to estimate mutation rates in humans, chimps and vervets, using ancestral sequences that have been estimated using the EPO pipeline (available here from Ensembl: <a href=\"https://ftp.ensembl.org/pub/release-100/fasta/ancestral_alleles/\" rel=\"nofollow\">https://ftp.ensembl.org/pub/release-100/fasta/ancestral_alleles/</a>).</p>\n<p>Previously I have downloaded orthologous sequences, aligned them using MUSCLE, and then compared pairwise differences. However the ancestral sequence data is by chromosome so I am not sure how to proceed? Is it best to align chromosomes? In which case how do I deal with chromosomes that only exist in one of my three species?</p>\n<p>What i'd really like is some direction or a pipeline for taking these ancestral sequences and estimating divergence from them, which I can then use to estimate mutation rates.</p>\n"
}