{
    "answer_count": 1,
    "author": "Devon Ryan",
    "author_uid": "7403",
    "book_count": 1,
    "comment_count": 1,
    "content": "For those who didn't see it via email or twitter, samtools/htslib/bcftools version 1.3 have been released. There were a bunch of changes, though I'll just put a few of what I personally think are the major ones below:\n\n# HTSlib\n\n - Files can now be accessed via HTTPS and Amazon S3 in addition to HTTP and FTP, when HTSlib is configured to use libcurl for network file access rather than the included basic knetfile networking.\n - `fai_build()` and `samtools faidx` now accept initial whitespace in \">\" headers (e.g., \"> chr1 description\" is taken to refer to \"chr1\").\n - HTSlib's configure script and Makefile now fully support the standard convention of allowing CC/CPPFLAGS/CFLAGS/LDFLAGS/LIBS to be overridden as needed. Previously the Makefile listened to `$(LDLIBS)` instead; if you were overriding that, you should now override LIBS rather than LDLIBS.\n\n# Samtools\n\n - ## The obsolete `samtools sort in.bam out.prefix` usage has been removed. If you are still using `\u2011f`, `\u2011o`, or `out.prefix`, convert to use `-T PREFIX` and/or `-o FILE` instead.\n - The `bamshuf` command has been renamed to `collate` (hence the term *bamshuf* no longer appears in the documentation, though it still works on the command line for compatibility with existing scripts).\n - The `mpileup` command now outputs the unseen allele in VCF/BCF as `<*>` rather than `X` or `<X>` as previously, and now has AD, ADF, ADR, INFO/AD, INFO/ADF, INFO/ADR `--output-tags` annotations that largely supersede the existing DV, DP4, DPR annotations.\n - The `rmdup` command no longer immediately aborts (previously it always aborted with *bam_get_library() not yet implemented*), but remains not recommended for most use.\n - Samtools `index`'s optional index output path argument works again.\n - Fixed `calmd`, `targetcut`, and potential `mpileup` segfaults when given broken alignments with POS far beyond the end of their reference sequences.\n - Samtools `stats` now outputs separate \"N\" and \"other\" columns in the ACGT content per cycle section.\n - Added `-a` option to `samtools depth` to show all locations, including zero depth sites.\n - New `samtools dict` command, which creates a sequence dictionary (as used by Picard) from a FASTA reference file.\n - Samtools `stats` `--target-regions` option works again.\n - `samtools fixmate - -` works in pipelines again; with 1.0 to 1.2, this failed with *[bam_mating] cannot determine output format*.\n - Restored previous `samtools calmd -u` behaviour of writing compression level 0 BAM files. Samtools 1.0 to 1.2 incorrectly wrote raw non-BGZF BAM files, which cannot be read by most other tools. (Samtools commands other than `calmd` were unaffected by this bug.)\n\n# bcftools\n\n - `bcftools call` has new options `--ploidy` and `--ploidy-file` to make handling sample ploidy easier. See man page for details.\n - `stats`: `-i`/`-e` short options changed to `-I`/`-E` to be consistent with the filtering `-i`/`-e` (`--include`/`--exclude`) options used in other tools.\n - general `--threads` option to control the number of output compression threads used when outputting compressed VCF or BCF.\n - `cnv` and `polysomy`: new commands for detecting CNVs, aneuploidy, and contamination from SNP genotyping data.\n\nCongrats to the htslib, samtools, and bcftools developers on their fine work!\n\n## FYI, you have to explicitly enable compilation against libcurl, so don't just blindly `./configure` and expect that to happen.",
    "creation_date": "2015-12-16T08:08:32.172559+00:00",
    "has_accepted": false,
    "id": 162418,
    "lastedit_date": "2023-04-03T19:52:45.592338+00:00",
    "lastedit_user_uid": "8494",
    "parent_id": 162418,
    "rank": 1474381115.102888,
    "reply_count": 1,
    "root_id": 162418,
    "status": "Open",
    "status_id": 1,
    "subs_count": 2,
    "tag_val": "htslib,samtools,bcftools",
    "thread_score": 16,
    "title": "Samtools/htslib/bcftools 1-3 released",
    "type": "News",
    "type_id": 11,
    "uid": "169745",
    "url": "https://www.biostars.org/p/169745/",
    "view_count": 5090,
    "vote_count": 16,
    "xhtml": "<p>For those who didn't see it via email or twitter, samtools/htslib/bcftools version 1.3 have been released. There were a bunch of changes, though I'll just put a few of what I personally think are the major ones below:</p>\n<h1>HTSlib</h1>\n<ul>\n<li>Files can now be accessed via HTTPS and Amazon S3 in addition to HTTP and FTP, when HTSlib is configured to use libcurl for network file access rather than the included basic knetfile networking.</li>\n<li><code>fai_build()</code> and <code>samtools faidx</code> now accept initial whitespace in \"&gt;\" headers (e.g., \"&gt; chr1 description\" is taken to refer to \"chr1\").</li>\n<li>HTSlib's configure script and Makefile now fully support the standard convention of allowing CC/CPPFLAGS/CFLAGS/LDFLAGS/LIBS to be overridden as needed. Previously the Makefile listened to <code>$(LDLIBS)</code> instead; if you were overriding that, you should now override LIBS rather than LDLIBS.</li>\n</ul>\n<h1>Samtools</h1>\n<ul>\n<li>## The obsolete <code>samtools sort in.bam out.prefix</code> usage has been removed. If you are still using <code>\u2011f</code>, <code>\u2011o</code>, or <code>out.prefix</code>, convert to use <code>-T PREFIX</code> and/or <code>-o FILE</code> instead.</li>\n<li>The <code>bamshuf</code> command has been renamed to <code>collate</code> (hence the term <em>bamshuf</em> no longer appears in the documentation, though it still works on the command line for compatibility with existing scripts).</li>\n<li>The <code>mpileup</code> command now outputs the unseen allele in VCF/BCF as <code>&lt;*&gt;</code> rather than <code>X</code> or <code>&lt;X&gt;</code> as previously, and now has AD, ADF, ADR, INFO/AD, INFO/ADF, INFO/ADR <code>--output-tags</code> annotations that largely supersede the existing DV, DP4, DPR annotations.</li>\n<li>The <code>rmdup</code> command no longer immediately aborts (previously it always aborted with <em>bam_get_library() not yet implemented</em>), but remains not recommended for most use.</li>\n<li>Samtools <code>index</code>'s optional index output path argument works again.</li>\n<li>Fixed <code>calmd</code>, <code>targetcut</code>, and potential <code>mpileup</code> segfaults when given broken alignments with POS far beyond the end of their reference sequences.</li>\n<li>Samtools <code>stats</code> now outputs separate \"N\" and \"other\" columns in the ACGT content per cycle section.</li>\n<li>Added <code>-a</code> option to <code>samtools depth</code> to show all locations, including zero depth sites.</li>\n<li>New <code>samtools dict</code> command, which creates a sequence dictionary (as used by Picard) from a FASTA reference file.</li>\n<li>Samtools <code>stats</code> <code>--target-regions</code> option works again.</li>\n<li><code>samtools fixmate - -</code> works in pipelines again; with 1.0 to 1.2, this failed with <em>[bam_mating] cannot determine output format</em>.</li>\n<li>Restored previous <code>samtools calmd -u</code> behaviour of writing compression level 0 BAM files. Samtools 1.0 to 1.2 incorrectly wrote raw non-BGZF BAM files, which cannot be read by most other tools. (Samtools commands other than <code>calmd</code> were unaffected by this bug.)</li>\n</ul>\n<h1>bcftools</h1>\n<ul>\n<li><code>bcftools call</code> has new options <code>--ploidy</code> and <code>--ploidy-file</code> to make handling sample ploidy easier. See man page for details.</li>\n<li><code>stats</code>: <code>-i</code>/<code>-e</code> short options changed to <code>-I</code>/<code>-E</code> to be consistent with the filtering <code>-i</code>/<code>-e</code> (<code>--include</code>/<code>--exclude</code>) options used in other tools.</li>\n<li>general <code>--threads</code> option to control the number of output compression threads used when outputting compressed VCF or BCF.</li>\n<li><code>cnv</code> and <code>polysomy</code>: new commands for detecting CNVs, aneuploidy, and contamination from SNP genotyping data.</li>\n</ul>\n<p>Congrats to the htslib, samtools, and bcftools developers on their fine work!</p>\n<h2>FYI, you have to explicitly enable compilation against libcurl, so don't just blindly <code>./configure</code> and expect that to happen.</h2>\n"
}