{
    "answer_count": 1,
    "author": "rob234king",
    "author_uid": "7541",
    "book_count": 0,
    "comment_count": 1,
    "content": "I'm running these commands leaving the numbers as default in config and cleaned transcripts already.\n\n```\nmodule load Miniconda3/4.9.2\n\n# create database\n$PASAHOME/scripts/create_sqlite_cdnaassembly_db.dbi -c alignAssembly.config -S /home/data/pest_genomics/pasa/opt/pasa-2.4.1/schema/cdna_alignment_sqliteschema\n\n# Upload annotations\n$PASAHOME/scripts/Load_Current_Gene_Annotations.dbi -c alignAssembly.config -g Chilo_suppressalis_v2_genome_220620_correct2.fasta -P chilo_transfer2_corrected2.gff3\n\nmodule load SAMtools/1.12-GCC-10.2.0\n\n$PASAHOME/Launch_PASA_pipeline.pl -c annotCompare.config -A -g Chilo_suppressalis_v2_genome_220620_correct2.fasta -t clean_transcripts.fa --CPU 10\n```\n\nWhen I do this though no changes are made. I use the same transcripts in maker to update the gene set and lots of UTR are added. I was hoping PASA would do a better job but I'm not getting any differences. I've changed the headers of the transcripts thinking maybe that would have an effect but no luck. Anyone experienced the same? I've posted on PASA google group but no response so far.",
    "creation_date": "2021-11-11T19:13:26.849318+00:00",
    "has_accepted": false,
    "id": 497318,
    "lastedit_date": "2021-11-11T19:25:16.484487+00:00",
    "lastedit_user_uid": "8494",
    "parent_id": 497318,
    "rank": 1636658006.84933,
    "reply_count": 1,
    "root_id": 497318,
    "status": "Open",
    "status_id": 1,
    "subs_count": 1,
    "tag_val": "PASA",
    "thread_score": 0,
    "title": "PASA pipeline updating annotation results in no changes",
    "type": "Question",
    "type_id": 0,
    "uid": "9497318",
    "url": "https://www.biostars.org/p/9497318/",
    "view_count": 800,
    "vote_count": 0,
    "xhtml": "<p>I'm running these commands leaving the numbers as default in config and cleaned transcripts already.</p>\n<pre><code>module load Miniconda3/4.9.2\n\n# create database\n$PASAHOME/scripts/create_sqlite_cdnaassembly_db.dbi -c alignAssembly.config -S /home/data/pest_genomics/pasa/opt/pasa-2.4.1/schema/cdna_alignment_sqliteschema\n\n# Upload annotations\n$PASAHOME/scripts/Load_Current_Gene_Annotations.dbi -c alignAssembly.config -g Chilo_suppressalis_v2_genome_220620_correct2.fasta -P chilo_transfer2_corrected2.gff3\n\nmodule load SAMtools/1.12-GCC-10.2.0\n\n$PASAHOME/Launch_PASA_pipeline.pl -c annotCompare.config -A -g Chilo_suppressalis_v2_genome_220620_correct2.fasta -t clean_transcripts.fa --CPU 10\n</code></pre>\n<p>When I do this though no changes are made. I use the same transcripts in maker to update the gene set and lots of UTR are added. I was hoping PASA would do a better job but I'm not getting any differences. I've changed the headers of the transcripts thinking maybe that would have an effect but no luck. Anyone experienced the same? I've posted on PASA google group but no response so far.</p>\n"
}