{
    "answer_count": 1,
    "author": "nitishd.dave",
    "author_uid": "22277",
    "book_count": 0,
    "comment_count": 1,
    "content": "How to build a pipeline for transcriptomics of venom gland and what analysis can be done after getting the data?",
    "creation_date": "2016-02-05T14:20:52.305916+00:00",
    "has_accepted": false,
    "id": 168188,
    "lastedit_date": "2022-05-27T16:17:55.341529+00:00",
    "lastedit_user_uid": "8494",
    "parent_id": 168188,
    "rank": 1454682052.305916,
    "reply_count": 1,
    "root_id": 168188,
    "status": "Open",
    "status_id": 1,
    "subs_count": 1,
    "tag_val": "next-gen,RNA-Seq",
    "thread_score": 0,
    "title": "venom gland transcriptome",
    "type": "Question",
    "type_id": 0,
    "uid": "175697",
    "url": "https://www.biostars.org/p/175697/",
    "view_count": 1158,
    "vote_count": 0,
    "xhtml": "<p>How to build a pipeline for transcriptomics of venom gland and what analysis can be done after getting the data?</p>\n"
}