{
    "answer_count": 0,
    "author": "David Soong",
    "author_uid": "30244",
    "book_count": 0,
    "comment_count": 0,
    "content": "Janssen R&D\n\nOncology Translational Research\n\nSpring House, PA United States\n\n[http://bit.ly/28J5mJc][1]\n\n# Description\n\nJanssen Research and Development, L.L.C., a member of Johnson and Johnson's Family of Companies, is recruiting for a Postdoctoral Fellow, Computational Biology with an emphasis in Immune-Oncology in Spring House, PA. The length of this postdoctoral fellow opportunity will be 24 months. \n\nJanssen discovers and develops some of the most innovative technology platforms and medicines today. We are a world leader in monoclonal antibody technology and have a strong pipeline of novel medicines in development. \n\nJanssen Research & Development, L.L.C., is a fully integrated biopharmaceutical and biotechnology company. As a world leader in the field of biomedicines, Janssen discovers and develops innovative medical solutions to address important unmet medical needs in oncology, immunology, neuroscience, infectious diseases and vaccines, and cardiovascular and metabolic diseases. \n\nThe Postdoctoral Fellow will:\n\n* Be a part of a dynamic oncology drug discovery and development organization to study therapeutics that treats cancer. \n\n* Have the opportunity to collaborate across the oncology and immunology discovery and translational research departments at Janssen, as well as with prominent academic labs and recognized experts studying immune modulation, genetic alterations, and novel technologies in cancer.\n\n* Perform bioinformatics and statistical analysis, visualization and data interpretation of public and proprietary data for the Hematological Malignancy Disease Area Stronghold.\n\n* Use statistical and machine learning methods to identify prognostic and predictive biomarker signature of immune activity from high dimensional biological data.\n\n* Integrate data from external (e.g. TCGA, NCBI Entrez, NCBI GEO, UCSC Genome Browser) and internal sources in analyses.\n\n* Work independently as part of a matrix organization.\n\n* Communicate Bioinformatics results to computational biologists, bench scientists, clinicians and management in an appropriate biological context.\n\n\nThriving on a diverse company culture, celebrating the uniqueness of our employees and committed to inclusion. Proud to be an equal opportunity employer.\n\n# Qualifications\n* A minimum of a Doctoral degree (e.g., Ph.D.) is required in Computational Biology, Bioinformatics, or a related discipline.\n* Strong R and BioConductor programming skills are required. \n* Experience working in Unix/Linux environment is required. \n* Oncology and/or immunology experience is preferred. \n* Experience with high dimensional data integration, next generation sequencing analysis, gene expression analysis, survival analysis and biological network inference is preferred. \n* Statistical analysis experience with working knowledge of regression analysis, multivariate data analysis and linear/nonlinear mixed effects modeling is preferred. \n* Scripting language experience (e.g. Perl or Python) is preferred. \n* Other high level programming (e.g. Java, C++, etc.) and database (e.g. MySQL, PostgreSQL, Oracle) experience is preferred. \n* Must have an excellent publication record and strong written and verbal communications skills.\n* Must be legally authorized to work in the United States and not require future sponsorship for employment visa status (e.g. H1-B status) now or in the future.\n\n# Start date\nAs soon as possible\n\n# How to Apply\nApply online now: [http://bit.ly/28J5mJc][2]\n\n\n  [1]: http://bit.ly/28J5mJc\n  [2]: http://bit.ly/28J5mJc",
    "creation_date": "2016-08-09T16:21:26.358011+00:00",
    "has_accepted": false,
    "id": 197829,
    "lastedit_date": "2023-04-07T17:35:37.826119+00:00",
    "lastedit_user_uid": "8494",
    "parent_id": 197829,
    "rank": 1470759686.358011,
    "reply_count": 0,
    "root_id": 197829,
    "status": "Open",
    "status_id": 1,
    "subs_count": 0,
    "tag_val": "NGS,cancer,Drug-discovery,genome,R",
    "thread_score": 0,
    "title": "Oncology Computational Biology Postdoc at Janssen R&D (Johnson & Johnson)",
    "type": "Job",
    "type_id": 2,
    "uid": "206088",
    "url": "https://www.biostars.org/p/206088/",
    "view_count": 2062,
    "vote_count": 0,
    "xhtml": "<p>Janssen R&amp;D</p>\n<p>Oncology Translational Research</p>\n<p>Spring House, PA United States</p>\n<p><a href=\"http://bit.ly/28J5mJc\" rel=\"nofollow\">http://bit.ly/28J5mJc</a></p>\n<h1>Description</h1>\n<p>Janssen Research and Development, L.L.C., a member of Johnson and Johnson's Family of Companies, is recruiting for a Postdoctoral Fellow, Computational Biology with an emphasis in Immune-Oncology in Spring House, PA. The length of this postdoctoral fellow opportunity will be 24 months.</p>\n<p>Janssen discovers and develops some of the most innovative technology platforms and medicines today. We are a world leader in monoclonal antibody technology and have a strong pipeline of novel medicines in development.</p>\n<p>Janssen Research &amp; Development, L.L.C., is a fully integrated biopharmaceutical and biotechnology company. As a world leader in the field of biomedicines, Janssen discovers and develops innovative medical solutions to address important unmet medical needs in oncology, immunology, neuroscience, infectious diseases and vaccines, and cardiovascular and metabolic diseases.</p>\n<p>The Postdoctoral Fellow will:</p>\n<ul>\n<li><p>Be a part of a dynamic oncology drug discovery and development organization to study therapeutics that treats cancer.</p>\n</li>\n<li><p>Have the opportunity to collaborate across the oncology and immunology discovery and translational research departments at Janssen, as well as with prominent academic labs and recognized experts studying immune modulation, genetic alterations, and novel technologies in cancer.</p>\n</li>\n<li><p>Perform bioinformatics and statistical analysis, visualization and data interpretation of public and proprietary data for the Hematological Malignancy Disease Area Stronghold.</p>\n</li>\n<li><p>Use statistical and machine learning methods to identify prognostic and predictive biomarker signature of immune activity from high dimensional biological data.</p>\n</li>\n<li><p>Integrate data from external (e.g. TCGA, NCBI Entrez, NCBI GEO, UCSC Genome Browser) and internal sources in analyses.</p>\n</li>\n<li><p>Work independently as part of a matrix organization.</p>\n</li>\n<li><p>Communicate Bioinformatics results to computational biologists, bench scientists, clinicians and management in an appropriate biological context.</p>\n</li>\n</ul>\n<p>Thriving on a diverse company culture, celebrating the uniqueness of our employees and committed to inclusion. Proud to be an equal opportunity employer.</p>\n<h1>Qualifications</h1>\n<ul>\n<li>A minimum of a Doctoral degree (e.g., Ph.D.) is required in Computational Biology, Bioinformatics, or a related discipline.</li>\n<li>Strong R and BioConductor programming skills are required. </li>\n<li>Experience working in Unix/Linux environment is required. </li>\n<li>Oncology and/or immunology experience is preferred. </li>\n<li>Experience with high dimensional data integration, next generation sequencing analysis, gene expression analysis, survival analysis and biological network inference is preferred. </li>\n<li>Statistical analysis experience with working knowledge of regression analysis, multivariate data analysis and linear/nonlinear mixed effects modeling is preferred. </li>\n<li>Scripting language experience (e.g. Perl or Python) is preferred. </li>\n<li>Other high level programming (e.g. Java, C++, etc.) and database (e.g. MySQL, PostgreSQL, Oracle) experience is preferred. </li>\n<li>Must have an excellent publication record and strong written and verbal communications skills.</li>\n<li>Must be legally authorized to work in the United States and not require future sponsorship for employment visa status (e.g. H1-B status) now or in the future.</li>\n</ul>\n<h1>Start date</h1>\n<p>As soon as possible</p>\n<h1>How to Apply</h1>\n<p>Apply online now: <a href=\"http://bit.ly/28J5mJc\" rel=\"nofollow\">http://bit.ly/28J5mJc</a></p>\n"
}