{
    "answer_count": 0,
    "author": "David Langenberger",
    "author_uid": "3827",
    "book_count": 0,
    "comment_count": 0,
    "content": "**Our NGS Data Analysis courses for 2023 are filling up extremely fast.**\n\nTake your chance and secure one of the last available seats!\n\n - September 4-8: [7th Berlin Summer School 2023][1] (Berlin, Germany)\n - October 23-25: [Online Course - A Practical Introduction to NGS Data Analysis][2] (Online)\n - November 8-10: [Single-Cell RNA-Seq Data Analysis: A Practical Introduction][3] (Berlin, Germany)\n - November 15-17: [Online Course - Bioinformatics Pipeline Development with Nextflow][4] (Online)\n - November 29 - December 1: [Next-Generation Sequencing Data Analysis: A Practical Introduction][5] (Munich, Germany)\n\n![enter image description here][6]\n\n  [1]: https://www.ecseq.com/workshops/workshop_2023-05-7th-Berlin-Summer-School-NGS-Data-Analysis\n  [2]: https://www.ecseq.com/workshops/workshop_2023-06-A-Practical-Introduction-to-NGS-Data-Analysis-Online-Course\n  [3]: https://www.ecseq.com/workshops/workshop_2023-07-Single-Cell-RNA-Seq-Data-Analysis\n  [4]: https://www.ecseq.com/workshops/workshop_2023-08-Bioinformatics-Pipeline-Development-with-Nextflow-Online-Course\n  [5]: https://www.ecseq.com/workshops/workshop_2023-09-NGS-Next-Generation-Sequencing-Data-Analysis-A-Practical-Introduction\n  [6]: /media/images/426cb2ba-de4b-46e2-8d81-ca62fb27",
    "creation_date": "2023-06-13T07:29:19.484068+00:00",
    "has_accepted": false,
    "id": 566281,
    "lastedit_date": "2023-06-19T17:30:23.322736+00:00",
    "lastedit_user_uid": "8494",
    "parent_id": 566281,
    "rank": 1686641359.484076,
    "reply_count": 0,
    "root_id": 566281,
    "status": "Open",
    "status_id": 1,
    "subs_count": 1,
    "tag_val": "RNA-seq,DNA-seq,Workshop",
    "thread_score": 0,
    "title": "Hands-On NGS Data Analysis Courses 2023",
    "type": "News",
    "type_id": 11,
    "uid": "9566281",
    "url": "https://www.biostars.org/p/9566281/",
    "view_count": 814,
    "vote_count": 0,
    "xhtml": "<p><strong>Our NGS Data Analysis courses for 2023 are filling up extremely fast.</strong></p>\n<p>Take your chance and secure one of the last available seats!</p>\n<ul>\n<li>September 4-8: <a href=\"https://www.ecseq.com/workshops/workshop_2023-05-7th-Berlin-Summer-School-NGS-Data-Analysis\" rel=\"nofollow\">7th Berlin Summer School 2023</a> (Berlin, Germany)</li>\n<li>October 23-25: <a href=\"https://www.ecseq.com/workshops/workshop_2023-06-A-Practical-Introduction-to-NGS-Data-Analysis-Online-Course\" rel=\"nofollow\">Online Course - A Practical Introduction to NGS Data Analysis</a> (Online)</li>\n<li>November 8-10: <a href=\"https://www.ecseq.com/workshops/workshop_2023-07-Single-Cell-RNA-Seq-Data-Analysis\" rel=\"nofollow\">Single-Cell RNA-Seq Data Analysis: A Practical Introduction</a> (Berlin, Germany)</li>\n<li>November 15-17: <a href=\"https://www.ecseq.com/workshops/workshop_2023-08-Bioinformatics-Pipeline-Development-with-Nextflow-Online-Course\" rel=\"nofollow\">Online Course - Bioinformatics Pipeline Development with Nextflow</a> (Online)</li>\n<li>November 29 - December 1: <a href=\"https://www.ecseq.com/workshops/workshop_2023-09-NGS-Next-Generation-Sequencing-Data-Analysis-A-Practical-Introduction\" rel=\"nofollow\">Next-Generation Sequencing Data Analysis: A Practical Introduction</a> (Munich, Germany)</li>\n</ul>\n<p><img alt=\"enter image description here\" src=\"/media/images/426cb2ba-de4b-46e2-8d81-ca62fb27\"></p>\n"
}