{
    "answer_count": 0,
    "author": "Jonathanjacobs",
    "author_uid": "1369",
    "book_count": 0,
    "comment_count": 0,
    "content": "### [Postdoctoral Research Associate - Bioinformatics & Microbial Genomics][1]\n\nFounded in 1944, MRIGlobal is an independent, not-for-profit organization that performs contract research and other services for clients in business, industry and government.\n\nWe currently have an opening for a Postdoctoral Research Associate in Microbial Genomics which is available immediately and located in Rockville, MD. The successful candidate will join a team of researchers led by Dr. Jonathan Jacobs actively conducting genomics-based research in infectious disease diagnostics, biosurveillance, microbiology, virology, and microbial forensics for a variety of government and industrial clients.\n\n**Principal Accountabilities and Success Factors**\n\nSuccessful candidates will have a passion for applied research, and developing technically sound solutions for real-world problems. Examples of research activities may include one or more of the following efforts:\n\n - develop state of the art bioinformatics pipelines to support trace detection of pathogens from clinical and/or environmental samples;\n - develop pipelines for comparative clinical or environmental microbiome studies;\n - develop genomics approaches for predictive phenotyping of unculturable microbial pathogens;\n - develop and apply strategies for analysis of host-pathogen interaction data (i.e. RNA-Seq data) to identify candidate pathways or targets with diagnostic utility.\n\nThe Postdoctoral Research Associate will work directly with the MRIGlobal Biosurveillance research team and report to Dr. Jonathan Jacobs (MRIGlobal, Rockville, MD).\n\nWe aim to attract new talent into MRIGlobal's existing pool of forward thinking research scientists focused on applied research in environmental/agricultural biosurveillance, infectious disease clinical diagnostics, and microbial forensics. Appointments will be made for an initial period of two (2) years, with the possibility of additional extensions. Publication of research in peer-reviewed journals is expected.\n\n**Minimum Qualifications**\n\n - A recent Ph.D. and experience in next generation sequencing data analysis and bioinformatics is required. Applicants with additional \"wet-lab\" experience in microbial genomics, microbiology and/or virology are encouraged to apply.\n - At least one first-author peer-reviewed publication.\n\nApplicants MUST be a U.S. Citizen and be eligible to obtain a Department of Defense Security Clearance.\n\nWe are proud to be an EOE/M/F/Vet/Disabled employer. We maintain a drug-free workplace and perform pre-employment substance abuse testing.\n\n[**JOB LINK**][1]\n\n [1]: https://www1.recruitingcenter.net/Clients/mriglobal/PublicJobs/controller.cfm?jbaction=JobProfile&Job_Id=11208&esid=az",
    "creation_date": "2015-05-17T19:52:23.562019+00:00",
    "has_accepted": false,
    "id": 136172,
    "lastedit_date": "2023-01-24T23:43:51.549777+00:00",
    "lastedit_user_uid": "8494",
    "parent_id": 136172,
    "rank": 1431894754.413582,
    "reply_count": 0,
    "root_id": 136172,
    "status": "Open",
    "status_id": 1,
    "subs_count": 0,
    "tag_val": "virology,microbiology,biodefense,postdoc",
    "thread_score": 0,
    "title": "Postdoctoral Research Associate \u2013 Bioinformatics & Microbial Genomics, MRIGlobal, Rockville, DC, USA",
    "type": "Job",
    "type_id": 2,
    "uid": "142792",
    "url": "https://www.biostars.org/p/142792/",
    "view_count": 2750,
    "vote_count": 0,
    "xhtml": "<h3><a href=\"https://www1.recruitingcenter.net/Clients/mriglobal/PublicJobs/controller.cfm?jbaction=JobProfile&amp;Job_Id=11208&amp;esid=az\" rel=\"nofollow\">Postdoctoral Research Associate - Bioinformatics &amp; Microbial Genomics</a></h3>\n<p>Founded in 1944, MRIGlobal is an independent, not-for-profit organization that performs contract research and other services for clients in business, industry and government.</p>\n<p>We currently have an opening for a Postdoctoral Research Associate in Microbial Genomics which is available immediately and located in Rockville, MD. The successful candidate will join a team of researchers led by Dr. Jonathan Jacobs actively conducting genomics-based research in infectious disease diagnostics, biosurveillance, microbiology, virology, and microbial forensics for a variety of government and industrial clients.</p>\n<p><strong>Principal Accountabilities and Success Factors</strong></p>\n<p>Successful candidates will have a passion for applied research, and developing technically sound solutions for real-world problems. Examples of research activities may include one or more of the following efforts:</p>\n<ul>\n<li>develop state of the art bioinformatics pipelines to support trace detection of pathogens from clinical and/or environmental samples;</li>\n<li>develop pipelines for comparative clinical or environmental microbiome studies;</li>\n<li>develop genomics approaches for predictive phenotyping of unculturable microbial pathogens;</li>\n<li>develop and apply strategies for analysis of host-pathogen interaction data (i.e. RNA-Seq data) to identify candidate pathways or targets with diagnostic utility.</li>\n</ul>\n<p>The Postdoctoral Research Associate will work directly with the MRIGlobal Biosurveillance research team and report to Dr. Jonathan Jacobs (MRIGlobal, Rockville, MD).</p>\n<p>We aim to attract new talent into MRIGlobal's existing pool of forward thinking research scientists focused on applied research in environmental/agricultural biosurveillance, infectious disease clinical diagnostics, and microbial forensics. Appointments will be made for an initial period of two (2) years, with the possibility of additional extensions. Publication of research in peer-reviewed journals is expected.</p>\n<p><strong>Minimum Qualifications</strong></p>\n<ul>\n<li>A recent Ph.D. and experience in next generation sequencing data analysis and bioinformatics is required. Applicants with additional \"wet-lab\" experience in microbial genomics, microbiology and/or virology are encouraged to apply.</li>\n<li>At least one first-author peer-reviewed publication.</li>\n</ul>\n<p>Applicants MUST be a U.S. Citizen and be eligible to obtain a Department of Defense Security Clearance.</p>\n<p>We are proud to be an EOE/M/F/Vet/Disabled employer. We maintain a drug-free workplace and perform pre-employment substance abuse testing.</p>\n<p><a href=\"https://www1.recruitingcenter.net/Clients/mriglobal/PublicJobs/controller.cfm?jbaction=JobProfile&amp;Job_Id=11208&amp;esid=az\" rel=\"nofollow\"><strong>JOB LINK</strong></a></p>\n"
}