{
    "answer_count": 1,
    "author": "RoseString",
    "author_uid": "24051",
    "book_count": 0,
    "comment_count": 0,
    "content": "I am studying a repetitive region in which multiple lncRNAs are transcribed. For now, I am following the HISAT2-StringTie pipeline to assemble and quantify novel lncRNAs from this region. Because of the repetitive nature of this region, I only want to keep reads that are \r\n\r\n1. not strictly uniquely mapped because there would be very few aligned reads left; and\r\n2. assigned to their best possible locations.\r\n\r\nThis is the default behavior for aligners like bowtie2 (in the manual, \"**Default mode: search for multiple alignments, report the best one**\"), but I did not find the options to do so in HISAT2 (in the manual, \"**Default mode: search for one or more alignments, report each**\"). The closet thing that I can find is to set `-k` to 1, but that does not guarantee that the alignment is the BEST. I also cannot filter alignments based on their MAPQs, because there are only three MAPQ values available: \r\n\r\n - 0 (unmapped)\r\n - 1 (not uniquely mapped); and \r\n - 60 (uniquely mapped).\r\n\r\nDoes anyone has experience to identify the best alignment using HISAT2? Thanks!",
    "creation_date": "2018-09-10T15:41:45.976597+00:00",
    "has_accepted": false,
    "id": 325999,
    "lastedit_date": "2021-02-02T12:30:08.090568+00:00",
    "lastedit_user_uid": "1",
    "parent_id": 325999,
    "rank": 1612269008.090568,
    "reply_count": 1,
    "root_id": 325999,
    "status": "Open",
    "status_id": 1,
    "subs_count": 1,
    "tag_val": "HISAT2",
    "thread_score": 1,
    "title": "Is HISAT2 able to output only the best alignment?",
    "type": "Question",
    "type_id": 0,
    "uid": "337065",
    "url": "https://www.biostars.org/p/337065/",
    "view_count": 2689,
    "vote_count": 1,
    "xhtml": "<p>I am studying a repetitive region in which multiple lncRNAs are transcribed. For now, I am following the HISAT2-StringTie pipeline to assemble and quantify novel lncRNAs from this region. Because of the repetitive nature of this region, I only want to keep reads that are </p>\n\n<ol>\n<li>not strictly uniquely mapped because there would be very few aligned reads left; and</li>\n<li>assigned to their best possible locations.</li>\n</ol>\n\n<p>This is the default behavior for aligners like bowtie2 (in the manual, \"<strong>Default mode: search for multiple alignments, report the best one</strong>\"), but I did not find the options to do so in HISAT2 (in the manual, \"<strong>Default mode: search for one or more alignments, report each</strong>\"). The closet thing that I can find is to set <code>-k</code> to 1, but that does not guarantee that the alignment is the BEST. I also cannot filter alignments based on their MAPQs, because there are only three MAPQ values available: </p>\n\n<ul>\n<li>0 (unmapped)</li>\n<li>1 (not uniquely mapped); and </li>\n<li>60 (uniquely mapped).</li>\n</ul>\n\n<p>Does anyone has experience to identify the best alignment using HISAT2? Thanks!</p>\n"
}