{
    "answer_count": 4,
    "author": "ZENO3175",
    "author_uid": "70958",
    "book_count": 0,
    "comment_count": 3,
    "content": "Hi all,\r\n\r\nI'm trying to use the R&Bioconductor and Bioconductor from python to analyze raw data (cel.gz files) from GEO because the sort.txt.data of gene&counts matrix doesn't include the genes I am interested in. So I figured I probably needed to process the raw data in case txt file missing the genes. However, the code I followed only got me to the quality control of all samples. Can anyone suggest where to download the gene annotation for my samples? and suggest some good tools or pipeline or papers I can follow for the geo raw data analysis. I am pretty new to the GEO analysis. \r\nThank you so much !\r\n\r\nBest, \r\nAmanda ",
    "creation_date": "2020-07-02T01:42:34.479075+00:00",
    "has_accepted": false,
    "id": 425455,
    "lastedit_date": "2020-07-02T04:03:40.502235+00:00",
    "lastedit_user_uid": "17391",
    "parent_id": 425455,
    "rank": 1593662620.502235,
    "reply_count": 4,
    "root_id": 425455,
    "status": "Open",
    "status_id": 1,
    "subs_count": 2,
    "tag_val": "RNA-Seq,R,python",
    "thread_score": 0,
    "title": "How to process raw data (.cel files) from GEO and get annotation of genes",
    "type": "Question",
    "type_id": 0,
    "uid": "447086",
    "url": "https://www.biostars.org/p/447086/",
    "view_count": 4532,
    "vote_count": 0,
    "xhtml": "<p>Hi all,</p>\n\n<p>I'm trying to use the R&amp;Bioconductor and Bioconductor from python to analyze raw data (cel.gz files) from GEO because the sort.txt.data of gene&amp;counts matrix doesn't include the genes I am interested in. So I figured I probably needed to process the raw data in case txt file missing the genes. However, the code I followed only got me to the quality control of all samples. Can anyone suggest where to download the gene annotation for my samples? and suggest some good tools or pipeline or papers I can follow for the geo raw data analysis. I am pretty new to the GEO analysis. \nThank you so much !</p>\n\n<p>Best, \nAmanda </p>\n"
}