{
    "answer_count": 0,
    "author": "Novogene",
    "author_uid": "78584",
    "book_count": 0,
    "comment_count": 0,
    "content": "I want to share with you a powerful tool named QIIME 2. It's handy for Amplicon analysis. \n\nWhat is QIIME 2?\n\nThe Quantitative Insights Into Microbial Ecology (QIIME) microbiome bioinformatics platform has supported many microbiome studies and gained a broad user and developer community.\n\nQIIME 2\u2122(https://qiime2.org) is a new version of the microbiome analysis platform compare to Qiime1.\nOriginally conceptualized and developed by Professor Gregory Caporaso of Northern Arizona University, QIIME was designed to take users from raw DNA sequence data and finish with publication-quality figures and statistical results (Caporaso et al. 2010). QIIME 1 is now deprecated and no longer in use \u2013 it has been rewritten into QIIME 2 in 2016 with 112 colleagues from 79 units around the world. The QIIME 2 paper was written in Python 3 and published online on July 24th (2019) in the world\u2019s top academic Journal \u201cNature Biotechnology\u201d (Bolyen et al. 2019).\n\nAs the analytical method that truly represents a golden standard for current (and future) analysis of microbiome Amplicon Sequencing data, it is no wonder that QIIME2 citations have been increasing since QIIME 2 became available online in 2018. According to Google Scholar statistics, the Bolyen et al. (2019) paper for QIIME2 has been cited over 2500 times in a period of only 2 years. As for QIIME 1, the Caporaso et al. (2010) paper has so far been cited over 25 000 times, which puts this open-source platform at the forefront of microbiome studies. Importantly though, the citations of the QIIME1 paper have more recently shown a downward trend as QIIME 1 is deprecated and no longer in use / being updated.\n\nA novel functionality in QIIME2 (compared to QIIME 1) is a plug-in, which can be considered a standalone software project within the QIIME 2 pipeline. To perform analyses within QIIME 2, one can install different plugins that provide the specific analyses, depending on the pipeline we are aiming to develop. There are various QIIME 2 plugins that allow different analyses to be conducted, including: the q2-demux plug-ins (for demultiplexing samples & viewing sequence quality), q2-diversity plug-ins (to explore Alpha- and / or Beta-diversity metrices), and many others. Development / introduction of plug-ins into QIIME 2 allows the end-to-end microbiome analysis process, and importantly \u2013 users are provided with instructions to develop their own plug-ins and carry out additional analysis (when necessary)! This allows users to select and customize the analysis process for a specific need.\n\nQIIME2\u2019s classify-sklearn algorithm use Naive Bayes classifier, which has been documented to have a superior performance compared to other standard classification methods, particularly in terms of species annotation accuracy when using 16S rRNA gene and fungal ITS sequence datasets. In terms of the operating performance of the classifier, the computation time to carry out annotation analyses is more optimal than that of Vsearch, BLAST and other sequence annotation methods \u2013 as the number of our target / query sequences increases. QIIME 2 also outperforms other methods (such as RDP and SortMeRnA) as the reference sequence database increases, in terms of the operation time needed to conduct the taxonomic annotation. Overall, the Naive Bayes classifier (utilised in QIIME 2) outperforms other common classifiers in terms of operational stability and speed (Bokulich et al. 2018).\n\nIn addition to displaying statistical tables and static pictures in QIIME2, the process automatically provides a variety of interactive visual display forms, such as histograms of relative abundance of species, \u03b1-diversity, PCoA, etc. You can adjust the image format directly in the report, and output satisfactory images instantly.\nAnother specificity are the QZA and QZV files \u2013 these file formats are unique to QIIME 2. Apart from the actual data found within the QZA files, these files also contain information on the previous analysis steps undertaken, such as: the commands used, and the data that has been analysed. This allows to maximize the traceability and repeatability of the analysis steps, and additionally, the visualization results are included within the QZV files, such as: statistical tables, high-resolution graphs / plots, interactive web pages, and combined visuals. You can also upload QZA/QZV files online without installing the QIIME2 program, display the result chart in real time, and also simultaneously view the data analysis process, which greatly facilitates the sharing of analysis results.\n\n---------------------------------------------------------------------\n\nSourced from Novogene Website\uff1a\n\nhttps://en.novogene.com/resources/blog/still-not-use-qiime2-for-amplicon-analysis-youre-out/",
    "creation_date": "2021-09-10T10:30:54.139104+00:00",
    "has_accepted": false,
    "id": 488805,
    "lastedit_date": "2023-02-10T16:37:39.249406+00:00",
    "lastedit_user_uid": "8494",
    "parent_id": 488805,
    "rank": 1631269854.139115,
    "reply_count": 0,
    "root_id": 488805,
    "status": "Open",
    "status_id": 1,
    "subs_count": 1,
    "tag_val": "NGS,Sequencing",
    "thread_score": 0,
    "title": "Still Not Use QIIME2 for Amplicon Analysis? You\u2019re OUT!",
    "type": "Tool",
    "type_id": 10,
    "uid": "9488805",
    "url": "https://www.biostars.org/p/9488805/",
    "view_count": 1167,
    "vote_count": 0,
    "xhtml": "<p>I want to share with you a powerful tool named QIIME 2. It's handy for Amplicon analysis.</p>\n<p>What is QIIME 2?</p>\n<p>The Quantitative Insights Into Microbial Ecology (QIIME) microbiome bioinformatics platform has supported many microbiome studies and gained a broad user and developer community.</p>\n<p>QIIME 2\u2122(<a href=\"https://qiime2.org\" rel=\"nofollow\">https://qiime2.org</a>) is a new version of the microbiome analysis platform compare to Qiime1.\nOriginally conceptualized and developed by Professor Gregory Caporaso of Northern Arizona University, QIIME was designed to take users from raw DNA sequence data and finish with publication-quality figures and statistical results (Caporaso et al. 2010). QIIME 1 is now deprecated and no longer in use \u2013 it has been rewritten into QIIME 2 in 2016 with 112 colleagues from 79 units around the world. The QIIME 2 paper was written in Python 3 and published online on July 24th (2019) in the world\u2019s top academic Journal \u201cNature Biotechnology\u201d (Bolyen et al. 2019).</p>\n<p>As the analytical method that truly represents a golden standard for current (and future) analysis of microbiome Amplicon Sequencing data, it is no wonder that QIIME2 citations have been increasing since QIIME 2 became available online in 2018. According to Google Scholar statistics, the Bolyen et al. (2019) paper for QIIME2 has been cited over 2500 times in a period of only 2 years. As for QIIME 1, the Caporaso et al. (2010) paper has so far been cited over 25 000 times, which puts this open-source platform at the forefront of microbiome studies. Importantly though, the citations of the QIIME1 paper have more recently shown a downward trend as QIIME 1 is deprecated and no longer in use / being updated.</p>\n<p>A novel functionality in QIIME2 (compared to QIIME 1) is a plug-in, which can be considered a standalone software project within the QIIME 2 pipeline. To perform analyses within QIIME 2, one can install different plugins that provide the specific analyses, depending on the pipeline we are aiming to develop. There are various QIIME 2 plugins that allow different analyses to be conducted, including: the q2-demux plug-ins (for demultiplexing samples &amp; viewing sequence quality), q2-diversity plug-ins (to explore Alpha- and / or Beta-diversity metrices), and many others. Development / introduction of plug-ins into QIIME 2 allows the end-to-end microbiome analysis process, and importantly \u2013 users are provided with instructions to develop their own plug-ins and carry out additional analysis (when necessary)! This allows users to select and customize the analysis process for a specific need.</p>\n<p>QIIME2\u2019s classify-sklearn algorithm use Naive Bayes classifier, which has been documented to have a superior performance compared to other standard classification methods, particularly in terms of species annotation accuracy when using 16S rRNA gene and fungal ITS sequence datasets. In terms of the operating performance of the classifier, the computation time to carry out annotation analyses is more optimal than that of Vsearch, BLAST and other sequence annotation methods \u2013 as the number of our target / query sequences increases. QIIME 2 also outperforms other methods (such as RDP and SortMeRnA) as the reference sequence database increases, in terms of the operation time needed to conduct the taxonomic annotation. Overall, the Naive Bayes classifier (utilised in QIIME 2) outperforms other common classifiers in terms of operational stability and speed (Bokulich et al. 2018).</p>\n<p>In addition to displaying statistical tables and static pictures in QIIME2, the process automatically provides a variety of interactive visual display forms, such as histograms of relative abundance of species, \u03b1-diversity, PCoA, etc. You can adjust the image format directly in the report, and output satisfactory images instantly.\nAnother specificity are the QZA and QZV files \u2013 these file formats are unique to QIIME 2. Apart from the actual data found within the QZA files, these files also contain information on the previous analysis steps undertaken, such as: the commands used, and the data that has been analysed. This allows to maximize the traceability and repeatability of the analysis steps, and additionally, the visualization results are included within the QZV files, such as: statistical tables, high-resolution graphs / plots, interactive web pages, and combined visuals. You can also upload QZA/QZV files online without installing the QIIME2 program, display the result chart in real time, and also simultaneously view the data analysis process, which greatly facilitates the sharing of analysis results.</p>\n<hr>\n<p>Sourced from Novogene Website\uff1a</p>\n<p><a href=\"https://en.novogene.com/resources/blog/still-not-use-qiime2-for-amplicon-analysis-youre-out/\" rel=\"nofollow\">https://en.novogene.com/resources/blog/still-not-use-qiime2-for-amplicon-analysis-youre-out/</a></p>\n"
}