{
    "answer_count": 17,
    "author": "Michael",
    "author_uid": "55",
    "book_count": 7,
    "comment_count": 13,
    "content": "Assume we identify - by RNA-seq, tiling arrays, by prediction - possible candidate regions for non-coding, small RNAs. I wish to verify and predict the function of as many RNAs as possible by computation before going to the lab. One could use eg. Rfam to find similar sequences, after that we are left with more than 90% that have no match. One could predict the 2D structure using eg. [RNAfold][1], compare that using [RNAforester][2]. But that does not get me even close to a function prediction. Do you have experience with other tools or a better computational pipeline that gets more information out of the ncRNA candidates, possibly even something specific to bacteria.\r\n\r\n [1]: http://www.tbi.univie.ac.at/~ivo/RNA/RNAfold.html\r\n [2]: http://bibiserv.techfak.uni-bielefeld.de/rnaforester/",
    "creation_date": "2010-07-09T19:15:21.560000+00:00",
    "has_accepted": true,
    "id": 1640,
    "lastedit_date": "2022-03-21T20:19:49.217406+00:00",
    "lastedit_user_uid": "8494",
    "parent_id": 1640,
    "rank": 1536595984.219186,
    "reply_count": 17,
    "root_id": 1640,
    "status": "Open",
    "status_id": 1,
    "subs_count": 9,
    "tag_val": "sequence,rna,prediction",
    "thread_score": 37,
    "title": "Identified Potential Non-Coding Rna, And Then?",
    "type": "Question",
    "type_id": 0,
    "uid": "1662",
    "url": "https://www.biostars.org/p/1662/",
    "view_count": 7411,
    "vote_count": 12,
    "xhtml": "<p>Assume we identify - by RNA-seq, tiling arrays, by prediction - possible candidate regions for non-coding, small RNAs. I wish to verify and predict the function of as many RNAs as possible by computation before going to the lab. One could use eg. Rfam to find similar sequences, after that we are left with more than 90% that have no match. One could predict the 2D structure using eg. <a rel=\"nofollow\" href=\"http://www.tbi.univie.ac.at/~ivo/RNA/RNAfold.html\">RNAfold</a>, compare that using <a rel=\"nofollow\" href=\"http://bibiserv.techfak.uni-bielefeld.de/rnaforester/\">RNAforester</a>. But that does not get me even close to a function prediction. Do you have experience with other tools or a better computational pipeline that gets more information out of the ncRNA candidates, possibly even something specific to bacteria.</p>\n"
}