{
    "answer_count": 2,
    "author": "kynnjo",
    "author_uid": "12903",
    "book_count": 0,
    "comment_count": 1,
    "content": "I need to generate \"dummy\"/\"fake\", but \"formally valid\", VCF data to test the performance of processing pipelines.\r\n\r\nThe need for such data arises in many context, but at the moment I am most interested in measuring the performance of alternative approaches to merging large numbers (>10K) of single-sample VCFs.\r\n\r\nMost of the VCF data that I have ready access to is protected patient data, which limits what I can do with it (e.g. which cloud servers I can upload it to for processing).\r\n\r\nCan anyone recommend a method for generating dummy/fake single-sample VCFs?\r\n",
    "creation_date": "2023-02-13T15:33:25.853005+00:00",
    "has_accepted": false,
    "id": 554237,
    "lastedit_date": "2023-02-13T16:04:54.646231+00:00",
    "lastedit_user_uid": "30",
    "parent_id": 554237,
    "rank": 1676304294.82651,
    "reply_count": 2,
    "root_id": 554237,
    "status": "Open",
    "status_id": 1,
    "subs_count": 3,
    "tag_val": "vcf",
    "thread_score": 2,
    "title": "How to generate \"dummy\"/\"fake\" VCFs for testing software?",
    "type": "Question",
    "type_id": 0,
    "uid": "9554237",
    "url": "https://www.biostars.org/p/9554237/",
    "view_count": 729,
    "vote_count": 0,
    "xhtml": "<p>I need to generate \"dummy\"/\"fake\", but \"formally valid\", VCF data to test the performance of processing pipelines.</p>\n<p>The need for such data arises in many context, but at the moment I am most interested in measuring the performance of alternative approaches to merging large numbers (&gt;10K) of single-sample VCFs.</p>\n<p>Most of the VCF data that I have ready access to is protected patient data, which limits what I can do with it (e.g. which cloud servers I can upload it to for processing).</p>\n<p>Can anyone recommend a method for generating dummy/fake single-sample VCFs?</p>\n"
}