{
    "answer_count": 0,
    "author": "Bara'a",
    "author_uid": "10135",
    "book_count": 0,
    "comment_count": 0,
    "content": "Hi all :)\n\nDoes Protein ( Amino acid ) sequences have ( Simple Sequence Repeats ) SSR's in their contents?\n\nI'm wondering if I can extract SSR's from them...\n\nI'm working on a research that requires the extraction of SSR's info as a preprocessing step , and that works fine with me on cDNA sequences using [SciRoKo tool][1], which gives a fairly well structured output format that is easy to be accessed and analyzed by a source code pipeline , as shown in the attached picture.\n\n![< image not found >][2]\n\nBut when I attempted to use it with amino acid sequences it throws an exception complaining about the unrecognized contents of the file!!\n\n![< image not found >][3]\n\nI did some search and found [IMEX][4] .. I've never used it before , is it good enough to accomplish this task?\n\nI prefer to stick with the SciRoKo tool - for consistency and integration purposes - if anyone can help me to handle that exception ... if NOT , is there any other tools recommended to achieve this task?\n\nThanks to all who will help.\n\n [1]: http://kofler.or.at/bioinformatics/SciRoKo/\n [2]: http://i1033.photobucket.com/albums/a416/Baraa89/SciRoKo-SSR_zpsa485cf1c.png\n [3]: http://i1033.photobucket.com/albums/a416/Baraa89/SciRoKo_zps34dbee0d.png\n [4]: http://14.139.82.200/IMEX/index.html",
    "creation_date": "2014-12-04T23:20:27.017291+00:00",
    "has_accepted": false,
    "id": 116450,
    "lastedit_date": "2022-03-01T17:17:06.168697+00:00",
    "lastedit_user_uid": "8494",
    "parent_id": 116450,
    "rank": 1417735227.017291,
    "reply_count": 0,
    "root_id": 116450,
    "status": "Open",
    "status_id": 1,
    "subs_count": 0,
    "tag_val": "SSR,SciRoKo3.4,amino-acid",
    "thread_score": 0,
    "title": "How to extract SSR markers from amino acid sequences ?",
    "type": "Question",
    "type_id": 0,
    "uid": "122520",
    "url": "https://www.biostars.org/p/122520/",
    "view_count": 1852,
    "vote_count": 0,
    "xhtml": "<p>Hi all :)</p>\n<p>Does Protein ( Amino acid ) sequences have ( Simple Sequence Repeats ) SSR's in their contents?</p>\n<p>I'm wondering if I can extract SSR's from them...</p>\n<p>I'm working on a research that requires the extraction of SSR's info as a preprocessing step , and that works fine with me on cDNA sequences using <a href=\"http://kofler.or.at/bioinformatics/SciRoKo/\" rel=\"nofollow\">SciRoKo tool</a>, which gives a fairly well structured output format that is easy to be accessed and analyzed by a source code pipeline , as shown in the attached picture.</p>\n<p><img alt=\"< image not found >\" src=\"http://i1033.photobucket.com/albums/a416/Baraa89/SciRoKo-SSR_zpsa485cf1c.png\"></p>\n<p>But when I attempted to use it with amino acid sequences it throws an exception complaining about the unrecognized contents of the file!!</p>\n<p><img alt=\"< image not found >\" src=\"http://i1033.photobucket.com/albums/a416/Baraa89/SciRoKo_zps34dbee0d.png\"></p>\n<p>I did some search and found <a href=\"http://14.139.82.200/IMEX/index.html\" rel=\"nofollow\">IMEX</a> .. I've never used it before , is it good enough to accomplish this task?</p>\n<p>I prefer to stick with the SciRoKo tool - for consistency and integration purposes - if anyone can help me to handle that exception ... if NOT , is there any other tools recommended to achieve this task?</p>\n<p>Thanks to all who will help.</p>\n"
}