{
    "answer_count": 3,
    "author": "TS",
    "author_uid": "33400",
    "book_count": 0,
    "comment_count": 2,
    "content": "Hello,\r\n\r\nI have a question regarding the best practice for data format for visualization via IGV:\r\n\r\nIn my RNA-Seq pipeline I have created .bam and .bai files from .fastq reads via PICARD.\r\n\r\nNow I'm unsure if I have to convert the .bam and .bai files further for visualization via IGV because I have seen other pipelines converting the .bam and .bai files to .bedgraph and then further to .bigwig.\r\n\r\nHowever, I didn't find the reason / advantage on why to do this.\r\n\r\nCan someone give me the current best practice on visualization of RNA-Seq aligned sequences data via IGV?\r\n\r\nThanks,\r\nThomas",
    "creation_date": "2022-01-11T16:08:49.850947+00:00",
    "has_accepted": false,
    "id": 505296,
    "lastedit_date": "2022-01-12T13:32:11.869430+00:00",
    "lastedit_user_uid": "16222",
    "parent_id": 505296,
    "rank": 1641924980.828318,
    "reply_count": 3,
    "root_id": 505296,
    "status": "Open",
    "status_id": 1,
    "subs_count": 4,
    "tag_val": "rna,bam,visualization,rna-seq,igv",
    "thread_score": 1,
    "title": "Best practice for RNA-Seq aligned sequences data for visualization via IGV",
    "type": "Question",
    "type_id": 0,
    "uid": "9505296",
    "url": "https://www.biostars.org/p/9505296/",
    "view_count": 1542,
    "vote_count": 0,
    "xhtml": "<p>Hello,</p>\n<p>I have a question regarding the best practice for data format for visualization via IGV:</p>\n<p>In my RNA-Seq pipeline I have created .bam and .bai files from .fastq reads via PICARD.</p>\n<p>Now I'm unsure if I have to convert the .bam and .bai files further for visualization via IGV because I have seen other pipelines converting the .bam and .bai files to .bedgraph and then further to .bigwig.</p>\n<p>However, I didn't find the reason / advantage on why to do this.</p>\n<p>Can someone give me the current best practice on visualization of RNA-Seq aligned sequences data via IGV?</p>\n<p>Thanks,\nThomas</p>\n"
}