{
    "answer_count": 0,
    "author": "SJ Basu",
    "author_uid": "14473",
    "book_count": 0,
    "comment_count": 0,
    "content": "Hello people,\r\n\r\nI am using OPERA-LG on bacterial genomic data (more like a test run before I use it on actual mammalian genome) from illumina (short reads) and pacbio (long reads). The short reads were used to generate contigs using velvet. Now when I am executing the OPERA-long-read.pl script on my data, the shorts reads shows zero mapping to the contigs and hence the pipeline is not going forward :( ....Has anyone faced this problem ??? After digging a little deep I found that this following command does the mapping in preprocess.pl :  ${path}bowtie -v 3 -a -m 1 -S -t $fasta -p 15 $folder$contigName[ -1 ] - 2>${folder}bowtie.err | sort -n > $folder$outputFile ....can anyone locate what can be the issue ??? any suggestion or help is highly appreciated ",
    "creation_date": "2016-09-14T13:15:14.056381+00:00",
    "has_accepted": false,
    "id": 203424,
    "lastedit_date": "2016-09-14T13:15:14.056381+00:00",
    "lastedit_user_uid": "14473",
    "parent_id": 203424,
    "rank": 1473858914.056381,
    "reply_count": 0,
    "root_id": 203424,
    "status": "Open",
    "status_id": 1,
    "subs_count": 0,
    "tag_val": "Assembly,OPERA-LG,scaffolding",
    "thread_score": 0,
    "title": "OPERA-LG error: short reads are not mapping ",
    "type": "Question",
    "type_id": 0,
    "uid": "211833",
    "url": "https://www.biostars.org/p/211833/",
    "view_count": 1874,
    "vote_count": 0,
    "xhtml": "<p>Hello people,</p>\n\n<p>I am using OPERA-LG on bacterial genomic data (more like a test run before I use it on actual mammalian genome) from illumina (short reads) and pacbio (long reads). The short reads were used to generate contigs using velvet. Now when I am executing the OPERA-long-read.pl script on my data, the shorts reads shows zero mapping to the contigs and hence the pipeline is not going forward :( ....Has anyone faced this problem ??? After digging a little deep I found that this following command does the mapping in preprocess.pl :  ${path}bowtie -v 3 -a -m 1 -S -t $fasta -p 15 $folder$contigName[ -1 ] - 2&gt;${folder}bowtie.err | sort -n &gt; $folder$outputFile ....can anyone locate what can be the issue ??? any suggestion or help is highly appreciated </p>\n"
}