{
    "answer_count": 0,
    "author": "nancy",
    "author_uid": "58204",
    "book_count": 0,
    "comment_count": 0,
    "content": "Hi,\u00a0\r\n\r\nI'm using gmap version 2017-11-15 but getting the following error while running it within the PASA pipeline.\u00a0Any help\u00a0would be really appreciated.\u00a0\r\n\r\n\r\nSignal received: SIGSEGVCalling Access_emergency_cleanupProblem sequence: DV021311.1 (557 bp)\r\n\r\nYou may want to run 'ipcs -m' to see if any shared memory segments are still in useYou can remove a shared memory segment manually by doing 'ipcrm -m <shmid>'\r\nProblem sequence: DT947740.1 (328 bp)\r\n\r\nYou may want to run 'ipcs -m' to see if any shared memory segments are still in useYou can remove a shared memory segment manually by doing 'ipcrm -m <shmid>'\r\nProblem sequence: DV020903.1 (450 bp)\r\n\r\nProblem sequence: DT947595.1 (543 bp)\r\nYou may want to run 'ipcs -m' to see if any shared memory segments are still in useYou can remove a shared memory segment manually by doing 'ipcrm -m <shmid>'\r\n\r\nProblem sequence: DV019953.1 (626 bp)\r\nYou may want to run 'ipcs -m' to see if any shared memory segments are still in useYou can remove a shared memory segment manually by doing 'ipcrm -m <shmid>'\r\nProblem sequence:\u00a0\r\n\r\nDV031177.1 (479 bp)\r\nYou may want to run 'ipcs -m' to see if any shared memory segments are still in useYou may want to run 'ipcs -m' to see if any shared memory segments are still in useYou can remove a shared memory segment manually by doing 'ipcrm -m <shmid>'You may want to run 'ipcs -m' to see if any shared memory segments are still in useYou can remove a shared memory segment manually by doing 'ipcrm -m <shmid>'\r\nProblem sequence: You can remove a shared memory segment manually by doing 'ipcrm -m <shmid>'",
    "creation_date": "2019-12-04T00:07:39.771579+00:00",
    "has_accepted": false,
    "id": 395783,
    "lastedit_date": "2019-12-04T00:08:24.688804+00:00",
    "lastedit_user_uid": "58204",
    "parent_id": 395783,
    "rank": 1575418104.688804,
    "reply_count": 0,
    "root_id": 395783,
    "status": "Open",
    "status_id": 1,
    "subs_count": 0,
    "tag_val": "gmap,PASA",
    "thread_score": 0,
    "title": "GMAP error in aligning EST dataset",
    "type": "Question",
    "type_id": 0,
    "uid": "410782",
    "url": "https://www.biostars.org/p/410782/",
    "view_count": 1001,
    "vote_count": 0,
    "xhtml": "<p>Hi,\u00a0</p>\n\n<p>I'm using gmap version 2017-11-15 but getting the following error while running it within the PASA pipeline.\u00a0Any help\u00a0would be really appreciated.\u00a0</p>\n\n<p>Signal received: SIGSEGVCalling Access_emergency_cleanupProblem sequence: DV021311.1 (557 bp)</p>\n\n<p>You may want to run 'ipcs -m' to see if any shared memory segments are still in useYou can remove a shared memory segment manually by doing 'ipcrm -m &lt;shmid&gt;'\nProblem sequence: DT947740.1 (328 bp)</p>\n\n<p>You may want to run 'ipcs -m' to see if any shared memory segments are still in useYou can remove a shared memory segment manually by doing 'ipcrm -m &lt;shmid&gt;'\nProblem sequence: DV020903.1 (450 bp)</p>\n\n<p>Problem sequence: DT947595.1 (543 bp)\nYou may want to run 'ipcs -m' to see if any shared memory segments are still in useYou can remove a shared memory segment manually by doing 'ipcrm -m &lt;shmid&gt;'</p>\n\n<p>Problem sequence: DV019953.1 (626 bp)\nYou may want to run 'ipcs -m' to see if any shared memory segments are still in useYou can remove a shared memory segment manually by doing 'ipcrm -m &lt;shmid&gt;'\nProblem sequence:\u00a0</p>\n\n<p>DV031177.1 (479 bp)\nYou may want to run 'ipcs -m' to see if any shared memory segments are still in useYou may want to run 'ipcs -m' to see if any shared memory segments are still in useYou can remove a shared memory segment manually by doing 'ipcrm -m &lt;shmid&gt;'You may want to run 'ipcs -m' to see if any shared memory segments are still in useYou can remove a shared memory segment manually by doing 'ipcrm -m &lt;shmid&gt;'\nProblem sequence: You can remove a shared memory segment manually by doing 'ipcrm -m &lt;shmid&gt;'</p>\n"
}