{
    "answer_count": 1,
    "author": "krishnajandhyalaa",
    "author_uid": "56671",
    "book_count": 0,
    "comment_count": 1,
    "content": "Hello all,\r\n\r\nMy name is krishna. I'm using Mutmap plus and QTL seq framework for my QTL seq (Quantitative trait locus). I'm posting this question because there is no site with info regarding the errors in the above mentioned frameworks. I request you all to please help me where can i find a solution. I'm not listing the errors just because there are lot many. If these frameworks are reliable to proceed with QTLseq ? If not please suggest me the best pipelines for QTL analysis.\r\n\r\nDescription of the data i have:\r\n\r\n**Total samples=8 (~7+7G .gz PE files)**\r\n\r\n**MAPPING FOR TOMATO GBNV**\r\n\r\n**T1** - IIHR-2901 - RESISTANT PARENT\r\n\r\n**T2** - IIHR-2265 - SUSCEPTIBLE PARENT\r\n\r\n**T3** - RESISTANT BULK - F2 OF IIHR-2265 X IIHR-2901\r\n\r\n**T4** - SUSCEPTIBLE BULK - F2 OF IIHR-2265 X IIHR-2901\r\n\r\n**MAPPING FOR TOMATO EARLY BLIGHT**\r\n\r\n**E1** - IIHR-2620 - SUSCEPTIBLE PARENT\r\n\r\n**E2** - IIHR-2891 - RESISTANT PARENT\r\n\r\n**E3** - SUSCEPTIBLE BULK - F2 OF IIHR-2620 X IIHR-2891\r\n\r\n**E4** - RESISTANT BULK - F2 OF IIHR-2620 X IIHR-2891\r\n\r\n**Config of my server:**\r\n\r\nNo of CPU cores : 24\r\n\r\nRAM : 512G\r\n\r\nStorage : 5T\r\n\r\nOS : Ubuntu 12.0.4 LTS\r\n\r\nPlease help me with your suggestions,\r\n\r\nThank you very much in advance..",
    "creation_date": "2019-07-13T06:13:27.591547+00:00",
    "has_accepted": false,
    "id": 376008,
    "lastedit_date": "2023-06-27T12:06:20.493169+00:00",
    "lastedit_user_uid": "56671",
    "parent_id": 376008,
    "rank": 1562998407.591547,
    "reply_count": 1,
    "root_id": 376008,
    "status": "Open",
    "status_id": 1,
    "subs_count": 0,
    "tag_val": "Mutmap,mutmap plus,,QTL Seq,QTL Mapping",
    "thread_score": 0,
    "title": "Mutmap plus Pipeline errors",
    "type": "Question",
    "type_id": 0,
    "uid": "389489",
    "url": "https://www.biostars.org/p/389489/",
    "view_count": 1266,
    "vote_count": 0,
    "xhtml": "<p>Hello all,</p>\n\n<p>My name is krishna. I'm using Mutmap plus and QTL seq framework for my QTL seq (Quantitative trait locus). I'm posting this question because there is no site with info regarding the errors in the above mentioned frameworks. I request you all to please help me where can i find a solution. I'm not listing the errors just because there are lot many. If these frameworks are reliable to proceed with QTLseq ? If not please suggest me the best pipelines for QTL analysis.</p>\n\n<p>Description of the data i have:</p>\n\n<p><strong>Total samples=8 (~7+7G .gz PE files)</strong></p>\n\n<p><strong>MAPPING FOR TOMATO GBNV</strong></p>\n\n<p><strong>T1</strong> - IIHR-2901 - RESISTANT PARENT</p>\n\n<p><strong>T2</strong> - IIHR-2265 - SUSCEPTIBLE PARENT</p>\n\n<p><strong>T3</strong> - RESISTANT BULK - F2 OF IIHR-2265 X IIHR-2901</p>\n\n<p><strong>T4</strong> - SUSCEPTIBLE BULK - F2 OF IIHR-2265 X IIHR-2901</p>\n\n<p><strong>MAPPING FOR TOMATO EARLY BLIGHT</strong></p>\n\n<p><strong>E1</strong> - IIHR-2620 - SUSCEPTIBLE PARENT</p>\n\n<p><strong>E2</strong> - IIHR-2891 - RESISTANT PARENT</p>\n\n<p><strong>E3</strong> - SUSCEPTIBLE BULK - F2 OF IIHR-2620 X IIHR-2891</p>\n\n<p><strong>E4</strong> - RESISTANT BULK - F2 OF IIHR-2620 X IIHR-2891</p>\n\n<p><strong>Config of my server:</strong></p>\n\n<p>No of CPU cores : 24</p>\n\n<p>RAM : 512G</p>\n\n<p>Storage : 5T</p>\n\n<p>OS : Ubuntu 12.0.4 LTS</p>\n\n<p>Please help me with your suggestions,</p>\n\n<p>Thank you very much in advance..</p>\n"
}