{
    "answer_count": 2,
    "author": "sselvar",
    "author_uid": "56556",
    "book_count": 0,
    "comment_count": 2,
    "content": "Hi, \r\n\r\nI have 40 raw vcf files and I was able to convert all these 40 vcf files to 40 individual maf files. But, when I read the GDC pipeline it was mentioned that a single maf files could be generated for a single project involving multiple vcf files. I was curious to know if vcf2maf can do this conversion i.e., if vcf2maf can convert multiple vcf files to a single aggregated maf file.\r\nIf it can be done, can you tell how to do so? ",
    "creation_date": "2019-07-08T16:12:01.461177+00:00",
    "has_accepted": false,
    "id": 375245,
    "lastedit_date": "2019-07-08T16:12:27.570851+00:00",
    "lastedit_user_uid": "37605",
    "parent_id": 375245,
    "rank": 1562602347.570851,
    "reply_count": 2,
    "root_id": 375245,
    "status": "Open",
    "status_id": 1,
    "subs_count": 1,
    "tag_val": "genome,sequencing,SNP",
    "thread_score": 4,
    "title": "Is it possible to generate a single maf file from multiple vcf files using vcf2maf ?",
    "type": "Question",
    "type_id": 0,
    "uid": "388689",
    "url": "https://www.biostars.org/p/388689/",
    "view_count": 1709,
    "vote_count": 2,
    "xhtml": "<p>Hi, </p>\n\n<p>I have 40 raw vcf files and I was able to convert all these 40 vcf files to 40 individual maf files. But, when I read the GDC pipeline it was mentioned that a single maf files could be generated for a single project involving multiple vcf files. I was curious to know if vcf2maf can do this conversion i.e., if vcf2maf can convert multiple vcf files to a single aggregated maf file.\nIf it can be done, can you tell how to do so? </p>\n"
}