{
    "answer_count": 45,
    "author": "Giovanni M Dall'Olio",
    "author_uid": "23",
    "book_count": 43,
    "comment_count": 25,
    "content": "In bioinformatics it is very common to end up with a lot of small scripts, each one with a different scope - plotting a chart, converting a file into another format, execute small operations - so it is very important to have a good way to clue them together, to define which should be executed before the others and so on.\n\nHow do you deal with the problem? Do you use makefiles, taverna workflows, batch scripts, or any other solution?",
    "creation_date": "2010-02-26T22:49:35.150000+00:00",
    "has_accepted": false,
    "id": 79,
    "lastedit_date": "2023-10-17T20:50:16.672281+00:00",
    "lastedit_user_uid": "8494",
    "parent_id": 79,
    "rank": 1531528010.322039,
    "reply_count": 45,
    "root_id": 79,
    "status": "Open",
    "status_id": 1,
    "subs_count": 27,
    "tag_val": "pipeline,general",
    "thread_score": 185,
    "title": "How To Organize A Pipeline Of Small Scripts Together?",
    "type": "Question",
    "type_id": 0,
    "uid": "79",
    "url": "https://www.biostars.org/p/79/",
    "view_count": 32436,
    "vote_count": 44,
    "xhtml": "<p>In bioinformatics it is very common to end up with a lot of small scripts, each one with a different scope - plotting a chart, converting a file into another format, execute small operations - so it is very important to have a good way to clue them together, to define which should be executed before the others and so on.</p>\n<p>How do you deal with the problem? Do you use makefiles, taverna workflows, batch scripts, or any other solution?</p>\n"
}