{
    "answer_count": 0,
    "author": "Ben",
    "author_uid": "137422",
    "book_count": 0,
    "comment_count": 1,
    "content": "I seek a bioinformatician with experience setting up pipelines in an academic environment. \n\nI want to be able to take different file formats from WGS and then do QC, imputation, and then run PGS using different industry-standard libraries and tools. \n\nI am open to paying hourly or a fixed price for this project. Please let me know if you have any questions or just respond to my below email.\n\nThanks,\n-Ben\nbensaini7@gmail.com\n+1 (516) 661-5678",
    "creation_date": "2023-10-04T04:28:27.669462+00:00",
    "has_accepted": false,
    "id": 576576,
    "lastedit_date": "2023-10-04T14:59:27.139324+00:00",
    "lastedit_user_uid": "137422",
    "parent_id": 576576,
    "rank": 1696393707.669472,
    "reply_count": 0,
    "root_id": 576576,
    "status": "Open",
    "status_id": 1,
    "subs_count": 2,
    "tag_val": "bim,plink,fam,bed,PGS",
    "thread_score": 2,
    "title": "Need help to setup a PGS pipeline",
    "type": "Job",
    "type_id": 2,
    "uid": "9576576",
    "url": "https://www.biostars.org/p/9576576/",
    "view_count": 678,
    "vote_count": 0,
    "xhtml": "<p>I seek a bioinformatician with experience setting up pipelines in an academic environment.</p>\n<p>I want to be able to take different file formats from WGS and then do QC, imputation, and then run PGS using different industry-standard libraries and tools.</p>\n<p>I am open to paying hourly or a fixed price for this project. Please let me know if you have any questions or just respond to my below email.</p>\n<p>Thanks,\n-Ben\nbensaini7@gmail.com\n+1 (516) 661-5678</p>\n"
}