{
    "answer_count": 2,
    "author": "Kumar",
    "author_uid": "51062",
    "book_count": 0,
    "comment_count": 2,
    "content": "I have entire protein sequences of a particular fungal species (Trichophyton). I need to predict/identify virulence factors from the protein sequences. Hence, can anybody suggest me tool/pipeline to do the same.\n\nThanks in advance.",
    "creation_date": "2021-06-01T12:46:33.227945+00:00",
    "has_accepted": false,
    "id": 473158,
    "lastedit_date": "2023-06-19T18:03:39.984107+00:00",
    "lastedit_user_uid": "8494",
    "parent_id": 473158,
    "rank": 1622551593.227961,
    "reply_count": 2,
    "root_id": 473158,
    "status": "Open",
    "status_id": 1,
    "subs_count": 2,
    "tag_val": "gene,genome,sequence",
    "thread_score": 1,
    "title": "Any pipeline/tool to predict fungal virulence factors ?",
    "type": "Question",
    "type_id": 0,
    "uid": "9473158",
    "url": "https://www.biostars.org/p/9473158/",
    "view_count": 818,
    "vote_count": 0,
    "xhtml": "<p>I have entire protein sequences of a particular fungal species (Trichophyton). I need to predict/identify virulence factors from the protein sequences. Hence, can anybody suggest me tool/pipeline to do the same.</p>\n<p>Thanks in advance.</p>\n"
}