{
    "answer_count": 0,
    "author": "RT",
    "author_uid": "7459",
    "book_count": 0,
    "comment_count": 0,
    "content": "Hello all,\n\nThis is my first time using MNASE data, and i am looking for a way to convert peaks to genes. From the peak file, I am a bit confused in selecting significant peaks or as what filter should be used to get the most significant peaks. The below file was generated from PuFFIN with columns peak (start and width), peak score, fuzziness, and curve level. What will this fuzziness term signify and how should a non-zero value of this should be interpreted?\n\n```\nhead Rchr1.bed.nucs #(peaks for chromosome 1)\n\n# Location      Peak_width      Score   STD(fuzziness)  Curve_level\n28828.00        39.00   1.00    0.00    0.00\n35567.00        33.00   1.00    0.00    0.00\n41684.00        36.00   1.00    0.00    0.00\n49437.00        29.00   1.00    0.00    0.00\n49941.00        63.00   1.00    0.00    0.00\n55062.00        38.00   1.00    0.00    0.00\n55753.00        74.00   1.00    0.00    0.00\n56157.00        52.00   2.00    6.75    0.00\n68266.00        92.00   2.00    18.00   0.00\n```\n\nI would also appreciate if someone can point me to commonly used pipeline for MNASE ChIP-Seq data.\n\nThanks.",
    "creation_date": "2014-08-27T03:49:27.375911+00:00",
    "has_accepted": false,
    "id": 104913,
    "lastedit_date": "2021-12-22T15:51:29.291569+00:00",
    "lastedit_user_uid": "8494",
    "parent_id": 104913,
    "rank": 1410712928.649697,
    "reply_count": 0,
    "root_id": 104913,
    "status": "Open",
    "status_id": 1,
    "subs_count": 0,
    "tag_val": "PuFFIN,MNASE",
    "thread_score": 0,
    "title": "MNASE peak calling",
    "type": "Question",
    "type_id": 0,
    "uid": "110689",
    "url": "https://www.biostars.org/p/110689/",
    "view_count": 2227,
    "vote_count": 0,
    "xhtml": "<p>Hello all,</p>\n<p>This is my first time using MNASE data, and i am looking for a way to convert peaks to genes. From the peak file, I am a bit confused in selecting significant peaks or as what filter should be used to get the most significant peaks. The below file was generated from PuFFIN with columns peak (start and width), peak score, fuzziness, and curve level. What will this fuzziness term signify and how should a non-zero value of this should be interpreted?</p>\n<pre><code>head Rchr1.bed.nucs #(peaks for chromosome 1)\n\n# Location      Peak_width      Score   STD(fuzziness)  Curve_level\n28828.00        39.00   1.00    0.00    0.00\n35567.00        33.00   1.00    0.00    0.00\n41684.00        36.00   1.00    0.00    0.00\n49437.00        29.00   1.00    0.00    0.00\n49941.00        63.00   1.00    0.00    0.00\n55062.00        38.00   1.00    0.00    0.00\n55753.00        74.00   1.00    0.00    0.00\n56157.00        52.00   2.00    6.75    0.00\n68266.00        92.00   2.00    18.00   0.00\n</code></pre>\n<p>I would also appreciate if someone can point me to commonly used pipeline for MNASE ChIP-Seq data.</p>\n<p>Thanks.</p>\n"
}