{
    "answer_count": 0,
    "author": "chao.xing",
    "author_uid": "37976",
    "book_count": 0,
    "comment_count": 0,
    "content": "The Bioinformatics Core of McDermott Center for Human Growth and Development at University of Texas Southwestern Medical Center at Dallas solicits applications for Computational Biologist I & II.\n \nPosition Details\n\nCandidates will work as part of a team in Center\\'s Bioinformatics Core to maintain and revise reliable high performance next-generation sequencing (NGS) data analysis pipeline systems, to process/analyze data in a reliable and timely fashion. \n\nCandidates must have good customer service and communication skills with faculty scientists and sequencing core.\n\n1. Perform professional work in support of scientific research using technical knowledge of software, software development, networking, and/or hardware in a complex computing environment. \n2. Perform complex data analysis related to specialized research methodologies and results as assigned. \n3. Develop and/or modify software to support new and ongoing research projects. \n4. Develop and maintain complex databases to support new and ongoing research projects.\n5. Performs other duties as assigned.\n\nVisit us at: http://www.utsouthwestern.edu/labs/bioinformatics-core/.\n\nContact: Chao Xing, Ph.D., chao.xing@utsouthwestern.edu\n\nUT Southwestern Medical Center at Dallas is an equal opportunity employer.\n\nExperience & Education Required\n\n1. Master's or Doctor's degree in Computer Science, Bioinformatics, Biostatistics, or Statistics.\n2. Experienced with Linux.\n3. Experienced with scripting languages such as Python and Perl.\n4. Experience with R.",
    "creation_date": "2017-03-21T18:41:40.598282+00:00",
    "has_accepted": false,
    "id": 234014,
    "lastedit_date": "2023-05-11T18:19:38.328754+00:00",
    "lastedit_user_uid": "8494",
    "parent_id": 234014,
    "rank": 1490133550.311049,
    "reply_count": 0,
    "root_id": 234014,
    "status": "Open",
    "status_id": 1,
    "subs_count": 0,
    "tag_val": "sequencing,ChIP-Seq,R,RNA-Seq",
    "thread_score": 1,
    "title": "Computational biologist / Bioinformatician I & II at University of Texas Southwestern Medical Center at Dallas",
    "type": "Job",
    "type_id": 2,
    "uid": "243066",
    "url": "https://www.biostars.org/p/243066/",
    "view_count": 1458,
    "vote_count": 1,
    "xhtml": "<p>The Bioinformatics Core of McDermott Center for Human Growth and Development at University of Texas Southwestern Medical Center at Dallas solicits applications for Computational Biologist I &amp; II.</p>\n<p>Position Details</p>\n<p>Candidates will work as part of a team in Center\\'s Bioinformatics Core to maintain and revise reliable high performance next-generation sequencing (NGS) data analysis pipeline systems, to process/analyze data in a reliable and timely fashion.</p>\n<p>Candidates must have good customer service and communication skills with faculty scientists and sequencing core.</p>\n<ol>\n<li>Perform professional work in support of scientific research using technical knowledge of software, software development, networking, and/or hardware in a complex computing environment. </li>\n<li>Perform complex data analysis related to specialized research methodologies and results as assigned. </li>\n<li>Develop and/or modify software to support new and ongoing research projects. </li>\n<li>Develop and maintain complex databases to support new and ongoing research projects.</li>\n<li>Performs other duties as assigned.</li>\n</ol>\n<p>Visit us at: <a href=\"http://www.utsouthwestern.edu/labs/bioinformatics-core/\" rel=\"nofollow\">http://www.utsouthwestern.edu/labs/bioinformatics-core/</a>.</p>\n<p>Contact: Chao Xing, Ph.D., chao.xing@utsouthwestern.edu</p>\n<p>UT Southwestern Medical Center at Dallas is an equal opportunity employer.</p>\n<p>Experience &amp; Education Required</p>\n<ol>\n<li>Master's or Doctor's degree in Computer Science, Bioinformatics, Biostatistics, or Statistics.</li>\n<li>Experienced with Linux.</li>\n<li>Experienced with scripting languages such as Python and Perl.</li>\n<li>Experience with R.</li>\n</ol>\n"
}