{
    "answer_count": 9,
    "author": "bridgetaylward13",
    "author_uid": "114782",
    "book_count": 0,
    "comment_count": 9,
    "content": "Hi all, I am following the ATACseq normalization and analysis pipeline outlined in this manuscript [Reske et. al, 2020][1], and I am at the point of processing the MACS2 output in R. I used the following commands to specify my bamfiles, set the discard parameter to the blacklist for mm10, restrict the regions to the standard chromosomes, and set the parameter for the command:\n\n```r\n# specify paired end bams\npe.bams.DN3 <- c(\"plusminus_DN3_1_sorted.sub.filt.noMT.bam\", \"plusminus_DN3_2_sorted.sub.filt.noMT.bam\",\n\"mutminus_DN3_1_sorted.sub.filt.noMT.bam\", \"mutminus_DN3_2_sorted.sub.filt.noMT.bam\")\n\n# read blacklist\nblacklist <- read.table(\"mm10-blacklist.v2.bed\", sep=\"\\t\")\ncolnames(blacklist) <- c(\"chrom\", \"start\", \"end\")\nblacklist <- GRanges(blacklist)\n\n# define read parameters\nstandard.chr <- paste0(\"chr\", c(1:19, \"X\", \"Y\")) # only use standard chromosomes\nparam <- readParam(max.frag=1000, pe=\"both\", discard=blacklist, restrict=standard.chr)\n\n# count reads in windows specified by MACS2\npeak.counts.DN3 <- regionCounts(pe.bams.DN3, all.peaks.DN3, param=param)\n```\n\nHowever, when I run the regionCounts command I get the following error:\n\n```r\npeak.counts.DN3 <- regionCounts(pe.bams.DN3, all.peaks.DN3, param=param)\n\nError: BiocParallel errors\n1 remote errors, element index: 1\n3 unevaluated and other errors\nfirst remote error:\nError in .extractPE(bam.file, where = where, param = param): position vector should be 1-based\n```\n\nWhen I enter traceback() I get the following:\n\n```r\ntraceback()\n\n7: stop(.error_bplist(res))\n\n6: .bpinit(manager = manager, X = X, FUN = FUN, ARGS = ARGS, BPPARAM = BPPARAM,\nBPOPTIONS = BPOPTIONS, BPREDO = BPREDO)\n\n5: bplapply(X = seq_along(ddd[[1L]]), wrap, .FUN = FUN, .ddd = ddd,\n.MoreArgs = MoreArgs, BPREDO = BPREDO, BPPARAM = BPPARAM,\nBPOPTIONS = BPOPTIONS)\n\n4: bplapply(X = seq_along(ddd[[1L]]), wrap, .FUN = FUN, .ddd = ddd,\n.MoreArgs = MoreArgs, BPREDO = BPREDO, BPPARAM = BPPARAM,\nBPOPTIONS = BPOPTIONS)\n\n3: bpmapply(FUN = .region_counts, bam.file = bam.files, init.ext = ext.data$ext,\nMoreArgs = list(where = where, param = param, final.ext = ext.data$final,\noutlen = outlen, regions = regions, chosen = chosen),\nBPPARAM = BPPARAM, SIMPLIFY = FALSE)\n\n2: bpmapply(FUN = .region_counts, bam.file = bam.files, init.ext = ext.data$ext,\nMoreArgs = list(where = where, param = param, final.ext = ext.data$final,\noutlen = outlen, regions = regions, chosen = chosen),\nBPPARAM = BPPARAM, SIMPLIFY = FALSE)\n\n1: regionCounts(pe.bams.DN3, all.peaks.DN3, param = param)\n```\n\nIs this an issue with my bam files or with BiocParallel? Do you have any suggestions for how to address this problem? Thank you in advance for your help.\n\nBelow is my session info:\n\n```r\nR version 4.2.1 (2022-06-23)\nPlatform: x86_64-pc-linux-gnu (64-bit)\nRunning under: Ubuntu 20.04.5 LTS\n\nMatrix products: default\nBLAS: /usr/lib/x86_64-linux-gnu/blas/libblas.so.3.9.0\nLAPACK: /usr/lib/x86_64-linux-gnu/lapack/liblapack.so.3.9.0\n\nlocale:\n[1] LC_CTYPE=en_US.UTF-8 LC_NUMERIC=C LC_TIME=en_US.UTF-8 LC_COLLATE=en_US.UTF-8 LC_MONETARY=en_US.UTF-8\n[6] LC_MESSAGES=en_US.UTF-8 LC_PAPER=en_US.UTF-8 LC_NAME=C LC_ADDRESS=C LC_TELEPHONE=C\n[11] LC_MEASUREMENT=en_US.UTF-8 LC_IDENTIFICATION=C\n\nattached base packages:\n[1] stats4 stats graphics grDevices utils datasets methods base\n\nother attached packages:\n[1] csaw_1.30.1 SummarizedExperiment_1.26.1 Biobase_2.56.0 MatrixGenerics_1.8.1\n[5] matrixStats_0.62.0 GenomicRanges_1.48.0 GenomeInfoDb_1.32.4 IRanges_2.30.1\n[9] S4Vectors_0.34.0 BiocGenerics_0.42.0\n\nloaded via a namespace (and not attached):\n[1] Rcpp_1.0.9 rstudioapi_0.14 edgeR_3.38.4 XVector_0.36.0 zlibbioc_1.42.0\n[6] BiocParallel_1.30.3 lattice_0.20-45 tools_4.2.1 parallel_4.2.1 grid_4.2.1\n[11] crayon_1.5.2 Matrix_1.5-1 GenomeInfoDbData_1.2.8 BiocManager_1.30.18 bitops_1.0-7\n[16] codetools_0.2-18 RCurl_1.98-1.8 limma_3.52.4 DelayedArray_0.22.0 compiler_4.2.1\n[21] Biostrings_2.64.1 Rsamtools_2.12.0 metapod_1.4.0 locfit_1.5-9.6\n```\n\n  [1]: https://epigeneticsandchromatin.biomedcentral.com/articles/10.1186/s13072-020-00342-y\n\nThank you in advance for any help!",
    "creation_date": "2022-10-11T18:05:48.425310+00:00",
    "has_accepted": false,
    "id": 541255,
    "lastedit_date": "2023-08-14T17:27:49.829976+00:00",
    "lastedit_user_uid": "135706",
    "parent_id": 541255,
    "rank": 1691665329.893307,
    "reply_count": 9,
    "root_id": 541255,
    "status": "Open",
    "status_id": 1,
    "subs_count": 3,
    "tag_val": "csaw,R,ATAC-seq",
    "thread_score": 1,
    "title": "ATAC seq Normalization and analysis pipeline problems",
    "type": "Question",
    "type_id": 0,
    "uid": "9541255",
    "url": "https://www.biostars.org/p/9541255/",
    "view_count": 1816,
    "vote_count": 0,
    "xhtml": "<p>Hi all, I am following the ATACseq normalization and analysis pipeline outlined in this manuscript <a href=\"https://epigeneticsandchromatin.biomedcentral.com/articles/10.1186/s13072-020-00342-y\" rel=\"nofollow\">Reske et. al, 2020</a>, and I am at the point of processing the MACS2 output in R. I used the following commands to specify my bamfiles, set the discard parameter to the blacklist for mm10, restrict the regions to the standard chromosomes, and set the parameter for the command:</p>\n<pre><code class=\"lang-r\"># specify paired end bams\npe.bams.DN3 &lt;- c(\"plusminus_DN3_1_sorted.sub.filt.noMT.bam\", \"plusminus_DN3_2_sorted.sub.filt.noMT.bam\",\n\"mutminus_DN3_1_sorted.sub.filt.noMT.bam\", \"mutminus_DN3_2_sorted.sub.filt.noMT.bam\")\n\n# read blacklist\nblacklist &lt;- read.table(\"mm10-blacklist.v2.bed\", sep=\"\\t\")\ncolnames(blacklist) &lt;- c(\"chrom\", \"start\", \"end\")\nblacklist &lt;- GRanges(blacklist)\n\n# define read parameters\nstandard.chr &lt;- paste0(\"chr\", c(1:19, \"X\", \"Y\")) # only use standard chromosomes\nparam &lt;- readParam(max.frag=1000, pe=\"both\", discard=blacklist, restrict=standard.chr)\n\n# count reads in windows specified by MACS2\npeak.counts.DN3 &lt;- regionCounts(pe.bams.DN3, all.peaks.DN3, param=param)\n</code></pre>\n<p>However, when I run the regionCounts command I get the following error:</p>\n<pre><code class=\"lang-r\">peak.counts.DN3 &lt;- regionCounts(pe.bams.DN3, all.peaks.DN3, param=param)\n\nError: BiocParallel errors\n1 remote errors, element index: 1\n3 unevaluated and other errors\nfirst remote error:\nError in .extractPE(bam.file, where = where, param = param): position vector should be 1-based\n</code></pre>\n<p>When I enter traceback() I get the following:</p>\n<pre><code class=\"lang-r\">traceback()\n\n7: stop(.error_bplist(res))\n\n6: .bpinit(manager = manager, X = X, FUN = FUN, ARGS = ARGS, BPPARAM = BPPARAM,\nBPOPTIONS = BPOPTIONS, BPREDO = BPREDO)\n\n5: bplapply(X = seq_along(ddd[[1L]]), wrap, .FUN = FUN, .ddd = ddd,\n.MoreArgs = MoreArgs, BPREDO = BPREDO, BPPARAM = BPPARAM,\nBPOPTIONS = BPOPTIONS)\n\n4: bplapply(X = seq_along(ddd[[1L]]), wrap, .FUN = FUN, .ddd = ddd,\n.MoreArgs = MoreArgs, BPREDO = BPREDO, BPPARAM = BPPARAM,\nBPOPTIONS = BPOPTIONS)\n\n3: bpmapply(FUN = .region_counts, bam.file = bam.files, init.ext = ext.data$ext,\nMoreArgs = list(where = where, param = param, final.ext = ext.data$final,\noutlen = outlen, regions = regions, chosen = chosen),\nBPPARAM = BPPARAM, SIMPLIFY = FALSE)\n\n2: bpmapply(FUN = .region_counts, bam.file = bam.files, init.ext = ext.data$ext,\nMoreArgs = list(where = where, param = param, final.ext = ext.data$final,\noutlen = outlen, regions = regions, chosen = chosen),\nBPPARAM = BPPARAM, SIMPLIFY = FALSE)\n\n1: regionCounts(pe.bams.DN3, all.peaks.DN3, param = param)\n</code></pre>\n<p>Is this an issue with my bam files or with BiocParallel? Do you have any suggestions for how to address this problem? Thank you in advance for your help.</p>\n<p>Below is my session info:</p>\n<pre><code class=\"lang-r\">R version 4.2.1 (2022-06-23)\nPlatform: x86_64-pc-linux-gnu (64-bit)\nRunning under: Ubuntu 20.04.5 LTS\n\nMatrix products: default\nBLAS: /usr/lib/x86_64-linux-gnu/blas/libblas.so.3.9.0\nLAPACK: /usr/lib/x86_64-linux-gnu/lapack/liblapack.so.3.9.0\n\nlocale:\n[1] LC_CTYPE=en_US.UTF-8 LC_NUMERIC=C LC_TIME=en_US.UTF-8 LC_COLLATE=en_US.UTF-8 LC_MONETARY=en_US.UTF-8\n[6] LC_MESSAGES=en_US.UTF-8 LC_PAPER=en_US.UTF-8 LC_NAME=C LC_ADDRESS=C LC_TELEPHONE=C\n[11] LC_MEASUREMENT=en_US.UTF-8 LC_IDENTIFICATION=C\n\nattached base packages:\n[1] stats4 stats graphics grDevices utils datasets methods base\n\nother attached packages:\n[1] csaw_1.30.1 SummarizedExperiment_1.26.1 Biobase_2.56.0 MatrixGenerics_1.8.1\n[5] matrixStats_0.62.0 GenomicRanges_1.48.0 GenomeInfoDb_1.32.4 IRanges_2.30.1\n[9] S4Vectors_0.34.0 BiocGenerics_0.42.0\n\nloaded via a namespace (and not attached):\n[1] Rcpp_1.0.9 rstudioapi_0.14 edgeR_3.38.4 XVector_0.36.0 zlibbioc_1.42.0\n[6] BiocParallel_1.30.3 lattice_0.20-45 tools_4.2.1 parallel_4.2.1 grid_4.2.1\n[11] crayon_1.5.2 Matrix_1.5-1 GenomeInfoDbData_1.2.8 BiocManager_1.30.18 bitops_1.0-7\n[16] codetools_0.2-18 RCurl_1.98-1.8 limma_3.52.4 DelayedArray_0.22.0 compiler_4.2.1\n[21] Biostrings_2.64.1 Rsamtools_2.12.0 metapod_1.4.0 locfit_1.5-9.6\n</code></pre>\n<p>Thank you in advance for any help!</p>\n"
}