{
    "answer_count": 2,
    "author": "tptacek3050",
    "author_uid": "9231",
    "book_count": 0,
    "comment_count": 1,
    "content": "This post is a followup to a previous post: https://www.biostars.org/p/160935/#160938\n\nI am trying to use the PBcR pipeline for the Celera Genome Assembler (v8.3) to perform HGAP for pacbio reads (http://wgs-assembler.sourceforge.net/wiki/index.php/PBcR).\n\nI've got the assembler installed, and I was able to successfully assemble the lambda genome in the example provided on the wiki page (see link above). I then tried running the assembler on my own PacBio reads using the following script:\n\n```\n#Celera genome assembler directory\nCELERA=\"~/wgs-8.3rc2/Linux-amd64/bin/\"\n\n#Output directory\nOUT=\"celera_output_3\"\n\n#Variables from parameters\nFILE=$1\nNAME=$2\nSPEC=$3\n\n#Raw data directory\n#RAW=\"raw_data_test_phage\"\n\n#Perl environment variable\nexport PERLLIB=~/perl/modules/lib/perl5\nexport PERL5LIB=~/perl/modules/lib/perl5\n\n#Create output directory and switch to it\nmkdir -p $OUT/$NAME\ncd $OUT/$NAME\n\n#Run assembler\n$CELERA/PBcR -length 5000 -s ../../$SPEC -l $NAME -fastq ../../$FILE genomeSize=50000\n```\n\nI do not get a asm.asm or asm.qc file. I also don't see any obvious errors in the log files. Then again, the log file that the celera assembler produces is quite long and I may be missing something. The structure of the output (i.e. files and directories) looks like this:\n\n```\n|-- [NAME]\n|   |-- 0-mercounts\n|   |-- 0-mertrim\n|   |-- 0-overlaptrim\n|   |-- 0-overlaptrim-overlap\n|   |-- 1-overlapper\n|   |-- 3-overlapcorrection\n|   |-- 4-unitigger\n|   |-- 5-consensus\n|   |-- 5-consensus-coverage-stat\n|   |-- 5-consensus-insert-sizes\n|   |-- asm.gkpStore\n|   |-- asm.gkpStore.err\n|   |-- asm.gkpStore.errorLog\n|   |-- asm.gkpStore.fastqUIDmap\n|   |-- asm.gkpStore.info\n|   |-- asm.ovlStore\n|   |-- asm.ovlStore.err\n|   |-- asm.ovlStore.list\n|   |-- asm.tigStore\n|   `-- runCA-logs\n|-- [NAME].correction.err\n|-- [NAME].correction.hist\n|-- [NAME].fasta\n|-- [NAME].fastq\n|-- [NAME].frg\n|-- [NAME].log\n|-- [NAME].longest25.fastq -> [NAME].fastq\n|-- [NAME].longest25.frg -> [NAME].frg\n|-- [NAME].qual\n`-- temp[NAME]\n    |-- 1-overlapper\n    |-- [NAME].frg\n    |-- [NAME].spec\n    |-- asm.eidToIID\n    |-- asm.gkpStore.err\n    |-- asm.gkpStore.errorLog\n    |-- asm.gkpStore.fastqUIDmap\n    |-- asm.gkpStore.info\n    |-- asm.hist\n    |-- asm.ignore\n    |-- asm.iidToLen\n    |-- asm.layout.err\n    |-- asm.layout.hist\n    |-- asm.layout.success\n    |-- asm.ovlStore.err\n    |-- asm.ovlStore.list\n    |-- asm.seedlength\n    |-- asm.split.allEdit\n    |-- asm.split.uid\n    |-- asm.toerase.err\n    |-- asm.toerase.out\n    |-- asm.toerase.uid\n    |-- asm.totalInputBP\n    |-- corrected.log\n    |-- runCA-logs\n    |-- runCorrection.sh\n    `-- runPartition.sh\n```\n\nSo my questions are as follows:\n\n - Why am I not getting an asm.asm (the assembly I assume) or a asm.qc (assembly statistics) file?\n - If the assembly failed, where in the logs can I get an indication as to why it failed?\n - The lambda example included a parameter called -partitions. What is this parameter? I couldn't find an explanation for it and I didn't include it in my script\n - The raw data that we recieved all had the suffix .subreads.fastq. Is there a post-processing step that needs to be run before I run assembly?",
    "creation_date": "2015-11-18T21:02:51.714575+00:00",
    "has_accepted": false,
    "id": 159135,
    "lastedit_date": "2022-08-10T20:48:36.638870+00:00",
    "lastedit_user_uid": "8494",
    "parent_id": 159135,
    "rank": 1447891863.76541,
    "reply_count": 2,
    "root_id": 159135,
    "status": "Open",
    "status_id": 1,
    "subs_count": 1,
    "tag_val": "Celera-assembler,HGAP,pacbio",
    "thread_score": 0,
    "title": "Questions about using the Celera Genome Assembler for HGAP",
    "type": "Question",
    "type_id": 0,
    "uid": "166404",
    "url": "https://www.biostars.org/p/166404/",
    "view_count": 2264,
    "vote_count": 0,
    "xhtml": "<p>This post is a followup to a previous post: <a href=\"https://www.biostars.org/p/160935/#160938\" rel=\"nofollow\">FASTQC and PacBio reads</a></p>\n<p>I am trying to use the PBcR pipeline for the Celera Genome Assembler (v8.3) to perform HGAP for pacbio reads (<a href=\"http://wgs-assembler.sourceforge.net/wiki/index.php/PBcR\" rel=\"nofollow\">http://wgs-assembler.sourceforge.net/wiki/index.php/PBcR</a>).</p>\n<p>I've got the assembler installed, and I was able to successfully assemble the lambda genome in the example provided on the wiki page (see link above). I then tried running the assembler on my own PacBio reads using the following script:</p>\n<pre><code>#Celera genome assembler directory\nCELERA=\"~/wgs-8.3rc2/Linux-amd64/bin/\"\n\n#Output directory\nOUT=\"celera_output_3\"\n\n#Variables from parameters\nFILE=$1\nNAME=$2\nSPEC=$3\n\n#Raw data directory\n#RAW=\"raw_data_test_phage\"\n\n#Perl environment variable\nexport PERLLIB=~/perl/modules/lib/perl5\nexport PERL5LIB=~/perl/modules/lib/perl5\n\n#Create output directory and switch to it\nmkdir -p $OUT/$NAME\ncd $OUT/$NAME\n\n#Run assembler\n$CELERA/PBcR -length 5000 -s ../../$SPEC -l $NAME -fastq ../../$FILE genomeSize=50000\n</code></pre>\n<p>I do not get a asm.asm or asm.qc file. I also don't see any obvious errors in the log files. Then again, the log file that the celera assembler produces is quite long and I may be missing something. The structure of the output (i.e. files and directories) looks like this:</p>\n<pre><code>|-- [NAME]\n|   |-- 0-mercounts\n|   |-- 0-mertrim\n|   |-- 0-overlaptrim\n|   |-- 0-overlaptrim-overlap\n|   |-- 1-overlapper\n|   |-- 3-overlapcorrection\n|   |-- 4-unitigger\n|   |-- 5-consensus\n|   |-- 5-consensus-coverage-stat\n|   |-- 5-consensus-insert-sizes\n|   |-- asm.gkpStore\n|   |-- asm.gkpStore.err\n|   |-- asm.gkpStore.errorLog\n|   |-- asm.gkpStore.fastqUIDmap\n|   |-- asm.gkpStore.info\n|   |-- asm.ovlStore\n|   |-- asm.ovlStore.err\n|   |-- asm.ovlStore.list\n|   |-- asm.tigStore\n|   `-- runCA-logs\n|-- [NAME].correction.err\n|-- [NAME].correction.hist\n|-- [NAME].fasta\n|-- [NAME].fastq\n|-- [NAME].frg\n|-- [NAME].log\n|-- [NAME].longest25.fastq -&gt; [NAME].fastq\n|-- [NAME].longest25.frg -&gt; [NAME].frg\n|-- [NAME].qual\n`-- temp[NAME]\n    |-- 1-overlapper\n    |-- [NAME].frg\n    |-- [NAME].spec\n    |-- asm.eidToIID\n    |-- asm.gkpStore.err\n    |-- asm.gkpStore.errorLog\n    |-- asm.gkpStore.fastqUIDmap\n    |-- asm.gkpStore.info\n    |-- asm.hist\n    |-- asm.ignore\n    |-- asm.iidToLen\n    |-- asm.layout.err\n    |-- asm.layout.hist\n    |-- asm.layout.success\n    |-- asm.ovlStore.err\n    |-- asm.ovlStore.list\n    |-- asm.seedlength\n    |-- asm.split.allEdit\n    |-- asm.split.uid\n    |-- asm.toerase.err\n    |-- asm.toerase.out\n    |-- asm.toerase.uid\n    |-- asm.totalInputBP\n    |-- corrected.log\n    |-- runCA-logs\n    |-- runCorrection.sh\n    `-- runPartition.sh\n</code></pre>\n<p>So my questions are as follows:</p>\n<ul>\n<li>Why am I not getting an asm.asm (the assembly I assume) or a asm.qc (assembly statistics) file?</li>\n<li>If the assembly failed, where in the logs can I get an indication as to why it failed?</li>\n<li>The lambda example included a parameter called -partitions. What is this parameter? I couldn't find an explanation for it and I didn't include it in my script</li>\n<li>The raw data that we recieved all had the suffix .subreads.fastq. Is there a post-processing step that needs to be run before I run assembly?</li>\n</ul>\n"
}