{
    "answer_count": 1,
    "author": "msn",
    "author_uid": "106058",
    "book_count": 0,
    "comment_count": 0,
    "content": "Hello all my cytometry friends,\r\n\r\nI have some fcs files and I can run them through the CATALYST pipeline no errors. But I dont want to run all the cells. Need to clean up just single cells and only live cells, and only cells with X marker. The tutorial does show how to use gating through opencyto , and that works fine. I get no errors making my gates through opencyto and ggctyo. Everything looks great.\r\n\r\nBUT\r\n\r\nHow do I pass the cells from gate into CATALYST? there doesnt seem to be a way to export those cells (or really conserve the sample and groups).\r\n\r\nThanks for any help you can offer.\r\n\r\nhttps://www.bioconductor.org/packages/release/bioc/vignettes/CATALYST/inst/doc/preprocessing.html <- 7.4\r\n\r\nhttps://www.bioconductor.org/packages/release/bioc/vignettes/CATALYST/inst/doc/differential.html <- pipeline\r\n\r\n",
    "creation_date": "2023-02-10T04:10:29.343165+00:00",
    "has_accepted": true,
    "id": 553907,
    "lastedit_date": "2023-02-11T02:06:08.016984+00:00",
    "lastedit_user_uid": "106058",
    "parent_id": 553907,
    "rank": 1676081168.065687,
    "reply_count": 1,
    "root_id": 553907,
    "status": "Open",
    "status_id": 1,
    "subs_count": 1,
    "tag_val": "CATALYST,flow,cytometry,openCyto,ggcyto",
    "thread_score": 2,
    "title": "how to bring in the cells in a gate from openCyto into the CATALYST pipeline (flow cytometry)",
    "type": "Question",
    "type_id": 0,
    "uid": "9553907",
    "url": "https://www.biostars.org/p/9553907/",
    "view_count": 648,
    "vote_count": 1,
    "xhtml": "<p>Hello all my cytometry friends,</p>\n<p>I have some fcs files and I can run them through the CATALYST pipeline no errors. But I dont want to run all the cells. Need to clean up just single cells and only live cells, and only cells with X marker. The tutorial does show how to use gating through opencyto , and that works fine. I get no errors making my gates through opencyto and ggctyo. Everything looks great.</p>\n<p>BUT</p>\n<p>How do I pass the cells from gate into CATALYST? there doesnt seem to be a way to export those cells (or really conserve the sample and groups).</p>\n<p>Thanks for any help you can offer.</p>\n<p><a href=\"https://www.bioconductor.org/packages/release/bioc/vignettes/CATALYST/inst/doc/preprocessing.html\" rel=\"nofollow\">https://www.bioconductor.org/packages/release/bioc/vignettes/CATALYST/inst/doc/preprocessing.html</a> &lt;- 7.4</p>\n<p><a href=\"https://www.bioconductor.org/packages/release/bioc/vignettes/CATALYST/inst/doc/differential.html\" rel=\"nofollow\">https://www.bioconductor.org/packages/release/bioc/vignettes/CATALYST/inst/doc/differential.html</a> &lt;- pipeline</p>\n"
}