{
    "answer_count": 0,
    "author": "eric.miller",
    "author_uid": "44291",
    "book_count": 1,
    "comment_count": 0,
    "content": "**Bioinformatics Research Analyst**  \n\nWe are seeking to hire a full-time **Bioinformatics Research Analyst**, to lead projects on **cancer biology and immunology** in the laboratories of Drs. [Russell Jones][1] and [Connie Krawczyk][2]. In this role as Bioinformatics Research Analyst, you will work as part of an integrated team, **developing and maintaining data analysis pipelines for genomics** (i.e., ***RNAseq, scRNAseq, ChIPseq, CUT&RUN, ChromHMM***) and **metabolomics data**, as well as **develop novel tools for multi-omic data integration and data mining for genomics and metabolomics projects**.\n\nThe Jones and Krawczyk labs focus on molecular mechanisms that regulate immune cell function, with focus on metabolic pathways that influence immune outcomes. A major focus of the lab is **understanding how metabolism and nutrition impact immune cell and tumor cell interactions in immune microenvironments such as tumors**. Central to this research is the incorporation of **single-cell genomics** techniques to understand the dynamics of **immune microenvironments**. Approaches include transcriptomic analysis at the bulk and single-cell level, profiling changes in the epigenome using **cutting-edge technologies** (i.e., ***ATAC, CUT&RUN***), and **integrated metabolic network analysis** (i.e., ***GAM, Metaboverse***). \n\nThe Jones and Krawczyk labs are part of the [Department of Metabolism and Nutritional Programming (MNP)][3] at the [Van Andel Institute (VAI)][4], a leading independent biomedical research facility dedicated to determining the epigenetic, genetic, molecular and cellular origins of cancer, Parkinson\u2019s and other diseases, and translating those findings into effective therapies. The Institute is home to more than 300 scientists and support staff that work in on-site laboratories and in collaborative partnerships that span the globe. \n\n**In this role, your primary duties will include:**\n\n - Participate in study design Oversee all phases of genomics data analysis, including data normalization, critical review and analysis of results, and communication of results with laboratory colleagues\n - Maintain and refine existing R-based pipelines for data analysis \n - Design and implement informatics workflows for genomics and metabolomics data integration\n - Drafting figures and text for scientific communication (i.e., presentations, manuscripts) \n - Work with other computational and experimental scientists at the Institute as needed \n - Train lab members/graduate students/interns in bioinformatics methods as needed\n\n**The ideal candidate should possess experience with the following:**  \n\n - Bachelor or Master\u2019s degree in biology, mathematics, bioinformatics, biostatistics, computer science, or other related field\n\n - Team player and efficient collaborator\n - A highly organized multi-tasker who pays attention to detail and values research integrity.\n - Demonstrable experience with R (preferred) and/or Python languages.\n - Demonstrable experience using and/or developing computational tools and software for bioinformatics analysis. Previous experience with analyzing scRNAseq and ChIPseq datasets is an asset.\n - Familiarity with the fields of immunology and/or cancer biology is an asset\n - Ability to work independently yet be a team player \n\n**HOW TO APPLY**\nIf you possess these attributes and enjoy working with motivated and driven people, we would welcome speaking with you and encourage you to [apply today][5]! \n\n - A cover letter describing your research interests, experience, and how you might contribute to the Jones and Krawczyk research teams.\n\n - An up-to-date Curriculum Vitae.\n\n - A list of 2-3 individuals who have agreed to act as references along with their contact details.  \nPlease contact Eric Miller ([eric.miller@vai.org][6]) for further information or questions, or if you have any difficulty with the application process. \n\n*VAI is actively striving to diversify its workforce and strongly encourages qualified individuals from underrepresented groups to apply. Van Andel Institute is an EEO and Affirmative Action Employer.\nAs Van Andel Institute is a drug and alcohol-free employer, all prospective new employees undergo a urinalysis/drug test as part of our pre-employment process. Prospective employees will also undergo a background check (criminal history and misconduct, employment, and degree verification).\n\nAt Van Andel Institute, the health and safety of our people is our number one priority. As a condition of employment at Van Andel Institute, all employees are required to be fully vaccinated for COVID-19. \u201cFull vaccination\u201d is defined as two weeks after both doses of a two-dose vaccine or two weeks after a single-dose vaccine has been administered.*\n\n**About Grand Rapids, MI**\nVan Andel Institute is in downtown [Grand Rapids, MI][7] which is the second-largest city in Michigan and the largest city in West Michigan. Grand Rapids offers a remarkable combination of cosmopolitan atmosphere and small-town warmth, is known for its philanthropic and sustainability-driven community, and is ranked one of \"America's Top 100 Places to Live.\" \n\nLocated on the banks of the Grand River, [Grand Rapids][8] offers all the big-city excitement you'd expect from a million-resident metropolis, featuring hundreds of restaurants and nightspots, theatres, museums, sports and concerts. The safe and clean downtown is surrounded by an eclectic mix of walkable neighborhoods. \n\nWith a medical and life sciences industry boom, strong entrepreneurial activity, dedication to green building and living, and innovative employers, Grand Rapids' diverse economy continues to grow, offering endless career opportunities. \n\n\n  [1]: https://russelljoneslab.vai.org/\n  [2]: https://krawczyklab.vai.org/\n  [3]: https://vari.vai.org/metabolic-nutritional-programming/\n  [4]: http://www.vai.org/vari.aspx\n  [5]: https://jobs.silkroad.com/vai/VAICareerSite/jobs/867\n  [6]: http://eric.miller@vai.org\n  [7]: https://www.rightplace.org/live-work\n  [8]: http://www.hellowestmichigan.com/Work-Here",
    "creation_date": "2022-02-17T19:29:44.932921+00:00",
    "has_accepted": false,
    "id": 511216,
    "lastedit_date": "2023-02-08T20:52:06.829728+00:00",
    "lastedit_user_uid": "8494",
    "parent_id": 511216,
    "rank": 1645126184.932933,
    "reply_count": 0,
    "root_id": 511216,
    "status": "Open",
    "status_id": 1,
    "subs_count": 1,
    "tag_val": "immunology,R,cancer,Python",
    "thread_score": 1,
    "title": "Bioinformatics Research Analyst",
    "type": "Job",
    "type_id": 2,
    "uid": "9511216",
    "url": "https://www.biostars.org/p/9511216/",
    "view_count": 1184,
    "vote_count": 1,
    "xhtml": "<p><strong>Bioinformatics Research Analyst</strong></p>\n<p>We are seeking to hire a full-time <strong>Bioinformatics Research Analyst</strong>, to lead projects on <strong>cancer biology and immunology</strong> in the laboratories of Drs. <a href=\"https://russelljoneslab.vai.org/\" rel=\"nofollow\">Russell Jones</a> and <a href=\"https://krawczyklab.vai.org/\" rel=\"nofollow\">Connie Krawczyk</a>. In this role as Bioinformatics Research Analyst, you will work as part of an integrated team, <strong>developing and maintaining data analysis pipelines for genomics</strong> (i.e., <strong><em>RNAseq, scRNAseq, ChIPseq, CUT&amp;RUN, ChromHMM</em></strong>) and <strong>metabolomics data</strong>, as well as <strong>develop novel tools for multi-omic data integration and data mining for genomics and metabolomics projects</strong>.</p>\n<p>The Jones and Krawczyk labs focus on molecular mechanisms that regulate immune cell function, with focus on metabolic pathways that influence immune outcomes. A major focus of the lab is <strong>understanding how metabolism and nutrition impact immune cell and tumor cell interactions in immune microenvironments such as tumors</strong>. Central to this research is the incorporation of <strong>single-cell genomics</strong> techniques to understand the dynamics of <strong>immune microenvironments</strong>. Approaches include transcriptomic analysis at the bulk and single-cell level, profiling changes in the epigenome using <strong>cutting-edge technologies</strong> (i.e., <strong><em>ATAC, CUT&amp;RUN</em></strong>), and <strong>integrated metabolic network analysis</strong> (i.e., <strong><em>GAM, Metaboverse</em></strong>).</p>\n<p>The Jones and Krawczyk labs are part of the <a href=\"https://vari.vai.org/metabolic-nutritional-programming/\" rel=\"nofollow\">Department of Metabolism and Nutritional Programming (MNP)</a> at the <a href=\"http://www.vai.org/vari.aspx\" rel=\"nofollow\">Van Andel Institute (VAI)</a>, a leading independent biomedical research facility dedicated to determining the epigenetic, genetic, molecular and cellular origins of cancer, Parkinson\u2019s and other diseases, and translating those findings into effective therapies. The Institute is home to more than 300 scientists and support staff that work in on-site laboratories and in collaborative partnerships that span the globe.</p>\n<p><strong>In this role, your primary duties will include:</strong></p>\n<ul>\n<li>Participate in study design Oversee all phases of genomics data analysis, including data normalization, critical review and analysis of results, and communication of results with laboratory colleagues</li>\n<li>Maintain and refine existing R-based pipelines for data analysis </li>\n<li>Design and implement informatics workflows for genomics and metabolomics data integration</li>\n<li>Drafting figures and text for scientific communication (i.e., presentations, manuscripts) </li>\n<li>Work with other computational and experimental scientists at the Institute as needed </li>\n<li>Train lab members/graduate students/interns in bioinformatics methods as needed</li>\n</ul>\n<p><strong>The ideal candidate should possess experience with the following:</strong></p>\n<ul>\n<li><p>Bachelor or Master\u2019s degree in biology, mathematics, bioinformatics, biostatistics, computer science, or other related field</p>\n</li>\n<li><p>Team player and efficient collaborator</p>\n</li>\n<li>A highly organized multi-tasker who pays attention to detail and values research integrity.</li>\n<li>Demonstrable experience with R (preferred) and/or Python languages.</li>\n<li>Demonstrable experience using and/or developing computational tools and software for bioinformatics analysis. Previous experience with analyzing scRNAseq and ChIPseq datasets is an asset.</li>\n<li>Familiarity with the fields of immunology and/or cancer biology is an asset</li>\n<li>Ability to work independently yet be a team player </li>\n</ul>\n<p><strong>HOW TO APPLY</strong>\nIf you possess these attributes and enjoy working with motivated and driven people, we would welcome speaking with you and encourage you to <a href=\"https://jobs.silkroad.com/vai/VAICareerSite/jobs/867\" rel=\"nofollow\">apply today</a>!</p>\n<ul>\n<li><p>A cover letter describing your research interests, experience, and how you might contribute to the Jones and Krawczyk research teams.</p>\n</li>\n<li><p>An up-to-date Curriculum Vitae.</p>\n</li>\n<li><p>A list of 2-3 individuals who have agreed to act as references along with their contact details.<br>\nPlease contact Eric Miller (<a href=\"http://eric.miller@vai.org\" rel=\"nofollow\">eric.miller@vai.org</a>) for further information or questions, or if you have any difficulty with the application process.</p>\n</li>\n</ul>\n<p>*VAI is actively striving to diversify its workforce and strongly encourages qualified individuals from underrepresented groups to apply. Van Andel Institute is an EEO and Affirmative Action Employer.\nAs Van Andel Institute is a drug and alcohol-free employer, all prospective new employees undergo a urinalysis/drug test as part of our pre-employment process. Prospective employees will also undergo a background check (criminal history and misconduct, employment, and degree verification).</p>\n<p>At Van Andel Institute, the health and safety of our people is our number one priority. As a condition of employment at Van Andel Institute, all employees are required to be fully vaccinated for COVID-19. \u201cFull vaccination\u201d is defined as two weeks after both doses of a two-dose vaccine or two weeks after a single-dose vaccine has been administered.*</p>\n<p><strong>About Grand Rapids, MI</strong>\nVan Andel Institute is in downtown <a href=\"https://www.rightplace.org/live-work\" rel=\"nofollow\">Grand Rapids, MI</a> which is the second-largest city in Michigan and the largest city in West Michigan. Grand Rapids offers a remarkable combination of cosmopolitan atmosphere and small-town warmth, is known for its philanthropic and sustainability-driven community, and is ranked one of \"America's Top 100 Places to Live.\"</p>\n<p>Located on the banks of the Grand River, <a href=\"http://www.hellowestmichigan.com/Work-Here\" rel=\"nofollow\">Grand Rapids</a> offers all the big-city excitement you'd expect from a million-resident metropolis, featuring hundreds of restaurants and nightspots, theatres, museums, sports and concerts. The safe and clean downtown is surrounded by an eclectic mix of walkable neighborhoods.</p>\n<p>With a medical and life sciences industry boom, strong entrepreneurial activity, dedication to green building and living, and innovative employers, Grand Rapids' diverse economy continues to grow, offering endless career opportunities.</p>\n"
}