{
    "answer_count": 0,
    "author": "asmariyaz23",
    "author_uid": "9975",
    "book_count": 0,
    "comment_count": 0,
    "content": "Hello\r\n\r\nI have been using singularity within cromwell conf and now want to enable call-caching. I do not have internet on any of the cluster nodes. However the call-cache is still turned off. Is it because cromwell cannot pull the docker image (there is not internet on any of the nodes)?. \r\n\r\nHere is the cromwell.conf. \r\n\r\n        # This line is required. It pulls in default overrides from the embedded cromwell\r\n        # `reference.conf` (in core/src/main/resources) needed for proper performance of cromwell.\r\n    include required(classpath(\"application\"))\r\n    \r\n    # Cromwell HTTP server settings\r\n    webservice {\r\n      #port = 8000\r\n      #interface = 0.0.0.0\r\n      #binding-timeout = 5s\r\n      #instance.name = \"reference\"\r\n    }\r\n    \r\n    # Cromwell \"system\" settings\r\n    system {\r\n      # If 'true', a SIGINT will trigger Cromwell to attempt to abort all currently running jobs before exiting\r\n      #abort-jobs-on-terminate = false\r\n    \r\n      # If 'true', a SIGTERM or SIGINT will trigger Cromwell to attempt to gracefully shutdown in server mode,\r\n      # in particular clearing up all queued database writes before letting the JVM shut down.\r\n      # The shutdown is a multi-phase process, each phase having its own configurable timeout. See the Dev Wiki for more details.\r\n      #graceful-server-shutdown = true\r\n    \r\n      # Cromwell will cap the number of running workflows at N\r\n      #max-concurrent-workflows = 5000\r\n    \r\n      # Cromwell will launch up to N submitted workflows at a time, regardless of how many open workflow slots exist\r\n      #max-workflow-launch-count = 50\r\n    \r\n      # Number of seconds between workflow launches\r\n      #new-workflow-poll-rate = 20\r\n    \r\n      # Since the WorkflowLogCopyRouter is initialized in code, this is the number of workers\r\n      #number-of-workflow-log-copy-workers = 10\r\n      \r\n      # Default number of cache read workers\r\n      #number-of-cache-read-workers = 25\r\n    \r\n      io {\r\n        # throttle {\r\n        # # Global Throttling - This is mostly useful for GCS and can be adjusted to match\r\n        # # the quota availble on the GCS API\r\n        # #number-of-requests = 100000\r\n        # #per = 100 seconds\r\n        # }\r\n    \r\n        # Number of times an I/O operation should be attempted before giving up and failing it.\r\n        #number-of-attempts = 5\r\n      }\r\n    \r\n      # Maximum number of input file bytes allowed in order to read each type.\r\n      # If exceeded a FileSizeTooBig exception will be thrown.\r\n      input-read-limits {\r\n        #lines = 128000\r\n        #bool = 7\r\n        #int = 19\r\n        #float = 50\r\n        #string = 128000\r\n        #json = 128000\r\n        #tsv = 128000\r\n        #map = 128000\r\n        #object = 128000\r\n      }\r\n    \r\n      abort {\r\n        # These are the default values in Cromwell, in most circumstances there should not be a need to change them.\r\n    \r\n        # How frequently Cromwell should scan for aborts.\r\n        scan-frequency: 30 seconds\r\n    \r\n        # The cache of in-progress aborts. Cromwell will add entries to this cache once a WorkflowActor has been messaged to abort.\r\n        # If on the next scan an 'Aborting' status is found for a workflow that has an entry in this cache, Cromwell will not ask\r\n        # the associated WorkflowActor to abort again.\r\n        cache {\r\n          enabled: true\r\n          # Guava cache concurrency.\r\n          concurrency: 1\r\n          # How long entries in the cache should live from the time they are added to the cache.\r\n          ttl: 20 minutes\r\n          # Maximum number of entries in the cache.\r\n          size: 100000\r\n        }\r\n      }\r\n    \r\n      # Cromwell reads this value into the JVM's `networkaddress.cache.ttl` setting to control DNS cache expiration\r\n      dns-cache-ttl: 3 minutes\r\n    }\r\n    \r\n    docker {\r\n      hash-lookup {\r\n        # Set this to match your available quota against the Google Container Engine API\r\n        #gcr-api-queries-per-100-seconds = 1000\r\n    \r\n        # Time in minutes before an entry expires from the docker hashes cache and needs to be fetched again\r\n        #cache-entry-ttl = \"20 minutes\"\r\n    \r\n        # Maximum number of elements to be kept in the cache. If the limit is reached, old elements will be removed from the cache\r\n        #cache-size = 200\r\n    \r\n        # How should docker hashes be looked up. Possible values are \"local\" and \"remote\"\r\n        # \"local\": Lookup hashes on the local docker daemon using the cli\r\n        # \"remote\": Lookup hashes on docker hub, gcr, gar, quay\r\n        #method = \"remote\"\r\n        enabled = \"false\"\r\n      }\r\n    }\r\n    \r\n    # Here is where you can define the backend providers that Cromwell understands.\r\n    # The default is a local provider.\r\n    # To add additional backend providers, you should copy paste additional backends\r\n    # of interest that you can find in the cromwell.example.backends folder\r\n    # folder at https://www.github.com/broadinstitute/cromwell\r\n    # Other backend providers include SGE, SLURM, Docker, udocker, Singularity. etc.\r\n    # Don't forget you will need to customize them for your particular use case.\r\n    backend {\r\n      # Override the default backend.\r\n      default = slurm\r\n    \r\n      # The list of providers.\r\n      providers {\r\n        # Copy paste the contents of a backend provider in this section\r\n        # Examples in cromwell.example.backends include:\r\n        # LocalExample: What you should use if you want to define a new backend provider\r\n        # AWS: Amazon Web Services\r\n        # BCS: Alibaba Cloud Batch Compute\r\n        # TES: protocol defined by GA4GH\r\n        # TESK: the same, with kubernetes support\r\n        # Google Pipelines, v2 (PAPIv2)\r\n        # Docker\r\n        # Singularity: a container safe for HPC\r\n        # Singularity+Slurm: and an example on Slurm\r\n        # udocker: another rootless container solution\r\n        # udocker+slurm: also exemplified on slurm\r\n        # HtCondor: workload manager at UW-Madison\r\n        # LSF: the Platform Load Sharing Facility backend\r\n        # SGE: Sun Grid Engine\r\n        # SLURM: workload manager\r\n    \r\n        # Note that these other backend examples will need tweaking and configuration.\r\n        # Please open an issue https://www.github.com/broadinstitute/cromwell if you have any questions\r\n        slurm {\r\n          actor-factory = \"cromwell.backend.impl.sfs.config.ConfigBackendLifecycleActorFactory\"\r\n          config {\r\n            # Root directory where Cromwell writes job results in the container. This value\r\n            # can be used to specify where the execution folder is mounted in the container.\r\n            # it is used for the construction of the docker_cwd string in the submit-docker\r\n            # value above.\r\n            dockerRoot = \"/cromwell-executions\"\r\n    \r\n            concurrent-job-limit = 10\r\n            # If an 'exit-code-timeout-seconds' value is specified:\r\n            #     - check-alive will be run at this interval for every job\r\n            #     - if a job is found to be not alive, and no RC file appears after this interval\r\n            #     - Then it will be marked as Failed.\r\n            ## Warning: If set, Cromwell will run 'check-alive' for every job at this interval\r\n            exit-code-timeout-seconds = 360\r\n            filesystems {\r\n             local {\r\n               localization: [\r\n                 # soft link does not work for docker with --contain. Hard links won't work\r\n                 # across file systems\r\n                 \"copy\", \"hard-link\", \"soft-link\"\r\n               ]\r\n                caching {\r\n                      duplication-strategy: [\"copy\", \"hard-link\", \"soft-link\"]\r\n                      hashing-strategy: \"xxh64\"\r\n                }\r\n             }\r\n            }\r\n    \r\n    \r\n    \r\n            #\r\n            runtime-attributes = \"\"\"\r\n            Int runtime_minutes = 600\r\n            Int cpus = 2\r\n            Int requested_memory_mb_per_core = 30000\r\n            String? docker\r\n            String? account\r\n            String? IMAGE\r\n            \"\"\"\r\n    \r\n            submit = \"\"\"\r\n                sbatch \\\r\n                  --wait \\\r\n                  --job-name=${job_name} \\\r\n                  --chdir=${cwd} \\\r\n                  --output=${out} \\\r\n                  --error=${err} \\\r\n                  --time=${runtime_minutes} \\\r\n                  ${\"--cpus-per-task=\" + cpus} \\\r\n                  --mem-per-cpu=${requested_memory_mb_per_core} \\\r\n                  --account=${account} \\\r\n                  --wrap \"/bin/bash ${script}\"\r\n            \"\"\"\r\n    \r\n            submit-docker = \"\"\"\r\n                # SINGULARITY_CACHEDIR needs to point to a directory accessible by\r\n                # the jobs (i.e. not lscratch). Might want to use a workflow local\r\n                # cache dir like in run.sh\r\n                source /scratch/asmab/set_singularity_cachedir.sh\r\n                SINGULARITY_CACHEDIR=/scratch/asmab/singularity-cache\r\n                echo \"SINGULARITY_CACHEDIR $SINGULARITY_CACHEDIR\"\r\n                if [ -z $SINGULARITY_CACHEDIR ]; then\r\n                    CACHE_DIR=$HOME/.singularity\r\n                else\r\n                    CACHE_DIR=$SINGULARITY_CACHEDIR\r\n                fi\r\n                mkdir -p $CACHE_DIR\r\n                            echo \"SINGULARITY_CACHEDIR $SINGULARITY_CACHEDIR\"\r\n                LOCK_FILE=$CACHE_DIR/singularity_pull_flock\r\n    \r\n                # we want to avoid all the cromwell tasks hammering each other trying\r\n                # to pull the container into the cache for the first time. flock works\r\n                # on GPFS, netapp, and vast (of course only for processes on the same\r\n                # machine which is the case here since we're pulling it in the master\r\n                # process before submitting).\r\n                #flock --exclusive --timeout 1200 $LOCK_FILE \\\r\n                #    singularity exec --containall docker://${docker} \\\r\n                #    echo \"successfully pulled ${docker}!\" &> /dev/null\r\n    \r\n                # Ensure singularity is loaded if it's installed as a module\r\n                #module load Singularity/3.0.1\r\n                module load apptainer/1.2.4\r\n                # Build the Docker image into a singularity image\r\n                IMAGE=${docker}.sif\r\n                apptainer build $IMAGE docker://${docker}\r\n    \r\n                # Submit the script to SLURM\r\n                sbatch \\\r\n                  --wait \\\r\n                  --job-name=${job_name} \\\r\n                  --chdir=${cwd} \\\r\n                  --output=${cwd}/execution/stdout \\\r\n                  --error=${cwd}/execution/stderr \\\r\n                  --time=${runtime_minutes} \\\r\n                  ${\"--cpus-per-task=\" + cpus} \\\r\n                  --mem-per-cpu=${requested_memory_mb_per_core} \\\r\n                  --account=${account} \\\r\n                  --wrap \"apptainer exec --containall --bind ${cwd}:${docker_cwd} ${IMAGE} ${job_shell} ${docker_script}\"\r\n            \"\"\"\r\n    \r\n            kill = \"scancel ${job_id}\"\r\n            check-alive = \"squeue -j ${job_id}\"\r\n            job-id-regex = \"Submitted batch job (\\\\d+).*\"\r\n          }\r\n        }\r\n    \r\n      }\r\n    }\r\n    \r\n    call-caching {\r\n        enabled = true\r\n        invalidate-bad-cache-results = true\r\n      }\r\n\r\n\r\n\r\n",
    "creation_date": "2024-03-23T12:08:40.038046+00:00",
    "has_accepted": false,
    "id": 590785,
    "lastedit_date": "2024-03-23T12:08:40.038055+00:00",
    "lastedit_user_uid": "9975",
    "parent_id": 590785,
    "rank": 1711195720.038055,
    "reply_count": 0,
    "root_id": 590785,
    "status": "Open",
    "status_id": 1,
    "subs_count": 1,
    "tag_val": "cromwell,singularity,wdl",
    "thread_score": 0,
    "title": "Cromwell slurm singularity call caching",
    "type": "Question",
    "type_id": 0,
    "uid": "9590785",
    "url": "https://www.biostars.org/p/9590785/",
    "view_count": 301,
    "vote_count": 0,
    "xhtml": "<p>Hello</p>\n<p>I have been using singularity within cromwell conf and now want to enable call-caching. I do not have internet on any of the cluster nodes. However the call-cache is still turned off. Is it because cromwell cannot pull the docker image (there is not internet on any of the nodes)?.</p>\n<p>Here is the cromwell.conf.</p>\n<pre><code>    # This line is required. It pulls in default overrides from the embedded cromwell\n    # `reference.conf` (in core/src/main/resources) needed for proper performance of cromwell.\ninclude required(classpath(\"application\"))\n\n# Cromwell HTTP server settings\nwebservice {\n  #port = 8000\n  #interface = 0.0.0.0\n  #binding-timeout = 5s\n  #instance.name = \"reference\"\n}\n\n# Cromwell \"system\" settings\nsystem {\n  # If 'true', a SIGINT will trigger Cromwell to attempt to abort all currently running jobs before exiting\n  #abort-jobs-on-terminate = false\n\n  # If 'true', a SIGTERM or SIGINT will trigger Cromwell to attempt to gracefully shutdown in server mode,\n  # in particular clearing up all queued database writes before letting the JVM shut down.\n  # The shutdown is a multi-phase process, each phase having its own configurable timeout. See the Dev Wiki for more details.\n  #graceful-server-shutdown = true\n\n  # Cromwell will cap the number of running workflows at N\n  #max-concurrent-workflows = 5000\n\n  # Cromwell will launch up to N submitted workflows at a time, regardless of how many open workflow slots exist\n  #max-workflow-launch-count = 50\n\n  # Number of seconds between workflow launches\n  #new-workflow-poll-rate = 20\n\n  # Since the WorkflowLogCopyRouter is initialized in code, this is the number of workers\n  #number-of-workflow-log-copy-workers = 10\n\n  # Default number of cache read workers\n  #number-of-cache-read-workers = 25\n\n  io {\n    # throttle {\n    # # Global Throttling - This is mostly useful for GCS and can be adjusted to match\n    # # the quota availble on the GCS API\n    # #number-of-requests = 100000\n    # #per = 100 seconds\n    # }\n\n    # Number of times an I/O operation should be attempted before giving up and failing it.\n    #number-of-attempts = 5\n  }\n\n  # Maximum number of input file bytes allowed in order to read each type.\n  # If exceeded a FileSizeTooBig exception will be thrown.\n  input-read-limits {\n    #lines = 128000\n    #bool = 7\n    #int = 19\n    #float = 50\n    #string = 128000\n    #json = 128000\n    #tsv = 128000\n    #map = 128000\n    #object = 128000\n  }\n\n  abort {\n    # These are the default values in Cromwell, in most circumstances there should not be a need to change them.\n\n    # How frequently Cromwell should scan for aborts.\n    scan-frequency: 30 seconds\n\n    # The cache of in-progress aborts. Cromwell will add entries to this cache once a WorkflowActor has been messaged to abort.\n    # If on the next scan an 'Aborting' status is found for a workflow that has an entry in this cache, Cromwell will not ask\n    # the associated WorkflowActor to abort again.\n    cache {\n      enabled: true\n      # Guava cache concurrency.\n      concurrency: 1\n      # How long entries in the cache should live from the time they are added to the cache.\n      ttl: 20 minutes\n      # Maximum number of entries in the cache.\n      size: 100000\n    }\n  }\n\n  # Cromwell reads this value into the JVM's `networkaddress.cache.ttl` setting to control DNS cache expiration\n  dns-cache-ttl: 3 minutes\n}\n\ndocker {\n  hash-lookup {\n    # Set this to match your available quota against the Google Container Engine API\n    #gcr-api-queries-per-100-seconds = 1000\n\n    # Time in minutes before an entry expires from the docker hashes cache and needs to be fetched again\n    #cache-entry-ttl = \"20 minutes\"\n\n    # Maximum number of elements to be kept in the cache. If the limit is reached, old elements will be removed from the cache\n    #cache-size = 200\n\n    # How should docker hashes be looked up. Possible values are \"local\" and \"remote\"\n    # \"local\": Lookup hashes on the local docker daemon using the cli\n    # \"remote\": Lookup hashes on docker hub, gcr, gar, quay\n    #method = \"remote\"\n    enabled = \"false\"\n  }\n}\n\n# Here is where you can define the backend providers that Cromwell understands.\n# The default is a local provider.\n# To add additional backend providers, you should copy paste additional backends\n# of interest that you can find in the cromwell.example.backends folder\n# folder at https://www.github.com/broadinstitute/cromwell\n# Other backend providers include SGE, SLURM, Docker, udocker, Singularity. etc.\n# Don't forget you will need to customize them for your particular use case.\nbackend {\n  # Override the default backend.\n  default = slurm\n\n  # The list of providers.\n  providers {\n    # Copy paste the contents of a backend provider in this section\n    # Examples in cromwell.example.backends include:\n    # LocalExample: What you should use if you want to define a new backend provider\n    # AWS: Amazon Web Services\n    # BCS: Alibaba Cloud Batch Compute\n    # TES: protocol defined by GA4GH\n    # TESK: the same, with kubernetes support\n    # Google Pipelines, v2 (PAPIv2)\n    # Docker\n    # Singularity: a container safe for HPC\n    # Singularity+Slurm: and an example on Slurm\n    # udocker: another rootless container solution\n    # udocker+slurm: also exemplified on slurm\n    # HtCondor: workload manager at UW-Madison\n    # LSF: the Platform Load Sharing Facility backend\n    # SGE: Sun Grid Engine\n    # SLURM: workload manager\n\n    # Note that these other backend examples will need tweaking and configuration.\n    # Please open an issue https://www.github.com/broadinstitute/cromwell if you have any questions\n    slurm {\n      actor-factory = \"cromwell.backend.impl.sfs.config.ConfigBackendLifecycleActorFactory\"\n      config {\n        # Root directory where Cromwell writes job results in the container. This value\n        # can be used to specify where the execution folder is mounted in the container.\n        # it is used for the construction of the docker_cwd string in the submit-docker\n        # value above.\n        dockerRoot = \"/cromwell-executions\"\n\n        concurrent-job-limit = 10\n        # If an 'exit-code-timeout-seconds' value is specified:\n        #     - check-alive will be run at this interval for every job\n        #     - if a job is found to be not alive, and no RC file appears after this interval\n        #     - Then it will be marked as Failed.\n        ## Warning: If set, Cromwell will run 'check-alive' for every job at this interval\n        exit-code-timeout-seconds = 360\n        filesystems {\n         local {\n           localization: [\n             # soft link does not work for docker with --contain. Hard links won't work\n             # across file systems\n             \"copy\", \"hard-link\", \"soft-link\"\n           ]\n            caching {\n                  duplication-strategy: [\"copy\", \"hard-link\", \"soft-link\"]\n                  hashing-strategy: \"xxh64\"\n            }\n         }\n        }\n\n\n\n        #\n        runtime-attributes = \"\"\"\n        Int runtime_minutes = 600\n        Int cpus = 2\n        Int requested_memory_mb_per_core = 30000\n        String? docker\n        String? account\n        String? IMAGE\n        \"\"\"\n\n        submit = \"\"\"\n            sbatch \\\n              --wait \\\n              --job-name=${job_name} \\\n              --chdir=${cwd} \\\n              --output=${out} \\\n              --error=${err} \\\n              --time=${runtime_minutes} \\\n              ${\"--cpus-per-task=\" + cpus} \\\n              --mem-per-cpu=${requested_memory_mb_per_core} \\\n              --account=${account} \\\n              --wrap \"/bin/bash ${script}\"\n        \"\"\"\n\n        submit-docker = \"\"\"\n            # SINGULARITY_CACHEDIR needs to point to a directory accessible by\n            # the jobs (i.e. not lscratch). Might want to use a workflow local\n            # cache dir like in run.sh\n            source /scratch/asmab/set_singularity_cachedir.sh\n            SINGULARITY_CACHEDIR=/scratch/asmab/singularity-cache\n            echo \"SINGULARITY_CACHEDIR $SINGULARITY_CACHEDIR\"\n            if [ -z $SINGULARITY_CACHEDIR ]; then\n                CACHE_DIR=$HOME/.singularity\n            else\n                CACHE_DIR=$SINGULARITY_CACHEDIR\n            fi\n            mkdir -p $CACHE_DIR\n                        echo \"SINGULARITY_CACHEDIR $SINGULARITY_CACHEDIR\"\n            LOCK_FILE=$CACHE_DIR/singularity_pull_flock\n\n            # we want to avoid all the cromwell tasks hammering each other trying\n            # to pull the container into the cache for the first time. flock works\n            # on GPFS, netapp, and vast (of course only for processes on the same\n            # machine which is the case here since we're pulling it in the master\n            # process before submitting).\n            #flock --exclusive --timeout 1200 $LOCK_FILE \\\n            #    singularity exec --containall docker://${docker} \\\n            #    echo \"successfully pulled ${docker}!\" &amp;&gt; /dev/null\n\n            # Ensure singularity is loaded if it's installed as a module\n            #module load Singularity/3.0.1\n            module load apptainer/1.2.4\n            # Build the Docker image into a singularity image\n            IMAGE=${docker}.sif\n            apptainer build $IMAGE docker://${docker}\n\n            # Submit the script to SLURM\n            sbatch \\\n              --wait \\\n              --job-name=${job_name} \\\n              --chdir=${cwd} \\\n              --output=${cwd}/execution/stdout \\\n              --error=${cwd}/execution/stderr \\\n              --time=${runtime_minutes} \\\n              ${\"--cpus-per-task=\" + cpus} \\\n              --mem-per-cpu=${requested_memory_mb_per_core} \\\n              --account=${account} \\\n              --wrap \"apptainer exec --containall --bind ${cwd}:${docker_cwd} ${IMAGE} ${job_shell} ${docker_script}\"\n        \"\"\"\n\n        kill = \"scancel ${job_id}\"\n        check-alive = \"squeue -j ${job_id}\"\n        job-id-regex = \"Submitted batch job (\\\\d+).*\"\n      }\n    }\n\n  }\n}\n\ncall-caching {\n    enabled = true\n    invalidate-bad-cache-results = true\n  }\n</code></pre>\n"
}