{
    "answer_count": 12,
    "author": "bioraihan",
    "author_uid": "39575",
    "book_count": 0,
    "comment_count": 8,
    "content": "Hi There,\r\nI am a student and new to the field of bioinformatics.\r\n\r\nRecently I have started working on RNA seq data using Common carp (*Cyprinus carpio*) transcriptome. I have downloaded my reference genome and annotation from NCBI, as common carp is not a listed organism in most of the pipeline. However, after performing a differential analysis I have list of genes which is the locus ID (I think), which looks like LOC109056034,LOC109079975, LOC109101305 etc. If I search these ID in NCBI they are coming up as predicted genes with specific character!!\r\n\r\nMy final goal is to construct a molecular pathway analysis. I was trying to use this ID in GO, AmiGO or DAVID, but it looks like none of them can recognise my IDs. Also my organism is not in their species list. My question is-\r\n1) How can I perform a pathway analysis and what tools (online tools if possible) should be easier or suitable for non model organism?\r\n2) Is it a common practice to perform pathway analysis in a related species (e.g. Zebrafish) using the same gene, as most of the common genes have conserved function?\r\n3) If I have to convert my gene IDs, whats the best way to do it? If I have to assign a code name of the genes, whats the best way to do it?\r\n4) Is there a step by step protocol?\r\n\r\nI am very sorry for the lengthy questions. Can someone share some light on it?\r\n\r\nRegards,\r\nRaihan\r\n",
    "creation_date": "2017-06-01T10:37:48.184388+00:00",
    "has_accepted": false,
    "id": 246423,
    "lastedit_date": "2017-06-04T05:54:52.894603+00:00",
    "lastedit_user_uid": "39575",
    "parent_id": 246423,
    "rank": 1496555692.894603,
    "reply_count": 12,
    "root_id": 246423,
    "status": "Open",
    "status_id": 1,
    "subs_count": 4,
    "tag_val": "rna-seq",
    "thread_score": 2,
    "title": "Gene pathway analysis",
    "type": "Question",
    "type_id": 0,
    "uid": "255673",
    "url": "https://www.biostars.org/p/255673/",
    "view_count": 2289,
    "vote_count": 0,
    "xhtml": "<p>Hi There,\nI am a student and new to the field of bioinformatics.</p>\n\n<p>Recently I have started working on RNA seq data using Common carp (<em>Cyprinus carpio</em>) transcriptome. I have downloaded my reference genome and annotation from NCBI, as common carp is not a listed organism in most of the pipeline. However, after performing a differential analysis I have list of genes which is the locus ID (I think), which looks like LOC109056034,LOC109079975, LOC109101305 etc. If I search these ID in NCBI they are coming up as predicted genes with specific character!!</p>\n\n<p>My final goal is to construct a molecular pathway analysis. I was trying to use this ID in GO, AmiGO or DAVID, but it looks like none of them can recognise my IDs. Also my organism is not in their species list. My question is-\n1) How can I perform a pathway analysis and what tools (online tools if possible) should be easier or suitable for non model organism?\n2) Is it a common practice to perform pathway analysis in a related species (e.g. Zebrafish) using the same gene, as most of the common genes have conserved function?\n3) If I have to convert my gene IDs, whats the best way to do it? If I have to assign a code name of the genes, whats the best way to do it?\n4) Is there a step by step protocol?</p>\n\n<p>I am very sorry for the lengthy questions. Can someone share some light on it?</p>\n\n<p>Regards,\nRaihan</p>\n"
}