{
    "answer_count": 3,
    "author": "dolevrahat",
    "author_uid": "10661",
    "book_count": 0,
    "comment_count": 3,
    "content": "Hello\n\nI apologize for this stupid question but am at a lost regarding this one:\n\nI am attempting to use [cluster flow][1] in order to streamline multiple bismark sessions that I want to run.\n\nWhen I try to run the bismark pipeline it launches the appropriate qsub jobs, but when the jobs finish no files are generated.\n\nWhen I inspect the error files they contain the error:\n\n    /state/partition1/apps/local/clusterflow-0.1/modules/bismark_align.cfmod: Command not found.\n\n(and similar errors for all other modules in the pipeline).\n\nI have inspected the modules directory, the files are all there and have an execution premission for all users.\n\nWhat might be the problem?\n\nThanks in advance\n\nDolev Rahat\n\n [1]: http://ewels.github.io/clusterflow/",
    "creation_date": "2014-11-12T14:10:12.444278+00:00",
    "has_accepted": false,
    "id": 113383,
    "lastedit_date": "2022-03-18T16:38:59.239463+00:00",
    "lastedit_user_uid": "8494",
    "parent_id": 113383,
    "rank": 1415801412.444278,
    "reply_count": 3,
    "root_id": 113383,
    "status": "Open",
    "status_id": 1,
    "subs_count": 1,
    "tag_val": "clusterflow",
    "thread_score": 1,
    "title": "command not found error when runing bismark modules with cluster flow",
    "type": "Question",
    "type_id": 0,
    "uid": "119390",
    "url": "https://www.biostars.org/p/119390/",
    "view_count": 2148,
    "vote_count": 0,
    "xhtml": "<p>Hello</p>\n<p>I apologize for this stupid question but am at a lost regarding this one:</p>\n<p>I am attempting to use <a href=\"http://ewels.github.io/clusterflow/\" rel=\"nofollow\">cluster flow</a> in order to streamline multiple bismark sessions that I want to run.</p>\n<p>When I try to run the bismark pipeline it launches the appropriate qsub jobs, but when the jobs finish no files are generated.</p>\n<p>When I inspect the error files they contain the error:</p>\n<pre><code>/state/partition1/apps/local/clusterflow-0.1/modules/bismark_align.cfmod: Command not found.\n</code></pre>\n<p>(and similar errors for all other modules in the pipeline).</p>\n<p>I have inspected the modules directory, the files are all there and have an execution premission for all users.</p>\n<p>What might be the problem?</p>\n<p>Thanks in advance</p>\n<p>Dolev Rahat</p>\n"
}