{
    "answer_count": 2,
    "author": "abhijit.synl",
    "author_uid": "16868",
    "book_count": 0,
    "comment_count": 0,
    "content": "Hello All,\n\nI wanted to know whether repeatmasking a genome or genome fragment, before performing gene annotation, is a good idea. The literature (http://www.nature.com/nrg/journal/v1...l/nrg3174.html, http://onlinelibrary.wiley.com/doi/1...eva.12178/full) and software such as MAKER, and PASA advocate repeatmasking before annotation of genes. Some others say that gene annotation pipelines should be run twice. With and without repeatmasking. I understand the logic behind repeat-masking and then performing gene annotation. However, running a gene annotation on an unmasked genome especially when repeat related genes are not my concern... I don't understand. Therefore looking for answers to the following questions.\n\n1) What are the chances that a non-repeat related gene contains a repetitive region (lets say part of the gag-pol domain is present in a gene, or some exon contains a satellite repeat)? Are there any such cases reported?\n\n2) For genome reference guided transcriptome assembly purposes is it recommended that a masked genome be used? I agree that for expression quantification, this may lead to overestimation or under representation in some cases.\n\nThank you in advance.",
    "creation_date": "2017-09-13T15:30:38.048152+00:00",
    "has_accepted": false,
    "id": 262728,
    "lastedit_date": "2023-03-17T15:30:15.858960+00:00",
    "lastedit_user_uid": "8494",
    "parent_id": 262728,
    "rank": 1615521225.692136,
    "reply_count": 2,
    "root_id": 262728,
    "status": "Open",
    "status_id": 1,
    "subs_count": 2,
    "tag_val": "genome-annotation",
    "thread_score": 2,
    "title": "Genome repeat masking before gene annotation",
    "type": "Question",
    "type_id": 0,
    "uid": "272371",
    "url": "https://www.biostars.org/p/272371/",
    "view_count": 4378,
    "vote_count": 2,
    "xhtml": "<p>Hello All,</p>\n<p>I wanted to know whether repeatmasking a genome or genome fragment, before performing gene annotation, is a good idea. The literature (<a href=\"http://www.nature.com/nrg/journal/v1...l/nrg3174.html\" rel=\"nofollow\">http://www.nature.com/nrg/journal/v1...l/nrg3174.html</a>, <a href=\"http://onlinelibrary.wiley.com/doi/1...eva.12178/full\" rel=\"nofollow\">http://onlinelibrary.wiley.com/doi/1...eva.12178/full</a>) and software such as MAKER, and PASA advocate repeatmasking before annotation of genes. Some others say that gene annotation pipelines should be run twice. With and without repeatmasking. I understand the logic behind repeat-masking and then performing gene annotation. However, running a gene annotation on an unmasked genome especially when repeat related genes are not my concern... I don't understand. Therefore looking for answers to the following questions.</p>\n<p>1) What are the chances that a non-repeat related gene contains a repetitive region (lets say part of the gag-pol domain is present in a gene, or some exon contains a satellite repeat)? Are there any such cases reported?</p>\n<p>2) For genome reference guided transcriptome assembly purposes is it recommended that a masked genome be used? I agree that for expression quantification, this may lead to overestimation or under representation in some cases.</p>\n<p>Thank you in advance.</p>\n"
}