{
    "answer_count": 3,
    "author": "Sara",
    "author_uid": "29841",
    "book_count": 0,
    "comment_count": 1,
    "content": "I have made a pipeline for our scRNAseq and every time I have to copy the workflow to the directory and run it. So I decided to make a wrapper for it to just give the input data location and run the pipeline. Do you know which program or programming language is the best for this purpose \n",
    "creation_date": "2021-09-02T16:59:49.283855+00:00",
    "has_accepted": false,
    "id": 487713,
    "lastedit_date": "2021-09-02T17:27:46.402767+00:00",
    "lastedit_user_uid": "2",
    "parent_id": 487713,
    "rank": 1630602813.096984,
    "reply_count": 3,
    "root_id": 487713,
    "status": "Open",
    "status_id": 1,
    "subs_count": 4,
    "tag_val": "pipeline",
    "thread_score": 3,
    "title": "best tool for the pipeline wrapper",
    "type": "Question",
    "type_id": 0,
    "uid": "9487713",
    "url": "https://www.biostars.org/p/9487713/",
    "view_count": 785,
    "vote_count": 0,
    "xhtml": "<p>I have made a pipeline for our scRNAseq and every time I have to copy the workflow to the directory and run it. So I decided to make a wrapper for it to just give the input data location and run the pipeline. Do you know which program or programming language is the best for this purpose</p>\n"
}