{
    "answer_count": 0,
    "author": "carlopecoraro2",
    "author_uid": "32251",
    "book_count": 1,
    "comment_count": 0,
    "content": "## [Course -  SPATIAL OMICS & MULTIPLEXED IMAGE ANALYSIS][1]\n\n----------\n\nDates: Online 6-9 November 2023\n\n----------\n\n### COURSE OVERVIEW\n\nDuring this course we will discuss basics and introduce state-of-the-art software-tools tailored for spatial omics and multiplexed image analysis. The most common workflows can be divided in three steps: (i) processing/preparing the images for cellular segmentation, (ii) extraction of the individual marker intensities for each cell which are subsequently used for cell phenotyping and (iii) neighborhood analysis to quantify interactions between the different cell types in the tissue. In this course we will visit each of these steps and present algorithms and software-tools used for processing, analysis and visualization of images and data. These tools include among others MCMICRO, SCIMAP, QuPath, Fiji and napari.\nThe course will be delivered in 4 days (see program below). Each day we will have a presentations as well as hands-on sessions.\n\n----------\n\n### INTENDED AUDIENCE\n\nThe course is intended for biologists and computational biologists who work with multiplexed images at a protein level (antibodies/immunofluorescence). Basic experience in programming with python, running programs through command line and fluorescence microscopy come in handy for this course but they are not necessary.\n\n----------\n\n### LEARNING OUTCOMES\n\nBy the end of the course, participants will be able to:\n\n - Use the MCMICRO pipeline to perform image processing on multiplexed images.\n - Use QuPath, napari and Fiji to carry out annotations and visual quality control on images.\n - Do cell phenotyping and basic spatial analysis with SCIMAP.\n - Perform neighborhood analysis with e.g., MISTY and SpatialLDA.\n - Carry out a complete spatial analysis pipeline for multiplexed data, i.e., from image processing to cell segmentation, cell phenotyping and neighborhood analysis.\n\n### SESSION CONTENT\n\n#### Day 1 - 2-8 pm Berlin time - Image acquisition principles and image visualization\n\n1. Introduction to spatial omics and multiplexed imaging (Denis Schapiro)\n2. Fluorescence microscopy principles\n3. Spatial multi-omics technologies (proteins/antibodies vs transcriptomics)\n4. Multiplex Immunofluorescence microscopy\n5. Hands-on session\n   - Image visualization software : Fiji, QuPath, napari.\n   - Image processing basics\n\n#### Day 2 - 2-8 pm Berlin time - Image preprocessing for multiplexed imaging\n\n1. Basic quality control\n   - Visualization of individual processing steps\n2. Image processing steps\n   - Illumination correction\n   - Registration and stitching\n   - Background subtraction\n   - Segmenting Tissue Microarrays\n3.    Hands-on session\n   - MCMICRO pipeline\n\n#### Day 3 - 2-8 pm Berlin time - Image analysis workflow for multiplexed imaging\n\n1. Cell segmentation algorithms\n2. Cell mask and extraction of cell features\n3. Cell type calling and clustering methods\n4. Spatial analysis of cells in tissues\n5. Hands-on session\n   - SCIMAP\n\n#### Day 4 - 2-8 pm Berlin time - Cell type annotation and neighborhood analysis\n\n1. Cell type calling/ Cell type free\n   - Manual gating\n   - Clustering (e.g., Phenograph)\n   - Deep-learning methods\n2. Definition of cellular neighborhoods.\n3. Neighborhood analysis algorithms\n   - Sample comparison\n   - Identification of significant relationships.\n   - Neighborhood identification.\n   - Short and long range interactions (Misty, NCEM)\n4. Hands-on session\n   - Misty\n   - SpatialLDA\n\n  [1]: https://www.physalia-courses.org/courses-workshops/multiplexed-image-analysis/",
    "creation_date": "2023-08-15T15:08:28.280585+00:00",
    "has_accepted": false,
    "id": 572344,
    "lastedit_date": "2023-10-06T17:30:49.755416+00:00",
    "lastedit_user_uid": "8494",
    "parent_id": 572344,
    "rank": 1692112108.280593,
    "reply_count": 0,
    "root_id": 572344,
    "status": "Open",
    "status_id": 1,
    "subs_count": 1,
    "tag_val": "Spatial-Omics,Multiplexed-Image-Analysis",
    "thread_score": 1,
    "title": "Spatial Omics course",
    "type": "News",
    "type_id": 11,
    "uid": "9572344",
    "url": "https://www.biostars.org/p/9572344/",
    "view_count": 481,
    "vote_count": 1,
    "xhtml": "<h2><a href=\"https://www.physalia-courses.org/courses-workshops/multiplexed-image-analysis/\" rel=\"nofollow\">Course -  SPATIAL OMICS &amp; MULTIPLEXED IMAGE ANALYSIS</a></h2>\n<hr>\n<p>Dates: Online 6-9 November 2023</p>\n<hr>\n<h3>COURSE OVERVIEW</h3>\n<p>During this course we will discuss basics and introduce state-of-the-art software-tools tailored for spatial omics and multiplexed image analysis. The most common workflows can be divided in three steps: (i) processing/preparing the images for cellular segmentation, (ii) extraction of the individual marker intensities for each cell which are subsequently used for cell phenotyping and (iii) neighborhood analysis to quantify interactions between the different cell types in the tissue. In this course we will visit each of these steps and present algorithms and software-tools used for processing, analysis and visualization of images and data. These tools include among others MCMICRO, SCIMAP, QuPath, Fiji and napari.\nThe course will be delivered in 4 days (see program below). Each day we will have a presentations as well as hands-on sessions.</p>\n<hr>\n<h3>INTENDED AUDIENCE</h3>\n<p>The course is intended for biologists and computational biologists who work with multiplexed images at a protein level (antibodies/immunofluorescence). Basic experience in programming with python, running programs through command line and fluorescence microscopy come in handy for this course but they are not necessary.</p>\n<hr>\n<h3>LEARNING OUTCOMES</h3>\n<p>By the end of the course, participants will be able to:</p>\n<ul>\n<li>Use the MCMICRO pipeline to perform image processing on multiplexed images.</li>\n<li>Use QuPath, napari and Fiji to carry out annotations and visual quality control on images.</li>\n<li>Do cell phenotyping and basic spatial analysis with SCIMAP.</li>\n<li>Perform neighborhood analysis with e.g., MISTY and SpatialLDA.</li>\n<li>Carry out a complete spatial analysis pipeline for multiplexed data, i.e., from image processing to cell segmentation, cell phenotyping and neighborhood analysis.</li>\n</ul>\n<h3>SESSION CONTENT</h3>\n<h4>Day 1 - 2-8 pm Berlin time - Image acquisition principles and image visualization</h4>\n<ol>\n<li>Introduction to spatial omics and multiplexed imaging (Denis Schapiro)</li>\n<li>Fluorescence microscopy principles</li>\n<li>Spatial multi-omics technologies (proteins/antibodies vs transcriptomics)</li>\n<li>Multiplex Immunofluorescence microscopy</li>\n<li>Hands-on session<ul>\n<li>Image visualization software : Fiji, QuPath, napari.</li>\n<li>Image processing basics</li>\n</ul>\n</li>\n</ol>\n<h4>Day 2 - 2-8 pm Berlin time - Image preprocessing for multiplexed imaging</h4>\n<ol>\n<li>Basic quality control<ul>\n<li>Visualization of individual processing steps</li>\n</ul>\n</li>\n<li>Image processing steps<ul>\n<li>Illumination correction</li>\n<li>Registration and stitching</li>\n<li>Background subtraction</li>\n<li>Segmenting Tissue Microarrays</li>\n</ul>\n</li>\n<li>Hands-on session<ul>\n<li>MCMICRO pipeline</li>\n</ul>\n</li>\n</ol>\n<h4>Day 3 - 2-8 pm Berlin time - Image analysis workflow for multiplexed imaging</h4>\n<ol>\n<li>Cell segmentation algorithms</li>\n<li>Cell mask and extraction of cell features</li>\n<li>Cell type calling and clustering methods</li>\n<li>Spatial analysis of cells in tissues</li>\n<li>Hands-on session<ul>\n<li>SCIMAP</li>\n</ul>\n</li>\n</ol>\n<h4>Day 4 - 2-8 pm Berlin time - Cell type annotation and neighborhood analysis</h4>\n<ol>\n<li>Cell type calling/ Cell type free<ul>\n<li>Manual gating</li>\n<li>Clustering (e.g., Phenograph)</li>\n<li>Deep-learning methods</li>\n</ul>\n</li>\n<li>Definition of cellular neighborhoods.</li>\n<li>Neighborhood analysis algorithms<ul>\n<li>Sample comparison</li>\n<li>Identification of significant relationships.</li>\n<li>Neighborhood identification.</li>\n<li>Short and long range interactions (Misty, NCEM)</li>\n</ul>\n</li>\n<li>Hands-on session<ul>\n<li>Misty</li>\n<li>SpatialLDA</li>\n</ul>\n</li>\n</ol>\n"
}