{
    "answer_count": 5,
    "author": "K.patel5",
    "author_uid": "55642",
    "book_count": 0,
    "comment_count": 3,
    "content": "Dear Biostars,\r\n\r\nI have developed a CNV detection pipeline for my WES data. While I think it is OK, I would like to test its performance against some synthetic WES data which contains CNVs which I have created synthetically. Does anyone have any experience in generating synthetic WES data based on a FASTQ/ bed file? Or would it be better to spike in duplications or deletions into already existing fastq files which could be used as controls? Any advice on tools which can perform this would be really appeciated.",
    "creation_date": "2022-10-10T10:30:01.451658+00:00",
    "has_accepted": false,
    "id": 541074,
    "lastedit_date": "2022-10-10T14:19:01.624150+00:00",
    "lastedit_user_uid": "3038",
    "parent_id": 541074,
    "rank": 1665411541.882684,
    "reply_count": 5,
    "root_id": 541074,
    "status": "Open",
    "status_id": 1,
    "subs_count": 2,
    "tag_val": "CNV,genomics,biology,synthetic,WES",
    "thread_score": 1,
    "title": "Advice on how to generate synthetic Copy Number Variation data",
    "type": "Question",
    "type_id": 0,
    "uid": "9541074",
    "url": "https://www.biostars.org/p/9541074/",
    "view_count": 955,
    "vote_count": 0,
    "xhtml": "<p>Dear Biostars,</p>\n<p>I have developed a CNV detection pipeline for my WES data. While I think it is OK, I would like to test its performance against some synthetic WES data which contains CNVs which I have created synthetically. Does anyone have any experience in generating synthetic WES data based on a FASTQ/ bed file? Or would it be better to spike in duplications or deletions into already existing fastq files which could be used as controls? Any advice on tools which can perform this would be really appeciated.</p>\n"
}