{
    "answer_count": 3,
    "author": "quentin54520",
    "author_uid": "87014",
    "book_count": 0,
    "comment_count": 3,
    "content": "Hello all, \r\n\r\nHas anyone ever tested the dragen-gatk version for the human germline genome? If so, have you obtained satisfactory results compared to classic gatk? What steps did you take?",
    "creation_date": "2021-09-14T13:09:19.891150+00:00",
    "has_accepted": false,
    "id": 489306,
    "lastedit_date": "2021-09-14T18:19:52.425069+00:00",
    "lastedit_user_uid": "23570",
    "parent_id": 489306,
    "rank": 1631624959.891164,
    "reply_count": 3,
    "root_id": 489306,
    "status": "Open",
    "status_id": 1,
    "subs_count": 2,
    "tag_val": "germline,gatk,dragen,wgs",
    "thread_score": 0,
    "title": "Dragen-gatk pipeline information ?",
    "type": "Question",
    "type_id": 0,
    "uid": "9489306",
    "url": "https://www.biostars.org/p/9489306/",
    "view_count": 1276,
    "vote_count": 0,
    "xhtml": "<p>Hello all,</p>\n<p>Has anyone ever tested the dragen-gatk version for the human germline genome? If so, have you obtained satisfactory results compared to classic gatk? What steps did you take?</p>\n"
}