{
    "answer_count": 6,
    "author": "win",
    "author_uid": "5381",
    "book_count": 0,
    "comment_count": 3,
    "content": "<p>Hi all,\nI downloaded a bam file (NA18507) from a Illumina site [ http://www.illumina.com/truseq/tru_resources/datasets.ilmn ]. Also downloaded the reference file from NCBI website as well as the 1K Genomes Reference Fasta file.</p>\n\n<p>I used the samtools pipeline as follows:</p>\n\n<pre><code>samtools sort NA18507.bam NA18507.sorted\nsamtools mpileup -uf h:\\RefGenome\\human_g1k_v37.fasta NA18507.sorted.bam | bcftools view -bvcg - &gt; NA18507.sorted.bam.raw.bcf\nbcftools view NA18507.sorted.bam.raw.bcf | perl c:\\users\\a\\desktop\\samtools\\vcfutils.pl varFilter -D100 &gt; NA18507.VCF.vcf\n</code></pre>\n\n<p>Tried to use both the reference genome files.</p>\n\n<p>The problem is that i cannot get any variants to show up in the VCF file. Can someone please help with this? Is there something obvious that I am missing.</p>\n\n<p>Thanks in advance.</p>\n",
    "creation_date": "2012-10-19T22:25:18.956067+00:00",
    "has_accepted": false,
    "id": 53201,
    "lastedit_date": "2012-10-20T00:10:54.583034+00:00",
    "lastedit_user_uid": "1681",
    "parent_id": 53201,
    "rank": 1350691854.583034,
    "reply_count": 6,
    "root_id": 53201,
    "status": "Open",
    "status_id": 1,
    "subs_count": 2,
    "tag_val": "illumina",
    "thread_score": 3,
    "title": "Illumina Bam Analysis",
    "type": "Question",
    "type_id": 0,
    "uid": "55291",
    "url": "https://www.biostars.org/p/55291/",
    "view_count": 3901,
    "vote_count": 0,
    "xhtml": "<p>Hi all,\nI downloaded a bam file (NA18507) from a Illumina site [ <a rel=\"nofollow\" href=\"http://www.illumina.com/truseq/tru_resources/datasets.ilmn\">http://www.illumina.com/truseq/tru_resources/datasets.ilmn</a> ]. Also downloaded the reference file from NCBI website as well as the 1K Genomes Reference Fasta file.</p>\n\n<p>I used the samtools pipeline as follows:</p>\n\n<pre><code>samtools sort NA18507.bam NA18507.sorted\nsamtools mpileup -uf h:\\RefGenome\\human_g1k_v37.fasta NA18507.sorted.bam | bcftools view -bvcg - &gt; NA18507.sorted.bam.raw.bcf\nbcftools view NA18507.sorted.bam.raw.bcf | perl c:\\users\\a\\desktop\\samtools\\vcfutils.pl varFilter -D100 &gt; NA18507.VCF.vcf\n</code></pre>\n\n<p>Tried to use both the reference genome files.</p>\n\n<p>The problem is that i cannot get any variants to show up in the VCF file. Can someone please help with this? Is there something obvious that I am missing.</p>\n\n<p>Thanks in advance.</p>\n"
}