{
    "answer_count": 3,
    "author": "Sasha",
    "author_uid": "109806",
    "book_count": 0,
    "comment_count": 3,
    "content": "Hey everyone,\r\n\r\nToday we are publically releasing a new large language model tool for brainstorming scripts based on the types of samples you have access to. \r\n\r\nThe main use case that we want to solve with this UI is the cold start problem when you're staring at a blank screen trying to figure out what to run next. For each pipeline, before it is generated, you can also edit the software stack used so that you can incorporate your feedback before the script is generated. \r\n\r\nTry it out here: https://ai.tinybio.cloud/experiment-generator",
    "creation_date": "2023-06-14T16:01:38.003464+00:00",
    "has_accepted": false,
    "id": 566487,
    "lastedit_date": "2023-06-14T19:18:24.208472+00:00",
    "lastedit_user_uid": "13619",
    "parent_id": 566487,
    "rank": 1686758498.003474,
    "reply_count": 3,
    "root_id": 566487,
    "status": "Open",
    "status_id": 1,
    "subs_count": 2,
    "tag_val": "gpt",
    "thread_score": 5,
    "title": "Experiment Generator",
    "type": "Tool",
    "type_id": 10,
    "uid": "9566487",
    "url": "https://www.biostars.org/p/9566487/",
    "view_count": 976,
    "vote_count": 3,
    "xhtml": "<p>Hey everyone,</p>\n<p>Today we are publically releasing a new large language model tool for brainstorming scripts based on the types of samples you have access to.</p>\n<p>The main use case that we want to solve with this UI is the cold start problem when you're staring at a blank screen trying to figure out what to run next. For each pipeline, before it is generated, you can also edit the software stack used so that you can incorporate your feedback before the script is generated.</p>\n<p>Try it out here: <a href=\"https://ai.tinybio.cloud/experiment-generator\" rel=\"nofollow\">https://ai.tinybio.cloud/experiment-generator</a></p>\n"
}