{
    "answer_count": 0,
    "author": "Jana",
    "author_uid": "107529",
    "book_count": 0,
    "comment_count": 0,
    "content": "The Institute for Genome Sciences (IGS), Informatics Resource Center, is recruiting for a Open Rank Bioinformatics Software Engineer I and Bioinformatics Software Engineer II position.  This position will be filled as either the Bioinformatics Software Engineer I or II.\n\nIGS employs multiple omics and bioinformatics approaches to understand function in health and disease, to study molecular and cellular networks in a variety of model systems, and to generate data and bioinformatics resources of value to the international scientific community.  The Informatics Resource Center (IRC) at IGS includes faculty and staff with expertise in genomics and transcriptomics in a diverse set of species, microbiome analysis, evolutionary analysis, tool development, visualization platforms, databases, data coordination, and web development. The Genomics Resource Center (GRC) is a high-throughput laboratory and data analysis group supporting the scientific programs of IGS and its collaborators, both across the University of Maryland Baltimore campus and across the globe. Using multiple sequencing and analysis platforms, the GRC generates high-quality genomic data in a cost-effective manner. Together the IRC and GRC support research across a spectrum of biological areas both on the University of Maryland Baltimore campus and around the world.\n\nBenefits Information:\n\nUMB offers a generous benefits package, which includes 22 vacation days, 14 floating and holidays, 15 sick days; comprehensive health insurance and retirement options; and tuition remission for employees and their dependents at any of the University System of Maryland schools.\n\nIn the Fall of 2021, UMB will require all faculty, staff, and students to be vaccinated against COVID-19. Exemptions for medical or religious reasons will be processed through Human Resources.\n\nBioinformatics Software Engineer (BSE) I\n\nThe selected Bioinformatics Software Engineer I (BSEI) will work under the supervision of senior engineers to develop and maintain software that drives, interacts with, or extracts data from complex engineered systems. BSEs work to contribute to projects intended to develop software or design databases to accomplish specific scientific or analytical objectives. They will develop tools, protocols or structured methods for organizing or presenting data from analytical or experimental systems.\n\nEssential Functions:\n\n - Maintain software based on the requirements specified by senior engineers and scientists.\n - Under the supervision of senior engineers, maintain analysis pipelines using the tools and systems available at the Institute of Genome Science (IGS).  This will include installing software and writing wrapper scripts to invoke the software to process data.\n - Manage omics data generated and maintained at IGS including loading and querying data from database systems, writing scripts to transform the data to necessary formats, and downloading and transforming data maintained in public data repositories.\n - Ensures basic quality assurance of data and software generated by IGS.\n - Perform other duties as assigned.\n\nBioinformatics Software Engineer II\n\nThe selected Bioinformatics Software Engineer II (BSEII) will work under the supervision of senior engineers to develop and maintain software that drives, interacts with, or extracts data from complex engineered systems. BSEs work to contribute to projects intended to develop software or design databases to accomplish specific scientific or analytical objectives. They will develop tools, protocols or structured methods for organizing or presenting data from analytical or experimental systems.\n\nEssential Functions:\n\n - With minimal supervision from senior engineers, develop and maintain software that drives, interacts with, or extracts data from complex engineered systems, such as genomic sequencing systems.\n - Contribute to projects intended to develop software or design databases to accomplish specific scientific or analytical objectives.\n - Develop tools, protocols or structured methods for organizing or presenting data from analytical or diagnostic systems.\n - Independently develop and maintain software based on the requirements specified by lead engineers, senior engineers, and scientists.\n - Develop and maintain analysis pipelines using the tools and systems available at the Institute for Genome Sciences (IGS). This will include installing software and writing wrapper scripts to invoke the software to process data.\n - Participate in multiple ongoing projects simultaneously and work as a member of a large-scale, multi-member project team.\n - Manage omics related data generated and maintained at IGS including loading and querying data from database systems, writing scripts to transform the data to necessary formats, and downloading and transforming genomic data maintained in public data repositories.\n - Ensure basic quality assurance of data and software generated by IGS.\n - Perform other duties as assigned.\n \nQualifications\n\nBioinformatics Software Engineer (BSE) I\n\nMinimum Qualifications:\n\nEducation: Bachelor\u2019s degree in Bioinformatics, Computer Science, Computer Engineering. Equivalent amount of education and experience may be considered.\n \nKnowledge, Skills, and Abilities:\n\n - Ability to use and develop software in a UNIX/Linux operating environment.\n - Familiarity with UNIX/Linux scripting languages such as bash, awk or sed.\n - Proficiency in at least one programming or scripting language such as C/C++, Java, Perl or Python.\n - Familiarity with relational database management systems and query software such as Oracle, MySQL and other RDBMS.\n - Ability to create web-based tools using technologies such as HTML, CSS, Ajax, Django, or Flask.\n - Knowledge of pertinent biological or computer science research disciplines.\n - Knowledge of variety of systems methods for storing, analyzing and presenting large data sets.\n - Knowledge of automated unit and system test frameworks and strategies.\n - Good analytical, interpersonal, and communications skills.\n - Ability to work in a team environment.\n - Excellent organization and time management skills to meet project goals and schedules.\n - Ability to use office automation tools such as word processors, spreadsheets and presentation software.\n \nBioinformatics Software Engineer II\n\nMinimum Qualifications:\n\nEducation: Bachelor\u2019s degree in Bioinformatics, Computer Science, Computer Engineering.\n\nExperience: Two (2) years of experience in bioinformatics tool use, software development, or analysis of biological data. Master\u2019s degree in Bioinformatics, Computer Science or related field may be substituted for two (2) years of experience.\n\nKnowledge, Skills, and Abilities:\n\n - Ability to use and develop software in a UNIX/Linux operating environment.\n - Familiarity with UNIX/Linux scripting languages such as bash, awk, or sed.\n - Proficiency in at least one programming or scripting language such as C/C++, Java, Perl, or Python.\n - Familiarity with relational database management systems and query software such as Oracle, MySQL, and other RDBMS.\n - Ability to create web-based tools using technologies such as HTML, CSS, Ajax, Django, or Flask.\n - Knowledge of pertinent biological or computer science research disciplines.\n - Knowledge of variety of systems methods for storing, analyzing, and presenting large data sets.\n - Knowledge of automated unit and system test frameworks and strategies.\n - Excellent analytical, interpersonal, and communications skills.\n - Ability to work both in a team environment and independently.\n - Excellent organization and time management skills to meet project goals and schedules.\n - Ability to use office automation tools such as word processors, spreadsheets, and presentation software.\n\nHiring Range: Commensurate with education and experience\n\nApply directly at https://umb.taleo.net/careersection/umb_external_staff/jobdetail.ftl?job=210000NE&lang=en \n\nUMB is an Equal Opportunity/Affirmative Action Employer. All qualified applicants will receive consideration for employment without regard to sex, gender identity, sexual orientation, race, color, religion, national origin, disability, protected Veteran status, age, or any other characteristic protected by law or policy. For assistance related to employment, please contact the Staffing department at HRJobs@umaryland.edu.  \n\nIf you anticipate needing a reasonable accommodation for a disability under the Americans With Disabilities Act (ADA), during any part of the employment process, please submit a UMB Job Applicant Accommodation Request. You may also contact HRDiversity@umaryland.edu. Please note that only inquiries concerning an ADA request for reasonable accommodation will be responded to from this email address.",
    "creation_date": "2022-04-14T16:19:54.231854+00:00",
    "has_accepted": false,
    "id": 519169,
    "lastedit_date": "2023-02-08T19:51:06.596976+00:00",
    "lastedit_user_uid": "8494",
    "parent_id": 519169,
    "rank": 1649953194.231868,
    "reply_count": 0,
    "root_id": 519169,
    "status": "Open",
    "status_id": 1,
    "subs_count": 1,
    "tag_val": "genomics,genome-sciences",
    "thread_score": 0,
    "title": "Open Rank Bioinformatics Software Engineer I and Bioinformatics Software Engineer II - IGS, Informatics Resource Center",
    "type": "Job",
    "type_id": 2,
    "uid": "9519169",
    "url": "https://www.biostars.org/p/9519169/",
    "view_count": 831,
    "vote_count": 0,
    "xhtml": "<p>The Institute for Genome Sciences (IGS), Informatics Resource Center, is recruiting for a Open Rank Bioinformatics Software Engineer I and Bioinformatics Software Engineer II position.  This position will be filled as either the Bioinformatics Software Engineer I or II.</p>\n<p>IGS employs multiple omics and bioinformatics approaches to understand function in health and disease, to study molecular and cellular networks in a variety of model systems, and to generate data and bioinformatics resources of value to the international scientific community.  The Informatics Resource Center (IRC) at IGS includes faculty and staff with expertise in genomics and transcriptomics in a diverse set of species, microbiome analysis, evolutionary analysis, tool development, visualization platforms, databases, data coordination, and web development. The Genomics Resource Center (GRC) is a high-throughput laboratory and data analysis group supporting the scientific programs of IGS and its collaborators, both across the University of Maryland Baltimore campus and across the globe. Using multiple sequencing and analysis platforms, the GRC generates high-quality genomic data in a cost-effective manner. Together the IRC and GRC support research across a spectrum of biological areas both on the University of Maryland Baltimore campus and around the world.</p>\n<p>Benefits Information:</p>\n<p>UMB offers a generous benefits package, which includes 22 vacation days, 14 floating and holidays, 15 sick days; comprehensive health insurance and retirement options; and tuition remission for employees and their dependents at any of the University System of Maryland schools.</p>\n<p>In the Fall of 2021, UMB will require all faculty, staff, and students to be vaccinated against COVID-19. Exemptions for medical or religious reasons will be processed through Human Resources.</p>\n<p>Bioinformatics Software Engineer (BSE) I</p>\n<p>The selected Bioinformatics Software Engineer I (BSEI) will work under the supervision of senior engineers to develop and maintain software that drives, interacts with, or extracts data from complex engineered systems. BSEs work to contribute to projects intended to develop software or design databases to accomplish specific scientific or analytical objectives. They will develop tools, protocols or structured methods for organizing or presenting data from analytical or experimental systems.</p>\n<p>Essential Functions:</p>\n<ul>\n<li>Maintain software based on the requirements specified by senior engineers and scientists.</li>\n<li>Under the supervision of senior engineers, maintain analysis pipelines using the tools and systems available at the Institute of Genome Science (IGS).  This will include installing software and writing wrapper scripts to invoke the software to process data.</li>\n<li>Manage omics data generated and maintained at IGS including loading and querying data from database systems, writing scripts to transform the data to necessary formats, and downloading and transforming data maintained in public data repositories.</li>\n<li>Ensures basic quality assurance of data and software generated by IGS.</li>\n<li>Perform other duties as assigned.</li>\n</ul>\n<p>Bioinformatics Software Engineer II</p>\n<p>The selected Bioinformatics Software Engineer II (BSEII) will work under the supervision of senior engineers to develop and maintain software that drives, interacts with, or extracts data from complex engineered systems. BSEs work to contribute to projects intended to develop software or design databases to accomplish specific scientific or analytical objectives. They will develop tools, protocols or structured methods for organizing or presenting data from analytical or experimental systems.</p>\n<p>Essential Functions:</p>\n<ul>\n<li>With minimal supervision from senior engineers, develop and maintain software that drives, interacts with, or extracts data from complex engineered systems, such as genomic sequencing systems.</li>\n<li>Contribute to projects intended to develop software or design databases to accomplish specific scientific or analytical objectives.</li>\n<li>Develop tools, protocols or structured methods for organizing or presenting data from analytical or diagnostic systems.</li>\n<li>Independently develop and maintain software based on the requirements specified by lead engineers, senior engineers, and scientists.</li>\n<li>Develop and maintain analysis pipelines using the tools and systems available at the Institute for Genome Sciences (IGS). This will include installing software and writing wrapper scripts to invoke the software to process data.</li>\n<li>Participate in multiple ongoing projects simultaneously and work as a member of a large-scale, multi-member project team.</li>\n<li>Manage omics related data generated and maintained at IGS including loading and querying data from database systems, writing scripts to transform the data to necessary formats, and downloading and transforming genomic data maintained in public data repositories.</li>\n<li>Ensure basic quality assurance of data and software generated by IGS.</li>\n<li>Perform other duties as assigned.</li>\n</ul>\n<p>Qualifications</p>\n<p>Bioinformatics Software Engineer (BSE) I</p>\n<p>Minimum Qualifications:</p>\n<p>Education: Bachelor\u2019s degree in Bioinformatics, Computer Science, Computer Engineering. Equivalent amount of education and experience may be considered.</p>\n<p>Knowledge, Skills, and Abilities:</p>\n<ul>\n<li>Ability to use and develop software in a UNIX/Linux operating environment.</li>\n<li>Familiarity with UNIX/Linux scripting languages such as bash, awk or sed.</li>\n<li>Proficiency in at least one programming or scripting language such as C/C++, Java, Perl or Python.</li>\n<li>Familiarity with relational database management systems and query software such as Oracle, MySQL and other RDBMS.</li>\n<li>Ability to create web-based tools using technologies such as HTML, CSS, Ajax, Django, or Flask.</li>\n<li>Knowledge of pertinent biological or computer science research disciplines.</li>\n<li>Knowledge of variety of systems methods for storing, analyzing and presenting large data sets.</li>\n<li>Knowledge of automated unit and system test frameworks and strategies.</li>\n<li>Good analytical, interpersonal, and communications skills.</li>\n<li>Ability to work in a team environment.</li>\n<li>Excellent organization and time management skills to meet project goals and schedules.</li>\n<li>Ability to use office automation tools such as word processors, spreadsheets and presentation software.</li>\n</ul>\n<p>Bioinformatics Software Engineer II</p>\n<p>Minimum Qualifications:</p>\n<p>Education: Bachelor\u2019s degree in Bioinformatics, Computer Science, Computer Engineering.</p>\n<p>Experience: Two (2) years of experience in bioinformatics tool use, software development, or analysis of biological data. Master\u2019s degree in Bioinformatics, Computer Science or related field may be substituted for two (2) years of experience.</p>\n<p>Knowledge, Skills, and Abilities:</p>\n<ul>\n<li>Ability to use and develop software in a UNIX/Linux operating environment.</li>\n<li>Familiarity with UNIX/Linux scripting languages such as bash, awk, or sed.</li>\n<li>Proficiency in at least one programming or scripting language such as C/C++, Java, Perl, or Python.</li>\n<li>Familiarity with relational database management systems and query software such as Oracle, MySQL, and other RDBMS.</li>\n<li>Ability to create web-based tools using technologies such as HTML, CSS, Ajax, Django, or Flask.</li>\n<li>Knowledge of pertinent biological or computer science research disciplines.</li>\n<li>Knowledge of variety of systems methods for storing, analyzing, and presenting large data sets.</li>\n<li>Knowledge of automated unit and system test frameworks and strategies.</li>\n<li>Excellent analytical, interpersonal, and communications skills.</li>\n<li>Ability to work both in a team environment and independently.</li>\n<li>Excellent organization and time management skills to meet project goals and schedules.</li>\n<li>Ability to use office automation tools such as word processors, spreadsheets, and presentation software.</li>\n</ul>\n<p>Hiring Range: Commensurate with education and experience</p>\n<p>Apply directly at <a href=\"https://umb.taleo.net/careersection/umb_external_staff/jobdetail.ftl?job=210000NE&amp;lang=en\" rel=\"nofollow\">https://umb.taleo.net/careersection/umb_external_staff/jobdetail.ftl?job=210000NE&amp;lang=en</a></p>\n<p>UMB is an Equal Opportunity/Affirmative Action Employer. All qualified applicants will receive consideration for employment without regard to sex, gender identity, sexual orientation, race, color, religion, national origin, disability, protected Veteran status, age, or any other characteristic protected by law or policy. For assistance related to employment, please contact the Staffing department at HRJobs@umaryland.edu.</p>\n<p>If you anticipate needing a reasonable accommodation for a disability under the Americans With Disabilities Act (ADA), during any part of the employment process, please submit a UMB Job Applicant Accommodation Request. You may also contact HRDiversity@umaryland.edu. Please note that only inquiries concerning an ADA request for reasonable accommodation will be responded to from this email address.</p>\n"
}