{
    "answer_count": 1,
    "author": "Francois Piumi",
    "author_uid": "48172",
    "book_count": 0,
    "comment_count": 0,
    "content": "Hi,\r\n\r\nI downloaded several RNA-Seq raw data (fastq files) from different studies. Then I submitted them to a RNA-Seq pipeline that I developped and that I already use for my own studies. I finally got several DESeq2 files with lists of differentially expressed genes (fold changes and p-values).\r\n\r\nWhat are the best solutions to compare these results?\r\n\r\nFor instance, I'd like to compare pathways that are found enriched in the different studies.\r\n\r\nI'd like to use KEGG or IPA, but the first step is to apply a fold change and a pvalue cutoff  to select differentially expressed genes. Do I have to select the same cutoff for all the studies, or select an approximately identical number of differentially expressed genes in all the studies? Or maybe there's another solution?",
    "creation_date": "2022-05-21T18:26:36.737834+00:00",
    "has_accepted": false,
    "id": 524070,
    "lastedit_date": "2022-05-22T03:09:09.856342+00:00",
    "lastedit_user_uid": "191",
    "parent_id": 524070,
    "rank": 1653188949.946921,
    "reply_count": 1,
    "root_id": 524070,
    "status": "Open",
    "status_id": 1,
    "subs_count": 2,
    "tag_val": "RNA-Seq,metadata",
    "thread_score": 1,
    "title": "How to do RNA-Seq metadata analysis?",
    "type": "Question",
    "type_id": 0,
    "uid": "9524070",
    "url": "https://www.biostars.org/p/9524070/",
    "view_count": 632,
    "vote_count": 0,
    "xhtml": "<p>Hi,</p>\n<p>I downloaded several RNA-Seq raw data (fastq files) from different studies. Then I submitted them to a RNA-Seq pipeline that I developped and that I already use for my own studies. I finally got several DESeq2 files with lists of differentially expressed genes (fold changes and p-values).</p>\n<p>What are the best solutions to compare these results?</p>\n<p>For instance, I'd like to compare pathways that are found enriched in the different studies.</p>\n<p>I'd like to use KEGG or IPA, but the first step is to apply a fold change and a pvalue cutoff  to select differentially expressed genes. Do I have to select the same cutoff for all the studies, or select an approximately identical number of differentially expressed genes in all the studies? Or maybe there's another solution?</p>\n"
}