{
    "answer_count": 1,
    "author": "kingcohn",
    "author_uid": "31182",
    "book_count": 0,
    "comment_count": 1,
    "content": "I am using the a5 assembler to construct a de novo genome. The sample data ran without any issues but I'm getting an error with my fastq reads. \r\n\r\n    [a5] Found the following libraries:\r\n         raw1:\r\n          id=raw1\r\n          p1=/home/molecularecology/Desktop/zcpb/raw_cp3/CPBWGS_three_1.fastq.gz\r\n          p2=/home/molecularecology/Desktop/zcpb/raw_cp3/CPBWGS_three_2.fastq.gz\r\n    [a5] Found 1 libraries\r\n    [a5] Starting pipeline at step 1\r\n    [a5] Cleaning reads with SGA\r\n    [a5] Cleaning reads with SGA\r\n    cleaning each PE lib\r\n    \r\n    p1 is a5CP3/CPBWGS_three_1.fastq.gz.a5unzipped\r\n    Cleaning reads\r\n    \r\n    [a5] java -Xmx512m -jar '/home/molecularecology/Desktop/a5_miseq_linux_20160825/bin'/trimmomatic.jar SE -threads 4 -phred33  a5CP3.s1/CPBWGS_three_1.fastq.gz.a5unzipped.both.fastq a5CP3.s1/CPBWGS_three_1.fastq.gz.a5unzipped.trim.fastq ILLUMINACLIP:/home/molecularecology/Desktop/a5_miseq_linux_20160825/bin/../adapter.fasta:2:30:10 LEADING:3 TRAILING:3 SLIDINGWINDOW:4:15 MINLEN:36\r\n    TrimmomaticSE: Started with arguments: -threads 4 -phred33 a5CP3.s1/CPBWGS_three_1.fastq.gz.a5unzipped.both.fastq a5CP3.s1/CPBWGS_three_1.fastq.gz.a5unzipped.trim.fastq ILLUMINACLIP:/home/molecularecology/Desktop/a5_miseq_linux_20160825/bin/../adapter.fasta:2:30:10 LEADING:3 TRAILING:3 SLIDINGWINDOW:4:15 MINLEN:36\r\n    Using PrefixPair: 'TACACTCTTTCCCTACACGACGCTCTTCCGATCT' and 'GTGACTGGAGTTCAGACGTGTGCTCTTCCGATCT'\r\n    Using PrefixPair: 'TACACTCTTTCCCTACACGACGCTCTTCCGATCT' and 'TCTCGGCATTCCTGCTGAACCGCTCTTCCGATCT'\r\n    Using PrefixPair: 'AGATGTGTATAAGAGACAG' and 'AGATGTGTATAAGAGACAG'\r\n    Using Long Clipping Sequence: 'AGATCGGAAGAGCGTCGTGTAGGGAAAGAGTGTA'\r\n    Using Long Clipping Sequence: 'CTGTCTCTTATACACATCTCCGAGCCCACGAGAC'\r\n    Using Long Clipping Sequence: 'CTGTCTCTTATACACATCTGACGCTGCCGACGA'\r\n    Using Long Clipping Sequence: 'TCGTCGGCAGCGTCAGATGTGTATAAGAGACAG'\r\n    Using Long Clipping Sequence: 'GCCTCCCTCGCGCCATCAGAGATGTGTATAAGAGACAG'\r\n    Using Long Clipping Sequence: 'GCCTTGCCAGCCCGCTCAGAGATGTGTATAAGAGACAG'\r\n    Using Long Clipping Sequence: 'TACACTCTTTCCCTACACGACGCTCTTCCGATCT'\r\n    Using Long Clipping Sequence: 'AGATCGGAAGAGCGGTTCAGCAGGAATGCCGAGA'\r\n    Using Long Clipping Sequence: 'GTGACTGGAGTTCAGACGTGTGCTCTTCCGATCT'\r\n    Using Long Clipping Sequence: 'TTTTTTTTTTAATGATACGGCGACCACCGAGATCTACAC'\r\n    Using Long Clipping Sequence: 'CTGTCTCTTATACACATCTCTGATGGCGCGAGGGAGGC'\r\n    Using Long Clipping Sequence: 'CTGTCTCTTATACACATCTCTGAGCGGGCTGGCAAGGC'\r\n    Using Long Clipping Sequence: 'AGATCGGAAGAGCACACGTCTGAACTCCAGTCAC'\r\n    Using Long Clipping Sequence: 'TTTTTTTTTTCAAGCAGAAGACGGCATACGA'\r\n    Using Long Clipping Sequence: 'GTCTCGTGGGCTCGGAGATGTGTATAAGAGACAG'\r\n    Using Long Clipping Sequence: 'TCTCGGCATTCCTGCTGAACCGCTCTTCCGATCT'\r\n    ILLUMINACLIP: Using 3 prefix pairs, 16 forward/reverse sequences, 0 forward only sequences, 0 reverse only sequences\r\n    Input Reads: 96160254 Surviving: 93109717 (96.83%) Dropped: 3050537 (3.17%)\r\n    TrimmomaticSE: Completed successfully\r\n    [a5] '/home/molecularecology/Desktop/a5_miseq_linux_20160825/bin'/sga preprocess -q 25 -f 20 -m 35  --pe-mode=0  a5CP3.s1/CPBWGS_three_1.fastq.gz.a5unzipped.trim.fastq > a5CP3.s1/CPBWGS_three_1.fastq.gz.a5unzipped.both.pp 2> /dev/null\r\n    [a5] sga index -d 8210180 -t 4 a5CP3.s1/a5CP3.pp.fastq > a5CP3.s1/index.out 2> a5CP3.s1/index.err\r\n    [a5] '/home/molecularecology/Desktop/a5_miseq_linux_20160825/bin'/sga correct -t 4 -p a5CP3.pp -o a5CP3.s1/CPBWGS_three_1.fastq.gz.a5unzipped.both.pp.ec.fastq a5CP3.s1/CPBWGS_three_1.fastq.gz.a5unzipped.both.pp > a5CP3.s1/raw1.correct.out\r\n    [timer - sga::correct] wall clock: 13901.98s CPU: 53675.25s\r\n    Running cat a5CP3.s1/CPBWGS_three_1.fastq.gz.a5unzipped.both.repair.fastq >> a5CP3.s1/a5CP3.ec.fastq\r\n    Done merging libraries\r\n    [a5_s2] Building contigs from a5CP3.ec.fastq with IDBA\r\n    [a5_s2] Building contigs from a5CP3.ec.fastq with IDBA\r\n    [a5] a5CP3.s2/a5CP3.ec.fasta has 14936675647 bytes of FastA sequence data\r\n    [a5] '/home/molecularecology/Desktop/a5_miseq_linux_20160825/bin'/idba_ud500 --num_threads 4 -r a5CP3.s2/a5CP3.ec.fasta  -o a5CP3.s2/a5CP3 --mink 35 --maxk 125 --min_pairs 2 \r\n    Killed\r\n    [a5] Error building contigs with IDBA\r\n\r\nthanks for your consideration!",
    "creation_date": "2016-09-28T21:49:45.728724+00:00",
    "has_accepted": false,
    "id": 205618,
    "lastedit_date": "2016-09-28T21:52:11.670660+00:00",
    "lastedit_user_uid": "31182",
    "parent_id": 205618,
    "rank": 1475099531.67066,
    "reply_count": 1,
    "root_id": 205618,
    "status": "Open",
    "status_id": 1,
    "subs_count": 1,
    "tag_val": "a5,de novo assembly,a5 Assembler,IDBA error",
    "thread_score": 0,
    "title": "a5 assembly Error building contigs with IDBA",
    "type": "Question",
    "type_id": 0,
    "uid": "214076",
    "url": "https://www.biostars.org/p/214076/",
    "view_count": 2206,
    "vote_count": 0,
    "xhtml": "<p>I am using the a5 assembler to construct a de novo genome. The sample data ran without any issues but I'm getting an error with my fastq reads. </p>\n\n<pre class=\"pre\"><code class=\"language-bash\">[a5] Found the following libraries:\n     raw1:\n      id=raw1\n      p1=/home/molecularecology/Desktop/zcpb/raw_cp3/CPBWGS_three_1.fastq.gz\n      p2=/home/molecularecology/Desktop/zcpb/raw_cp3/CPBWGS_three_2.fastq.gz\n[a5] Found 1 libraries\n[a5] Starting pipeline at step 1\n[a5] Cleaning reads with SGA\n[a5] Cleaning reads with SGA\ncleaning each PE lib\n\np1 is a5CP3/CPBWGS_three_1.fastq.gz.a5unzipped\nCleaning reads\n\n[a5] java -Xmx512m -jar '/home/molecularecology/Desktop/a5_miseq_linux_20160825/bin'/trimmomatic.jar SE -threads 4 -phred33  a5CP3.s1/CPBWGS_three_1.fastq.gz.a5unzipped.both.fastq a5CP3.s1/CPBWGS_three_1.fastq.gz.a5unzipped.trim.fastq ILLUMINACLIP:/home/molecularecology/Desktop/a5_miseq_linux_20160825/bin/../adapter.fasta:2:30:10 LEADING:3 TRAILING:3 SLIDINGWINDOW:4:15 MINLEN:36\nTrimmomaticSE: Started with arguments: -threads 4 -phred33 a5CP3.s1/CPBWGS_three_1.fastq.gz.a5unzipped.both.fastq a5CP3.s1/CPBWGS_three_1.fastq.gz.a5unzipped.trim.fastq ILLUMINACLIP:/home/molecularecology/Desktop/a5_miseq_linux_20160825/bin/../adapter.fasta:2:30:10 LEADING:3 TRAILING:3 SLIDINGWINDOW:4:15 MINLEN:36\nUsing PrefixPair: 'TACACTCTTTCCCTACACGACGCTCTTCCGATCT' and 'GTGACTGGAGTTCAGACGTGTGCTCTTCCGATCT'\nUsing PrefixPair: 'TACACTCTTTCCCTACACGACGCTCTTCCGATCT' and 'TCTCGGCATTCCTGCTGAACCGCTCTTCCGATCT'\nUsing PrefixPair: 'AGATGTGTATAAGAGACAG' and 'AGATGTGTATAAGAGACAG'\nUsing Long Clipping Sequence: 'AGATCGGAAGAGCGTCGTGTAGGGAAAGAGTGTA'\nUsing Long Clipping Sequence: 'CTGTCTCTTATACACATCTCCGAGCCCACGAGAC'\nUsing Long Clipping Sequence: 'CTGTCTCTTATACACATCTGACGCTGCCGACGA'\nUsing Long Clipping Sequence: 'TCGTCGGCAGCGTCAGATGTGTATAAGAGACAG'\nUsing Long Clipping Sequence: 'GCCTCCCTCGCGCCATCAGAGATGTGTATAAGAGACAG'\nUsing Long Clipping Sequence: 'GCCTTGCCAGCCCGCTCAGAGATGTGTATAAGAGACAG'\nUsing Long Clipping Sequence: 'TACACTCTTTCCCTACACGACGCTCTTCCGATCT'\nUsing Long Clipping Sequence: 'AGATCGGAAGAGCGGTTCAGCAGGAATGCCGAGA'\nUsing Long Clipping Sequence: 'GTGACTGGAGTTCAGACGTGTGCTCTTCCGATCT'\nUsing Long Clipping Sequence: 'TTTTTTTTTTAATGATACGGCGACCACCGAGATCTACAC'\nUsing Long Clipping Sequence: 'CTGTCTCTTATACACATCTCTGATGGCGCGAGGGAGGC'\nUsing Long Clipping Sequence: 'CTGTCTCTTATACACATCTCTGAGCGGGCTGGCAAGGC'\nUsing Long Clipping Sequence: 'AGATCGGAAGAGCACACGTCTGAACTCCAGTCAC'\nUsing Long Clipping Sequence: 'TTTTTTTTTTCAAGCAGAAGACGGCATACGA'\nUsing Long Clipping Sequence: 'GTCTCGTGGGCTCGGAGATGTGTATAAGAGACAG'\nUsing Long Clipping Sequence: 'TCTCGGCATTCCTGCTGAACCGCTCTTCCGATCT'\nILLUMINACLIP: Using 3 prefix pairs, 16 forward/reverse sequences, 0 forward only sequences, 0 reverse only sequences\nInput Reads: 96160254 Surviving: 93109717 (96.83%) Dropped: 3050537 (3.17%)\nTrimmomaticSE: Completed successfully\n[a5] '/home/molecularecology/Desktop/a5_miseq_linux_20160825/bin'/sga preprocess -q 25 -f 20 -m 35  --pe-mode=0  a5CP3.s1/CPBWGS_three_1.fastq.gz.a5unzipped.trim.fastq &gt; a5CP3.s1/CPBWGS_three_1.fastq.gz.a5unzipped.both.pp 2&gt; /dev/null\n[a5] sga index -d 8210180 -t 4 a5CP3.s1/a5CP3.pp.fastq &gt; a5CP3.s1/index.out 2&gt; a5CP3.s1/index.err\n[a5] '/home/molecularecology/Desktop/a5_miseq_linux_20160825/bin'/sga correct -t 4 -p a5CP3.pp -o a5CP3.s1/CPBWGS_three_1.fastq.gz.a5unzipped.both.pp.ec.fastq a5CP3.s1/CPBWGS_three_1.fastq.gz.a5unzipped.both.pp &gt; a5CP3.s1/raw1.correct.out\n[timer - sga::correct] wall clock: 13901.98s CPU: 53675.25s\nRunning cat a5CP3.s1/CPBWGS_three_1.fastq.gz.a5unzipped.both.repair.fastq &gt;&gt; a5CP3.s1/a5CP3.ec.fastq\nDone merging libraries\n[a5_s2] Building contigs from a5CP3.ec.fastq with IDBA\n[a5_s2] Building contigs from a5CP3.ec.fastq with IDBA\n[a5] a5CP3.s2/a5CP3.ec.fasta has 14936675647 bytes of FastA sequence data\n[a5] '/home/molecularecology/Desktop/a5_miseq_linux_20160825/bin'/idba_ud500 --num_threads 4 -r a5CP3.s2/a5CP3.ec.fasta  -o a5CP3.s2/a5CP3 --mink 35 --maxk 125 --min_pairs 2 \nKilled\n[a5] Error building contigs with IDBA\n</code></pre>\n\n<p>thanks for your consideration!</p>\n"
}