{
    "answer_count": 2,
    "author": "Mahnoor",
    "author_uid": "121101",
    "book_count": 0,
    "comment_count": 0,
    "content": "We all know that the 16S based identification of bacteria can only predict the taxonomic identification of a bacterial species. It only contains the conserved nucleotide sequences to identify the bacteria. My question is:\r\n\"Is there any tool or bioinformatic-based pipeline to predict the presence of genes/enzymes/pathways in the bacteria that has been identified through 16S rDNA identification?\"\r\n\r\nThanks!",
    "creation_date": "2023-02-14T06:51:12.840853+00:00",
    "has_accepted": false,
    "id": 554329,
    "lastedit_date": "2023-02-15T01:24:44.634113+00:00",
    "lastedit_user_uid": "56237",
    "parent_id": 554329,
    "rank": 1676424284.691379,
    "reply_count": 2,
    "root_id": 554329,
    "status": "Open",
    "status_id": 1,
    "subs_count": 3,
    "tag_val": "rDNA,16s",
    "thread_score": 2,
    "title": "Annotation of 16S rDNA identified bacteria",
    "type": "Question",
    "type_id": 0,
    "uid": "9554329",
    "url": "https://www.biostars.org/p/9554329/",
    "view_count": 731,
    "vote_count": 0,
    "xhtml": "<p>We all know that the 16S based identification of bacteria can only predict the taxonomic identification of a bacterial species. It only contains the conserved nucleotide sequences to identify the bacteria. My question is:\n\"Is there any tool or bioinformatic-based pipeline to predict the presence of genes/enzymes/pathways in the bacteria that has been identified through 16S rDNA identification?\"</p>\n<p>Thanks!</p>\n"
}