{
    "answer_count": 2,
    "author": "priya.bmg",
    "author_uid": "48330",
    "book_count": 0,
    "comment_count": 1,
    "content": "Hello\r\n\r\nI have started learning the steps in NGS pipeline. \r\n\r\nFirst, using Bowtie, I aligned the fastq sequence file with the reference file and the output was saved as sam file.\r\n\r\n    bowtie2 -x grch38_1kgmaj  -U 24_1.fastq,24_2.fastq -S eg1.sam \r\n\r\nThe using samtools, sorted the sam file based on coordinates which was saved as bam file. \r\n\r\n     sort eg1.sam > my_sorted.bam\r\n\r\nThis bam file was indexed\r\n\r\n     samtools index my_sorted.bam\r\n\r\nNow, I am trying to mark duplicates in this indexed file (using picard tool)\r\n\r\n     java -jar $EBROOTPICARD/picard.jar MarkDuplicates I=my_sorted.bam.bai O=marked_duplicates.bam M=marked_dup_metrics.txt\r\n\r\nI am stuck in this step. I did not get any output. Are the above steps correct or have I missed any step before marking duplicates?\r\n\r\nThanks",
    "creation_date": "2021-07-29T07:47:33.968369+00:00",
    "has_accepted": true,
    "id": 482622,
    "lastedit_date": "2021-07-29T09:01:50.288844+00:00",
    "lastedit_user_uid": "48330",
    "parent_id": 482622,
    "rank": 1627548036.127965,
    "reply_count": 2,
    "root_id": 482622,
    "status": "Open",
    "status_id": 1,
    "subs_count": 2,
    "tag_val": "picard,GATK,NGS",
    "thread_score": 2,
    "title": "Mark Duplicates",
    "type": "Question",
    "type_id": 0,
    "uid": "9482622",
    "url": "https://www.biostars.org/p/9482622/",
    "view_count": 1207,
    "vote_count": 0,
    "xhtml": "<p>Hello</p>\n<p>I have started learning the steps in NGS pipeline.</p>\n<p>First, using Bowtie, I aligned the fastq sequence file with the reference file and the output was saved as sam file.</p>\n<pre><code>bowtie2 -x grch38_1kgmaj  -U 24_1.fastq,24_2.fastq -S eg1.sam \n</code></pre>\n<p>The using samtools, sorted the sam file based on coordinates which was saved as bam file.</p>\n<pre><code> sort eg1.sam &gt; my_sorted.bam\n</code></pre>\n<p>This bam file was indexed</p>\n<pre><code> samtools index my_sorted.bam\n</code></pre>\n<p>Now, I am trying to mark duplicates in this indexed file (using picard tool)</p>\n<pre><code> java -jar $EBROOTPICARD/picard.jar MarkDuplicates I=my_sorted.bam.bai O=marked_duplicates.bam M=marked_dup_metrics.txt\n</code></pre>\n<p>I am stuck in this step. I did not get any output. Are the above steps correct or have I missed any step before marking duplicates?</p>\n<p>Thanks</p>\n"
}