{
    "answer_count": 4,
    "author": "Pratik",
    "author_uid": "73649",
    "book_count": 0,
    "comment_count": 2,
    "content": "**EDIT:**  I think mutliQC might be the answer: https://github.com/COMBINE-lab/salmon/issues/252#issuecomment-405442271\n\n-----------\n\nHey ya'll,\n\nI am using going from fastq.gz SRR files to, ultimately a gene expression matrix I can use within DeSeq2 and/or edgeR\n\nI was guided by a great few people to use salmon. You know who you are : )\n\nThe snakemake/salmon pipeline is done, however I was wondering if QC is required prior to plugging the fastq's into salmon.\n\nI was reading here: https://www.biostars.org/p/397086/#397097 and it refers to the github for salmon, where QC is recommended.\n\n***And if QC is required to trim adapters/remove low quality reads, could someone share what tools are recommended for my current salmon/snakemake pipeline, please?***\n\nHere is a post I found which recommends multiQC, however multiQC looks like an all-in-one package. \n\nhttps://www.biostars.org/p/347264/#347266\n\nThank you in advance : )",
    "creation_date": "2021-06-10T22:08:36.030055+00:00",
    "has_accepted": true,
    "id": 474873,
    "lastedit_date": "2021-06-11T15:00:00.912252+00:00",
    "lastedit_user_uid": "73649",
    "parent_id": 474873,
    "rank": 1623418858.530504,
    "reply_count": 4,
    "root_id": 474873,
    "status": "Open",
    "status_id": 1,
    "subs_count": 3,
    "tag_val": "QC,RNA-seq",
    "thread_score": 6,
    "title": "Up to date bulk RNA-seq Quality Control tools?",
    "type": "Question",
    "type_id": 0,
    "uid": "9474873",
    "url": "https://www.biostars.org/p/9474873/",
    "view_count": 1368,
    "vote_count": 0,
    "xhtml": "<p><strong>EDIT:</strong>  I think mutliQC might be the answer: <a href=\"https://github.com/COMBINE-lab/salmon/issues/252#issuecomment-405442271\" rel=\"nofollow\">https://github.com/COMBINE-lab/salmon/issues/252#issuecomment-405442271</a></p>\n<hr>\n<p>Hey ya'll,</p>\n<p>I am using going from fastq.gz SRR files to, ultimately a gene expression matrix I can use within DeSeq2 and/or edgeR</p>\n<p>I was guided by a great few people to use salmon. You know who you are : )</p>\n<p>The snakemake/salmon pipeline is done, however I was wondering if QC is required prior to plugging the fastq's into salmon.</p>\n<p>I was reading here: <a href=\"https://www.biostars.org/p/397086/#397097\" rel=\"nofollow\">Adapter trimming before mapping with Salmon</a> and it refers to the github for salmon, where QC is recommended.</p>\n<p><strong><em>And if QC is required to trim adapters/remove low quality reads, could someone share what tools are recommended for my current salmon/snakemake pipeline, please?</em></strong></p>\n<p>Here is a post I found which recommends multiQC, however multiQC looks like an all-in-one package.</p>\n<p><a href=\"https://www.biostars.org/p/347264/#347266\" rel=\"nofollow\">Looking for appropriate software QC for bulk RNA seq.</a></p>\n<p>Thank you in advance : )</p>\n"
}