{
    "answer_count": 13,
    "author": "salamandra",
    "author_uid": "19549",
    "book_count": 0,
    "comment_count": 12,
    "content": "I have an ubuntu 16.04 LTS OS and have installed the software FastQC from the site: http://www.bioinformatics.babraham.ac.uk/projects/download.html.\r\n\r\nwhen I try to open a .fastq file with FastQC as part of a pipeline: fastqc 'path_to_file/file.fastq' a zip folder with the results is produced in the same directory of fastq file, but throws the error: 'An error occurred while loading the archive' when I try to open the file interactively (by typing fastqc in command line and then click File -> Open) it uploads till 95% and then stops.\r\n\r\nCould someone please explain what am I doing wrong? Is it related with the installation?\r\n\r\nNote: java version is openjdk version \"1.8.0_111\" OpenJDK Runtime Environment (build 1.8.0_111-8u111-b14-2ubuntu0.16.04.2-b14) OpenJDK 64-Bit Server VM (build 25.111-b14, mixed mode)",
    "creation_date": "2016-12-07T11:01:00.972607+00:00",
    "has_accepted": false,
    "id": 217245,
    "lastedit_date": "2016-12-07T15:47:12.034836+00:00",
    "lastedit_user_uid": "19549",
    "parent_id": 217245,
    "rank": 1481125632.034836,
    "reply_count": 13,
    "root_id": 217245,
    "status": "Open",
    "status_id": 1,
    "subs_count": 1,
    "tag_val": "ChIP-Seq,FastQC",
    "thread_score": 1,
    "title": "Chip-seq - fastqc: zip file doesn't open",
    "type": "Question",
    "type_id": 0,
    "uid": "225984",
    "url": "https://www.biostars.org/p/225984/",
    "view_count": 5735,
    "vote_count": 0,
    "xhtml": "<p>I have an ubuntu 16.04 LTS OS and have installed the software FastQC from the site: <a rel=\"nofollow\" href=\"http://www.bioinformatics.babraham.ac.uk/projects/download.html\">http://www.bioinformatics.babraham.ac.uk/projects/download.html</a>.</p>\n\n<p>when I try to open a .fastq file with FastQC as part of a pipeline: fastqc 'path_to_file/file.fastq' a zip folder with the results is produced in the same directory of fastq file, but throws the error: 'An error occurred while loading the archive' when I try to open the file interactively (by typing fastqc in command line and then click File -&gt; Open) it uploads till 95% and then stops.</p>\n\n<p>Could someone please explain what am I doing wrong? Is it related with the installation?</p>\n\n<p>Note: java version is openjdk version \"1.8.0_111\" OpenJDK Runtime Environment (build 1.8.0_111-8u111-b14-2ubuntu0.16.04.2-b14) OpenJDK 64-Bit Server VM (build 25.111-b14, mixed mode)</p>\n"
}