{
    "answer_count": 17,
    "author": "Shicheng Guo",
    "author_uid": "19400",
    "book_count": 1,
    "comment_count": 13,
    "content": "Hi guys,\n\nI want to count the number for each feature: enhancer, promoter, exon, intron and so on for my bed file. Is there any prepared bed tables which can be used to make the intersect and do the counts statistic.\n\n1. Perl or R script and implemented file of Java or python would be appreciated.\n2. Is there more professional pipelines to classify batch of genome intervals into different categories? such as enhancer, promoter, exon, intron, miRNA, lncRNA, intergenic and so on?\n3. now we can kg2bed, gff2bed, is there any tool called refgene2bed?\n\nBTW:\n\nThe categories of the features in [Pierre Lindenbaum][1] is too limited. More features such as downstream, intergenic are needed. Martombo mentioned we can use bed2bam to transfer bed to bam and then use `read_distribution.py` in RSeQC to do this job\n\nBest regards\n\n [1]: https://www.biostars.org/u/30/",
    "creation_date": "2015-07-21T20:18:33.026444+00:00",
    "has_accepted": false,
    "id": 144678,
    "lastedit_date": "2022-07-20T19:21:01.478745+00:00",
    "lastedit_user_uid": "8494",
    "parent_id": 144678,
    "rank": 1581013914.464272,
    "reply_count": 17,
    "root_id": 144678,
    "status": "Open",
    "status_id": 1,
    "subs_count": 11,
    "tag_val": "genome",
    "thread_score": 22,
    "title": "Hg19 regions for Intergenic, Promoters, Enhancer, Exon, Intron, 5-UTR, 3-UTR and so on",
    "type": "Question",
    "type_id": 0,
    "uid": "151628",
    "url": "https://www.biostars.org/p/151628/",
    "view_count": 12568,
    "vote_count": 3,
    "xhtml": "<p>Hi guys,</p>\n<p>I want to count the number for each feature: enhancer, promoter, exon, intron and so on for my bed file. Is there any prepared bed tables which can be used to make the intersect and do the counts statistic.</p>\n<ol>\n<li>Perl or R script and implemented file of Java or python would be appreciated.</li>\n<li>Is there more professional pipelines to classify batch of genome intervals into different categories? such as enhancer, promoter, exon, intron, miRNA, lncRNA, intergenic and so on?</li>\n<li>now we can kg2bed, gff2bed, is there any tool called refgene2bed?</li>\n</ol>\n<p>BTW:</p>\n<p>The categories of the features in <a href=\"https://www.biostars.org/u/30/\" rel=\"nofollow\">Pierre Lindenbaum</a> is too limited. More features such as downstream, intergenic are needed. Martombo mentioned we can use bed2bam to transfer bed to bam and then use <code>read_distribution.py</code> in RSeQC to do this job</p>\n<p>Best regards</p>\n"
}