{
    "answer_count": 0,
    "author": "rmateos.1",
    "author_uid": "36674",
    "book_count": 0,
    "comment_count": 0,
    "content": "Hi,\r\n\r\nI am working with whole exome data, and I am trying to follow this [pipeline][1] in order to get a CNV analysis.\r\nWhen I reach the segments.pl step, I am able to get an output, but the end of every chromosome happens to have NA value in the last 4 columns . \r\n\r\nThis is part of the output\r\n\r\n \r\n\r\n    ID chrom loc.start   loc.end num.mark seg.mean     bstat         pval       lcl       ucl\r\n    1  X30     1     69445 249211976    20269   0.2667        NA           NA        NA        NA\r\n    2  X30     2     41347  21266186      955  -0.0224  7.877737 5.703810e-13  21265217  21266186\r\n    3  X30     2  21360274  21364172        6   1.4990  8.077258 1.906060e-13  21364172  21585074\r\n    4  X30     2  21585074 140426651     7026  -0.0006  6.685767 5.260426e-09 140426103 140426651\r\n    5  X30     2 140990738 141004571        4   1.5195  9.203246 1.189773e-17 141004571 141026628\r\n    6  X30     2 141026628 243037012     7369   0.0425        NA           NA        NA        NA\r\n\r\nI would like to ask for the possible reason this is happening. Also, I feel I shouldn't remove those columns, but getting a proper value out of them. I tried to change (just to try) the loc.end of the last segment of one chromosome to the \"last base\" of the chromosome (for example, the last segment of chromosome 2 ends in 243037012 so I changed it to see what happened if it was 243199373 instead), to see if the length of this last segment was the problem, but I still got NA values.\r\n\r\nI will thank any help or advice!  \r\n\r\n\r\n  [1]: https://www.biostars.org/p/158408/\r\n\r\n",
    "creation_date": "2017-02-01T06:41:05.258425+00:00",
    "has_accepted": false,
    "id": 225451,
    "lastedit_date": "2019-07-15T06:28:26.699346+00:00",
    "lastedit_user_uid": "1",
    "parent_id": 225451,
    "rank": 1563172106.699346,
    "reply_count": 0,
    "root_id": 225451,
    "status": "Open",
    "status_id": 1,
    "subs_count": 0,
    "tag_val": "R,DNAcopy,segment.p,CNV,WES",
    "thread_score": 0,
    "title": "NA values in q-end of chromosomes (segments.p)",
    "type": "Question",
    "type_id": 0,
    "uid": "234356",
    "url": "https://www.biostars.org/p/234356/",
    "view_count": 1309,
    "vote_count": 0,
    "xhtml": "<p>Hi,</p>\n\n<p>I am working with whole exome data, and I am trying to follow this <a rel=\"nofollow\" href=\"https://www.biostars.org/p/158408/\">pipeline</a> in order to get a CNV analysis.\nWhen I reach the segments.pl step, I am able to get an output, but the end of every chromosome happens to have NA value in the last 4 columns . </p>\n\n<p>This is part of the output</p>\n\n<pre class=\"pre\"><code class=\"language-bash\">ID chrom loc.start   loc.end num.mark seg.mean     bstat         pval       lcl       ucl\n1  X30     1     69445 249211976    20269   0.2667        NA           NA        NA        NA\n2  X30     2     41347  21266186      955  -0.0224  7.877737 5.703810e-13  21265217  21266186\n3  X30     2  21360274  21364172        6   1.4990  8.077258 1.906060e-13  21364172  21585074\n4  X30     2  21585074 140426651     7026  -0.0006  6.685767 5.260426e-09 140426103 140426651\n5  X30     2 140990738 141004571        4   1.5195  9.203246 1.189773e-17 141004571 141026628\n6  X30     2 141026628 243037012     7369   0.0425        NA           NA        NA        NA\n</code></pre>\n\n<p>I would like to ask for the possible reason this is happening. Also, I feel I shouldn't remove those columns, but getting a proper value out of them. I tried to change (just to try) the loc.end of the last segment of one chromosome to the \"last base\" of the chromosome (for example, the last segment of chromosome 2 ends in 243037012 so I changed it to see what happened if it was 243199373 instead), to see if the length of this last segment was the problem, but I still got NA values.</p>\n\n<p>I will thank any help or advice!  </p>\n"
}