{
    "answer_count": 0,
    "author": "iqra",
    "author_uid": "143934",
    "book_count": 0,
    "comment_count": 0,
    "content": "Hi,\n I have encountered this problem by using squire pipeline. but this command works for pair-end data and shows this error for single-end data. before half of my jobs are done and now its shows an error. Is there a known fix for this?\n\n    squire Count -m /home/data/TE-data/Dmrt1-data/Mapping -c /home/data/TE-data/Dmrt1-data/squire_clean -o /home/data/TE-data/Dmrt1-data/counts -t /home/data/TE-data/reference -f /home/data/TE-data/reference -r 50 -n SRR1757699 -b GRCm38 -p 32\n    \n    Traceback (most recent call last):\n    File \"/home/iqra/miniconda3/envs/squire_env/bin/squire\", line 10, in\n    sys.exit(main())\n    File \"/home/iqra/miniconda3/envs/squire_env/lib/python2.7/site-packages/squire/cli.py\", line 156, in main\n    subargs.func(args = subargs)\n    File \"/home/iqra/miniconda3/envs/squire_env/lib/python2.7/site-packages/squire/Count.py\", line 1683, in main\n    reduce_reads(paired_bed_tempfile1_sorted, paired_reduced_tempfile1,debug)\n    File \"/home/iqra/miniconda3/envs/squire_env/lib/python2.7/site-packages/squire/Count.py\", line 378, in reduce_reads\n    prev.line_split[15] = prev_TE_ID\n    UnboundLocalError: local variable 'prev_TE_ID' referenced before assignment\n\nanother error is regarding \n\n\n    (squire_env) iqra@bio-Super-Server:~/miniconda3/pkgs$ squire Count -m /home/data/TE-data/Dmrt1-data/Mapping -c /home/data/TE-data/Dmrt1-data/squire_clean -o /home/data/TE-data/Dmrt1-data/counts -t /home/data/TE-data/reference -f /home/data/TE-data/reference -r 50 -n SRR1757699 -b GRCm38 -p 32\n    \n    Traceback (most recent call last):\n      File \"/home/iqra/miniconda3/envs/squire_env/bin/squire\", line 10, in <module>\n        sys.exit(main())\n      File \"/home/iqra/miniconda3/envs/squire_env/lib/python2.7/site-packages/squire/cli.py\", line 156, in main\n        subargs.func(args = subargs)\n      File \"/home/iqra/miniconda3/envs/squire_env/lib/python2.7/site-packages/squire/Count.py\", line 1805, in main\n        avg_fraglength=uniquecount(unique_bedfile,RepCalc_dict,read_locdict)\n      File \"/home/iqra/miniconda3/envs/squire_env/lib/python2.7/site-packages/squire/Count.py\", line 1231, in uniquecount\n        unique_fragavg=unique_fragsum/int(unique_linecount)\n    ZeroDivisionError: division by zero",
    "creation_date": "2024-07-17T08:08:52.552572+00:00",
    "has_accepted": false,
    "id": 599176,
    "lastedit_date": "2024-07-17T09:51:00.568298+00:00",
    "lastedit_user_uid": "29107",
    "parent_id": 599176,
    "rank": 1721203732.552581,
    "reply_count": 0,
    "root_id": 599176,
    "status": "Open",
    "status_id": 1,
    "subs_count": 1,
    "tag_val": "SQuIRE",
    "thread_score": 0,
    "title": "Squire Pipeline for TE analysis",
    "type": "Question",
    "type_id": 0,
    "uid": "9599176",
    "url": "https://www.biostars.org/p/9599176/",
    "view_count": 181,
    "vote_count": 0,
    "xhtml": "<p>Hi,\n I have encountered this problem by using squire pipeline. but this command works for pair-end data and shows this error for single-end data. before half of my jobs are done and now its shows an error. Is there a known fix for this?</p>\n<pre><code>squire Count -m /home/data/TE-data/Dmrt1-data/Mapping -c /home/data/TE-data/Dmrt1-data/squire_clean -o /home/data/TE-data/Dmrt1-data/counts -t /home/data/TE-data/reference -f /home/data/TE-data/reference -r 50 -n SRR1757699 -b GRCm38 -p 32\n\nTraceback (most recent call last):\nFile \"/home/iqra/miniconda3/envs/squire_env/bin/squire\", line 10, in\nsys.exit(main())\nFile \"/home/iqra/miniconda3/envs/squire_env/lib/python2.7/site-packages/squire/cli.py\", line 156, in main\nsubargs.func(args = subargs)\nFile \"/home/iqra/miniconda3/envs/squire_env/lib/python2.7/site-packages/squire/Count.py\", line 1683, in main\nreduce_reads(paired_bed_tempfile1_sorted, paired_reduced_tempfile1,debug)\nFile \"/home/iqra/miniconda3/envs/squire_env/lib/python2.7/site-packages/squire/Count.py\", line 378, in reduce_reads\nprev.line_split[15] = prev_TE_ID\nUnboundLocalError: local variable 'prev_TE_ID' referenced before assignment\n</code></pre>\n<p>another error is regarding</p>\n<pre><code>(squire_env) iqra@bio-Super-Server:~/miniconda3/pkgs$ squire Count -m /home/data/TE-data/Dmrt1-data/Mapping -c /home/data/TE-data/Dmrt1-data/squire_clean -o /home/data/TE-data/Dmrt1-data/counts -t /home/data/TE-data/reference -f /home/data/TE-data/reference -r 50 -n SRR1757699 -b GRCm38 -p 32\n\nTraceback (most recent call last):\n  File \"/home/iqra/miniconda3/envs/squire_env/bin/squire\", line 10, in &lt;module&gt;\n    sys.exit(main())\n  File \"/home/iqra/miniconda3/envs/squire_env/lib/python2.7/site-packages/squire/cli.py\", line 156, in main\n    subargs.func(args = subargs)\n  File \"/home/iqra/miniconda3/envs/squire_env/lib/python2.7/site-packages/squire/Count.py\", line 1805, in main\n    avg_fraglength=uniquecount(unique_bedfile,RepCalc_dict,read_locdict)\n  File \"/home/iqra/miniconda3/envs/squire_env/lib/python2.7/site-packages/squire/Count.py\", line 1231, in uniquecount\n    unique_fragavg=unique_fragsum/int(unique_linecount)\nZeroDivisionError: division by zero\n</code></pre>\n"
}