{
    "answer_count": 0,
    "author": "carlopecoraro2",
    "author_uid": "32251",
    "book_count": 0,
    "comment_count": 0,
    "content": "![enter image description here][1]\n\nDear all,\n\nThe registration deadline for our Eukaryotic Metabarcoding Workshop is soon approaching (in 2 weeks) and we have the last 3 places left.\n\n----------\n\nDates:  4-8 March 2019\n\n----------\n\nWhere: Freie Universit\u00e4t Berlin (Germany)\n\n----------\n\nInstructors: **Owen S. Wangensteen** (University of Troms\u00f8, Norway) and **Vasco Elbrecht** (Biodiversity Institute of Ontario, Canada)\n\n----------\n\nWebsite: https://www.physalia-courses.org/courses-workshops/course4/\n\n----------\n\nThis workshop gives an overview of metabarcoding procedures with an emphasis on practical problem-solving and hands-on work using analysis pipelines on real datasets. After completing the workshop, students should be in a position to (1) understand the potential and capabilities of metabarcoding, (2) run complete analyses of metabarcoding pipelines and obtain diversity inventories and ecologically interpretable data from raw next-generation sequence data and (3) design their own metabarcoding projects, including bioinformatic data analysis and planning of laboratory work. All course materials (including copies of presentations, practical exercises, data files, and example scripts prepared by the instructing team) will be provided electronically to participants.\n\n----------\n\nAll the best,  \nCarlo\n\n--------------------\n\nCarlo Pecoraro, Ph.D  \nPhysalia-courses DIRECTOR  \ninfo@physalia-courses.org  \nhttp://www.physalia-courses.org/  \nTwitter: @physacourses  \nmobile: +49 17645230846  \nhttps://groups.google.com/forum/#!forum/physalia-courses\n\n  [1]: https://cdn1.imggmi.com/uploads/2019/1/24/e7b4d19b250fe7d21c3aaa6ca297c98a-full.jpg",
    "creation_date": "2019-01-24T16:04:46.951927+00:00",
    "has_accepted": false,
    "id": 348570,
    "lastedit_date": "2023-05-26T17:24:34.764663+00:00",
    "lastedit_user_uid": "8494",
    "parent_id": 348570,
    "rank": 1548345886.951927,
    "reply_count": 0,
    "root_id": 348570,
    "status": "Open",
    "status_id": 1,
    "subs_count": 0,
    "tag_val": "metabarcoding,next-gen",
    "thread_score": 0,
    "title": "Metabarcoding Workshop. 4-8 March",
    "type": "News",
    "type_id": 11,
    "uid": "360297",
    "url": "https://www.biostars.org/p/360297/",
    "view_count": 1427,
    "vote_count": 0,
    "xhtml": "<p><img alt=\"enter image description here\" src=\"https://cdn1.imggmi.com/uploads/2019/1/24/e7b4d19b250fe7d21c3aaa6ca297c98a-full.jpg\"></p>\n<p>Dear all,</p>\n<p>The registration deadline for our Eukaryotic Metabarcoding Workshop is soon approaching (in 2 weeks) and we have the last 3 places left.</p>\n<hr>\n<p>Dates:  4-8 March 2019</p>\n<hr>\n<p>Where: Freie Universit\u00e4t Berlin (Germany)</p>\n<hr>\n<p>Instructors: <strong>Owen S. Wangensteen</strong> (University of Troms\u00f8, Norway) and <strong>Vasco Elbrecht</strong> (Biodiversity Institute of Ontario, Canada)</p>\n<hr>\n<p>Website: <a href=\"https://www.physalia-courses.org/courses-workshops/course4/\" rel=\"nofollow\">https://www.physalia-courses.org/courses-workshops/course4/</a></p>\n<hr>\n<p>This workshop gives an overview of metabarcoding procedures with an emphasis on practical problem-solving and hands-on work using analysis pipelines on real datasets. After completing the workshop, students should be in a position to (1) understand the potential and capabilities of metabarcoding, (2) run complete analyses of metabarcoding pipelines and obtain diversity inventories and ecologically interpretable data from raw next-generation sequence data and (3) design their own metabarcoding projects, including bioinformatic data analysis and planning of laboratory work. All course materials (including copies of presentations, practical exercises, data files, and example scripts prepared by the instructing team) will be provided electronically to participants.</p>\n<hr>\n<p>All the best,<br>\nCarlo</p>\n<hr>\n<p>Carlo Pecoraro, Ph.D<br>\nPhysalia-courses DIRECTOR<br>\ninfo@physalia-courses.org<br>\n<a href=\"http://www.physalia-courses.org/\" rel=\"nofollow\">http://www.physalia-courses.org/</a><br>\nTwitter: @physacourses<br>\nmobile: +49 17645230846<br>\n<a href=\"https://groups.google.com/forum/#!forum/physalia-courses\" rel=\"nofollow\">https://groups.google.com/forum/#!forum/physalia-courses</a></p>\n"
}