{
    "answer_count": 1,
    "author": "Jesus Uriel",
    "author_uid": "101509",
    "book_count": 0,
    "comment_count": 1,
    "content": "I am a second year student of statistics and recently I look at epigenetic data and all this stuff of microarray and rna-seq data. I have no experience in genomics nor molecular biology and I want to lear more about this topics in order to understand better the data analysis pipeline of most papers and I want recommendations about books, papers or monographs for an introduction for statisticians.",
    "creation_date": "2021-12-07T17:05:05.796343+00:00",
    "has_accepted": false,
    "id": 500692,
    "lastedit_date": "2021-12-08T05:03:07.099272+00:00",
    "lastedit_user_uid": "191",
    "parent_id": 500692,
    "rank": 1638896705.796363,
    "reply_count": 1,
    "root_id": 500692,
    "status": "Open",
    "status_id": 1,
    "subs_count": 2,
    "tag_val": "books,Introductory,Statistics",
    "thread_score": 0,
    "title": "Genomics for Statisticians",
    "type": "Question",
    "type_id": 0,
    "uid": "9500692",
    "url": "https://www.biostars.org/p/9500692/",
    "view_count": 568,
    "vote_count": 0,
    "xhtml": "<p>I am a second year student of statistics and recently I look at epigenetic data and all this stuff of microarray and rna-seq data. I have no experience in genomics nor molecular biology and I want to lear more about this topics in order to understand better the data analysis pipeline of most papers and I want recommendations about books, papers or monographs for an introduction for statisticians.</p>\n"
}