{
    "answer_count": 2,
    "author": "Alex",
    "author_uid": "38246",
    "book_count": 1,
    "comment_count": 1,
    "content": "I am struggling to identify SNPs in population genomic data that I have. So far my pipeline follows:\r\n\r\n 1. Download fastq files from EBI-ENA\r\n 2. Trim reads to match quality threshold of 20\r\n 3. Map reads to reference sequence (BWA aln/sampe)\r\n 4. Convert SAM to pileup (view `-q 20`, sort, mpileup)\r\n\r\nUltimately, I want to be able to query the pileup file and retrieve SNP information at each base eg:\r\n\r\n    chr pos        ref  cov A   T   C   G   N\r\n    3L\t12798928\tC\t34\t0\t0\t29\t5\t0\r\n\r\nAs I'm very new to bioinformatics and processing this kind of data I don't know exactly where I've gone wrong or if there are better/more efficient ways to complete this. \r\n\r\nProblems I have struck so far: \r\n\r\n 1. All reference bases in my pileup file are N\r\n 2. How can I convert pileup entries to something similar to above? Can this be done with the BAM files as they're much smaller?\r\n\r\nAny advice is greatly appreciated, I am reading/referring to the Biostar handbook but this seems like quite a niche problem.",
    "creation_date": "2017-04-29T17:56:01.418840+00:00",
    "has_accepted": false,
    "id": 240932,
    "lastedit_date": "2017-12-01T11:09:37.600371+00:00",
    "lastedit_user_uid": "30",
    "parent_id": 240932,
    "rank": 1512126577.600371,
    "reply_count": 2,
    "root_id": 240932,
    "status": "Open",
    "status_id": 1,
    "subs_count": 3,
    "tag_val": "SNP,population,pileup,genome",
    "thread_score": 1,
    "title": "Finding SNPs in population data: help with pipeline",
    "type": "Question",
    "type_id": 0,
    "uid": "250099",
    "url": "https://www.biostars.org/p/250099/",
    "view_count": 2311,
    "vote_count": 1,
    "xhtml": "<p>I am struggling to identify SNPs in population genomic data that I have. So far my pipeline follows:</p>\n\n<ol>\n<li>Download fastq files from EBI-ENA</li>\n<li>Trim reads to match quality threshold of 20</li>\n<li>Map reads to reference sequence (BWA aln/sampe)</li>\n<li>Convert SAM to pileup (view <code>-q 20</code>, sort, mpileup)</li>\n</ol>\n\n<p>Ultimately, I want to be able to query the pileup file and retrieve SNP information at each base eg:</p>\n\n<pre class=\"pre\"><code class=\"language-bash\">chr pos        ref  cov A   T   C   G   N\n3L  12798928    C   34  0   0   29  5   0\n</code></pre>\n\n<p>As I'm very new to bioinformatics and processing this kind of data I don't know exactly where I've gone wrong or if there are better/more efficient ways to complete this. </p>\n\n<p>Problems I have struck so far: </p>\n\n<ol>\n<li>All reference bases in my pileup file are N</li>\n<li>How can I convert pileup entries to something similar to above? Can this be done with the BAM files as they're much smaller?</li>\n</ol>\n\n<p>Any advice is greatly appreciated, I am reading/referring to the Biostar handbook but this seems like quite a niche problem.</p>\n"
}