{
    "answer_count": 3,
    "author": "ResearchR",
    "author_uid": "39898",
    "book_count": 0,
    "comment_count": 2,
    "content": "Dear all,\r\n\r\nI would like to ask you for two suggestions:\r\n\r\n1. If got an incredible amount of miRNA-Seq data. Can anybody of you recommend a pipline for quality-control and alignment?\r\n\r\n2. I would like to compute the tumor purity from whole gnome seq tumor (with matching control) data. I know that it is hard to get the tumor purity in silico, but I would like to incorporate this information in an analysis pipline I am developing. I \"googled\" some tools, but I could not find any reports from users concerning the performance.\r\nDoes anyone of you have a recommendation?\r\n\r\nThanks and best wishes,\r\n\r\nChris ",
    "creation_date": "2017-09-14T13:30:51.117220+00:00",
    "has_accepted": false,
    "id": 262951,
    "lastedit_date": "2017-09-15T18:27:00.851495+00:00",
    "lastedit_user_uid": "18998",
    "parent_id": 262951,
    "rank": 1505500020.851495,
    "reply_count": 3,
    "root_id": 262951,
    "status": "Open",
    "status_id": 1,
    "subs_count": 2,
    "tag_val": "RNA-Seq,miRNA,piple,Tumor purity",
    "thread_score": 2,
    "title": "Tumor Purity and miRNA / small RNA pipeline",
    "type": "Question",
    "type_id": 0,
    "uid": "272598",
    "url": "https://www.biostars.org/p/272598/",
    "view_count": 1945,
    "vote_count": 0,
    "xhtml": "<p>Dear all,</p>\n\n<p>I would like to ask you for two suggestions:</p>\n\n<ol>\n<li><p>If got an incredible amount of miRNA-Seq data. Can anybody of you recommend a pipline for quality-control and alignment?</p></li>\n<li><p>I would like to compute the tumor purity from whole gnome seq tumor (with matching control) data. I know that it is hard to get the tumor purity in silico, but I would like to incorporate this information in an analysis pipline I am developing. I \"googled\" some tools, but I could not find any reports from users concerning the performance.\nDoes anyone of you have a recommendation?</p></li>\n</ol>\n\n<p>Thanks and best wishes,</p>\n\n<p>Chris </p>\n"
}