{
    "answer_count": 3,
    "author": "mvanhorn",
    "author_uid": "125166",
    "book_count": 0,
    "comment_count": 2,
    "content": "Hello, \n\nI'm currently trying to analyze an RNA-seq data set of about 10500 samples (including biological replicates) and initially noticed some strange outputs in my differential expression output file. I am using the CIRIquant pipeline with the built-in differential expression function which uses the edgeR module to calculate DE circular RNA. There were only six DE circRNA, which I initially assumed to be because of the larger sample size. However, when scrolling through the output, I saw that over half (646,400 or 61%) of the circRNAs listed had a logFC = 0, PValue = 1, and FDR = 1. \n\nAfter contacting the developer, they suggested that this is due to many circRNAs being expressed in only a few samples, so that the average expression is zero in both the experimental and control group, and at the same time, that the large number of circRNAs means that it is hard for the DE circRNAs to pass FDR correction. They suggested filtering the DE results based on occurrence and expression level to reduce the total number of circRNA, and then re-calculate the FDR values. \n\nI am trying to follow their advice and use edgeR for a secondary filtering, but was unable to use the filterByExpr() function as my data has already been processed within the DE portion of the CIRIquant pipeline and I cannot find a way to retrieve count data or library sizes. I was also looking at using rowSums() and specifying a minimum logCPM to use as a filter but I don't know if this is the best method or if there is a standard minimum logCPM to use. \n\nDoes anybody have any suggestions on how to filter already-processed DE results or what tools/functions I should be using?\n\nThank you for your time & any advice!\n",
    "creation_date": "2023-03-07T20:39:42.398889+00:00",
    "has_accepted": false,
    "id": 556676,
    "lastedit_date": "2023-03-11T16:06:30.490542+00:00",
    "lastedit_user_uid": "111376",
    "parent_id": 556676,
    "rank": 1678224536.185136,
    "reply_count": 3,
    "root_id": 556676,
    "status": "Open",
    "status_id": 1,
    "subs_count": 2,
    "tag_val": "RNA-seq,edgeR",
    "thread_score": 1,
    "title": "Secondary Filtering of DE Results to Eliminate Lowly-Expressed Transcripts",
    "type": "Question",
    "type_id": 0,
    "uid": "9556676",
    "url": "https://www.biostars.org/p/9556676/",
    "view_count": 928,
    "vote_count": 0,
    "xhtml": "<p>Hello,</p>\n<p>I'm currently trying to analyze an RNA-seq data set of about 10500 samples (including biological replicates) and initially noticed some strange outputs in my differential expression output file. I am using the CIRIquant pipeline with the built-in differential expression function which uses the edgeR module to calculate DE circular RNA. There were only six DE circRNA, which I initially assumed to be because of the larger sample size. However, when scrolling through the output, I saw that over half (646,400 or 61%) of the circRNAs listed had a logFC = 0, PValue = 1, and FDR = 1.</p>\n<p>After contacting the developer, they suggested that this is due to many circRNAs being expressed in only a few samples, so that the average expression is zero in both the experimental and control group, and at the same time, that the large number of circRNAs means that it is hard for the DE circRNAs to pass FDR correction. They suggested filtering the DE results based on occurrence and expression level to reduce the total number of circRNA, and then re-calculate the FDR values.</p>\n<p>I am trying to follow their advice and use edgeR for a secondary filtering, but was unable to use the filterByExpr() function as my data has already been processed within the DE portion of the CIRIquant pipeline and I cannot find a way to retrieve count data or library sizes. I was also looking at using rowSums() and specifying a minimum logCPM to use as a filter but I don't know if this is the best method or if there is a standard minimum logCPM to use.</p>\n<p>Does anybody have any suggestions on how to filter already-processed DE results or what tools/functions I should be using?</p>\n<p>Thank you for your time &amp; any advice!</p>\n"
}