{
    "answer_count": 19,
    "author": "chen",
    "author_uid": "19798",
    "book_count": 9,
    "comment_count": 13,
    "content": "# MutScan (https://github.com/OpenGene/MutScan)\n* Ultra sensitive\n* 20X+ faster than normal pipeline (i.e. BWA + Samtools + GATK/VarScan/Mutect)\n* Very easy to use. Need nothing else. No alignment, no reference assembly, no variant call, no pileup...\n* Beautiful HTML report\n* Multi-threading support\n* Support both single-end and pair-end data\n* For pair-end data, MutScan will try to merge each pair, and do quality adjustment and error correction\n\n# Download\n\n    # download use http\n    https://github.com/OpenGene/MutScan/archive/master.zip\n    \n    # or download use git\n    git clone https://github.com/OpenGene/MutScan.git\n\n# Build\n\n    cd MutScan\n    make\n\n\n#Usage\n\n    usage: mutscan -1 <read1_file> -2 <read2_file> -m <mutation_file> -h <html_report_file> -t <thread>  \n    options:\n      -1, --read1       read1 file name (string)\n      -2, --read2       read2 file name (string)\n      -m, --mutation    optional, mutation file name (string)\n      -h, --html        optional, filename of html report, no html report if not specified (string)\n      -?, --help        print this message\n      -t, --thread      thread number, default 4 (int)\n\nThe plain text result, contains the detected mutations and their support reads, will be printed directly. You can use `>` to redirect output to a file, like:\n\n    mutscan -1 <read1_file_name> -2 <read2_file_name> -m <mutation_file_name> > result.txt\n\nAnd you can make a HTML file report with `-h` argument, like:\n\n    mutscan -1 <read1_file_name> -2 <read2_file_name> -m <mutation_file_name> -h report.html\n\n## single-end and pair-end\nFor single-end sequencing data, `-2` argument is omitted:\n\n    mutscan -1 <read1_file_name> -m <mutation_file_name>\n\n\n# Mutation file\nA CSV file with columns of `name`, `left_seq_of_mutation_point`, `mutation_seq` and `right_seq_of_mutation_point`\n\n    #name, left_seq_of_mutation_point, mutation_seq, right_seq_of_mutation_point\n    NRAS-neg-1-115258748-2-c.34G>A-p.G12S-COSM563, GGATTGTCAGTGCGCTTTTCCCAACACCAC, T, TGCTCCAACCACCACCAGTTTGTACTCAGT\n    NRAS-neg-1-115252203-2-c.437C>T-p.A146V-COSM4170228, TGAAAGCTGTACCATACCTGTCTGGTCTTG, A, CTGAGGTTTCAATGAATGGAATCCCGTAAC\n    BRAF-neg-7-140453136-15-c.1799T>A -V600E-COSM476, AACTGATGGGACCCACTCCATCGAGATTTC, T, CTGTAGCTAGACCAAAATCACCTATTTTTA\n    EGFR-pos-7-55241677-18-c.2125G>A-p.E709K-COSM12988, CCCAACCAAGCTCTCTTGAGGATCTTGAAG, A, AAACTGAATTCAAAAAGATCAAAGTGCTGG\n    EGFR-pos-7-55241707-18-c.2155G>A-p.G719S-COSM6252, GAAACTGAATTCAAAAAGATCAAAGTGCTG, A, GCTCCGGTGCGTTCGGCACGGTGTATAAGG\n    EGFR-pos-7-55241707-18-c.2155G>T-p.G719C-COSM6253, GAAACTGAATTCAAAAAGATCAAAGTGCTG, T, GCTCCGGTGCGTTCGGCACGGTGTATAAGG\n\nA default CSV file contains important actionable cancer gene targets is already provided in `mutation/cancer.csv`. If you want to use this mutation file directly, the argument `mutation_file_name` can be omitted:\n\nmutscan -1 <read1_file_name> -2 <read2_file_name>\n\n\n# HTML output\nIf `-h` or `--html` argument is given, then a HTML report will be generated, and written to the given filename. A sample report is given here:   \n\n![image](https://github.com/OpenGene/MutScan/raw/master/testdata/sample_report.jpg)  \nThe color of each base indicates its quality, and the quality will be shown when mouse over.\n\n\n\n",
    "creation_date": "2016-09-28T13:50:41.810977+00:00",
    "has_accepted": false,
    "id": 205536,
    "lastedit_date": "2023-04-07T20:11:26.929300+00:00",
    "lastedit_user_uid": "8494",
    "parent_id": 205536,
    "rank": 1516198018.389622,
    "reply_count": 19,
    "root_id": 205536,
    "status": "Open",
    "status_id": 1,
    "subs_count": 10,
    "tag_val": "fastq,mutation,cancer,target",
    "thread_score": 23,
    "title": "MutScan: Detect important mutations by scanning FastQ files directly",
    "type": "Tutorial",
    "type_id": 8,
    "uid": "213988",
    "url": "https://www.biostars.org/p/213988/",
    "view_count": 7223,
    "vote_count": 10,
    "xhtml": "<h1>MutScan (<a href=\"https://github.com/OpenGene/MutScan\" rel=\"nofollow\">https://github.com/OpenGene/MutScan</a>)</h1>\n<ul>\n<li>Ultra sensitive</li>\n<li>20X+ faster than normal pipeline (i.e. BWA + Samtools + GATK/VarScan/Mutect)</li>\n<li>Very easy to use. Need nothing else. No alignment, no reference assembly, no variant call, no pileup...</li>\n<li>Beautiful HTML report</li>\n<li>Multi-threading support</li>\n<li>Support both single-end and pair-end data</li>\n<li>For pair-end data, MutScan will try to merge each pair, and do quality adjustment and error correction</li>\n</ul>\n<h1>Download</h1>\n<pre><code># download use http\nhttps://github.com/OpenGene/MutScan/archive/master.zip\n\n# or download use git\ngit clone https://github.com/OpenGene/MutScan.git\n</code></pre>\n<h1>Build</h1>\n<pre><code>cd MutScan\nmake\n</code></pre>\n<h1>Usage</h1>\n<pre><code>usage: mutscan -1 &lt;read1_file&gt; -2 &lt;read2_file&gt; -m &lt;mutation_file&gt; -h &lt;html_report_file&gt; -t &lt;thread&gt;  \noptions:\n  -1, --read1       read1 file name (string)\n  -2, --read2       read2 file name (string)\n  -m, --mutation    optional, mutation file name (string)\n  -h, --html        optional, filename of html report, no html report if not specified (string)\n  -?, --help        print this message\n  -t, --thread      thread number, default 4 (int)\n</code></pre>\n<p>The plain text result, contains the detected mutations and their support reads, will be printed directly. You can use <code>&gt;</code> to redirect output to a file, like:</p>\n<pre><code>mutscan -1 &lt;read1_file_name&gt; -2 &lt;read2_file_name&gt; -m &lt;mutation_file_name&gt; &gt; result.txt\n</code></pre>\n<p>And you can make a HTML file report with <code>-h</code> argument, like:</p>\n<pre><code>mutscan -1 &lt;read1_file_name&gt; -2 &lt;read2_file_name&gt; -m &lt;mutation_file_name&gt; -h report.html\n</code></pre>\n<h2>single-end and pair-end</h2>\n<p>For single-end sequencing data, <code>-2</code> argument is omitted:</p>\n<pre><code>mutscan -1 &lt;read1_file_name&gt; -m &lt;mutation_file_name&gt;\n</code></pre>\n<h1>Mutation file</h1>\n<p>A CSV file with columns of <code>name</code>, <code>left_seq_of_mutation_point</code>, <code>mutation_seq</code> and <code>right_seq_of_mutation_point</code></p>\n<pre><code>#name, left_seq_of_mutation_point, mutation_seq, right_seq_of_mutation_point\nNRAS-neg-1-115258748-2-c.34G&gt;A-p.G12S-COSM563, GGATTGTCAGTGCGCTTTTCCCAACACCAC, T, TGCTCCAACCACCACCAGTTTGTACTCAGT\nNRAS-neg-1-115252203-2-c.437C&gt;T-p.A146V-COSM4170228, TGAAAGCTGTACCATACCTGTCTGGTCTTG, A, CTGAGGTTTCAATGAATGGAATCCCGTAAC\nBRAF-neg-7-140453136-15-c.1799T&gt;A -V600E-COSM476, AACTGATGGGACCCACTCCATCGAGATTTC, T, CTGTAGCTAGACCAAAATCACCTATTTTTA\nEGFR-pos-7-55241677-18-c.2125G&gt;A-p.E709K-COSM12988, CCCAACCAAGCTCTCTTGAGGATCTTGAAG, A, AAACTGAATTCAAAAAGATCAAAGTGCTGG\nEGFR-pos-7-55241707-18-c.2155G&gt;A-p.G719S-COSM6252, GAAACTGAATTCAAAAAGATCAAAGTGCTG, A, GCTCCGGTGCGTTCGGCACGGTGTATAAGG\nEGFR-pos-7-55241707-18-c.2155G&gt;T-p.G719C-COSM6253, GAAACTGAATTCAAAAAGATCAAAGTGCTG, T, GCTCCGGTGCGTTCGGCACGGTGTATAAGG\n</code></pre>\n<p>A default CSV file contains important actionable cancer gene targets is already provided in <code>mutation/cancer.csv</code>. If you want to use this mutation file directly, the argument <code>mutation_file_name</code> can be omitted:</p>\n<p>mutscan -1 &lt;read1_file_name&gt; -2 &lt;read2_file_name&gt;</p>\n<h1>HTML output</h1>\n<p>If <code>-h</code> or <code>--html</code> argument is given, then a HTML report will be generated, and written to the given filename. A sample report is given here:</p>\n<p><img alt=\"image\" src=\"https://github.com/OpenGene/MutScan/raw/master/testdata/sample_report.jpg\"><br>\nThe color of each base indicates its quality, and the quality will be shown when mouse over.</p>\n"
}