{
    "answer_count": 0,
    "author": "Mike",
    "author_uid": "102519",
    "book_count": 0,
    "comment_count": 0,
    "content": "Hi all,\n\nI have some questions regarding the prediction pipeline I'm working on.\n\nMy inputs sometimes will have no annotation reference at all (non-model plants) and sometimes will have an annotation reference of a close relative, depends on the plant.\n\nCurrently I'm using `trimGalore` -> `STAR` -> `stringTie` to build a transcriptome.\n\n1) What's the best tool to predict genes for inputs with no annotation reference at all?\n \n2) What's the best tool to predict genes for inputs with an annotation reference\n(and a DB with predicted genes of close relatives)?\n\n3) I lack biological knowledge. Am I correct in thinking that once i build my plant transcriptome.gtf (from `stringTie --merge`) all that's left is to use a gene prediction tool? or should I use stringTie -eB and Ballgown? are there more steps I'm missing?\n\nI'll be glad to receive any information you might have regarding this topic.\n\nThank you all for the help, I appreciate it!",
    "creation_date": "2022-01-05T10:11:54.341892+00:00",
    "has_accepted": false,
    "id": 504425,
    "lastedit_date": "2022-01-05T12:44:26.201681+00:00",
    "lastedit_user_uid": "102519",
    "parent_id": 504425,
    "rank": 1641377514.341906,
    "reply_count": 0,
    "root_id": 504425,
    "status": "Deleted",
    "status_id": 4,
    "subs_count": 1,
    "tag_val": "stringtie,gtf,star,plant",
    "thread_score": 0,
    "title": "help with non-model plant gene prediction pipeline",
    "type": "Question",
    "type_id": 0,
    "uid": "9504425",
    "url": "https://www.biostars.org/p/9504425/",
    "view_count": 296,
    "vote_count": 0,
    "xhtml": "<p>Hi all,</p>\n<p>I have some questions regarding the prediction pipeline I'm working on.</p>\n<p>My inputs sometimes will have no annotation reference at all (non-model plants) and sometimes will have an annotation reference of a close relative, depends on the plant.</p>\n<p>Currently I'm using <code>trimGalore</code> -&gt; <code>STAR</code> -&gt; <code>stringTie</code> to build a transcriptome.</p>\n<p>1) What's the best tool to predict genes for inputs with no annotation reference at all?</p>\n<p>2) What's the best tool to predict genes for inputs with an annotation reference\n(and a DB with predicted genes of close relatives)?</p>\n<p>3) I lack biological knowledge. Am I correct in thinking that once i build my plant transcriptome.gtf (from <code>stringTie --merge</code>) all that's left is to use a gene prediction tool? or should I use stringTie -eB and Ballgown? are there more steps I'm missing?</p>\n<p>I'll be glad to receive any information you might have regarding this topic.</p>\n<p>Thank you all for the help, I appreciate it!</p>\n"
}