{
    "answer_count": 1,
    "author": "Shicheng Guo",
    "author_uid": "19400",
    "book_count": 0,
    "comment_count": 0,
    "content": "Hi All,\r\n\r\nI am trying to make some interaction analysis between methylation and lncRNA with TCGA dataset. However, there is no any lncRNA existed dataset in TCGA project. What lucky is TANRIC provided lncRNA expression to TCGA cancer samples. However, their sample size is quite limited and didn't make good update as along as the increasing of the sample size in TCGA project. \r\n\r\nMy question is: is there any existed pipeline to quantify lncRNA expression level from BAM file of RNA-seq (BWA) from TCGA project. \r\n\r\n\r\nThanks. \r\n\r\n\r\n\r\nTANRIC \r\nContains read counts for ensembl defined lncRNAs, but also allows users to define their own lncRNA by inputting genomic coordinates. TANRIC also includes various analyses including survival analyses and allows for download of their data.\r\n\r\nBAM files of RNA-seq in TCGA\r\n===\r\n\r\nIllumina paired-end RNA sequencing reads were aligned to GRCh37-lite genome-plus-junctions reference using BWA version 0.5.7. This reference combined genomic sequences in the GRCh37-lite assembly and exon-exon junction sequences whose corresponding coordinates were defined based on annotations of any transcripts in Ensembl (v59), Refseq and known genes from the UCSC genome browser, which was downloaded on August 19 2010, August 8 2010, and August 19 2010, respectively. Reads that mapped to junction regions were then repositioned back to the genome, and were marked with 'ZJ:Z' tags. BWA is run using default parameters, except that the option (-s) is included to disable Smith-Waterman alignment. Finally, reads failing the Illumina chastity filter are flagged with a custom script, and duplicated reads were flagged with Picard's MarkDuplicates",
    "creation_date": "2016-10-27T22:25:28.156715+00:00",
    "has_accepted": false,
    "id": 210741,
    "lastedit_date": "2016-10-27T22:55:05.649978+00:00",
    "lastedit_user_uid": "19400",
    "parent_id": 210741,
    "rank": 1477608905.649978,
    "reply_count": 1,
    "root_id": 210741,
    "status": "Open",
    "status_id": 1,
    "subs_count": 0,
    "tag_val": "lncRNA,methylation",
    "thread_score": 0,
    "title": "TANRIC: lncRNA and methylation interaction",
    "type": "Question",
    "type_id": 0,
    "uid": "219306",
    "url": "https://www.biostars.org/p/219306/",
    "view_count": 2610,
    "vote_count": 0,
    "xhtml": "<p>Hi All,</p>\n\n<p>I am trying to make some interaction analysis between methylation and lncRNA with TCGA dataset. However, there is no any lncRNA existed dataset in TCGA project. What lucky is TANRIC provided lncRNA expression to TCGA cancer samples. However, their sample size is quite limited and didn't make good update as along as the increasing of the sample size in TCGA project. </p>\n\n<p>My question is: is there any existed pipeline to quantify lncRNA expression level from BAM file of RNA-seq (BWA) from TCGA project. </p>\n\n<p>Thanks. </p>\n\n<p>TANRIC \nContains read counts for ensembl defined lncRNAs, but also allows users to define their own lncRNA by inputting genomic coordinates. TANRIC also includes various analyses including survival analyses and allows for download of their data.</p>\n\n<h1>BAM files of RNA-seq in TCGA</h1>\n\n<p>Illumina paired-end RNA sequencing reads were aligned to GRCh37-lite genome-plus-junctions reference using BWA version 0.5.7. This reference combined genomic sequences in the GRCh37-lite assembly and exon-exon junction sequences whose corresponding coordinates were defined based on annotations of any transcripts in Ensembl (v59), Refseq and known genes from the UCSC genome browser, which was downloaded on August 19 2010, August 8 2010, and August 19 2010, respectively. Reads that mapped to junction regions were then repositioned back to the genome, and were marked with 'ZJ:Z' tags. BWA is run using default parameters, except that the option (-s) is included to disable Smith-Waterman alignment. Finally, reads failing the Illumina chastity filter are flagged with a custom script, and duplicated reads were flagged with Picard's MarkDuplicates</p>\n"
}