{
    "answer_count": 7,
    "author": "Applet",
    "author_uid": "2652",
    "book_count": 0,
    "comment_count": 6,
    "content": "<p>We want to use Galaxy CloudMan to set up an SGE (Sun Grid Engine) instance and run our Bioinformatics pipeline using Amazon's EC2 system.</p>\n\n<p>We require a certain version of R, our set of Perl/Python/R scripts, and a few less common Bioinformatics libraries, and Python libraries.</p>\n\n<p>Is there a way to install all of this stuff once on an Amazon Machine image (AMI) and have CloudMan use it?  I'm reading the <a href=\"http://wiki.g2.bx.psu.edu/Admin/Cloud\">set up instructions here</a> and it's not clear to me.</p>\n\n<p>We also want to share this set up with other researchers (they would use their own Amazon credentials).  Would that just involve making the custom AMI public?</p>\n",
    "creation_date": "2011-12-15T02:09:08.073000+00:00",
    "has_accepted": false,
    "id": 15141,
    "lastedit_date": "2011-12-15T02:09:08.073000+00:00",
    "lastedit_user_uid": "3467",
    "parent_id": 15141,
    "rank": 1323914948.073,
    "reply_count": 7,
    "root_id": 15141,
    "status": "Open",
    "status_id": 1,
    "subs_count": 1,
    "tag_val": "galaxy,cloud,clustering",
    "thread_score": 6,
    "title": "Galaxy Cloudman - Best Way To Customize (And Share) Cloudman",
    "type": "Question",
    "type_id": 0,
    "uid": "15421",
    "url": "https://www.biostars.org/p/15421/",
    "view_count": 3724,
    "vote_count": 1,
    "xhtml": "<p>We want to use Galaxy CloudMan to set up an SGE (Sun Grid Engine) instance and run our Bioinformatics pipeline using Amazon's EC2 system.</p>\n\n<p>We require a certain version of R, our set of Perl/Python/R scripts, and a few less common Bioinformatics libraries, and Python libraries.</p>\n\n<p>Is there a way to install all of this stuff once on an Amazon Machine image (AMI) and have CloudMan use it?  I'm reading the <a rel=\"nofollow\" href=\"http://wiki.g2.bx.psu.edu/Admin/Cloud\">set up instructions here</a> and it's not clear to me.</p>\n\n<p>We also want to share this set up with other researchers (they would use their own Amazon credentials).  Would that just involve making the custom AMI public?</p>\n"
}