{
    "answer_count": 1,
    "author": "dk",
    "author_uid": "17103",
    "book_count": 0,
    "comment_count": 0,
    "content": "<p>I am building a web based pipeline to extract information about sequence variants from biomedical literature. For the tagging part, I need a tagger that can specifically identify sequence variants (DNA mutations, Protein mutations and SNPs) from text. I found that tmVar tool is capable of doing that. Other than tmVar, are there any other taggers to identify sequence variants? If yes, what are they and what is the best one?</p>\r\n",
    "creation_date": "2015-08-23T13:52:09.414019+00:00",
    "has_accepted": false,
    "id": 148397,
    "lastedit_date": "2022-09-29T20:05:26.338282+00:00",
    "lastedit_user_uid": "8494",
    "parent_id": 148397,
    "rank": 1440346667.225736,
    "reply_count": 1,
    "root_id": 148397,
    "status": "Open",
    "status_id": 1,
    "subs_count": 1,
    "tag_val": "sequence,gene,SNP,variants,text_mining",
    "thread_score": 0,
    "title": "What is the best tagger that can be used to identify Sequence variants from free text?",
    "type": "Question",
    "type_id": 0,
    "uid": "155411",
    "url": "https://www.biostars.org/p/155411/",
    "view_count": 1700,
    "vote_count": 0,
    "xhtml": "<p>I am building a web based pipeline to extract information about sequence variants from biomedical literature. For the tagging part, I need a tagger that can specifically identify sequence variants (DNA mutations, Protein mutations and SNPs) from text. I found that tmVar tool is capable of doing that. Other than tmVar, are there any other taggers to identify sequence variants? If yes, what are they and what is the best one?</p>\n"
}