{
    "answer_count": 9,
    "author": "steel1990",
    "author_uid": "90235",
    "book_count": 0,
    "comment_count": 8,
    "content": "I am using a SLURM HPC to run jobs and have ran into issues with storage. I have 3TB storage, and want to run over 1000 publicly available RNAseq data through my pipeline, which includes aligning with STAR. Obviously I must download the data in sections and run the pipeline multiple times.\r\n\r\nDoes anybody know any clever tricks to streamline this process?\r\n\r\nIs there any way to configure a snakemake/slurm pipeline to lets say, run for 30 files, with all files expect counts being temp files, then once completed, run again for the next 30 files in a download list, and so on?\r\n\r\nAny advice or guidance would be greatly appreciated !",
    "creation_date": "2021-12-28T15:41:01.419048+00:00",
    "has_accepted": false,
    "id": 503505,
    "lastedit_date": "2021-12-28T15:50:36.234693+00:00",
    "lastedit_user_uid": "22384",
    "parent_id": 503505,
    "rank": 1640706061.41906,
    "reply_count": 9,
    "root_id": 503505,
    "status": "Open",
    "status_id": 1,
    "subs_count": 3,
    "tag_val": "SLURM,genomics,RNAseq,Snakemake",
    "thread_score": 7,
    "title": "Anyone know any clever snakemake/SLURM tricks to run a big analysis with limited storage?",
    "type": "Question",
    "type_id": 0,
    "uid": "9503505",
    "url": "https://www.biostars.org/p/9503505/",
    "view_count": 2313,
    "vote_count": 0,
    "xhtml": "<p>I am using a SLURM HPC to run jobs and have ran into issues with storage. I have 3TB storage, and want to run over 1000 publicly available RNAseq data through my pipeline, which includes aligning with STAR. Obviously I must download the data in sections and run the pipeline multiple times.</p>\n<p>Does anybody know any clever tricks to streamline this process?</p>\n<p>Is there any way to configure a snakemake/slurm pipeline to lets say, run for 30 files, with all files expect counts being temp files, then once completed, run again for the next 30 files in a download list, and so on?</p>\n<p>Any advice or guidance would be greatly appreciated !</p>\n"
}