{
    "answer_count": 2,
    "author": "Maverick",
    "author_uid": "142463",
    "book_count": 0,
    "comment_count": 1,
    "content": "Hello Everyone,\n\nWe are planning to build our very own server for genomic analysis in our university. We currently are renting from another university's facility for our computing and storage needs where we just upload our data run our pipeline and download the output.\n\nWe use 200TB of raw data storage (will require 300TB for the new one we would be building by ourselves, also planning to keep a replica file storage as back up - an additional 300 TB). We have a data pipeline that we run in an environment of 50 TB space with the sample input data being 0.5 to 1TB. The software and tools we use are - Annovar, BWA(Burrows-Wheeler Aligner), GATK, R, Picard, SPiCE, Samtools. \n\nGenerally our pipeline takes a day, sometimes 2 to complete. From my understanding we need 600 TB in total including the replica for archival storage. What would be the decent RAM required to push and pull data (a couple of TBs for processing) from this storage? \n\nWhat are the server configurations that would be ideal for this? What are the questions that need to be answered for me to start building this server? What would be the problems i need to address? Any pointers, checklists or a question to start with is much appreciated?\n\nThank you in Advance!",
    "creation_date": "2024-02-01T20:47:37.158085+00:00",
    "has_accepted": true,
    "id": 586503,
    "lastedit_date": "2024-02-01T21:06:14.007723+00:00",
    "lastedit_user_uid": "18713",
    "parent_id": 586503,
    "rank": 1706820457.158094,
    "reply_count": 2,
    "root_id": 586503,
    "status": "Open",
    "status_id": 1,
    "subs_count": 2,
    "tag_val": "server,hardware,sequencing",
    "thread_score": 2,
    "title": "Setting up our own server for Genomic Analysis",
    "type": "Question",
    "type_id": 0,
    "uid": "9586503",
    "url": "https://www.biostars.org/p/9586503/",
    "view_count": 361,
    "vote_count": 0,
    "xhtml": "<p>Hello Everyone,</p>\n<p>We are planning to build our very own server for genomic analysis in our university. We currently are renting from another university's facility for our computing and storage needs where we just upload our data run our pipeline and download the output.</p>\n<p>We use 200TB of raw data storage (will require 300TB for the new one we would be building by ourselves, also planning to keep a replica file storage as back up - an additional 300 TB). We have a data pipeline that we run in an environment of 50 TB space with the sample input data being 0.5 to 1TB. The software and tools we use are - Annovar, BWA(Burrows-Wheeler Aligner), GATK, R, Picard, SPiCE, Samtools.</p>\n<p>Generally our pipeline takes a day, sometimes 2 to complete. From my understanding we need 600 TB in total including the replica for archival storage. What would be the decent RAM required to push and pull data (a couple of TBs for processing) from this storage?</p>\n<p>What are the server configurations that would be ideal for this? What are the questions that need to be answered for me to start building this server? What would be the problems i need to address? Any pointers, checklists or a question to start with is much appreciated?</p>\n<p>Thank you in Advance!</p>\n"
}