{
    "answer_count": 1,
    "author": "Biostar",
    "author_uid": "admin-user-1",
    "book_count": 0,
    "comment_count": 0,
    "content": "\n\n\n\nThe **Biostar Herald** publishes user submitted links of bioinformatics relevance. It aims to provide a summary of interesting and relevant information you may have missed. You too can submit [links here](/herald/).\n\nThis edition of the Herald was brought to you by contribution from  [Istvan Albert](https://www.biostars.org/u/2/),\n and was edited by  [Istvan Albert](https://www.biostars.org/u/2/),\n\n\n\n\n---\n\n\n### [Urgent need for consistent standards in functional enrichment analysis | PLOS Computational Biology](https://journals.plos.org/ploscompbiol/article?id=10.1371/journal.pcbi.1009935) (journals.plos.org)\n\n\n\n> erns that statistical problems and incomplete reporting are compromising research quality. In this article, we conducted a systematic examination of published enrichment analyses and assessed whether (i) any statistical flaws were present and (ii) sufficient methodological detail is provided such that the study could be replicated. We found that lack of methodological detail and errors in statistical analysis were widespread, which undermines the reliability and reproducibility of these research articles. A set of best practices is urgently needed to raise the quality of published work.\n\n\nsubmitted by: [Istvan Albert](https://www.biostars.org/u/2/)\n\n\n\n---\n\n\n### https://twitter.com/rlmcelreath/status/1583379027716284416\n\n\n\n\nsubmitted by: [Istvan Albert](https://www.biostars.org/u/2/)\n\n\n\n---\n\n\n### [Twelve years of SAMtools and BCFtools - PubMed](https://pubmed.ncbi.nlm.nih.gov/33590861/) (pubmed.ncbi.nlm.nih.gov)\n\n\n\n> The first version appeared online 12 years ago and has been maintained and further developed ever since, with many new features and improvements added over the years. The SAMtools and BCFtools packages represent a unique collection of tools that have been used in numerous other software projects and countless genomic pipelines.\n\n\nsubmitted by: [Istvan Albert](https://www.biostars.org/u/2/)\n\n\n\n---\n\n\n### [Misunderstood parameter of NCBI BLAST impacts the correctness of bioinformatics workflows - PubMed](https://pubmed.ncbi.nlm.nih.gov/30247621/) (pubmed.ncbi.nlm.nih.gov)\n\n\n\n> To our surprise, we have recently discovered that this intuition is incorrect. Instead, BLAST returns the first N hits that exceed the specified E-value threshold, which may or may not be the highest scoring N hits. The invocation using the parameter \u2018-max_target_seqs 1\u2019 simply returns the first good hit found in the database, not the best hit as one would assume. Worse yet, the output produced depends on the order in which the sequences occur in the database.\n\n\nsubmitted by: [Istvan Albert](https://www.biostars.org/u/2/)\n\n\n\n---\n\n\n### [GSearch: Ultra-Fast and Scalable Microbial Genome Search by combining Kmer Hashing with Hierarchical Navigable Small World Graphs | bioRxiv](https://www.biorxiv.org/content/10.1101/2022.10.21.513218v1) (www.biorxiv.org)\n\n\n\n> We developed a new program, GSearch, that is at least ten times faster than alternative tools for the same purposes while maintaining high accuracy. GSearch can identify/classify eight thousand query genomes against all available microbial and viral genomic species within several minutes on a personal laptop, using only ~6GB of memory. Further, GSearch can scale well with millions of database genomes based on a database splitting strategy.\n\n\nsubmitted by: [Istvan Albert](https://www.biostars.org/u/2/)\n\n\n\n---\n\n\n### [Benchmarking taxonomic classifiers with Illumina and Nanopore sequence data for clinical metagenomic diagnostic applications - PubMed](https://pubmed.ncbi.nlm.nih.gov/36269282/) (pubmed.ncbi.nlm.nih.gov)\n\n\n\n> Simulating both with and without sequencing error for both the Illumina and Oxford Nanopore platforms, we evaluated commonly used classification tools including Kraken2, Bracken and Centrifuge, utilizing mini (8 GB) and standard (30-50 GB) databases. Bracken with the standard database performed best, the median percentage of reads across both sequencing platforms identified correctly to the species level was 97.8% (IQR 92.7:99.0) [range 5:100]. For Kraken2 with a mini database, a commonly used combination, median species-level identification was 86.4% (IQR 50.5:93.7) [range 4.3:100]. \n\n\nsubmitted by: [Istvan Albert](https://www.biostars.org/u/2/)\n\n\n\n---\n\n\n### [High discrepancy between Primary estimate and Bootstraps from Salmon](https://www.biostars.org/p/9542016/) (www.biostars.org)\n\n\n\nBiostar Q&A at its best.\r\n\r\nA challenging question on a more sophisticated usage scenario for  the `salmon` transcript classification software -  answered promptly and thoroughly by Prof. Rob Patro - the lead developer of said tool. \r\n\r\nWe wish bioinformatics Q&A always worked this well!\r\n\r\nOne more reason (if you ever needed another one) to use salmon, the wicked-fast transcript classifier:\r\n\r\nhttps://salmon.readthedocs.io/en/latest/\n\n\nsubmitted by: [Istvan Albert](https://www.biostars.org/u/2/)\n\n\n\n---\n\n\n### [Most Random Gene Expression Signatures Are Significantly Associated with Breast Cancer Outcome | PLOS Computational Biology](https://journals.plos.org/ploscompbiol/article?id=10.1371/journal.pcbi.1002240) (journals.plos.org)\n\n\n\n> We demonstrated that in breast cancer any set of 100 genes or more selected at random has a 90% chance to be significantly associated with outcome. Thus, investigators are bound to find an association however whimsical their marker is. \n\n\nsubmitted by: [Istvan Albert](https://www.biostars.org/u/2/)\n\n\n\n---\n\nWant to get the **Biostar Herald** in your email? Who wouldn't? Sign up righ'ere: <a class=\"herald-sub\">toggle subscription</a>\n\n\n\n\n\n\n",
    "creation_date": "2022-10-24T12:07:15.658493+00:00",
    "has_accepted": false,
    "id": 542662,
    "lastedit_date": "2022-10-24T15:17:58.973029+00:00",
    "lastedit_user_uid": "13691",
    "parent_id": 542662,
    "rank": 1666624679.154537,
    "reply_count": 1,
    "root_id": 542662,
    "status": "Open",
    "status_id": 1,
    "subs_count": 2,
    "tag_val": "herald",
    "thread_score": 4,
    "title": "The Biostar Herald for Monday, October 24, 2022",
    "type": "Herald",
    "type_id": 12,
    "uid": "9542662",
    "url": "https://www.biostars.org/p/9542662/",
    "view_count": 808,
    "vote_count": 2,
    "xhtml": "<p>The <strong>Biostar Herald</strong> publishes user submitted links of bioinformatics relevance. It aims to provide a summary of interesting and relevant information you may have missed. You too can submit <a href=\"/herald/\" rel=\"nofollow\">links here</a>.</p>\n<p>This edition of the Herald was brought to you by contribution from  <a href=\"https://www.biostars.org/u/2/\" rel=\"nofollow\">Istvan Albert</a>,\n and was edited by  <a href=\"https://www.biostars.org/u/2/\" rel=\"nofollow\">Istvan Albert</a>,</p>\n<hr>\n<h3><a href=\"https://journals.plos.org/ploscompbiol/article?id=10.1371/journal.pcbi.1009935\" rel=\"nofollow\">Urgent need for consistent standards in functional enrichment analysis | PLOS Computational Biology</a> (journals.plos.org)</h3>\n<blockquote><p>erns that statistical problems and incomplete reporting are compromising research quality. In this article, we conducted a systematic examination of published enrichment analyses and assessed whether (i) any statistical flaws were present and (ii) sufficient methodological detail is provided such that the study could be replicated. We found that lack of methodological detail and errors in statistical analysis were widespread, which undermines the reliability and reproducibility of these research articles. A set of best practices is urgently needed to raise the quality of published work.</p>\n</blockquote>\n<p>submitted by: <a href=\"https://www.biostars.org/u/2/\" rel=\"nofollow\">Istvan Albert</a></p>\n<hr>\n<h3><blockquote class=\"twitter-tweet\"><p lang=\"en\" dir=\"ltr\">Did someone mention peer review? Every scientist should read this historical perspective from <a href=\"https://twitter.com/Melinda_Baldwin?ref_src=twsrc%5Etfw\">@Melinda_Baldwin</a>. Scientific review practices are post-Cold War and not introduced to improve papers. The past is a strange land. The future maybe stranger. <a href=\"https://t.co/sOhax0aYKB\">https://t.co/sOhax0aYKB</a> <a href=\"https://t.co/jPlBGvvqAZ\">pic.twitter.com/jPlBGvvqAZ</a></p>&mdash; Richard McElreath \ud83e\udd94 (@rlmcelreath) <a href=\"https://twitter.com/rlmcelreath/status/1583379027716284416?ref_src=twsrc%5Etfw\">October 21, 2022</a></blockquote>\n<script async src=\"https://platform.twitter.com/widgets.js\" charset=\"utf-8\"></script>\n</h3>\n<p>submitted by: <a href=\"https://www.biostars.org/u/2/\" rel=\"nofollow\">Istvan Albert</a></p>\n<hr>\n<h3><a href=\"https://pubmed.ncbi.nlm.nih.gov/33590861/\" rel=\"nofollow\">Twelve years of SAMtools and BCFtools - PubMed</a> (pubmed.ncbi.nlm.nih.gov)</h3>\n<blockquote><p>The first version appeared online 12 years ago and has been maintained and further developed ever since, with many new features and improvements added over the years. The SAMtools and BCFtools packages represent a unique collection of tools that have been used in numerous other software projects and countless genomic pipelines.</p>\n</blockquote>\n<p>submitted by: <a href=\"https://www.biostars.org/u/2/\" rel=\"nofollow\">Istvan Albert</a></p>\n<hr>\n<h3><a href=\"https://pubmed.ncbi.nlm.nih.gov/30247621/\" rel=\"nofollow\">Misunderstood parameter of NCBI BLAST impacts the correctness of bioinformatics workflows - PubMed</a> (pubmed.ncbi.nlm.nih.gov)</h3>\n<blockquote><p>To our surprise, we have recently discovered that this intuition is incorrect. Instead, BLAST returns the first N hits that exceed the specified E-value threshold, which may or may not be the highest scoring N hits. The invocation using the parameter \u2018-max_target_seqs 1\u2019 simply returns the first good hit found in the database, not the best hit as one would assume. Worse yet, the output produced depends on the order in which the sequences occur in the database.</p>\n</blockquote>\n<p>submitted by: <a href=\"https://www.biostars.org/u/2/\" rel=\"nofollow\">Istvan Albert</a></p>\n<hr>\n<h3><a href=\"https://www.biorxiv.org/content/10.1101/2022.10.21.513218v1\" rel=\"nofollow\">GSearch: Ultra-Fast and Scalable Microbial Genome Search by combining Kmer Hashing with Hierarchical Navigable Small World Graphs | bioRxiv</a> (www.biorxiv.org)</h3>\n<blockquote><p>We developed a new program, GSearch, that is at least ten times faster than alternative tools for the same purposes while maintaining high accuracy. GSearch can identify/classify eight thousand query genomes against all available microbial and viral genomic species within several minutes on a personal laptop, using only ~6GB of memory. Further, GSearch can scale well with millions of database genomes based on a database splitting strategy.</p>\n</blockquote>\n<p>submitted by: <a href=\"https://www.biostars.org/u/2/\" rel=\"nofollow\">Istvan Albert</a></p>\n<hr>\n<h3><a href=\"https://pubmed.ncbi.nlm.nih.gov/36269282/\" rel=\"nofollow\">Benchmarking taxonomic classifiers with Illumina and Nanopore sequence data for clinical metagenomic diagnostic applications - PubMed</a> (pubmed.ncbi.nlm.nih.gov)</h3>\n<blockquote><p>Simulating both with and without sequencing error for both the Illumina and Oxford Nanopore platforms, we evaluated commonly used classification tools including Kraken2, Bracken and Centrifuge, utilizing mini (8 GB) and standard (30-50 GB) databases. Bracken with the standard database performed best, the median percentage of reads across both sequencing platforms identified correctly to the species level was 97.8% (IQR 92.7:99.0) [range 5:100]. For Kraken2 with a mini database, a commonly used combination, median species-level identification was 86.4% (IQR 50.5:93.7) [range 4.3:100].</p>\n</blockquote>\n<p>submitted by: <a href=\"https://www.biostars.org/u/2/\" rel=\"nofollow\">Istvan Albert</a></p>\n<hr>\n<h3><a href=\"https://www.biostars.org/p/9542016/\" rel=\"nofollow\">High discrepancy between Primary estimate and Bootstraps from Salmon</a> (www.biostars.org)</h3>\n<p>Biostar Q&amp;A at its best.</p>\n<p>A challenging question on a more sophisticated usage scenario for  the <code>salmon</code> transcript classification software -  answered promptly and thoroughly by Prof. Rob Patro - the lead developer of said tool.</p>\n<p>We wish bioinformatics Q&amp;A always worked this well!</p>\n<p>One more reason (if you ever needed another one) to use salmon, the wicked-fast transcript classifier:</p>\n<p><a href=\"https://salmon.readthedocs.io/en/latest/\" rel=\"nofollow\">https://salmon.readthedocs.io/en/latest/</a></p>\n<p>submitted by: <a href=\"https://www.biostars.org/u/2/\" rel=\"nofollow\">Istvan Albert</a></p>\n<hr>\n<h3><a href=\"https://journals.plos.org/ploscompbiol/article?id=10.1371/journal.pcbi.1002240\" rel=\"nofollow\">Most Random Gene Expression Signatures Are Significantly Associated with Breast Cancer Outcome | PLOS Computational Biology</a> (journals.plos.org)</h3>\n<blockquote><p>We demonstrated that in breast cancer any set of 100 genes or more selected at random has a 90% chance to be significantly associated with outcome. Thus, investigators are bound to find an association however whimsical their marker is.</p>\n</blockquote>\n<p>submitted by: <a href=\"https://www.biostars.org/u/2/\" rel=\"nofollow\">Istvan Albert</a></p>\n<hr>\n<p>Want to get the <strong>Biostar Herald</strong> in your email? Who wouldn't? Sign up righ'ere: <a class=\"herald-sub\">toggle subscription</a></p>\n"
}