{
    "answer_count": 1,
    "author": "utkarsh.sood",
    "author_uid": "21144",
    "book_count": 0,
    "comment_count": 1,
    "content": "I have predicted the core genome of a group of organism using get homologues. Now I want to do the dN/dS analysis on all the orthologous protein.\r\n\r\nCan anyone please suggest any pipeline that can be used to do dN/dS analysis on around 5000 multifasta files.\r\n\r\n\r\nThanks\r\n\r\n",
    "creation_date": "2017-04-23T18:18:11.654191+00:00",
    "has_accepted": false,
    "id": 239591,
    "lastedit_date": "2017-04-23T18:18:11.654191+00:00",
    "lastedit_user_uid": "21144",
    "parent_id": 239591,
    "rank": 1492971491.654191,
    "reply_count": 1,
    "root_id": 239591,
    "status": "Open",
    "status_id": 1,
    "subs_count": 1,
    "tag_val": "dN/dS,orthologous protein,pipeline",
    "thread_score": 0,
    "title": "Pipeline for performing dN/dS analysis on 5000 orthologous proteins",
    "type": "Question",
    "type_id": 0,
    "uid": "248738",
    "url": "https://www.biostars.org/p/248738/",
    "view_count": 2213,
    "vote_count": 0,
    "xhtml": "<p>I have predicted the core genome of a group of organism using get homologues. Now I want to do the dN/dS analysis on all the orthologous protein.</p>\n\n<p>Can anyone please suggest any pipeline that can be used to do dN/dS analysis on around 5000 multifasta files.</p>\n\n<p>Thanks</p>\n"
}