{
    "answer_count": 6,
    "author": "hgrsce",
    "author_uid": "112969",
    "book_count": 0,
    "comment_count": 1,
    "content": "The accession is as follows: ERR1279276'",
    "creation_date": "2024-09-09T16:59:28.639015+00:00",
    "has_accepted": false,
    "id": 602140,
    "lastedit_date": "2024-09-09T16:59:28.639022+00:00",
    "lastedit_user_uid": "112969",
    "parent_id": 602137,
    "rank": 1725901168.639022,
    "reply_count": 1,
    "root_id": 602136,
    "status": "Open",
    "status_id": 1,
    "subs_count": 0,
    "tag_val": "tag1,tag2",
    "thread_score": 0,
    "title": "Comment: Error Code 3 with fastq-dump",
    "type": "Comment",
    "type_id": 6,
    "uid": "9602140",
    "url": "https://www.biostars.org/p/9602136/#9602140",
    "view_count": 0,
    "vote_count": 0,
    "xhtml": "<p>The accession is as follows: ERR1279276'</p>\n"
}