{
    "answer_count": 6,
    "author": "Daniel Chubb",
    "author_uid": "3131",
    "book_count": 0,
    "comment_count": 4,
    "content": "<p>Hi,</p>\n\n<p>Has anyone who has used the GATK pipeline and/or sequence alignment tools such as <a href='http://bio-bwa.sourceforge.net/'>BWA</a> and stampy have a feel for what the worst bottlenecks are in performance? As I only have access to the one system that I am running it on (a SGI ICE cluster with network attached storage) it is hard to get a feel for what might improve it.</p>\n\n<p>I/O seems to be a big issue in most of the processes I run and I wonder whether running on a machine with less cores but direct attached fast (raided/striped) storage would be faster.</p>\n\n<p>Anyway, it's a bit of an unfocussed question, I just wonder if anyone had any real world experience of trying to run these processes in different scenarios and what they have found works best.</p>\n\n<p>Thanks a lot</p>\n\n<p>Dan </p>\n",
    "creation_date": "2011-11-04T19:20:57.500000+00:00",
    "has_accepted": false,
    "id": 13615,
    "lastedit_date": "2012-03-08T07:36:31.280000+00:00",
    "lastedit_user_uid": "59",
    "parent_id": 13615,
    "rank": 1331192191.28,
    "reply_count": 6,
    "root_id": 13615,
    "status": "Open",
    "status_id": 1,
    "subs_count": 5,
    "tag_val": "gatk,alignment,next-gen,sequencing,pipeline",
    "thread_score": 9,
    "title": "Performance Bottlenecks In Next Generation Sequence Analysis Pipeline",
    "type": "Question",
    "type_id": 0,
    "uid": "13873",
    "url": "https://www.biostars.org/p/13873/",
    "view_count": 3479,
    "vote_count": 4,
    "xhtml": "<p>Hi,</p>\n\n<p>Has anyone who has used the GATK pipeline and/or sequence alignment tools such as <a rel=\"nofollow\" href=\"http://bio-bwa.sourceforge.net/\">BWA</a> and stampy have a feel for what the worst bottlenecks are in performance? As I only have access to the one system that I am running it on (a SGI ICE cluster with network attached storage) it is hard to get a feel for what might improve it.</p>\n\n<p>I/O seems to be a big issue in most of the processes I run and I wonder whether running on a machine with less cores but direct attached fast (raided/striped) storage would be faster.</p>\n\n<p>Anyway, it's a bit of an unfocussed question, I just wonder if anyone had any real world experience of trying to run these processes in different scenarios and what they have found works best.</p>\n\n<p>Thanks a lot</p>\n\n<p>Dan </p>\n"
}