{
    "answer_count": 9,
    "author": "freddiejung",
    "author_uid": "19535",
    "book_count": 1,
    "comment_count": 8,
    "content": "Dear all,\r\n\r\nI am involved in the genome project of a insect species.\r\nThe genome size of our species is estimated to be 500Mb and I have 100x illumina short read data and 50x Pacbio Sequel long read data.\r\n\r\nI have two questions:\r\n\r\n1. I\u2019m going to take hybrid assembly strategy. I thought ALPACA pipeline (https://github.com/VicugnaPacos/ALPACA) suits our situation. \r\n\r\nI, however, realized that ALPACA uses ALLPATHS-LG inside but we don\u2019t have the fragment library for ALLPATHS-LG. \r\n\r\nIs there any better alternative pipeline? \r\n\r\n2. I am totally new to the PacBio data.\r\nCan I directly use subreads.bam files for assembly? Or do I have to take quality control steps?\r\n\r\nAny comments would be appreciated.",
    "creation_date": "2018-03-12T04:40:55.815046+00:00",
    "has_accepted": false,
    "id": 292916,
    "lastedit_date": "2018-03-14T07:45:38.571358+00:00",
    "lastedit_user_uid": "22207",
    "parent_id": 292916,
    "rank": 1521013538.571358,
    "reply_count": 9,
    "root_id": 292916,
    "status": "Open",
    "status_id": 1,
    "subs_count": 5,
    "tag_val": "Genome,Hybrid Assembly,PacBio,illumina,Assembly",
    "thread_score": 5,
    "title": "Pipeline for hybrid genome assembly of long and short reads AND how to deal with PacBio sequel data",
    "type": "Question",
    "type_id": 0,
    "uid": "303214",
    "url": "https://www.biostars.org/p/303214/",
    "view_count": 5163,
    "vote_count": 2,
    "xhtml": "<p>Dear all,</p>\n\n<p>I am involved in the genome project of a insect species.\nThe genome size of our species is estimated to be 500Mb and I have 100x illumina short read data and 50x Pacbio Sequel long read data.</p>\n\n<p>I have two questions:</p>\n\n<ol>\n<li>I\u2019m going to take hybrid assembly strategy. I thought ALPACA pipeline (<a rel=\"nofollow\" href=\"https://github.com/VicugnaPacos/ALPACA\">https://github.com/VicugnaPacos/ALPACA</a>) suits our situation. </li>\n</ol>\n\n<p>I, however, realized that ALPACA uses ALLPATHS-LG inside but we don\u2019t have the fragment library for ALLPATHS-LG. </p>\n\n<p>Is there any better alternative pipeline? </p>\n\n<ol>\n<li>I am totally new to the PacBio data.\nCan I directly use subreads.bam files for assembly? Or do I have to take quality control steps?</li>\n</ol>\n\n<p>Any comments would be appreciated.</p>\n"
}