{
    "answer_count": 0,
    "author": "Benn",
    "author_uid": "21540",
    "book_count": 0,
    "comment_count": 0,
    "content": "ADOMA is a command line (Linux) tool that modifies the graphical output of clustalW multiple sequence alignments. Especially when sequences are very similar, (e.g., when only small differences such as SNPs are present), ADOMA can help to make visualization easier. Furthermore, it can color the residues in the sequence alignments. ADOMA works both with DNA or protein sequences.\n\nADOMA is easily integrated in automatic (NGS) analysis pipelines, and therefore manual handling with sequencing files or importing to GUI tools are not necessary. It produces direct easily interpretable output in HTML or text format. ADOMA is written in bash and python and is freely available at:\n\nhttp://sourceforge.net/projects/adoma/\n\nRead more about ADOMA in Molecular Informatics:\n\nhttp://onlinelibrary.wiley.com/doi/10.1002/minf.201500083/abstract\n\nHow to cite ADOMA:\n\nZaal, D. and Nota, B. (2016), ADOMA: A Command Line Tool to Modify ClustalW Multiple Alignment Output. Mol. Inf., 35: 42-44. doi: 10.1002/minf.201500083",
    "creation_date": "2016-01-13T09:19:26.552754+00:00",
    "has_accepted": false,
    "id": 165138,
    "lastedit_date": "2022-07-29T19:44:29.655489+00:00",
    "lastedit_user_uid": "8494",
    "parent_id": 165138,
    "rank": 1452676766.552754,
    "reply_count": 0,
    "root_id": 165138,
    "status": "Open",
    "status_id": 1,
    "subs_count": 0,
    "tag_val": "sequence,alignment",
    "thread_score": 0,
    "title": "ADOMA: A Command Line Tool to Modify ClustalW Multiple Alignment Output",
    "type": "Tool",
    "type_id": 10,
    "uid": "172518",
    "url": "https://www.biostars.org/p/172518/",
    "view_count": 2211,
    "vote_count": 0,
    "xhtml": "<p>ADOMA is a command line (Linux) tool that modifies the graphical output of clustalW multiple sequence alignments. Especially when sequences are very similar, (e.g., when only small differences such as SNPs are present), ADOMA can help to make visualization easier. Furthermore, it can color the residues in the sequence alignments. ADOMA works both with DNA or protein sequences.</p>\n<p>ADOMA is easily integrated in automatic (NGS) analysis pipelines, and therefore manual handling with sequencing files or importing to GUI tools are not necessary. It produces direct easily interpretable output in HTML or text format. ADOMA is written in bash and python and is freely available at:</p>\n<p><a href=\"http://sourceforge.net/projects/adoma/\" rel=\"nofollow\">http://sourceforge.net/projects/adoma/</a></p>\n<p>Read more about ADOMA in Molecular Informatics:</p>\n<p><a href=\"http://onlinelibrary.wiley.com/doi/10.1002/minf.201500083/abstract\" rel=\"nofollow\">http://onlinelibrary.wiley.com/doi/10.1002/minf.201500083/abstract</a></p>\n<p>How to cite ADOMA:</p>\n<p>Zaal, D. and Nota, B. (2016), ADOMA: A Command Line Tool to Modify ClustalW Multiple Alignment Output. Mol. Inf., 35: 42-44. doi: 10.1002/minf.201500083</p>\n"
}