{
    "answer_count": 0,
    "author": "melanie.schirmer",
    "author_uid": "69169",
    "book_count": 1,
    "comment_count": 0,
    "content": "We are offering a position, available starting **1st of June 2022**, as a **PhD candidate (m/f/d) in Computational Biology**.\n\n**About us**\n\nThe Schirmer lab is part of the ZIEL - Institute for Food & Health at the Technical University of Munich and located in Freising-Weihenstephan. The research of our lab focuses on the human microbiome, especially gut microbes, and investigates potential mechanisms of host-microbial interactions in health and disease. We are particular interested in the role of the microbiome in inflammatory and auto-immune diseases and how hormone-microbiome interactions impact female health. To address these questions, we use integrated multi-omics analyses (metagenomics, metatranscriptomics and metabolomics) to identify disease-associated bacterial strains and their metabolites. These strains are subsequently isolated and cultured in the lab.\n\n**Candidate profile**\n\nWe are looking for an outstanding highly-motivated PhD candidate with the ambition and commitment to achieve excellence in a highly productive environment. The activities surrounding this position will be part of the ERC Starting Grant project HEROINE: Hormone-microbiome interactions as a key-player in female health. The work will be focused on computational analysis of multi-omics data generated from clinical samples, including applying, conceiving and developing algorithms and analytical approaches for these datasets, interpreting this data within the context of the study and developing testable hypotheses that can be subsequently validated in the lab. \n\n**Tasks**\n\n - Analyzing large multi-omics datasets and interpret results \n - Perform comparative microbial genomics analysis\n - Develop, enhance, validate, and maintain current and new bioinformatic pipelines\n - Lead and contribute to the generation of publications, grant applications, and protocols\n - Network with our national and international collaborators and present our work at conferences and scientific meetings\n\n**Requirements**\n\n - M.Sc. or diploma in bioinformatics, computational biology, computer science, statistics or a relevant field\n - Experience with scientific programming (such as R, Bash, Python, or C/C++), data analyses and data visualization, fluency in Unix\n - Strong interest in human microbiome research\n - Knowledge or experience with analyzing complex datasets (e.g., next-generation sequencing or metabolomics data), bioinformatic tools, statistical methods or high-performance computing is an advantage\n - Excellent communication skills, and proficiency in English (presentation and writing skills)\n - Self-motivated and enthusiastic to work in an interactive, international research environ-ment, ability to work independently and as part of a team\n - Excellent organization and time management skills required\n\u2003\n**Our offer**\n\nWe offer you a cutting-edge, interdisciplinary research project using data from state-of-the-art multi-omics technologies in a fruitful, collaborative research environment. The successful candidate will be part of a multi-disciplinary team and will work closely with other computational and experimental researchers and our clinical collaborators. He/she will be part of the TUM Graduate School and the TUM School of Life Science. Specific research can include strain profiling, functional profiling, metagenomic assembly, metagenomic/metatranscriptomics/metabolomics analysis and integration of multi-omics datatypes. \n\nThe position is available starting the 1st of June 2022 (or as soon as possible thereafter) and will be for three years with an option to extent. Salary will be determined in accordance with the Ger-man collective wage agreement in public services (TV-L 13, 65%). Individuals with severe disabilities are given preference if they have the same aptitude and qualifications. The TUM seeks to increase the proportion of women in those areas where they are underrepresented, therefore applications from women are explicitly encouraged.\n\n**Contact**\n\nTechnical University of Munich  \nZIEL - Institute for Food & Health  \nDr. Melanie Schirmer  \nEmmy Noether Group  \nGregor-Mendel-Str. 2, 85354 Freising  \nTel. +49 8161 71 2343  \nwww.ziel.tum.de/melanie-schirmer \n\n**Application**\n\nPlease send your **full application as a PDF by March 31st, 2022** to melanie.schirmer@tum.de or by mail to the address above. The application should include a cover letter, detailed CV, a description of research experience and interests (1-2 pages) and contact details for 2-3 references. Please also indicate a preferred starting date and why you are interested in joining our group. Applications will be considered on an ongoing basis until the deadline.\n\nData protection information: When you apply for a position at the Technical University of Munich (TUM), you are submitting personal information. Please take note of the data protection policy according to Art. 13 Datenschutz-Grundverordnung (DSGVO) on the collection and processing of personal information as part of your application. By submitting your application, you confirm that you have acknowledged the data protection information of TUM.",
    "creation_date": "2022-03-10T12:04:09.818126+00:00",
    "has_accepted": false,
    "id": 514215,
    "lastedit_date": "2023-02-08T20:45:15.581187+00:00",
    "lastedit_user_uid": "8494",
    "parent_id": 514215,
    "rank": 1646913849.818141,
    "reply_count": 0,
    "root_id": 514215,
    "status": "Open",
    "status_id": 1,
    "subs_count": 1,
    "tag_val": "metagenomics,microbiome,computational-biology,PhD",
    "thread_score": 1,
    "title": "PhD candidate (m/f/d) in Computational Biology",
    "type": "Job",
    "type_id": 2,
    "uid": "9514215",
    "url": "https://www.biostars.org/p/9514215/",
    "view_count": 1238,
    "vote_count": 1,
    "xhtml": "<p>We are offering a position, available starting <strong>1st of June 2022</strong>, as a <strong>PhD candidate (m/f/d) in Computational Biology</strong>.</p>\n<p><strong>About us</strong></p>\n<p>The Schirmer lab is part of the ZIEL - Institute for Food &amp; Health at the Technical University of Munich and located in Freising-Weihenstephan. The research of our lab focuses on the human microbiome, especially gut microbes, and investigates potential mechanisms of host-microbial interactions in health and disease. We are particular interested in the role of the microbiome in inflammatory and auto-immune diseases and how hormone-microbiome interactions impact female health. To address these questions, we use integrated multi-omics analyses (metagenomics, metatranscriptomics and metabolomics) to identify disease-associated bacterial strains and their metabolites. These strains are subsequently isolated and cultured in the lab.</p>\n<p><strong>Candidate profile</strong></p>\n<p>We are looking for an outstanding highly-motivated PhD candidate with the ambition and commitment to achieve excellence in a highly productive environment. The activities surrounding this position will be part of the ERC Starting Grant project HEROINE: Hormone-microbiome interactions as a key-player in female health. The work will be focused on computational analysis of multi-omics data generated from clinical samples, including applying, conceiving and developing algorithms and analytical approaches for these datasets, interpreting this data within the context of the study and developing testable hypotheses that can be subsequently validated in the lab.</p>\n<p><strong>Tasks</strong></p>\n<ul>\n<li>Analyzing large multi-omics datasets and interpret results </li>\n<li>Perform comparative microbial genomics analysis</li>\n<li>Develop, enhance, validate, and maintain current and new bioinformatic pipelines</li>\n<li>Lead and contribute to the generation of publications, grant applications, and protocols</li>\n<li>Network with our national and international collaborators and present our work at conferences and scientific meetings</li>\n</ul>\n<p><strong>Requirements</strong></p>\n<ul>\n<li>M.Sc. or diploma in bioinformatics, computational biology, computer science, statistics or a relevant field</li>\n<li>Experience with scientific programming (such as R, Bash, Python, or C/C++), data analyses and data visualization, fluency in Unix</li>\n<li>Strong interest in human microbiome research</li>\n<li>Knowledge or experience with analyzing complex datasets (e.g., next-generation sequencing or metabolomics data), bioinformatic tools, statistical methods or high-performance computing is an advantage</li>\n<li>Excellent communication skills, and proficiency in English (presentation and writing skills)</li>\n<li>Self-motivated and enthusiastic to work in an interactive, international research environ-ment, ability to work independently and as part of a team</li>\n<li>Excellent organization and time management skills required\n\u2003\n<strong>Our offer</strong></li>\n</ul>\n<p>We offer you a cutting-edge, interdisciplinary research project using data from state-of-the-art multi-omics technologies in a fruitful, collaborative research environment. The successful candidate will be part of a multi-disciplinary team and will work closely with other computational and experimental researchers and our clinical collaborators. He/she will be part of the TUM Graduate School and the TUM School of Life Science. Specific research can include strain profiling, functional profiling, metagenomic assembly, metagenomic/metatranscriptomics/metabolomics analysis and integration of multi-omics datatypes.</p>\n<p>The position is available starting the 1st of June 2022 (or as soon as possible thereafter) and will be for three years with an option to extent. Salary will be determined in accordance with the Ger-man collective wage agreement in public services (TV-L 13, 65%). Individuals with severe disabilities are given preference if they have the same aptitude and qualifications. The TUM seeks to increase the proportion of women in those areas where they are underrepresented, therefore applications from women are explicitly encouraged.</p>\n<p><strong>Contact</strong></p>\n<p>Technical University of Munich<br>\nZIEL - Institute for Food &amp; Health<br>\nDr. Melanie Schirmer<br>\nEmmy Noether Group<br>\nGregor-Mendel-Str. 2, 85354 Freising<br>\nTel. +49 8161 71 2343<br>\nwww.ziel.tum.de/melanie-schirmer</p>\n<p><strong>Application</strong></p>\n<p>Please send your <strong>full application as a PDF by March 31st, 2022</strong> to melanie.schirmer@tum.de or by mail to the address above. The application should include a cover letter, detailed CV, a description of research experience and interests (1-2 pages) and contact details for 2-3 references. Please also indicate a preferred starting date and why you are interested in joining our group. Applications will be considered on an ongoing basis until the deadline.</p>\n<p>Data protection information: When you apply for a position at the Technical University of Munich (TUM), you are submitting personal information. Please take note of the data protection policy according to Art. 13 Datenschutz-Grundverordnung (DSGVO) on the collection and processing of personal information as part of your application. By submitting your application, you confirm that you have acknowledged the data protection information of TUM.</p>\n"
}