{
    "answer_count": 7,
    "author": "upendrakumar.devisetty",
    "author_uid": "5844",
    "book_count": 0,
    "comment_count": 7,
    "content": "<p>Hi,</p>\r\n\r\n<p>Can anyone point to me of how i can generate FPKM values for the Velvet/Oases assembled transcripts. I know TopHat/Cufflinks pipeline for generating FPKM values but in this case i already have Velvet/Oases assembled transcripts along with the reads. All i want to do is to see the expression levels of Velvet/Oases assembled transcripts. Any help is appreciated.</p>\r\n",
    "creation_date": "2015-02-05T22:39:54.299611+00:00",
    "has_accepted": false,
    "id": 123634,
    "lastedit_date": "2015-03-04T16:42:54.174634+00:00",
    "lastedit_user_uid": "1",
    "parent_id": 123634,
    "rank": 1425487374.174634,
    "reply_count": 7,
    "root_id": 123634,
    "status": "Open",
    "status_id": 1,
    "subs_count": 1,
    "tag_val": "FPKM,Velvet/Oases,RNA-Seq",
    "thread_score": 0,
    "title": "How to generate FPKM values for Velvet/Oases assembled transcripts",
    "type": "Question",
    "type_id": 0,
    "uid": "129854",
    "url": "https://www.biostars.org/p/129854/",
    "view_count": 2450,
    "vote_count": 0,
    "xhtml": "<p>Hi,</p>\n\n<p>Can anyone point to me of how i can generate FPKM values for the Velvet/Oases assembled transcripts. I know TopHat/Cufflinks pipeline for generating FPKM values but in this case i already have Velvet/Oases assembled transcripts along with the reads. All i want to do is to see the expression levels of Velvet/Oases assembled transcripts. Any help is appreciated.</p>\n"
}