{
    "answer_count": 1,
    "author": "sotterbe",
    "author_uid": "49244",
    "book_count": 0,
    "comment_count": 1,
    "content": "Hello everyone,\r\n\r\nI have got 18S rRNA illumina sequence data and I performed [Frederick Mahe's metabarcoding pipeline][1] successfully on it. In a [taxonomic assignment script][2] I used an NGS database, and I got a lot of results. But since I am interested in protists, I want to use the \"Protist Ribosomal Reference database\" [PR2][3] for that. However, for some reason I dont get any hits. I tried both pr2_UTAX.fasta.gz and pr2_taxo_long.fasta.gz (see [here][4]). The only difference between the NGS database and the PR2 database I can see is that the sequences in PR2 are multiple times longer than in NGS where sequences are only one-liners. Do I have to adjust something in the vsearch script? Clearly I am missing something when there are no hits whatsoever.\r\n\r\n\r\n  [1]: https://github.com/frederic-mahe/swarm/wiki/Fred%27s-metabarcoding-pipeline\r\n  [2]: https://github.com/frederic-mahe/stampa/issues/1\r\n  [3]: https://github.com/vaulot/pr2database\r\n  [4]: https://github.com/vaulot/pr2database/wiki/PR2-files",
    "creation_date": "2018-09-24T14:03:44.332134+00:00",
    "has_accepted": false,
    "id": 328535,
    "lastedit_date": "2018-09-24T14:03:44.332134+00:00",
    "lastedit_user_uid": "49244",
    "parent_id": 328535,
    "rank": 1537797824.332134,
    "reply_count": 1,
    "root_id": 328535,
    "status": "Open",
    "status_id": 1,
    "subs_count": 1,
    "tag_val": "taxonomic assignment,database search",
    "thread_score": 0,
    "title": "Taxonomic assignment database search problem",
    "type": "Question",
    "type_id": 0,
    "uid": "339651",
    "url": "https://www.biostars.org/p/339651/",
    "view_count": 1004,
    "vote_count": 0,
    "xhtml": "<p>Hello everyone,</p>\n\n<p>I have got 18S rRNA illumina sequence data and I performed <a rel=\"nofollow\" href=\"https://github.com/frederic-mahe/swarm/wiki/Fred%27s-metabarcoding-pipeline\">Frederick Mahe's metabarcoding pipeline</a> successfully on it. In a <a rel=\"nofollow\" href=\"https://github.com/frederic-mahe/stampa/issues/1\">taxonomic assignment script</a> I used an NGS database, and I got a lot of results. But since I am interested in protists, I want to use the \"Protist Ribosomal Reference database\" <a rel=\"nofollow\" href=\"https://github.com/vaulot/pr2database\">PR2</a> for that. However, for some reason I dont get any hits. I tried both pr2_UTAX.fasta.gz and pr2_taxo_long.fasta.gz (see <a rel=\"nofollow\" href=\"https://github.com/vaulot/pr2database/wiki/PR2-files\">here</a>). The only difference between the NGS database and the PR2 database I can see is that the sequences in PR2 are multiple times longer than in NGS where sequences are only one-liners. Do I have to adjust something in the vsearch script? Clearly I am missing something when there are no hits whatsoever.</p>\n"
}