{
    "answer_count": 2,
    "author": "Sergey",
    "author_uid": "108215",
    "book_count": 0,
    "comment_count": 2,
    "content": "I'm looking for the most suitable pipeline to perform a whole-genome multiple sequence alignment (MSA) of around 1000 vertebrate species. The goal is to identify conserved elements (and yes, I need this number of species). \n\nAs far as I know, the maximum number of sequences used in publicly available whole-genome MSA of vertebrate species is 100 (http://genome.ucsc.edu/cgi-bin/hgTrackUi?db=hg19&g=multiz100way).\n\n**I'm new to MSA, so I would like to know which pipeline would be the most efficient in my case and how much time and computational resources may I need (I have a slurm cluster, so parallelization is preferred).**\n\nWould it be OK to perform MSA in batches of 100 sequences and then concatenate the results somehow?\n",
    "creation_date": "2022-04-19T09:26:39.195280+00:00",
    "has_accepted": false,
    "id": 519610,
    "lastedit_date": "2022-04-30T12:10:02.374053+00:00",
    "lastedit_user_uid": "108215",
    "parent_id": 519610,
    "rank": 1650360399.195295,
    "reply_count": 2,
    "root_id": 519610,
    "status": "Open",
    "status_id": 1,
    "subs_count": 2,
    "tag_val": "alignment,MSA",
    "thread_score": 1,
    "title": "whole-genome MSA of 1000 vertebrate sequences",
    "type": "Question",
    "type_id": 0,
    "uid": "9519610",
    "url": "https://www.biostars.org/p/9519610/",
    "view_count": 714,
    "vote_count": 0,
    "xhtml": "<p>I'm looking for the most suitable pipeline to perform a whole-genome multiple sequence alignment (MSA) of around 1000 vertebrate species. The goal is to identify conserved elements (and yes, I need this number of species).</p>\n<p>As far as I know, the maximum number of sequences used in publicly available whole-genome MSA of vertebrate species is 100 (<a href=\"http://genome.ucsc.edu/cgi-bin/hgTrackUi?db=hg19&amp;g=multiz100way\" rel=\"nofollow\">http://genome.ucsc.edu/cgi-bin/hgTrackUi?db=hg19&amp;g=multiz100way</a>).</p>\n<p><strong>I'm new to MSA, so I would like to know which pipeline would be the most efficient in my case and how much time and computational resources may I need (I have a slurm cluster, so parallelization is preferred).</strong></p>\n<p>Would it be OK to perform MSA in batches of 100 sequences and then concatenate the results somehow?</p>\n"
}