{
    "answer_count": 1,
    "author": "niu2rseq",
    "author_uid": "13312",
    "book_count": 0,
    "comment_count": 0,
    "content": "Hi,\n\nDid anyone here have any experience with HUMAnN? From its webpage it is said it was designed for metagenomic data: http://huttenhower.sph.harvard.edu/humann\n\nBut it used BLASTX. So I am wondering if I can use metatranscriptomics data (RNAseq) for this pipeline? Any comment or suggestion are appreciated! Thanks!",
    "creation_date": "2014-11-13T15:26:50.390245+00:00",
    "has_accepted": false,
    "id": 113601,
    "lastedit_date": "2022-02-10T20:10:37.685998+00:00",
    "lastedit_user_uid": "8494",
    "parent_id": 113601,
    "rank": 1415996688.303177,
    "reply_count": 1,
    "root_id": 113601,
    "status": "Open",
    "status_id": 1,
    "subs_count": 1,
    "tag_val": "Metatranscriptomics,RNA-Seq",
    "thread_score": 3,
    "title": "HUMAnN for metatranscriptomics?",
    "type": "Question",
    "type_id": 0,
    "uid": "119611",
    "url": "https://www.biostars.org/p/119611/",
    "view_count": 2665,
    "vote_count": 1,
    "xhtml": "<p>Hi,</p>\n<p>Did anyone here have any experience with HUMAnN? From its webpage it is said it was designed for metagenomic data: <a href=\"http://huttenhower.sph.harvard.edu/humann\" rel=\"nofollow\">http://huttenhower.sph.harvard.edu/humann</a></p>\n<p>But it used BLASTX. So I am wondering if I can use metatranscriptomics data (RNAseq) for this pipeline? Any comment or suggestion are appreciated! Thanks!</p>\n"
}