{
    "answer_count": 15,
    "author": "edsouza",
    "author_uid": "28039",
    "book_count": 0,
    "comment_count": 14,
    "content": "I have a pipeline in which one of the BED files contains a bunch of RefSeq ID's. I obtained the original BED file from the UCSC Table Browser under the RefSeq table, so I assume that all of the RefSeq ID's will be located somewhere in UCSC's mysql database.\r\n\r\nI ran this command:\r\n\r\n    mysql --user=genome -N --host=genome-mysql.cse.ucsc.edu -A -D hg19 -e \"select name,name2 from refGene\"\r\n\r\nHowever, when I compare the results of this output against what I have in my ID list, it appears that only ID's in the form of 'NR_' or 'NM_' have matches, whereas the ID's with 'XR_' or 'XM_' don't.\r\n\r\nI know that there must be *some* relation between all of the RefSeq ID's and their gene symbols. For instance, XR_001755761 takes me to [this][1] NCBI page, which shows me that the corresponding gene symbol is 'LOC101928055'. I've been able to obtain gene symbols for all of the NR_ or NM_ identifiers using the mysql database, but don't know how to convert all the others.\r\n\r\nIs there an easy way that I can programatically get all of these? I don't want to use a manual copy-paste service because this needs to be run in a pipeline. Currently, I run the SQL command and save it as a TSV, which I then serialize as a hashmap to let me quickly convert all the different RefSeq ID's to their respective gene symbol. The end goal is to simply count the number of unique genes in the file. What is the easiest way to get this done? I'm open to using R or some other script, as long as I only have to run it once so I can generate a python pickled dict for quick use.\r\n\r\n\r\n  [1]: https://www.ncbi.nlm.nih.gov/nuccore/XR_001755761.1/",
    "creation_date": "2018-07-30T15:54:52.982442+00:00",
    "has_accepted": true,
    "id": 318865,
    "lastedit_date": "2018-07-30T20:41:47.151374+00:00",
    "lastedit_user_uid": "33587",
    "parent_id": 318865,
    "rank": 1532983307.151374,
    "reply_count": 15,
    "root_id": 318865,
    "status": "Open",
    "status_id": 1,
    "subs_count": 4,
    "tag_val": "ucsc,genome,gene,assembly",
    "thread_score": 7,
    "title": "UCSC MySQL query to find gene symbols for all RefSeq IDs?",
    "type": "Question",
    "type_id": 0,
    "uid": "329755",
    "url": "https://www.biostars.org/p/329755/",
    "view_count": 4083,
    "vote_count": 0,
    "xhtml": "<p>I have a pipeline in which one of the BED files contains a bunch of RefSeq ID's. I obtained the original BED file from the UCSC Table Browser under the RefSeq table, so I assume that all of the RefSeq ID's will be located somewhere in UCSC's mysql database.</p>\n\n<p>I ran this command:</p>\n\n<pre class=\"pre\"><code class=\"language-bash\">mysql --user=genome -N --host=genome-mysql.cse.ucsc.edu -A -D hg19 -e \"select name,name2 from refGene\"\n</code></pre>\n\n<p>However, when I compare the results of this output against what I have in my ID list, it appears that only ID's in the form of 'NR_' or 'NM_' have matches, whereas the ID's with 'XR_' or 'XM_' don't.</p>\n\n<p>I know that there must be <em>some</em> relation between all of the RefSeq ID's and their gene symbols. For instance, XR_001755761 takes me to <a rel=\"nofollow\" href=\"https://www.ncbi.nlm.nih.gov/nuccore/XR_001755761.1/\">this</a> NCBI page, which shows me that the corresponding gene symbol is 'LOC101928055'. I've been able to obtain gene symbols for all of the NR_ or NM_ identifiers using the mysql database, but don't know how to convert all the others.</p>\n\n<p>Is there an easy way that I can programatically get all of these? I don't want to use a manual copy-paste service because this needs to be run in a pipeline. Currently, I run the SQL command and save it as a TSV, which I then serialize as a hashmap to let me quickly convert all the different RefSeq ID's to their respective gene symbol. The end goal is to simply count the number of unique genes in the file. What is the easiest way to get this done? I'm open to using R or some other script, as long as I only have to run it once so I can generate a python pickled dict for quick use.</p>\n"
}