{
    "answer_count": 4,
    "author": "newDNASeqer",
    "author_uid": "8358",
    "book_count": 1,
    "comment_count": 2,
    "content": "<p>I have managed to generate vcf files by using <a href='http://bio-bwa.sourceforge.net/'>bwa</a> + PiCard + GATK pipeline, and would like to use ANNOVAR to do the variant calling. I checked the vcf content output from GATK, and think it is not ready for feeding into ANNOVAR. I was wondering if there's any handy tool to prepare the GATK vcf files for ANNOVAR? thanks for reply</p>\n",
    "creation_date": "2013-07-24T17:30:55.458689+00:00",
    "has_accepted": false,
    "id": 73000,
    "lastedit_date": "2022-07-05T17:24:24.938518+00:00",
    "lastedit_user_uid": "8494",
    "parent_id": 73000,
    "rank": 1641465665.066044,
    "reply_count": 4,
    "root_id": 73000,
    "status": "Open",
    "status_id": 1,
    "subs_count": 5,
    "tag_val": "variant,calling,gatk,annovar,vcf",
    "thread_score": 4,
    "title": "How To Prepare Gatk  .Vcf Files Output For Annovar ?",
    "type": "Question",
    "type_id": 0,
    "uid": "77335",
    "url": "https://www.biostars.org/p/77335/",
    "view_count": 6569,
    "vote_count": 1,
    "xhtml": "<p>I have managed to generate vcf files by using <a rel=\"nofollow\" href=\"http://bio-bwa.sourceforge.net/\">bwa</a> + PiCard + GATK pipeline, and would like to use ANNOVAR to do the variant calling. I checked the vcf content output from GATK, and think it is not ready for feeding into ANNOVAR. I was wondering if there's any handy tool to prepare the GATK vcf files for ANNOVAR? thanks for reply</p>\n"
}