{
    "answer_count": 5,
    "author": "nkabo",
    "author_uid": "29194",
    "book_count": 1,
    "comment_count": 5,
    "content": "I would like to do miRNA analysis for a dataset that I have found via an article. The pipeline I have in order to analyze the miR data requires the data file to be a .fastq file. However, the dataset I received is composed of .cel files. Is it possible to convert .cel datafiles to .fastq? Thanks",
    "creation_date": "2018-10-23T16:49:43.722684+00:00",
    "has_accepted": false,
    "id": 333944,
    "lastedit_date": "2018-10-23T16:49:43.722684+00:00",
    "lastedit_user_uid": "29194",
    "parent_id": 333944,
    "rank": 1540313383.722684,
    "reply_count": 5,
    "root_id": 333944,
    "status": "Open",
    "status_id": 1,
    "subs_count": 2,
    "tag_val": "miRNA analysis,RNA sequencing,next-gen",
    "thread_score": 5,
    "title": "How to convert .cel to .fastq for miRNA analysis?",
    "type": "Question",
    "type_id": 0,
    "uid": "345177",
    "url": "https://www.biostars.org/p/345177/",
    "view_count": 2825,
    "vote_count": 1,
    "xhtml": "<p>I would like to do miRNA analysis for a dataset that I have found via an article. The pipeline I have in order to analyze the miR data requires the data file to be a .fastq file. However, the dataset I received is composed of .cel files. Is it possible to convert .cel datafiles to .fastq? Thanks</p>\n"
}