{
    "answer_count": 0,
    "author": "voisin.greg.consultant",
    "author_uid": "7545",
    "book_count": 0,
    "comment_count": 0,
    "content": "Hello,\n\nBoasting a large collection of software for the analysis of biological data, Bioconductor and R are invaluable tools for data management, pipeline production, and analysis.\n\nTo help biologists tackle the challenge of understanding and learning how to use these tools, BSC is offering an online workshop on the analysis of high-throughput data, with an emphasis on microarray and next generation sequencing technologies.\n\nTo learn more, visit us at http://bioinformatics-sc.com/workshop.ws\n\nThe BSC team",
    "creation_date": "2013-09-22T14:36:40.057989+00:00",
    "has_accepted": false,
    "id": 77094,
    "lastedit_date": "2023-02-28T16:07:25.903129+00:00",
    "lastedit_user_uid": "8494",
    "parent_id": 77094,
    "rank": 1379875890.144513,
    "reply_count": 0,
    "root_id": 77094,
    "status": "Open",
    "status_id": 1,
    "subs_count": 0,
    "tag_val": "microarray,bioconductor,online,next-gen",
    "thread_score": 1,
    "title": "Bioconductor/R Workshop For High-Throughput Data Analysis (Web Version)",
    "type": "News",
    "type_id": 11,
    "uid": "81742",
    "url": "https://www.biostars.org/p/81742/",
    "view_count": 2713,
    "vote_count": 1,
    "xhtml": "<p>Hello,</p>\n<p>Boasting a large collection of software for the analysis of biological data, Bioconductor and R are invaluable tools for data management, pipeline production, and analysis.</p>\n<p>To help biologists tackle the challenge of understanding and learning how to use these tools, BSC is offering an online workshop on the analysis of high-throughput data, with an emphasis on microarray and next generation sequencing technologies.</p>\n<p>To learn more, visit us at <a href=\"http://bioinformatics-sc.com/workshop.ws\" rel=\"nofollow\">http://bioinformatics-sc.com/workshop.ws</a></p>\n<p>The BSC team</p>\n"
}