{
    "answer_count": 0,
    "author": "info",
    "author_uid": "59570",
    "book_count": 0,
    "comment_count": 0,
    "content": "**About Department of Virus & Microbiological Special Diagnostics**\n\nAs our new colleague, you will be a part of the Department of Virus & Microbiological Special Diagnostics (VMS), where we perform diagnostics and provides clinical guidance for viral infections and serology.\n\nThe department is the national central laboratory for human virology, including surveillance of viral infections and research and development within the field. The department comprises the national WHO Centre on influenza, polio and measles/rubella.\n\nThe department is also a member of the European Network for Imported Viral Diseases (ENIVD), thus participating in the European collaboration on surveillance of viral infections.\n\n**About the position**:\n\nWe are looking for a highly motivated and dynamic postdoc.\n\nYou will be involved in research activities within the frame of the FluZooMark project.\n\nYour primary task will be to assist in the bioinformatics requirements for the FluZooMark project as well as assisting in implementing additional viral bioinformatic tools for viral surveillance.\n\nThe research project involves bioinformatics, and you will be looking for viral molecular markers in the viral genome related to zoonotic transmission from NGS data of thousands of influenza virus samples from both human and swine origin.\n\n**Required qualifications**:\n\nIdeally, you are a bioinformatician with a PhD. You have experience working with viral data and you feel comfortable working with this data already. You will require the ability to install and run various viral bioinformatics pipelines on a Linux server and be able to, with the assistance of the Virologists, interpret the results.\n\nYou speak English fluently though Danish fluency is also a benefit.\n\n**Technical requirements**:\n\n - \nFluency within a Linux environment\n - Install, run, debug, and maintain bioinformatic pipelines\n\n**Optional requirements**:\n\n - Knowledge of virology (i.e. Influenza)\n - Programming/Statistical knowledge (i.e. Python, R)\n - Experience with bioinformatic tools/pipelines (i.e. V-pipe, NextStrain, PyMol, BEAST)\n - Experience with Sweep Dynamics plots\n\n**Terms of employment**:\n\nThe employment as postdoc is a full time and fixed-term position for three years.\n\nThe employment will be in accordance with the terms of the collective agreement between the Ministry of Finance and the Danish Federation of Professional Associations (AC-overenskomsten) and the Danish Ministry of Finance\u2019s circular concerning the job structure for scientific staff working with research at sector research institutions (Stillingsstruktur for videnskabeligt personale med forskningsopgaver ved sektorforskningsinstitutioner).\n\nIf you come from abroad, we will be happy to assist you in the transition process.\n\n**Further information.**\n\nFor further details and informal enquiries please contact Senior Scientist Ramona Trebbien phone +45 32683591 or email ratr@ssi.dk\n\n**Application and recruitment process**:\n\nClick \u201capply\u201d to send your job application with the following appendixes\n\n - curriculum vitae (CV)\n - copies of relevant academic diplomas (master and PhD)\n - list of scientific publications\n - 2-3 scientific publications.\n\nYour research qualifications will be assessed by a scientific assessment committee in accordance with the current Danish rules for employment of scientific staff working with research at sector research institutions in Denmark. \n\n**Interviews is expected to be held between 6 January 2020 and 17 January 2020.**\n\n**Application deadline**\n\n1 January 2020\n\n**[Apply][1]**\n\n  [1]: https://candidate.hr-manager.net/ApplicationForm/SinglePageApplicationForm.aspx?cid=5001&departmentId=9179&ProjectId=127881&MediaId=5",
    "creation_date": "2019-12-12T12:40:46.845299+00:00",
    "has_accepted": false,
    "id": 397005,
    "lastedit_date": "2023-06-06T16:29:40.148370+00:00",
    "lastedit_user_uid": "8494",
    "parent_id": 397005,
    "rank": 1576154446.845299,
    "reply_count": 0,
    "root_id": 397005,
    "status": "Open",
    "status_id": 1,
    "subs_count": 0,
    "tag_val": "NGS,virology,sequencing",
    "thread_score": 0,
    "title": "Do you want to have notable impact on how Statens Serum Institut works with viral Next Generation Sequencing (NGS) data for surveillance?",
    "type": "Job",
    "type_id": 2,
    "uid": "412228",
    "url": "https://www.biostars.org/p/412228/",
    "view_count": 998,
    "vote_count": 0,
    "xhtml": "<p><strong>About Department of Virus &amp; Microbiological Special Diagnostics</strong></p>\n<p>As our new colleague, you will be a part of the Department of Virus &amp; Microbiological Special Diagnostics (VMS), where we perform diagnostics and provides clinical guidance for viral infections and serology.</p>\n<p>The department is the national central laboratory for human virology, including surveillance of viral infections and research and development within the field. The department comprises the national WHO Centre on influenza, polio and measles/rubella.</p>\n<p>The department is also a member of the European Network for Imported Viral Diseases (ENIVD), thus participating in the European collaboration on surveillance of viral infections.</p>\n<p><strong>About the position</strong>:</p>\n<p>We are looking for a highly motivated and dynamic postdoc.</p>\n<p>You will be involved in research activities within the frame of the FluZooMark project.</p>\n<p>Your primary task will be to assist in the bioinformatics requirements for the FluZooMark project as well as assisting in implementing additional viral bioinformatic tools for viral surveillance.</p>\n<p>The research project involves bioinformatics, and you will be looking for viral molecular markers in the viral genome related to zoonotic transmission from NGS data of thousands of influenza virus samples from both human and swine origin.</p>\n<p><strong>Required qualifications</strong>:</p>\n<p>Ideally, you are a bioinformatician with a PhD. You have experience working with viral data and you feel comfortable working with this data already. You will require the ability to install and run various viral bioinformatics pipelines on a Linux server and be able to, with the assistance of the Virologists, interpret the results.</p>\n<p>You speak English fluently though Danish fluency is also a benefit.</p>\n<p><strong>Technical requirements</strong>:</p>\n<ul>\n<li>Fluency within a Linux environment</li>\n<li>Install, run, debug, and maintain bioinformatic pipelines</li>\n</ul>\n<p><strong>Optional requirements</strong>:</p>\n<ul>\n<li>Knowledge of virology (i.e. Influenza)</li>\n<li>Programming/Statistical knowledge (i.e. Python, R)</li>\n<li>Experience with bioinformatic tools/pipelines (i.e. V-pipe, NextStrain, PyMol, BEAST)</li>\n<li>Experience with Sweep Dynamics plots</li>\n</ul>\n<p><strong>Terms of employment</strong>:</p>\n<p>The employment as postdoc is a full time and fixed-term position for three years.</p>\n<p>The employment will be in accordance with the terms of the collective agreement between the Ministry of Finance and the Danish Federation of Professional Associations (AC-overenskomsten) and the Danish Ministry of Finance\u2019s circular concerning the job structure for scientific staff working with research at sector research institutions (Stillingsstruktur for videnskabeligt personale med forskningsopgaver ved sektorforskningsinstitutioner).</p>\n<p>If you come from abroad, we will be happy to assist you in the transition process.</p>\n<p><strong>Further information.</strong></p>\n<p>For further details and informal enquiries please contact Senior Scientist Ramona Trebbien phone +45 32683591 or email ratr@ssi.dk</p>\n<p><strong>Application and recruitment process</strong>:</p>\n<p>Click \u201capply\u201d to send your job application with the following appendixes</p>\n<ul>\n<li>curriculum vitae (CV)</li>\n<li>copies of relevant academic diplomas (master and PhD)</li>\n<li>list of scientific publications</li>\n<li>2-3 scientific publications.</li>\n</ul>\n<p>Your research qualifications will be assessed by a scientific assessment committee in accordance with the current Danish rules for employment of scientific staff working with research at sector research institutions in Denmark.</p>\n<p><strong>Interviews is expected to be held between 6 January 2020 and 17 January 2020.</strong></p>\n<p><strong>Application deadline</strong></p>\n<p>1 January 2020</p>\n<p><strong><a href=\"https://candidate.hr-manager.net/ApplicationForm/SinglePageApplicationForm.aspx?cid=5001&amp;departmentId=9179&amp;ProjectId=127881&amp;MediaId=5\" rel=\"nofollow\">Apply</a></strong></p>\n"
}