{
    "answer_count": 3,
    "author": "DoubleD",
    "author_uid": "8519",
    "book_count": 0,
    "comment_count": 2,
    "content": "Hello,\n\nAfter running Varscan and Mutect on a set of 10 patients (tumor / normal comparison), I have run through a pipeline of false-positive filtering. When I look at my resulting Ts/Tv ratio (by manual calculation, snpEff summary file, SnpSift tstv calculation or GATK VariantEval), it is quite low for human whole genome sequence data (1.3-1.6). I have read all I can find here and in papers about the expected ratio, and how a low ratio could denote a great deal of false positives.\n\nI ran Varscan with relatively lax parameters for calling somatic mutations (5 reads in N, 8 in T, but strand bias filtered), however I thought Mutect would call a confident set. Both SNP callers end up with a low Ts/Tv. My question is, can I chalk this result up to false positives (which is okay with me, I wanted a sensitive not specific call set), or could it be a problem with the BAM alignment? I suppose a poorly aligned BAM would lead to false positives too, but any insight or information would be greatly appreciated.",
    "creation_date": "2014-06-23T15:19:35.533968+00:00",
    "has_accepted": true,
    "id": 98823,
    "lastedit_date": "2021-10-28T15:44:39.832331+00:00",
    "lastedit_user_uid": "8494",
    "parent_id": 98823,
    "rank": 1403636284.226847,
    "reply_count": 3,
    "root_id": 98823,
    "status": "Open",
    "status_id": 1,
    "subs_count": 1,
    "tag_val": "somatic,qc,whole-genome,vcf",
    "thread_score": 7,
    "title": "Low transition/transversion ratio: alignment or caller problem?",
    "type": "Question",
    "type_id": 0,
    "uid": "104473",
    "url": "https://www.biostars.org/p/104473/",
    "view_count": 6647,
    "vote_count": 3,
    "xhtml": "<p>Hello,</p>\n<p>After running Varscan and Mutect on a set of 10 patients (tumor / normal comparison), I have run through a pipeline of false-positive filtering. When I look at my resulting Ts/Tv ratio (by manual calculation, snpEff summary file, SnpSift tstv calculation or GATK VariantEval), it is quite low for human whole genome sequence data (1.3-1.6). I have read all I can find here and in papers about the expected ratio, and how a low ratio could denote a great deal of false positives.</p>\n<p>I ran Varscan with relatively lax parameters for calling somatic mutations (5 reads in N, 8 in T, but strand bias filtered), however I thought Mutect would call a confident set. Both SNP callers end up with a low Ts/Tv. My question is, can I chalk this result up to false positives (which is okay with me, I wanted a sensitive not specific call set), or could it be a problem with the BAM alignment? I suppose a poorly aligned BAM would lead to false positives too, but any insight or information would be greatly appreciated.</p>\n"
}