{
    "answer_count": 0,
    "author": "chrbetts",
    "author_uid": "53363",
    "book_count": 0,
    "comment_count": 0,
    "content": "A postdoctoral position is immediately available in the laboratory of Dr. Marcin Cieslik at the University of Michigan for candidates with a Ph.D. in computational biology and/or bioinformatics. We are looking for a talented Fellow to work on several projects at the interface of cancer genetics, genomics, and precision oncology. Broadly, our research aims to understand the role of structural variation and transcriptional mechanisms in enabling cancer metastasis. We are part of the Michigan Center for Translational Pathology, a world-leading and multi-disciplinary group committed to advancing our understanding of genetic factors involved in the development of cancer, and developing methods for early detection, diagnosis, and treatment of cancer.\n\nIdeal candidates will have experience in genomics, cancer genetics, and cancer biology. Candidates are expected to have expertise in programming and high-throughput analysis of genomic and biological data, as the position involves integration of large-scale data sets, design and implementation of data processing pipelines, and analyses of next-generation sequencing data. Research areas of interest include but are not limited to the analysis of genomic data from patients, development of novel statistical methods and algorithms for the analysis of cancer genomes, development of innovative and large-scale biological databases, integration of genomics, proteomics, and functional data.\n\nA fitting candidate will take ownership of individual and collaborative projects, working closely with cancer biologist, clinicians, and pathologist. We are committed to providing a stimulating and nurturing environment for candidates with all career goals.\n\nSpecific Requirements:\n\n - Excellent communication and teamwork skills to take advantage of the highly collaborative environment; adaptability and willingness to contribute to the overall goals of the research. \n - Experience in high-throughput sequencing data analysis and familiarity with widely used genomic databases and software.\n - An extensive grounding in bioinformatics and genomics, including an understanding of genomic structure, transcriptional regulation, and epigenomics.\n - Programming experience in the a *NIX environment, with a demonstrated ability to design and implement algorithms in working code.\n - A strong quantitative mindset and robust understanding of statistics\n - High proficiency with at least one interpreted programming language and ability to implement algorithms in compiled languages: C/C++, Java.\n - Coursework and practical experience in applying statistical and/or data-mining approaches to complex and noisy biological data.\n - A passion for innovation, and demonstrated initiative in tackling new areas of research and in leading a major project.\n\nPlease send your CV to Dr. Marcin Cieslik at mcieslik@med.umich.edu.",
    "creation_date": "2019-03-12T14:42:24.207291+00:00",
    "has_accepted": false,
    "id": 356744,
    "lastedit_date": "2023-05-26T21:36:08.558422+00:00",
    "lastedit_user_uid": "8494",
    "parent_id": 356744,
    "rank": 1552401811.33941,
    "reply_count": 0,
    "root_id": 356744,
    "status": "Open",
    "status_id": 1,
    "subs_count": 1,
    "tag_val": "sequencing",
    "thread_score": 0,
    "title": "Postdoctoral Fellow - Bioinformatics",
    "type": "Job",
    "type_id": 2,
    "uid": "368998",
    "url": "https://www.biostars.org/p/368998/",
    "view_count": 1591,
    "vote_count": 0,
    "xhtml": "<p>A postdoctoral position is immediately available in the laboratory of Dr. Marcin Cieslik at the University of Michigan for candidates with a Ph.D. in computational biology and/or bioinformatics. We are looking for a talented Fellow to work on several projects at the interface of cancer genetics, genomics, and precision oncology. Broadly, our research aims to understand the role of structural variation and transcriptional mechanisms in enabling cancer metastasis. We are part of the Michigan Center for Translational Pathology, a world-leading and multi-disciplinary group committed to advancing our understanding of genetic factors involved in the development of cancer, and developing methods for early detection, diagnosis, and treatment of cancer.</p>\n<p>Ideal candidates will have experience in genomics, cancer genetics, and cancer biology. Candidates are expected to have expertise in programming and high-throughput analysis of genomic and biological data, as the position involves integration of large-scale data sets, design and implementation of data processing pipelines, and analyses of next-generation sequencing data. Research areas of interest include but are not limited to the analysis of genomic data from patients, development of novel statistical methods and algorithms for the analysis of cancer genomes, development of innovative and large-scale biological databases, integration of genomics, proteomics, and functional data.</p>\n<p>A fitting candidate will take ownership of individual and collaborative projects, working closely with cancer biologist, clinicians, and pathologist. We are committed to providing a stimulating and nurturing environment for candidates with all career goals.</p>\n<p>Specific Requirements:</p>\n<ul>\n<li>Excellent communication and teamwork skills to take advantage of the highly collaborative environment; adaptability and willingness to contribute to the overall goals of the research. </li>\n<li>Experience in high-throughput sequencing data analysis and familiarity with widely used genomic databases and software.</li>\n<li>An extensive grounding in bioinformatics and genomics, including an understanding of genomic structure, transcriptional regulation, and epigenomics.</li>\n<li>Programming experience in the a *NIX environment, with a demonstrated ability to design and implement algorithms in working code.</li>\n<li>A strong quantitative mindset and robust understanding of statistics</li>\n<li>High proficiency with at least one interpreted programming language and ability to implement algorithms in compiled languages: C/C++, Java.</li>\n<li>Coursework and practical experience in applying statistical and/or data-mining approaches to complex and noisy biological data.</li>\n<li>A passion for innovation, and demonstrated initiative in tackling new areas of research and in leading a major project.</li>\n</ul>\n<p>Please send your CV to Dr. Marcin Cieslik at mcieslik@med.umich.edu.</p>\n"
}