{
    "answer_count": 7,
    "author": "Laura",
    "author_uid": "862",
    "book_count": 0,
    "comment_count": 5,
    "content": "I want to get a collection of different groups to describe their analysis pipelines in a standard way to make it easier to see where people are doing the same thing and where they are doing different things for the same sort of analysis\n\nI think the sort of attributes this file would need for each step in a pipeline would be\n\ninputs, output, program, version, command line.\n\nIt would be good to have something which also states the order of the steps\n\nI know the sra/ena analysis xml allows for at least some of this but that is quite heavy weight so I am hoping for something custom format or using json syntax so it is both human readable aswell as allowing some programatic parsing\n\nBefore I specify something myself, is there a solution already which provides most if not all the functionality I want.",
    "creation_date": "2014-12-03T15:19:16.065343+00:00",
    "has_accepted": false,
    "id": 116243,
    "lastedit_date": "2022-02-25T21:21:47.058597+00:00",
    "lastedit_user_uid": "8494",
    "parent_id": 116243,
    "rank": 1417650192.274315,
    "reply_count": 7,
    "root_id": 116243,
    "status": "Open",
    "status_id": 1,
    "subs_count": 4,
    "tag_val": "ChIP-Seq,alignment,RNA-Seq",
    "thread_score": 5,
    "title": "Standard simple format to describe a bioinformatics analysis pipeline",
    "type": "Question",
    "type_id": 0,
    "uid": "122310",
    "url": "https://www.biostars.org/p/122310/",
    "view_count": 3675,
    "vote_count": 1,
    "xhtml": "<p>I want to get a collection of different groups to describe their analysis pipelines in a standard way to make it easier to see where people are doing the same thing and where they are doing different things for the same sort of analysis</p>\n<p>I think the sort of attributes this file would need for each step in a pipeline would be</p>\n<p>inputs, output, program, version, command line.</p>\n<p>It would be good to have something which also states the order of the steps</p>\n<p>I know the sra/ena analysis xml allows for at least some of this but that is quite heavy weight so I am hoping for something custom format or using json syntax so it is both human readable aswell as allowing some programatic parsing</p>\n<p>Before I specify something myself, is there a solution already which provides most if not all the functionality I want.</p>\n"
}