{
    "answer_count": 0,
    "author": "wangyang703092",
    "author_uid": "10842",
    "book_count": 0,
    "comment_count": 0,
    "content": "Hi,\n\nI have a set of reads mapped against a reference genome and need take consensus sequence.So I used the Samtools-Bcftools-Vcfutils.pl pipeline ,I used the command:\n\n```\nsamtools mpileup -uf <reference.fasta> <file.sorted.bam> | \\\n  bcftools view -cg - | \\\n  vcfutils.pl vcf2fq | \\\n  perl fastq2fasta.pl cns.fasta\n```\n\nIn the vcf file,there actually exists indels, but in the final consensus sequence, there is no indels.\n\nFor example, in the vcf\n\n    Supercontig_1.1 2953301 .       T       TCGTGGCCT       178     .       INDEL;IS=2,0.014493;DP=138;VDB=2.191453e-01;AF1=1;AC1=2;DP4=0,0,75,55;MQ=20;FQ=-290     GT:PL:GQ        1/1:219,255,0:99\n\nSomeone have any suggestions?",
    "creation_date": "2014-12-10T02:32:00.160149+00:00",
    "has_accepted": false,
    "id": 117064,
    "lastedit_date": "2022-03-04T16:52:51.686023+00:00",
    "lastedit_user_uid": "8494",
    "parent_id": 117064,
    "rank": 1418178720.160149,
    "reply_count": 0,
    "root_id": 117064,
    "status": "Open",
    "status_id": 1,
    "subs_count": 0,
    "tag_val": "bcftools,samtools,consensus",
    "thread_score": 0,
    "title": "Problem about Getting Consensus Sequence Of Mapping Against Reference Genome Using Samtools Mpileup",
    "type": "Question",
    "type_id": 0,
    "uid": "123147",
    "url": "https://www.biostars.org/p/123147/",
    "view_count": 2653,
    "vote_count": 0,
    "xhtml": "<p>Hi,</p>\n<p>I have a set of reads mapped against a reference genome and need take consensus sequence.So I used the Samtools-Bcftools-Vcfutils.pl pipeline ,I used the command:</p>\n<pre><code>samtools mpileup -uf &lt;reference.fasta&gt; &lt;file.sorted.bam&gt; | \\\n  bcftools view -cg - | \\\n  vcfutils.pl vcf2fq | \\\n  perl fastq2fasta.pl cns.fasta\n</code></pre>\n<p>In the vcf file,there actually exists indels, but in the final consensus sequence, there is no indels.</p>\n<p>For example, in the vcf</p>\n<pre><code>Supercontig_1.1 2953301 .       T       TCGTGGCCT       178     .       INDEL;IS=2,0.014493;DP=138;VDB=2.191453e-01;AF1=1;AC1=2;DP4=0,0,75,55;MQ=20;FQ=-290     GT:PL:GQ        1/1:219,255,0:99\n</code></pre>\n<p>Someone have any suggestions?</p>\n"
}