{
    "answer_count": 6,
    "author": "Glt",
    "author_uid": "132560",
    "book_count": 0,
    "comment_count": 4,
    "content": "Hi, I am trying to use nextflow and an nf-core pipeline for the first time. I have installed nextflow and nf-core and tried to run this simple command but got the \"connection failed\" error. I got the same error for a different pipeline such as nf-core/sarek too.\n\nAny suggestion for this?\n\nI am accessing RedHat Linux system of my company remotely and tried to run the below command.\n\nHere is the exact run and error:\n\n    $ nextflow run nf-core/sarek --help\n    \n    N E X T F L O W  ~  version 23.04.2\n    \n    Pulling nf-core/sarek ...\n    \n    https://github.com/nf-core/sarek.git: **connection failed**\n    \n    \n    $ nf-core --version\n    \n                                              ,--./,-.\n              ___     __   __   __   ___     /,-._.--~\\\n        |\\ | |__  __ /  ` /  \\ |__) |__         }  {\n        | \\| |       \\__, \\__/ |  \\ |___     \\`-._,-`-,\n                                              `._,._,'\n    \n        nf-core/tools version 2.8 - https://nf-co.re\n    \n    \n    nf-core, version 2.8",
    "creation_date": "2023-06-12T17:38:07.105210+00:00",
    "has_accepted": true,
    "id": 566215,
    "lastedit_date": "2023-06-12T21:56:16.278686+00:00",
    "lastedit_user_uid": "8494",
    "parent_id": 566215,
    "rank": 1686591487.105217,
    "reply_count": 6,
    "root_id": 566215,
    "status": "Open",
    "status_id": 1,
    "subs_count": 4,
    "tag_val": "nextflow,sarek,nf-core",
    "thread_score": 11,
    "title": "\"nextflow pull nf-core/sarek  --help\" returned \"connection failed\" ?",
    "type": "Question",
    "type_id": 0,
    "uid": "9566215",
    "url": "https://www.biostars.org/p/9566215/",
    "view_count": 1633,
    "vote_count": 0,
    "xhtml": "<p>Hi, I am trying to use nextflow and an nf-core pipeline for the first time. I have installed nextflow and nf-core and tried to run this simple command but got the \"connection failed\" error. I got the same error for a different pipeline such as nf-core/sarek too.</p>\n<p>Any suggestion for this?</p>\n<p>I am accessing RedHat Linux system of my company remotely and tried to run the below command.</p>\n<p>Here is the exact run and error:</p>\n<pre><code>$ nextflow run nf-core/sarek --help\n\nN E X T F L O W  ~  version 23.04.2\n\nPulling nf-core/sarek ...\n\nhttps://github.com/nf-core/sarek.git: **connection failed**\n\n\n$ nf-core --version\n\n                                          ,--./,-.\n          ___     __   __   __   ___     /,-._.--~\\\n    |\\ | |__  __ /  ` /  \\ |__) |__         }  {\n    | \\| |       \\__, \\__/ |  \\ |___     \\`-._,-`-,\n                                          `._,._,'\n\n    nf-core/tools version 2.8 - https://nf-co.re\n\n\nnf-core, version 2.8\n</code></pre>\n"
}