{
    "answer_count": 0,
    "author": "jomare1188",
    "author_uid": "40653",
    "book_count": 0,
    "comment_count": 0,
    "content": "Hi, \r\nI'm working with GBS data and i used Stacks and ipyrad to call de novo based SNP's,\r\napart from the quantity of SNP's called by each software what else can i use to validate the quality of each pipeline?\r\n\r\nit is possible to measure the accuaracy of the *de novo* based called SNP's ?",
    "creation_date": "2017-09-22T17:19:30.430172+00:00",
    "has_accepted": false,
    "id": 264472,
    "lastedit_date": "2017-09-22T18:09:09.043684+00:00",
    "lastedit_user_uid": "40653",
    "parent_id": 264472,
    "rank": 1506103749.043684,
    "reply_count": 0,
    "root_id": 264472,
    "status": "Open",
    "status_id": 1,
    "subs_count": 0,
    "tag_val": "SNP",
    "thread_score": 0,
    "title": "Validating SNP calls quality",
    "type": "Question",
    "type_id": 0,
    "uid": "274179",
    "url": "https://www.biostars.org/p/274179/",
    "view_count": 1321,
    "vote_count": 0,
    "xhtml": "<p>Hi, \nI'm working with GBS data and i used Stacks and ipyrad to call de novo based SNP's,\napart from the quantity of SNP's called by each software what else can i use to validate the quality of each pipeline?</p>\n\n<p>it is possible to measure the accuaracy of the <em>de novo</em> based called SNP's ?</p>\n"
}