{
    "answer_count": 3,
    "author": "rwn",
    "author_uid": "7189",
    "book_count": 1,
    "comment_count": 2,
    "content": "Hello everyone,\n\nI'm searching a set of bacterial proteomes for a family of genes that undergo frequent HGT and domain restructuring, such that homologs in closely related species may appear quite divergent. My intuition tells me that a profile hidden Markov model approach such as HMMER3 may be better than using standard BLAST-based pipelines. I understand that BLAST is a heuristic searching tool whereas HMMER scores matches using a formal probabilistic basis, which has its advantages in terms of reproducibility, but I was wondering if anyone was able to tell me what other advantages / disadvantages may exist between the two methods? And if there are specific types of analyses where one method has clear advantages over the other? Any links to references etc. would also be much appreciated.\n\nThanks in advance!",
    "creation_date": "2014-09-07T15:44:29.399507+00:00",
    "has_accepted": false,
    "id": 105931,
    "lastedit_date": "2021-12-28T21:02:13.435653+00:00",
    "lastedit_user_uid": "8494",
    "parent_id": 105931,
    "rank": 1410117326.344885,
    "reply_count": 3,
    "root_id": 105931,
    "status": "Open",
    "status_id": 1,
    "subs_count": 2,
    "tag_val": "hmmer,homology,BLAST,hidden-Markov-models",
    "thread_score": 11,
    "title": "Pros and Cons of HMMER versus BLAST",
    "type": "Question",
    "type_id": 0,
    "uid": "111759",
    "url": "https://www.biostars.org/p/111759/",
    "view_count": 12707,
    "vote_count": 5,
    "xhtml": "<p>Hello everyone,</p>\n<p>I'm searching a set of bacterial proteomes for a family of genes that undergo frequent HGT and domain restructuring, such that homologs in closely related species may appear quite divergent. My intuition tells me that a profile hidden Markov model approach such as HMMER3 may be better than using standard BLAST-based pipelines. I understand that BLAST is a heuristic searching tool whereas HMMER scores matches using a formal probabilistic basis, which has its advantages in terms of reproducibility, but I was wondering if anyone was able to tell me what other advantages / disadvantages may exist between the two methods? And if there are specific types of analyses where one method has clear advantages over the other? Any links to references etc. would also be much appreciated.</p>\n<p>Thanks in advance!</p>\n"
}