{
    "answer_count": 13,
    "author": "Pi",
    "author_uid": "1663",
    "book_count": 5,
    "comment_count": 6,
    "content": "<p>Hello</p>\n\n<p>Is there an online log book which can be used by a team of people analysing a data set to store details of the pipelines performed (commands, software version) on a set of data. I forever seem to be asking colleagues of how they generated the data they hand me and it seems more than prudent to be logging this somewhere in a centralised resource. There is a wiki but I think the informality of this resource means people aren't strict about its use.</p>\n\n<p>thank you for your time</p>\n\n<p>edit: i should point out that the members of this team are very dispersed geographical so a notebook is out of the question and even access to a shared machine space is unlikely as we are all from different institutions. I was thinking of an online log more formal than a wiki.</p>\n",
    "creation_date": "2011-05-21T04:58:37.740000+00:00",
    "has_accepted": false,
    "id": 8275,
    "lastedit_date": "2024-02-07T22:52:14.149869+00:00",
    "lastedit_user_uid": "142586",
    "parent_id": 8275,
    "rank": 1707346334.307783,
    "reply_count": 13,
    "root_id": 8275,
    "status": "Open",
    "status_id": 1,
    "subs_count": 8,
    "tag_val": "data,galaxy",
    "thread_score": 36,
    "title": "How Do You Log Details Of Data Processing/ Pipelines / In Silico Analyses Performed",
    "type": "Question",
    "type_id": 0,
    "uid": "8434",
    "url": "https://www.biostars.org/p/8434/",
    "view_count": 7529,
    "vote_count": 13,
    "xhtml": "<p>Hello</p>\n\n<p>Is there an online log book which can be used by a team of people analysing a data set to store details of the pipelines performed (commands, software version) on a set of data. I forever seem to be asking colleagues of how they generated the data they hand me and it seems more than prudent to be logging this somewhere in a centralised resource. There is a wiki but I think the informality of this resource means people aren't strict about its use.</p>\n\n<p>thank you for your time</p>\n\n<p>edit: i should point out that the members of this team are very dispersed geographical so a notebook is out of the question and even access to a shared machine space is unlikely as we are all from different institutions. I was thinking of an online log more formal than a wiki.</p>\n"
}