{
    "answer_count": 6,
    "author": "amnonim",
    "author_uid": "7622",
    "book_count": 0,
    "comment_count": 3,
    "content": "<p>Hi\nI'm using <a href='http://samtools.sourceforge.net/SAM1.pdf'>bam</a>-readcount to get coverage per nucleotide as part of our exome-seq variant annotation pipeline, following <a href='http://bio-bwa.sourceforge.net/'>bwa</a> and gatk\nwhen i run <a href='http://samtools.sourceforge.net/SAM1.pdf'>bam</a>-readcount, i get the following error for each position:\n\"Couldn't grab single-end mapping quality for read HWUSI-EAS753:41:FC:4:79:2401:16705. Check to see if SM tag is in <a href='http://samtools.sourceforge.net/SAM1.pdf'>BAM</a>\"\nIs there a way to overcome this error?</p>\n\n<p>Thanks</p>\n",
    "creation_date": "2013-04-17T12:21:29.047706+00:00",
    "has_accepted": false,
    "id": 65549,
    "lastedit_date": "2013-04-18T15:43:07.822917+00:00",
    "lastedit_user_uid": "2",
    "parent_id": 65549,
    "rank": 1366299787.822917,
    "reply_count": 6,
    "root_id": 65549,
    "status": "Open",
    "status_id": 1,
    "subs_count": 5,
    "tag_val": "",
    "thread_score": 7,
    "title": "How To Fix A Bam-Readcount Sm Error: \"Couldn'T Grab Single-End Mapping Quality For Read\"",
    "type": "Question",
    "type_id": 0,
    "uid": "69254",
    "url": "https://www.biostars.org/p/69254/",
    "view_count": 6364,
    "vote_count": 1,
    "xhtml": "<p>Hi\nI'm using <a rel=\"nofollow\" href=\"http://samtools.sourceforge.net/SAM1.pdf\">bam</a>-readcount to get coverage per nucleotide as part of our exome-seq variant annotation pipeline, following <a rel=\"nofollow\" href=\"http://bio-bwa.sourceforge.net/\">bwa</a> and gatk\nwhen i run <a rel=\"nofollow\" href=\"http://samtools.sourceforge.net/SAM1.pdf\">bam</a>-readcount, i get the following error for each position:\n\"Couldn't grab single-end mapping quality for read HWUSI-EAS753:41:FC:4:79:2401:16705. Check to see if SM tag is in <a rel=\"nofollow\" href=\"http://samtools.sourceforge.net/SAM1.pdf\">BAM</a>\"\nIs there a way to overcome this error?</p>\n\n<p>Thanks</p>\n"
}