{
    "answer_count": 6,
    "author": "Shicheng Guo",
    "author_uid": "19400",
    "book_count": 1,
    "comment_count": 4,
    "content": "Hi all,\n\nI've been asked to convert some Phred64 fastq files to Phred33 fastq\n\nHow can I perform this? Any recommended perl script?\n\nThank you\n\nThe following pipeline works pretty well. Thanks [Frank][1]:\n\n1. install `fastq_phred_convert` from github\n2. `export PERL5LIB=$PERL5LIB:/home/user/fastq_phred_convert/`\n3. Copy `fastq_33_to_64.pl` and `fastq_63_to_33.pl` to `/usr/bin`\n4. Use them as the traditional command: `perl /usr/bin fastq_63_to_33.pl *input.fastq`\n\n [1]: https://www.biostars.org/u/16094/",
    "creation_date": "2015-11-17T00:58:52.814661+00:00",
    "has_accepted": false,
    "id": 158796,
    "lastedit_date": "2022-08-11T18:24:57.891375+00:00",
    "lastedit_user_uid": "8494",
    "parent_id": 158796,
    "rank": 1447867588.212627,
    "reply_count": 6,
    "root_id": 158796,
    "status": "Open",
    "status_id": 1,
    "subs_count": 2,
    "tag_val": "phred64,phred33",
    "thread_score": 14,
    "title": "Converting Phred64 fastq to Phred33 fastq",
    "type": "Question",
    "type_id": 0,
    "uid": "166062",
    "url": "https://www.biostars.org/p/166062/",
    "view_count": 4750,
    "vote_count": 4,
    "xhtml": "<p>Hi all,</p>\n<p>I've been asked to convert some Phred64 fastq files to Phred33 fastq</p>\n<p>How can I perform this? Any recommended perl script?</p>\n<p>Thank you</p>\n<p>The following pipeline works pretty well. Thanks <a href=\"https://www.biostars.org/u/16094/\" rel=\"nofollow\">Frank</a>:</p>\n<ol>\n<li>install <code>fastq_phred_convert</code> from github</li>\n<li><code>export PERL5LIB=$PERL5LIB:/home/user/fastq_phred_convert/</code></li>\n<li>Copy <code>fastq_33_to_64.pl</code> and <code>fastq_63_to_33.pl</code> to <code>/usr/bin</code></li>\n<li>Use them as the traditional command: <code>perl /usr/bin fastq_63_to_33.pl *input.fastq</code></li>\n</ol>\n"
}