{
    "answer_count": 3,
    "author": "boymin2020",
    "author_uid": "28507",
    "book_count": 0,
    "comment_count": 2,
    "content": "Hi, \r\n\r\nThis is my first time to assemble long reads from nanopore sequencing. I also have the short reads generated by Illumina sequencer. Here is my plan, to use wtdbg2 to get the draft genome fasta file, then to use pilon to polish. However, I have been blocked at the getting-started part of [wtdbg2](https://github.com/ruanjue/wtdbg2). I am totally confused by the input and output files in the following command lines. Are they just in one pipeline or just independent examples?\r\n\r\n    #quick start with wtdbg2.pl\r\n    ./wtdbg2.pl -t 16 -x rs -g 4.6m -o dbg reads.fa.gz\r\n    \r\n    # Step by step commandlines\r\n    \r\n    # assemble long reads\r\n    ./wtdbg2 -x rs -g 4.6m -i reads.fa.gz -t 16 -fo dbg\r\n    \r\n    # derive consensus\r\n    ./wtpoa-cns -t 16 -i dbg.ctg.lay.gz -fo dbg.raw.fa",
    "creation_date": "2020-10-28T15:57:42.394057+00:00",
    "has_accepted": false,
    "id": 442188,
    "lastedit_date": "2020-10-28T18:45:06.851491+00:00",
    "lastedit_user_uid": "6093",
    "parent_id": 442188,
    "rank": 1603910706.851491,
    "reply_count": 3,
    "root_id": 442188,
    "status": "Open",
    "status_id": 1,
    "subs_count": 2,
    "tag_val": "wtdbg2,nanopore,Illumina",
    "thread_score": 1,
    "title": "Questions about the Getting-started of wtdbg2",
    "type": "Question",
    "type_id": 0,
    "uid": "469971",
    "url": "https://www.biostars.org/p/469971/",
    "view_count": 1702,
    "vote_count": 0,
    "xhtml": "<p>Hi, </p>\n\n<p>This is my first time to assemble long reads from nanopore sequencing. I also have the short reads generated by Illumina sequencer. Here is my plan, to use wtdbg2 to get the draft genome fasta file, then to use pilon to polish. However, I have been blocked at the getting-started part of <a rel=\"nofollow\" href=\"https://github.com/ruanjue/wtdbg2\">wtdbg2</a>. I am totally confused by the input and output files in the following command lines. Are they just in one pipeline or just independent examples?</p>\n\n<pre class=\"pre\"><code class=\"language-bash\">#quick start with wtdbg2.pl\n./wtdbg2.pl -t 16 -x rs -g 4.6m -o dbg reads.fa.gz\n\n# Step by step commandlines\n\n# assemble long reads\n./wtdbg2 -x rs -g 4.6m -i reads.fa.gz -t 16 -fo dbg\n\n# derive consensus\n./wtpoa-cns -t 16 -i dbg.ctg.lay.gz -fo dbg.raw.fa\n</code></pre>\n"
}