{
    "answer_count": 2,
    "author": "Space_Life",
    "author_uid": "98393",
    "book_count": 0,
    "comment_count": 1,
    "content": "Hi,\nI recently did a comparative genomic analysis for hundreds of bacteria. I have nearly a hundred alignment files of the conserved amino acid and nucleotide sequences. There are overwhelming information and methods to perform phylogenetic analysis. I only have a basic idea about the phylogenetic tree, however, I want to make a good case out of this comparative genomic study by having a good evolutionary history analysis. I will welcome your suggestions that can be added in my study. Few things that I can think of are:\n\n**1.** Build a phylogenetic tree using all the conserved sequence alignment files (I read about concatenating sequences and then build a tree, I tried this in Mega 11, it is running since yesterday on a 28 core High performance computer, is it usual? Any better option you would suggest? I read about IQ-tree with ultrafast bootstraping, is that faster option?)\n\n**2.** Build a time tree ( can I use the concatenated sequence file data to make a time tree?) \n\n**3.** I want to have evolutionary insights about specific genes (core fuctions) [ make phylogenetic tree, time tree with that specific gene sequence; for this one I want to be able to explain the notable variations (deletion, substitutions etc) happened in the course of evolution. What tool or type of phylogenetic tree should be able to do this? \n\nThere are so many tools I came across in the last two days, I think I got more confused. I have installed Mega 11 and IQ Tree both. Every tools has tons of customization and option. I want to set one pipeline and complete this analysis. I appreciate you reading my long questions and taking time to answer me. Thank you. ",
    "creation_date": "2022-03-20T18:02:03.290794+00:00",
    "has_accepted": false,
    "id": 515500,
    "lastedit_date": "2022-03-20T21:35:45.803250+00:00",
    "lastedit_user_uid": "98393",
    "parent_id": 515500,
    "rank": 1647805497.178251,
    "reply_count": 2,
    "root_id": 515500,
    "status": "Open",
    "status_id": 1,
    "subs_count": 2,
    "tag_val": "iqtree,Phylogenetics,Time-tree,evolution,Mega",
    "thread_score": 2,
    "title": "Help with phylogenomics",
    "type": "Question",
    "type_id": 0,
    "uid": "9515500",
    "url": "https://www.biostars.org/p/9515500/",
    "view_count": 891,
    "vote_count": 0,
    "xhtml": "<p>Hi,\nI recently did a comparative genomic analysis for hundreds of bacteria. I have nearly a hundred alignment files of the conserved amino acid and nucleotide sequences. There are overwhelming information and methods to perform phylogenetic analysis. I only have a basic idea about the phylogenetic tree, however, I want to make a good case out of this comparative genomic study by having a good evolutionary history analysis. I will welcome your suggestions that can be added in my study. Few things that I can think of are:</p>\n<p><strong>1.</strong> Build a phylogenetic tree using all the conserved sequence alignment files (I read about concatenating sequences and then build a tree, I tried this in Mega 11, it is running since yesterday on a 28 core High performance computer, is it usual? Any better option you would suggest? I read about IQ-tree with ultrafast bootstraping, is that faster option?)</p>\n<p><strong>2.</strong> Build a time tree ( can I use the concatenated sequence file data to make a time tree?)</p>\n<p><strong>3.</strong> I want to have evolutionary insights about specific genes (core fuctions) [ make phylogenetic tree, time tree with that specific gene sequence; for this one I want to be able to explain the notable variations (deletion, substitutions etc) happened in the course of evolution. What tool or type of phylogenetic tree should be able to do this?</p>\n<p>There are so many tools I came across in the last two days, I think I got more confused. I have installed Mega 11 and IQ Tree both. Every tools has tons of customization and option. I want to set one pipeline and complete this analysis. I appreciate you reading my long questions and taking time to answer me. Thank you.</p>\n"
}