{
    "answer_count": 1,
    "author": "richardc.gsc",
    "author_uid": "7971",
    "book_count": 0,
    "comment_count": 0,
    "content": "<p>Hi all,\nIn our PCR free human genome libraries we routinely generate 100X coverage with about 3% duplicates (marked by Picard).   Since dup marking is relatively slow and less paralellized in our pipeline than other processes we are wondering if any had any thoughts on how terrible it might be if we simply skipped the dup marking for the PCR free genomes.</p>\n\n<p>Any thoughts?</p>\n",
    "creation_date": "2014-03-03T18:48:12.932741+00:00",
    "has_accepted": false,
    "id": 89071,
    "lastedit_date": "2014-03-03T20:04:46.141958+00:00",
    "lastedit_user_uid": "4575",
    "parent_id": 89071,
    "rank": 1393877086.141958,
    "reply_count": 1,
    "root_id": 89071,
    "status": "Open",
    "status_id": 1,
    "subs_count": 1,
    "tag_val": "duplicates,genome",
    "thread_score": 1,
    "title": "Marking Dups On Pcr Free Genomes - Is It Necessary?",
    "type": "Question",
    "type_id": 0,
    "uid": "94425",
    "url": "https://www.biostars.org/p/94425/",
    "view_count": 2555,
    "vote_count": 1,
    "xhtml": "<p>Hi all,\nIn our PCR free human genome libraries we routinely generate 100X coverage with about 3% duplicates (marked by Picard).   Since dup marking is relatively slow and less paralellized in our pipeline than other processes we are wondering if any had any thoughts on how terrible it might be if we simply skipped the dup marking for the PCR free genomes.</p>\n\n<p>Any thoughts?</p>\n"
}