{
    "answer_count": 1,
    "author": "Michael",
    "author_uid": "55",
    "book_count": 0,
    "comment_count": 1,
    "content": "I am trying to estimate some basic population genetics parameters such as Pi, Tajima's D, Fst, etc. from a VCF similar to what is [described here][1]. However, the organism is polyploid, so vcftools won't do the job (Error: Polyploidy found, and not supported by vcftools: NC_001133.9:24). I am assuming there is another quick solution for this but am unable to find it. Hope you can help me with this.\n\nThought about converting the variant calls to diploid, ploidy shouldn't really matter, should it? Or re-running variant calling with ploidy set to 2. Variant call pipeline used is GATK HaploType caller -> Joint haplotypes. \n\n\n  [1]: https://www.york.ac.uk/res/dasmahapatra/teaching/MBiol_sequence_analysis/workshop4_2019.html#estimating_pi,_tajima%E2%80%99s_d_and_fst_along_a_genome",
    "creation_date": "2023-04-25T12:04:48.170755+00:00",
    "has_accepted": false,
    "id": 561616,
    "lastedit_date": "2023-04-26T10:37:38.489636+00:00",
    "lastedit_user_uid": "44316",
    "parent_id": 561616,
    "rank": 1682424288.170766,
    "reply_count": 1,
    "root_id": 561616,
    "status": "Open",
    "status_id": 1,
    "subs_count": 2,
    "tag_val": "vcf,genetics,population,polypoid",
    "thread_score": 2,
    "title": "Estimating Nucleotide diversity (Pi) from VCF file in polyploid organism (tetraploid)",
    "type": "Question",
    "type_id": 0,
    "uid": "9561616",
    "url": "https://www.biostars.org/p/9561616/",
    "view_count": 992,
    "vote_count": 1,
    "xhtml": "<p>I am trying to estimate some basic population genetics parameters such as Pi, Tajima's D, Fst, etc. from a VCF similar to what is <a href=\"https://www.york.ac.uk/res/dasmahapatra/teaching/MBiol_sequence_analysis/workshop4_2019.html#estimating_pi,_tajima%E2%80%99s_d_and_fst_along_a_genome\" rel=\"nofollow\">described here</a>. However, the organism is polyploid, so vcftools won't do the job (Error: Polyploidy found, and not supported by vcftools: NC_001133.9:24). I am assuming there is another quick solution for this but am unable to find it. Hope you can help me with this.</p>\n<p>Thought about converting the variant calls to diploid, ploidy shouldn't really matter, should it? Or re-running variant calling with ploidy set to 2. Variant call pipeline used is GATK HaploType caller -&gt; Joint haplotypes.</p>\n"
}