{
    "answer_count": 0,
    "author": "Biostar",
    "author_uid": "admin-user-1",
    "book_count": 0,
    "comment_count": 0,
    "content": "\n\n\n\nThe **Biostar Herald** publishes user submitted links of bioinformatics relevance. It aims to provide a summary of interesting and relevant information you may have missed. You too can submit [links here](/herald/).\n\nThis edition of the Herald was brought to you by contribution from  [acvill](https://www.biostars.org/u/41474/),\n [Istvan Albert](https://www.biostars.org/u/2/),\n and was edited by  [Istvan Albert](https://www.biostars.org/u/2/),\n\n\n\n\n---\n\n\n### https://academic.oup.com/bib/advance-article/doi/10.1093/bib/bbac413/6702672?login=false\n\n\n\n> Here, we conducted a critical assessment of pan-genomics of MAGs, by comparing pan-genome analysis results of complete bacterial genomes and simulated MAGs. We found that incompleteness led to significant core gene (CG) loss. We conclude that lowering CG threshold and predicting genes in metagenome mode (as Anvi\u2019o does with Prodigal) are necessary in pan-genome analysis of MAGs. Development of new pan-genome analysis tools specifically for MAGs are needed in future studies.\n\n\nsubmitted by: [Istvan Albert](https://www.biostars.org/u/2/)\n\n\n\n---\n\n\n### [The Era of Fast, Cheap Genome Sequencing Is Here | WIRED](https://www.wired.com/story/the-era-of-fast-cheap-genome-sequencing-is-here/) (www.wired.com)\n\n\n\n> Now, sequencing is about to get even cheaper. At an industry event in San Diego today, genomics behemoth Illumina unveiled what it calls its fastest, most cost-efficient sequencing machines yet, the NovaSeq X series. The company, which controls around 80 percent of the DNA sequencing market globally, believes its new technology will slash the cost to just $200 per human genome while providing a readout at twice the speed\n\n\nsubmitted by: [Istvan Albert](https://www.biostars.org/u/2/)\n\n\n\n---\n\n\n### [Metagenome analysis using the Kraken software suite | Nature Protocols](https://www.nature.com/articles/s41596-022-00738-y) (www.nature.com)\n\n\n\n> Our protocol describes the execution of the Kraken programs, via a sequence of easy-to-use scripts, in two scenarios: (1) quantification of the species in a given metagenomics sample; and (2) detection of a pathogenic agent from a clinical sample taken from a human patient. The protocol, which is executed within 1-2 h, is targeted to biologists and clinicians working in microbiome or metagenomics analysis who are familiar with the Unix command-line environment.\n\n\nsubmitted by: [Istvan Albert](https://www.biostars.org/u/2/)\n\n\n\n---\n\n\n### [On taming the effect of transcript level intra-condition count variation during differential expression analysis: A story of dogs, foxes and wolves | PLOS ONE](https://journals.plos.org/plosone/article?id=10.1371/journal.pone.0274591) (journals.plos.org)\n\n\n\n> We present TVscript, a tool that removes reference-based transcripts associated with intra-condition count variation above specified thresholds and we explore the effects of such variation on differential expression analysis.\n\n\nsubmitted by: [Istvan Albert](https://www.biostars.org/u/2/)\n\n\n\n---\n\n\n### https://twitter.com/marianattestad/status/1575227273623457793\n\n\n\n\nsubmitted by: [Istvan Albert](https://www.biostars.org/u/2/)\n\n\n\n---\n\n\n### [Benchmarking Oxford Nanopore Read Alignment-Based Structural Variant Detection Tools in Crop Plant Genomes | bioRxiv](https://www.biorxiv.org/content/10.1101/2022.09.23.508909v1) (www.biorxiv.org)\n\n\n\n> We used real and simulated Oxford Nanopore reads for two crops, allotetraploid Brassica napus (oilseed rape) and diploid Solanum lycopersicum (tomato), and evaluated several read aligners and SV callers across 5x, 10x, and 20x coverages typically used in re-sequencing studies. Our benchmarks provide a useful guide for designing Oxford Nanopore re-sequencing projects and SV discovery pipelines for crop plants.\n\n\nsubmitted by: [Istvan Albert](https://www.biostars.org/u/2/)\n\n\n\n---\n\n\n### [GitHub - kishwarshafin/pepper: PEPPER-Margin-DeepVariant](https://github.com/kishwarshafin/pepper) (github.com)\n\n\n\n> PEPPER is a genome inference module based on recurrent neural networks that enables long-read variant calling and nanopore assembly polishing in the PEPPER-Margin-DeepVariant pipeline. This pipeline enables nanopore-based variant calling with DeepVariant.\n\n\nsubmitted by: [Istvan Albert](https://www.biostars.org/u/2/)\n\n\n\n---\n\n\n### [GitHub - acvill/CRISPRviewR: an R package for visualizing CRISPRs across environmental datasets](https://github.com/acvill/CRISPRviewR) (github.com)\n\n\n\nCRISPRviewR is an R package that allows comparison and visualization of CRISPR arrays identified with minCED. \n\n\nsubmitted by: [acvill](https://www.biostars.org/u/41474/)\n\n\n\n---\n\nWant to get the **Biostar Herald** in your email? Who wouldn't? Sign up righ'ere: <a class=\"herald-sub\">toggle subscription</a>\n\n\n\n\n\n\n",
    "creation_date": "2022-10-03T12:07:48.907356+00:00",
    "has_accepted": false,
    "id": 540389,
    "lastedit_date": "2022-10-03T12:07:48.907364+00:00",
    "lastedit_user_uid": "admin-user-1",
    "parent_id": 540389,
    "rank": 1664798868.907364,
    "reply_count": 0,
    "root_id": 540389,
    "status": "Open",
    "status_id": 1,
    "subs_count": 1,
    "tag_val": "herald",
    "thread_score": 1,
    "title": "The Biostar Herald for Monday, October 03, 2022",
    "type": "Herald",
    "type_id": 12,
    "uid": "9540389",
    "url": "https://www.biostars.org/p/9540389/",
    "view_count": 642,
    "vote_count": 1,
    "xhtml": "<p>The <strong>Biostar Herald</strong> publishes user submitted links of bioinformatics relevance. It aims to provide a summary of interesting and relevant information you may have missed. You too can submit <a href=\"/herald/\" rel=\"nofollow\">links here</a>.</p>\n<p>This edition of the Herald was brought to you by contribution from  <a href=\"https://www.biostars.org/u/41474/\" rel=\"nofollow\">acvill</a>,\n <a href=\"https://www.biostars.org/u/2/\" rel=\"nofollow\">Istvan Albert</a>,\n and was edited by  <a href=\"https://www.biostars.org/u/2/\" rel=\"nofollow\">Istvan Albert</a>,</p>\n<hr>\n<h3><a href=\"https://academic.oup.com/bib/advance-article/doi/10.1093/bib/bbac413/6702672?login=false\" rel=\"nofollow\">https://academic.oup.com/bib/advance-article/doi/10.1093/bib/bbac413/6702672?login=false</a></h3>\n<blockquote><p>Here, we conducted a critical assessment of pan-genomics of MAGs, by comparing pan-genome analysis results of complete bacterial genomes and simulated MAGs. We found that incompleteness led to significant core gene (CG) loss. We conclude that lowering CG threshold and predicting genes in metagenome mode (as Anvi\u2019o does with Prodigal) are necessary in pan-genome analysis of MAGs. Development of new pan-genome analysis tools specifically for MAGs are needed in future studies.</p>\n</blockquote>\n<p>submitted by: <a href=\"https://www.biostars.org/u/2/\" rel=\"nofollow\">Istvan Albert</a></p>\n<hr>\n<h3><a href=\"https://www.wired.com/story/the-era-of-fast-cheap-genome-sequencing-is-here/\" rel=\"nofollow\">The Era of Fast, Cheap Genome Sequencing Is Here | WIRED</a> (www.wired.com)</h3>\n<blockquote><p>Now, sequencing is about to get even cheaper. At an industry event in San Diego today, genomics behemoth Illumina unveiled what it calls its fastest, most cost-efficient sequencing machines yet, the NovaSeq X series. The company, which controls around 80 percent of the DNA sequencing market globally, believes its new technology will slash the cost to just $200 per human genome while providing a readout at twice the speed</p>\n</blockquote>\n<p>submitted by: <a href=\"https://www.biostars.org/u/2/\" rel=\"nofollow\">Istvan Albert</a></p>\n<hr>\n<h3><a href=\"https://www.nature.com/articles/s41596-022-00738-y\" rel=\"nofollow\">Metagenome analysis using the Kraken software suite | Nature Protocols</a> (www.nature.com)</h3>\n<blockquote><p>Our protocol describes the execution of the Kraken programs, via a sequence of easy-to-use scripts, in two scenarios: (1) quantification of the species in a given metagenomics sample; and (2) detection of a pathogenic agent from a clinical sample taken from a human patient. The protocol, which is executed within 1-2 h, is targeted to biologists and clinicians working in microbiome or metagenomics analysis who are familiar with the Unix command-line environment.</p>\n</blockquote>\n<p>submitted by: <a href=\"https://www.biostars.org/u/2/\" rel=\"nofollow\">Istvan Albert</a></p>\n<hr>\n<h3><a href=\"https://journals.plos.org/plosone/article?id=10.1371/journal.pone.0274591\" rel=\"nofollow\">On taming the effect of transcript level intra-condition count variation during differential expression analysis: A story of dogs, foxes and wolves | PLOS ONE</a> (journals.plos.org)</h3>\n<blockquote><p>We present TVscript, a tool that removes reference-based transcripts associated with intra-condition count variation above specified thresholds and we explore the effects of such variation on differential expression analysis.</p>\n</blockquote>\n<p>submitted by: <a href=\"https://www.biostars.org/u/2/\" rel=\"nofollow\">Istvan Albert</a></p>\n<hr>\n<h3><blockquote class=\"twitter-tweet\"><p lang=\"en\" dir=\"ltr\">I made a tutorial on *GNU parallel* -- a new video on my OMGenomics channel covering everything you need to know to use GNU parallel painlessly, including an example of using parallel for launching bioinformatics jobs to a cloud or compute cluster.<a href=\"https://t.co/Fpnh6YOky7\">https://t.co/Fpnh6YOky7</a></p>&mdash; Maria Nattestad (@marianattestad) <a href=\"https://twitter.com/marianattestad/status/1575227273623457793?ref_src=twsrc%5Etfw\">September 28, 2022</a></blockquote>\n<script async src=\"https://platform.twitter.com/widgets.js\" charset=\"utf-8\"></script>\n</h3>\n<p>submitted by: <a href=\"https://www.biostars.org/u/2/\" rel=\"nofollow\">Istvan Albert</a></p>\n<hr>\n<h3><a href=\"https://www.biorxiv.org/content/10.1101/2022.09.23.508909v1\" rel=\"nofollow\">Benchmarking Oxford Nanopore Read Alignment-Based Structural Variant Detection Tools in Crop Plant Genomes | bioRxiv</a> (www.biorxiv.org)</h3>\n<blockquote><p>We used real and simulated Oxford Nanopore reads for two crops, allotetraploid Brassica napus (oilseed rape) and diploid Solanum lycopersicum (tomato), and evaluated several read aligners and SV callers across 5x, 10x, and 20x coverages typically used in re-sequencing studies. Our benchmarks provide a useful guide for designing Oxford Nanopore re-sequencing projects and SV discovery pipelines for crop plants.</p>\n</blockquote>\n<p>submitted by: <a href=\"https://www.biostars.org/u/2/\" rel=\"nofollow\">Istvan Albert</a></p>\n<hr>\n<h3><a href=\"https://github.com/kishwarshafin/pepper\" rel=\"nofollow\">GitHub - kishwarshafin/pepper: PEPPER-Margin-DeepVariant</a> (github.com)</h3>\n<blockquote><p>PEPPER is a genome inference module based on recurrent neural networks that enables long-read variant calling and nanopore assembly polishing in the PEPPER-Margin-DeepVariant pipeline. This pipeline enables nanopore-based variant calling with DeepVariant.</p>\n</blockquote>\n<p>submitted by: <a href=\"https://www.biostars.org/u/2/\" rel=\"nofollow\">Istvan Albert</a></p>\n<hr>\n<h3><a href=\"https://github.com/acvill/CRISPRviewR\" rel=\"nofollow\">GitHub - acvill/CRISPRviewR: an R package for visualizing CRISPRs across environmental datasets</a> (github.com)</h3>\n<p>CRISPRviewR is an R package that allows comparison and visualization of CRISPR arrays identified with minCED.</p>\n<p>submitted by: <a href=\"https://www.biostars.org/u/41474/\" rel=\"nofollow\">acvill</a></p>\n<hr>\n<p>Want to get the <strong>Biostar Herald</strong> in your email? Who wouldn't? Sign up righ'ere: <a class=\"herald-sub\">toggle subscription</a></p>\n"
}