{
    "answer_count": 7,
    "author": "Some",
    "author_uid": "1498",
    "book_count": 1,
    "comment_count": 4,
    "content": "<p>My top differentially expressed genes are Pseudogenes.</p>\n\n<p>I used the AltAnalyze Pipeline to calculate the differentially expression.</p>\n\n<p>Do you guys know if this is normal for this chips ?</p>\n\n<p>Thank you very much.</p>\n",
    "creation_date": "2011-03-22T21:19:25.903000+00:00",
    "has_accepted": false,
    "id": 6548,
    "lastedit_date": "2011-03-24T15:56:00.130000+00:00",
    "lastedit_user_uid": "559",
    "parent_id": 6548,
    "rank": 1300982160.13,
    "reply_count": 7,
    "root_id": 6548,
    "status": "Open",
    "status_id": 1,
    "subs_count": 4,
    "tag_val": "gene,affymetrix",
    "thread_score": 8,
    "title": "Pseudogenes On Affymetrix Human Exon 1.0St",
    "type": "Question",
    "type_id": 0,
    "uid": "6666",
    "url": "https://www.biostars.org/p/6666/",
    "view_count": 2917,
    "vote_count": 1,
    "xhtml": "<p>My top differentially expressed genes are Pseudogenes.</p>\n\n<p>I used the AltAnalyze Pipeline to calculate the differentially expression.</p>\n\n<p>Do you guys know if this is normal for this chips ?</p>\n\n<p>Thank you very much.</p>\n"
}