{
    "answer_count": 4,
    "author": "mary.v.volkova",
    "author_uid": "48951",
    "book_count": 0,
    "comment_count": 2,
    "content": "Hi all, I am trying to play with creating a pipeline in a bash script (to then use it as a docker container), but am stuck already in the beginning. Here is my code:\r\n\r\n    #!/bin/bash \r\n    set -e\r\n    set -u\r\n    set -o pipefail\r\n\r\n    source /home/maria/miniforge3/bin/conda\r\n    source /home/maria/miniforge3/bin/trimmomatic\r\n    source /home/maria/miniforge3/bin/bioawk\r\n\r\n    #iterating over files\r\n    echo \"attempting loop\"\r\n    for i in $(ls *.fastq.gz | rev | cut -c 17- | rev | uniq)\r\n    do\r\n        echo \"$i: \" $(bioawk -c fastx \"END {print NR}\" $i)\r\n        trimmomatic PE ${i}_R1_001.fastq.gz ${i}_R2_001.fastq.gz \\\r\n        trimmed-${i}_R1_001.fastq.gz unpaired-${i}_R1_001.fastq.gz \\\r\n        trimmed-${i}_R2_001.fastq.gz unpaired-${i}_R2_001.fastq.gz \\\r\n        ILLUMINACLIP:TruSeq3-PE.fa:2:30:10:2:True LEADING:3 TRAILING:3 MINLEN:36 HEADCROP:6\r\n    done\r\n\r\nThe reason Im using \"source\" here in the first place is because bash was giving me an error of not seeing trimmomatic and bioawk.\r\nNow that Im using source, it is giving me \"import-im6.q16: attempt to perform an operation not allowed by the security policy `PS` @ error/constitute.c/IsCoderAuthorized/408.\" error. Googling it showed me that it is a problem is either in ImageMagick software, or in the fact that Im using a wrong shabang.\r\n\r\nI don't want to rewrite this script for python and would prefer to stick to bash, while still using the programs (trimmomatic) I have in here. I know the problem is in shabang then but can't seems to understand what to do next. Does anyone know a way to do this? Thank you in advance.",
    "creation_date": "2023-12-18T11:26:59.382203+00:00",
    "has_accepted": true,
    "id": 582829,
    "lastedit_date": "2023-12-19T01:09:27.048223+00:00",
    "lastedit_user_uid": "39360",
    "parent_id": 582829,
    "rank": 1702948167.304714,
    "reply_count": 4,
    "root_id": 582829,
    "status": "Open",
    "status_id": 1,
    "subs_count": 3,
    "tag_val": "python,pipeline,conda,bash",
    "thread_score": 5,
    "title": "Importing modules based on python in bash script wont work",
    "type": "Question",
    "type_id": 0,
    "uid": "9582829",
    "url": "https://www.biostars.org/p/9582829/",
    "view_count": 827,
    "vote_count": 0,
    "xhtml": "<p>Hi all, I am trying to play with creating a pipeline in a bash script (to then use it as a docker container), but am stuck already in the beginning. Here is my code:</p>\n<pre><code>#!/bin/bash \nset -e\nset -u\nset -o pipefail\n\nsource /home/maria/miniforge3/bin/conda\nsource /home/maria/miniforge3/bin/trimmomatic\nsource /home/maria/miniforge3/bin/bioawk\n\n#iterating over files\necho \"attempting loop\"\nfor i in $(ls *.fastq.gz | rev | cut -c 17- | rev | uniq)\ndo\n    echo \"$i: \" $(bioawk -c fastx \"END {print NR}\" $i)\n    trimmomatic PE ${i}_R1_001.fastq.gz ${i}_R2_001.fastq.gz \\\n    trimmed-${i}_R1_001.fastq.gz unpaired-${i}_R1_001.fastq.gz \\\n    trimmed-${i}_R2_001.fastq.gz unpaired-${i}_R2_001.fastq.gz \\\n    ILLUMINACLIP:TruSeq3-PE.fa:2:30:10:2:True LEADING:3 TRAILING:3 MINLEN:36 HEADCROP:6\ndone\n</code></pre>\n<p>The reason Im using \"source\" here in the first place is because bash was giving me an error of not seeing trimmomatic and bioawk.\nNow that Im using source, it is giving me \"import-im6.q16: attempt to perform an operation not allowed by the security policy <code>PS</code> @ error/constitute.c/IsCoderAuthorized/408.\" error. Googling it showed me that it is a problem is either in ImageMagick software, or in the fact that Im using a wrong shabang.</p>\n<p>I don't want to rewrite this script for python and would prefer to stick to bash, while still using the programs (trimmomatic) I have in here. I know the problem is in shabang then but can't seems to understand what to do next. Does anyone know a way to do this? Thank you in advance.</p>\n"
}