{
    "answer_count": 17,
    "author": "analyst",
    "author_uid": "137807",
    "book_count": 1,
    "comment_count": 18,
    "content": "Dear scientific community,\n\nI have to call variants from **WGS samples** of citrus. I used **GATK pipeline for post processing** of aligned reads but reference **dbSNP** file is not available for citrus sinensis. I am using **bootstraping method**. Removed duplicates and called variants using **FreeBayes** to build reference vcf file to be used for BQSR step later. I got merged vcf file of 84.4GB size using FreeBayes. Is it normal to have such a large file? What I mean is normally we get vcf file from dbSNP of around 1GB size. How can I reduce its size or is it okay to go with it?\n\nYour suggestions will be highly appreciated.\n\nThanks!",
    "creation_date": "2023-10-16T04:29:54.620612+00:00",
    "has_accepted": false,
    "id": 577672,
    "lastedit_date": "2023-12-08T10:59:14.461040+00:00",
    "lastedit_user_uid": "137807",
    "parent_id": 577672,
    "rank": 1697525509.094271,
    "reply_count": 17,
    "root_id": 577672,
    "status": "Open",
    "status_id": 1,
    "subs_count": 3,
    "tag_val": "NGS,WGS,Variant-calling,non-model,Bootstrapping",
    "thread_score": 10,
    "title": "Building reference dbSNP file using WGS samples",
    "type": "Question",
    "type_id": 0,
    "uid": "9577672",
    "url": "https://www.biostars.org/p/9577672/",
    "view_count": 2263,
    "vote_count": 1,
    "xhtml": "<p>Dear scientific community,</p>\n<p>I have to call variants from <strong>WGS samples</strong> of citrus. I used <strong>GATK pipeline for post processing</strong> of aligned reads but reference <strong>dbSNP</strong> file is not available for citrus sinensis. I am using <strong>bootstraping method</strong>. Removed duplicates and called variants using <strong>FreeBayes</strong> to build reference vcf file to be used for BQSR step later. I got merged vcf file of 84.4GB size using FreeBayes. Is it normal to have such a large file? What I mean is normally we get vcf file from dbSNP of around 1GB size. How can I reduce its size or is it okay to go with it?</p>\n<p>Your suggestions will be highly appreciated.</p>\n<p>Thanks!</p>\n"
}