{
    "answer_count": 0,
    "author": "melanie.schirmer",
    "author_uid": "69169",
    "book_count": 0,
    "comment_count": 0,
    "content": "We are offering a position, available starting 1st of July, 2021, as a\r\n\r\n**Postdoctoral Researcher (m/f/d) in Computational Biology**\r\n \r\n*About us*\r\n\r\nThe Schirmer lab is part of the ZIEL - Institute for Food & Health, an inter-disciplinary Corporate \r\nResearch Center at the Technical University of Munich located in Freising-Weihenstephan. Our re-search focuses on the human microbiome, especially gut microbes, and investigates mechanisms of host-microbial interactions in human diseases, including chronic intestinal inflammation and colitis-associated cancer. Integrated multi-omics analyses (metagenomics, metatranscriptomics, metabolomics) are used to identify disease-associated bacterial strains and their metabolites. These strains are subsequently isolated and cultured in the lab to validate their immunogenicity and inflammatory activity. Our goal is to provide insights into the potential mechanisms of the human microbiome in immune-related diseases.\r\n\r\n\r\n*Candidate profile*\r\n\r\nWe are looking for an outstanding highly-motivated postdoctoral researcher with the ambition and commitment to achieve excellence in a highly productive environment. The candidate for this project will be responsible to apply, conceive and develop algorithms and analytical approaches for multi-omics datasets. This role will require analysis of microbiome datasets generated from clinical samples, interpreting this data within the context of the study and developing testable hypotheses that can be subsequently validated in the lab. \r\n\r\n*Tasks*\r\n\r\n - Analyzing large multi-omics datasets and interpret results \r\n - Perform comparative microbial genomics analysis\r\n - Develop, enhance, validate, and maintain current and new bioinformatic pipelines\r\n - Lead and contribute to the generation of publications, grant applications, and protocols\r\n - Support research projects as needed, including: managing large amounts of data, and monitoring and running pipelines\r\n - Network with our national and international collaborators and present our work at conferences and scientific meetings\r\n\r\n*Requirements*\r\n\r\n - PhD in computational biology, computer science, mathematics, statistics or a relevant field\r\n - Experience with analyzing complex datasets, ideally next-generation sequencing, metabolomic or genomic data\r\n - Experience with scientific programming (such as R, Bash, Python, or C/C++), data analyses and data visualization\r\n - Fluency in Unix, standard bioinformatic tools, and comfortable applying relevant statistical methods\r\n - Experience or strong interest in human microbiome research\r\n - Strong publication record, excellent communication skills, and high proficiency in English (presentation and writing skills)\r\n - Self-motivated and enthusiastic to work in an interactive, international research environment, ability to work independently and as part of a team\r\n - Excellent organization and time management skills required\r\n - Experience in high-performance and cloud computing is an advantage\r\n\r\n*Our offer*\r\n\r\nWe offer you a cutting-edge, interdisciplinary research project using data from state-of-the-art multi-omics technologies in a fruitful, collaborative research environment. The successful candidate will work on projects of the DFG funded Emmy Noether grant and the Collaborative Research Center (CRC) 1371 Microbiome Signatures, a DFG-funded \u201cSonderforschungsbereich\u201d that focuses on the functional relevance of the microbiome in the digestive tract. Specific research topics of the successful candidate can include strain-level metagenomic profiling, functional profiling, metatranscriptomics, metagenomic assembly, metabolomic analysis and integration of multi-omics datatypes. New research lines will also be considered and scientific curiosity towards related research areas will be welcome.\r\n\r\nThe position is **available starting July 1st, 2021 and initially available for 1.5 years**. Salary will be determined in accordance with the German collective wage agreement in public services (TV-L 13). Individuals with severe disabilities are given preference if they have the same aptitude and qualifications. The TUM seeks to increase the proportion of women in those areas where they are underrepresented, therefore applications from women are explicitly encouraged.\r\n\r\n*Contact*\r\n\r\nTechnical University of Munich\r\n\r\nZIEL - Institute for Food & Health\r\n\r\nDr. Melanie Schirmer\r\n\r\nEmmy Noether Group for Computational Microbiome Research\r\n\r\nwww.ziel.tum.de/melanie-schirmer \r\n\r\n**Application**\r\n\r\nPlease **send your full application as a PDF by May 23rd, 2021 to melanie.schirmer@tum.de**. The application should **include a cover letter, detailed CV, a description of research experience and interests (1-2 pages) and contact details for three references**. Please indicate a preferred starting date and why you are interested in joining our group.\r\n\r\n\r\nData protection information: When you apply for a position at the Technical University of Munich (TUM), you are submitting personal information. Please take note of the data protection policy according to Art. 13 Datenschutz-Grundverordnung (DSGVO) on the collection and processing of personal information as part of your application. By submitting your application, you confirm that you have acknowledged the data protection information of TUM.\r\n",
    "creation_date": "2021-04-30T08:43:34.399709+00:00",
    "has_accepted": false,
    "id": 467818,
    "lastedit_date": "2021-04-30T08:43:34.399727+00:00",
    "lastedit_user_uid": "69169",
    "parent_id": 467818,
    "rank": 1619772214.399727,
    "reply_count": 0,
    "root_id": 467818,
    "status": "Open",
    "status_id": 1,
    "subs_count": 1,
    "tag_val": "computationalbiology,germany,microbiome,postdoc",
    "thread_score": 0,
    "title": "Postdoctoral Researcher in Computational Biology",
    "type": "Job",
    "type_id": 2,
    "uid": "9467818",
    "url": "https://www.biostars.org/p/9467818/",
    "view_count": 763,
    "vote_count": 0,
    "xhtml": "<p>We are offering a position, available starting 1st of July, 2021, as a</p>\n<p><strong>Postdoctoral Researcher (m/f/d) in Computational Biology</strong></p>\n<p><em>About us</em></p>\n<p>The Schirmer lab is part of the ZIEL - Institute for Food &amp; Health, an inter-disciplinary Corporate \nResearch Center at the Technical University of Munich located in Freising-Weihenstephan. Our re-search focuses on the human microbiome, especially gut microbes, and investigates mechanisms of host-microbial interactions in human diseases, including chronic intestinal inflammation and colitis-associated cancer. Integrated multi-omics analyses (metagenomics, metatranscriptomics, metabolomics) are used to identify disease-associated bacterial strains and their metabolites. These strains are subsequently isolated and cultured in the lab to validate their immunogenicity and inflammatory activity. Our goal is to provide insights into the potential mechanisms of the human microbiome in immune-related diseases.</p>\n<p><em>Candidate profile</em></p>\n<p>We are looking for an outstanding highly-motivated postdoctoral researcher with the ambition and commitment to achieve excellence in a highly productive environment. The candidate for this project will be responsible to apply, conceive and develop algorithms and analytical approaches for multi-omics datasets. This role will require analysis of microbiome datasets generated from clinical samples, interpreting this data within the context of the study and developing testable hypotheses that can be subsequently validated in the lab.</p>\n<p><em>Tasks</em></p>\n<ul>\n<li>Analyzing large multi-omics datasets and interpret results </li>\n<li>Perform comparative microbial genomics analysis</li>\n<li>Develop, enhance, validate, and maintain current and new bioinformatic pipelines</li>\n<li>Lead and contribute to the generation of publications, grant applications, and protocols</li>\n<li>Support research projects as needed, including: managing large amounts of data, and monitoring and running pipelines</li>\n<li>Network with our national and international collaborators and present our work at conferences and scientific meetings</li>\n</ul>\n<p><em>Requirements</em></p>\n<ul>\n<li>PhD in computational biology, computer science, mathematics, statistics or a relevant field</li>\n<li>Experience with analyzing complex datasets, ideally next-generation sequencing, metabolomic or genomic data</li>\n<li>Experience with scientific programming (such as R, Bash, Python, or C/C++), data analyses and data visualization</li>\n<li>Fluency in Unix, standard bioinformatic tools, and comfortable applying relevant statistical methods</li>\n<li>Experience or strong interest in human microbiome research</li>\n<li>Strong publication record, excellent communication skills, and high proficiency in English (presentation and writing skills)</li>\n<li>Self-motivated and enthusiastic to work in an interactive, international research environment, ability to work independently and as part of a team</li>\n<li>Excellent organization and time management skills required</li>\n<li>Experience in high-performance and cloud computing is an advantage</li>\n</ul>\n<p><em>Our offer</em></p>\n<p>We offer you a cutting-edge, interdisciplinary research project using data from state-of-the-art multi-omics technologies in a fruitful, collaborative research environment. The successful candidate will work on projects of the DFG funded Emmy Noether grant and the Collaborative Research Center (CRC) 1371 Microbiome Signatures, a DFG-funded \u201cSonderforschungsbereich\u201d that focuses on the functional relevance of the microbiome in the digestive tract. Specific research topics of the successful candidate can include strain-level metagenomic profiling, functional profiling, metatranscriptomics, metagenomic assembly, metabolomic analysis and integration of multi-omics datatypes. New research lines will also be considered and scientific curiosity towards related research areas will be welcome.</p>\n<p>The position is <strong>available starting July 1st, 2021 and initially available for 1.5 years</strong>. Salary will be determined in accordance with the German collective wage agreement in public services (TV-L 13). Individuals with severe disabilities are given preference if they have the same aptitude and qualifications. The TUM seeks to increase the proportion of women in those areas where they are underrepresented, therefore applications from women are explicitly encouraged.</p>\n<p><em>Contact</em></p>\n<p>Technical University of Munich</p>\n<p>ZIEL - Institute for Food &amp; Health</p>\n<p>Dr. Melanie Schirmer</p>\n<p>Emmy Noether Group for Computational Microbiome Research</p>\n<p>www.ziel.tum.de/melanie-schirmer</p>\n<p><strong>Application</strong></p>\n<p>Please <strong>send your full application as a PDF by May 23rd, 2021 to melanie.schirmer@tum.de</strong>. The application should <strong>include a cover letter, detailed CV, a description of research experience and interests (1-2 pages) and contact details for three references</strong>. Please indicate a preferred starting date and why you are interested in joining our group.</p>\n<p>Data protection information: When you apply for a position at the Technical University of Munich (TUM), you are submitting personal information. Please take note of the data protection policy according to Art. 13 Datenschutz-Grundverordnung (DSGVO) on the collection and processing of personal information as part of your application. By submitting your application, you confirm that you have acknowledged the data protection information of TUM.</p>\n"
}