{
    "answer_count": 8,
    "author": "saddamhusain77",
    "author_uid": "54136",
    "book_count": 0,
    "comment_count": 8,
    "content": "Hi, I analysed RNA seq data recently using UCSC knowngene as annotation file and found several differentially expressed genes. Then I confirm DEGs (P-adj<= 0.05) by real-time PCR and found consistency between rna-seq data and real-time PCR data. But when I analysed  same data using same analysis pipeline but with GENCODE annotation files, I found that genes those were down with UCSC knowngene annotation are still down (except for some) but the p-adj is > 0.05 (for one of the gene it is 0.22). I want to understand why there is discrepancy between two analyses and which p-adj values shall I consider?\r\n\r\nAny suggestion would be appreciated.",
    "creation_date": "2019-04-07T17:22:36.711592+00:00",
    "has_accepted": false,
    "id": 361101,
    "lastedit_date": "2019-04-07T17:34:17.331197+00:00",
    "lastedit_user_uid": "54136",
    "parent_id": 361101,
    "rank": 1554658457.331197,
    "reply_count": 8,
    "root_id": 361101,
    "status": "Open",
    "status_id": 1,
    "subs_count": 4,
    "tag_val": "RNA-Seq,rna-seq,p-adj cutoff",
    "thread_score": 2,
    "title": "Discrepancy in differentially expressed genes p-adj",
    "type": "Question",
    "type_id": 0,
    "uid": "373618",
    "url": "https://www.biostars.org/p/373618/",
    "view_count": 1604,
    "vote_count": 0,
    "xhtml": "<p>Hi, I analysed RNA seq data recently using UCSC knowngene as annotation file and found several differentially expressed genes. Then I confirm DEGs (P-adj&lt;= 0.05) by real-time PCR and found consistency between rna-seq data and real-time PCR data. But when I analysed  same data using same analysis pipeline but with GENCODE annotation files, I found that genes those were down with UCSC knowngene annotation are still down (except for some) but the p-adj is &gt; 0.05 (for one of the gene it is 0.22). I want to understand why there is discrepancy between two analyses and which p-adj values shall I consider?</p>\n\n<p>Any suggestion would be appreciated.</p>\n"
}