{
    "answer_count": 0,
    "author": "unawaz",
    "author_uid": "44927",
    "book_count": 0,
    "comment_count": 0,
    "content": "I'm new to bioinformatics and such so I'm really consumed about this bit. \r\nI did a *de novo* assembly using Trinity, and now I'm trying to measure the number of transcripts that appear to be full-length or near full-length (as recommended by the Trinity pipeline). After running blastx, i get my blast output in tabular format (outfit 6) and I've ran the Trinity script analyze_blastPlus_topHit_coverage.pl. However, this script gives me the single best matching Trinity transcript for each top matching database entry. \r\n\r\nWhat I want to do is calculate the number of Trinity Transcripts (rather than matching database entry) at a given coverage. For example out of 300,000 contigs, 20,000 100% coverage, and then about 60,000 have a coverage between 100-90% etc. \r\n\r\nWould I just bin these according to the percentage identities? If not, how would I proceed to get my desired outcome?\r\n\r\nAny help would be great :)",
    "creation_date": "2018-02-17T03:54:17.667184+00:00",
    "has_accepted": false,
    "id": 289080,
    "lastedit_date": "2018-02-20T11:05:23.303263+00:00",
    "lastedit_user_uid": "44927",
    "parent_id": 289080,
    "rank": 1519124723.303263,
    "reply_count": 0,
    "root_id": 289080,
    "status": "Open",
    "status_id": 1,
    "subs_count": 0,
    "tag_val": "assembly,RNA-Seq,BLASTX,Trinity",
    "thread_score": 0,
    "title": "How to retain transcripts from blastx output at a given coverage?",
    "type": "Question",
    "type_id": 0,
    "uid": "299323",
    "url": "https://www.biostars.org/p/299323/",
    "view_count": 1383,
    "vote_count": 0,
    "xhtml": "<p>I'm new to bioinformatics and such so I'm really consumed about this bit. \nI did a <em>de novo</em> assembly using Trinity, and now I'm trying to measure the number of transcripts that appear to be full-length or near full-length (as recommended by the Trinity pipeline). After running blastx, i get my blast output in tabular format (outfit 6) and I've ran the Trinity script analyze_blastPlus_topHit_coverage.pl. However, this script gives me the single best matching Trinity transcript for each top matching database entry. </p>\n\n<p>What I want to do is calculate the number of Trinity Transcripts (rather than matching database entry) at a given coverage. For example out of 300,000 contigs, 20,000 100% coverage, and then about 60,000 have a coverage between 100-90% etc. </p>\n\n<p>Would I just bin these according to the percentage identities? If not, how would I proceed to get my desired outcome?</p>\n\n<p>Any help would be great :)</p>\n"
}