{
    "answer_count": 11,
    "author": "Eric Normandeau",
    "author_uid": "216",
    "book_count": 2,
    "comment_count": 6,
    "content": "<p>I am evaluating different possible pipelines to perform the following:</p>\r\n\r\n<ul>\r\n\t<li>Map Ion Proton reads on a reference genome</li>\r\n\t<li>Call SNPs</li>\r\n\t<li>Filter the SNPs</li>\r\n</ul>\r\n\r\n<p>Here are the programs I am testing:</p>\r\n\r\n<p><strong>Mapping:</strong></p>\r\n\r\n<p>Must be able to deal with the high occurence of indel errors in Ion Proton reads.</p>\r\n\r\n<ul>\r\n\t<li>bwa mem</li>\r\n\t<li>bowtie2</li>\r\n</ul>\r\n\r\n<p><strong>SNP calling</strong></p>\r\n\r\n<ul>\r\n\t<li>samtools</li>\r\n\t<li>freebayes</li>\r\n\t<li>GATK</li>\r\n\t<li>Platypus</li>\r\n</ul>\r\n\r\n<p><strong>Filtering</strong></p>\r\n\r\n<ul>\r\n\t<li>vcftools</li>\r\n\t<li>pyVCF</li>\r\n\t<li>custom</li>\r\n</ul>\r\n\r\n<p>For any of these steps (mapping, calling, filtering), do any of you have experience with the programs listed above? What are their strengths or weaknesses?</p>\r\n\r\n<p><strong>Are there other programs I should consider?</strong></p>\r\n\r\n<p>For now, I am not considering to use TMAP and TVC, even tough they have been developed specifically for Ion Proton data since nobody seems to be using them.</p>\r\n",
    "creation_date": "2015-05-11T16:54:00.804398+00:00",
    "has_accepted": false,
    "id": 135141,
    "lastedit_date": "2023-02-03T21:03:28.322368+00:00",
    "lastedit_user_uid": "8494",
    "parent_id": 135141,
    "rank": 1458370246.194772,
    "reply_count": 11,
    "root_id": 135141,
    "status": "Open",
    "status_id": 1,
    "subs_count": 5,
    "tag_val": "SNP,mapping,calling,filtering",
    "thread_score": 11,
    "title": "SNP calling pipeline - testing different programs",
    "type": "Question",
    "type_id": 0,
    "uid": "141741",
    "url": "https://www.biostars.org/p/141741/",
    "view_count": 5450,
    "vote_count": 3,
    "xhtml": "<p>I am evaluating different possible pipelines to perform the following:</p>\n\n<ul>\n    <li>Map Ion Proton reads on a reference genome</li>\n    <li>Call SNPs</li>\n    <li>Filter the SNPs</li>\n</ul>\n\n<p>Here are the programs I am testing:</p>\n\n<p><strong>Mapping:</strong></p>\n\n<p>Must be able to deal with the high occurence of indel errors in Ion Proton reads.</p>\n\n<ul>\n    <li>bwa mem</li>\n    <li>bowtie2</li>\n</ul>\n\n<p><strong>SNP calling</strong></p>\n\n<ul>\n    <li>samtools</li>\n    <li>freebayes</li>\n    <li>GATK</li>\n    <li>Platypus</li>\n</ul>\n\n<p><strong>Filtering</strong></p>\n\n<ul>\n    <li>vcftools</li>\n    <li>pyVCF</li>\n    <li>custom</li>\n</ul>\n\n<p>For any of these steps (mapping, calling, filtering), do any of you have experience with the programs listed above? What are their strengths or weaknesses?</p>\n\n<p><strong>Are there other programs I should consider?</strong></p>\n\n<p>For now, I am not considering to use TMAP and TVC, even tough they have been developed specifically for Ion Proton data since nobody seems to be using them.</p>\n"
}