{
    "answer_count": 2,
    "author": "rezaeir75",
    "author_uid": "54139",
    "book_count": 1,
    "comment_count": 1,
    "content": "I'm a wet lab Molecular Biologist who has experience with programming in Python and R, and I also know how to use bash. However, I'm a newbie in RNA seq data analysis, and I just read and coded through a few tutorials here and there.  \r\n\r\n - Right now, I need to work on miRNA-mRNA negative correlation analysis, and I'm searching to find a code template or pipeline to use as my starting points instead of writing everything from scratch.\r\n\r\n - I also need a step by step tutorial, preferably in Jupyter notebook format, to learn the why behind different stages of differential analysis, enrichment analysis, and correlation analysis.  \r\n \r\nI appreciate your help",
    "creation_date": "2020-06-11T09:11:31.732232+00:00",
    "has_accepted": false,
    "id": 422348,
    "lastedit_date": "2020-06-11T18:11:39.490187+00:00",
    "lastedit_user_uid": "35781",
    "parent_id": 422348,
    "rank": 1591899099.490187,
    "reply_count": 2,
    "root_id": 422348,
    "status": "Open",
    "status_id": 1,
    "subs_count": 1,
    "tag_val": "RNA-Seq,network,miRNA-mRNA",
    "thread_score": 2,
    "title": "miRNA-mRNA correlation data analysis",
    "type": "Question",
    "type_id": 0,
    "uid": "443030",
    "url": "https://www.biostars.org/p/443030/",
    "view_count": 1164,
    "vote_count": 1,
    "xhtml": "<p>I'm a wet lab Molecular Biologist who has experience with programming in Python and R, and I also know how to use bash. However, I'm a newbie in RNA seq data analysis, and I just read and coded through a few tutorials here and there.  </p>\n\n<ul>\n<li><p>Right now, I need to work on miRNA-mRNA negative correlation analysis, and I'm searching to find a code template or pipeline to use as my starting points instead of writing everything from scratch.</p></li>\n<li><p>I also need a step by step tutorial, preferably in Jupyter notebook format, to learn the why behind different stages of differential analysis, enrichment analysis, and correlation analysis.  </p></li>\n</ul>\n\n<p>I appreciate your help</p>\n"
}