{
    "answer_count": 4,
    "author": "ramin.k2013",
    "author_uid": "85129",
    "book_count": 0,
    "comment_count": 3,
    "content": "I want to research about existing microbial community analysis and taxonomic profiling pipelines for metagenomics data like MetaPhlan3 or Kraken2. Is there any review published so I can start doing research? I can not find one and I do not know the major pipelines in the field for metagenomics data. Is there any source or links regarding any of the existing taxonomic profiling pipelines to put me on the track?  \n\n",
    "creation_date": "2022-03-03T04:14:27.255939+00:00",
    "has_accepted": true,
    "id": 513114,
    "lastedit_date": "2022-12-14T18:46:33.733716+00:00",
    "lastedit_user_uid": "8494",
    "parent_id": 513114,
    "rank": 1646299768.497233,
    "reply_count": 4,
    "root_id": 513114,
    "status": "Open",
    "status_id": 1,
    "subs_count": 4,
    "tag_val": "metagenomics,Kraken2,MetaPhlan3",
    "thread_score": 3,
    "title": "Microbial community analysis pipelines in metagenomics",
    "type": "Question",
    "type_id": 0,
    "uid": "9513114",
    "url": "https://www.biostars.org/p/9513114/",
    "view_count": 1176,
    "vote_count": 0,
    "xhtml": "<p>I want to research about existing microbial community analysis and taxonomic profiling pipelines for metagenomics data like MetaPhlan3 or Kraken2. Is there any review published so I can start doing research? I can not find one and I do not know the major pipelines in the field for metagenomics data. Is there any source or links regarding any of the existing taxonomic profiling pipelines to put me on the track?</p>\n"
}