{
    "answer_count": 1,
    "author": "CHANG",
    "author_uid": "10618",
    "book_count": 0,
    "comment_count": 0,
    "content": "Does anyone know which version of GRCh37 to use from snpEff databases to annotate VCF files generated from BAMS mapped with GRCh37-lite.\n\n(https://browser.cghub.ucsc.edu/help/assemblies/)\n\n> GRCh37-lite\n> \n> - This is a subset of the full GRCh37 human genome assembly (assembly accession GCA_000001405.1) plus the human mitochondrial genome reference sequence (the \"rCRS\") from Mitomap.org. This set of sequences excludes all the alternate loci scaffolds of the full GRCh37 assembly, and has the pseudo-autosomal regions (PARs) on chromosome Y masked with Ns. This haploid representation of the genome is provided as a convenience for use in alignment pipelines that cannot handle the multiple placements expected in the PARs and in regions of the genome that are represented by the alternate loci. The assembly is available at ftp://ftp.ncbi.nih.gov/genbank/genomes/Eukaryotes/vertebrates_mammals/Homo_sapiens/GRCh37/special_requests/.\n\n**snpEff databases**\n\n```\njava -jar snpEff.jar databases | grep -i sapiens\n\nGRCh37.64    Homo_sapiens     http://downloads.sourceforge.net/project/snpeff/databases/v3_6/snpEff_v3_6_GRCh37.64.zip\nGRCh37.65    Homo_sapiens     http://downloads.sourceforge.net/project/snpeff/databases/v3_6/snpEff_v3_6_GRCh37.65.zip\nGRCh37.66    Homo_sapiens     http://downloads.sourceforge.net/project/snpeff/databases/v3_6/snpEff_v3_6_GRCh37.66.zip\nGRCh37.68    Homo_sapiens     http://downloads.sourceforge.net/project/snpeff/databases/v3_6/snpEff_v3_6_GRCh37.68.zip\nGRCh37.69    Homo_sapiens     http://downloads.sourceforge.net/project/snpeff/databases/v3_6/snpEff_v3_6_GRCh37.69.zip\nGRCh37.70    Homo_sapiens     http://downloads.sourceforge.net/project/snpeff/databases/v3_6/snpEff_v3_6_GRCh37.70.zip\nGRCh37.71    Homo_sapiens     http://downloads.sourceforge.net/project/snpeff/databases/v3_6/snpEff_v3_6_GRCh37.71.zip\nGRCh37.72    Homo_sapiens     http://downloads.sourceforge.net/project/snpeff/databases/v3_6/snpEff_v3_6_GRCh37.72.zip\nGRCh37.73    Homo_sapiens     http://downloads.sourceforge.net/project/snpeff/databases/v3_6/snpEff_v3_6_GRCh37.73.zip\nGRCh37.74    Homo_sapiens     http://downloads.sourceforge.net/project/snpeff/databases/v3_6/snpEff_v3_6_GRCh37.74.zip\nGRCh37.75    Homo_sapiens\n```",
    "creation_date": "2015-03-23T20:41:43.411540+00:00",
    "has_accepted": false,
    "id": 129113,
    "lastedit_date": "2022-05-26T18:51:37.549995+00:00",
    "lastedit_user_uid": "8494",
    "parent_id": 129113,
    "rank": 1427463866.660369,
    "reply_count": 1,
    "root_id": 129113,
    "status": "Open",
    "status_id": 1,
    "subs_count": 1,
    "tag_val": "SNP,next-gen,snpeff",
    "thread_score": 1,
    "title": "Which GRCh37 version to use from snpEff databases for BAMs mapped with GRCh37-lite?",
    "type": "Question",
    "type_id": 0,
    "uid": "135504",
    "url": "https://www.biostars.org/p/135504/",
    "view_count": 4010,
    "vote_count": 0,
    "xhtml": "<p>Does anyone know which version of GRCh37 to use from snpEff databases to annotate VCF files generated from BAMS mapped with GRCh37-lite.</p>\n<p>(<a href=\"https://browser.cghub.ucsc.edu/help/assemblies/\" rel=\"nofollow\">https://browser.cghub.ucsc.edu/help/assemblies/</a>)</p>\n<blockquote><p>GRCh37-lite</p>\n<ul>\n<li>This is a subset of the full GRCh37 human genome assembly (assembly accession GCA_000001405.1) plus the human mitochondrial genome reference sequence (the \"rCRS\") from Mitomap.org. This set of sequences excludes all the alternate loci scaffolds of the full GRCh37 assembly, and has the pseudo-autosomal regions (PARs) on chromosome Y masked with Ns. This haploid representation of the genome is provided as a convenience for use in alignment pipelines that cannot handle the multiple placements expected in the PARs and in regions of the genome that are represented by the alternate loci. The assembly is available at <a href=\"ftp://ftp.ncbi.nih.gov/genbank/genomes/Eukaryotes/vertebrates_mammals/Homo_sapiens/GRCh37/special_requests/\" rel=\"nofollow\">ftp://ftp.ncbi.nih.gov/genbank/genomes/Eukaryotes/vertebrates_mammals/Homo_sapiens/GRCh37/special_requests/</a>.</li>\n</ul>\n</blockquote>\n<p><strong>snpEff databases</strong></p>\n<pre><code>java -jar snpEff.jar databases | grep -i sapiens\n\nGRCh37.64    Homo_sapiens     http://downloads.sourceforge.net/project/snpeff/databases/v3_6/snpEff_v3_6_GRCh37.64.zip\nGRCh37.65    Homo_sapiens     http://downloads.sourceforge.net/project/snpeff/databases/v3_6/snpEff_v3_6_GRCh37.65.zip\nGRCh37.66    Homo_sapiens     http://downloads.sourceforge.net/project/snpeff/databases/v3_6/snpEff_v3_6_GRCh37.66.zip\nGRCh37.68    Homo_sapiens     http://downloads.sourceforge.net/project/snpeff/databases/v3_6/snpEff_v3_6_GRCh37.68.zip\nGRCh37.69    Homo_sapiens     http://downloads.sourceforge.net/project/snpeff/databases/v3_6/snpEff_v3_6_GRCh37.69.zip\nGRCh37.70    Homo_sapiens     http://downloads.sourceforge.net/project/snpeff/databases/v3_6/snpEff_v3_6_GRCh37.70.zip\nGRCh37.71    Homo_sapiens     http://downloads.sourceforge.net/project/snpeff/databases/v3_6/snpEff_v3_6_GRCh37.71.zip\nGRCh37.72    Homo_sapiens     http://downloads.sourceforge.net/project/snpeff/databases/v3_6/snpEff_v3_6_GRCh37.72.zip\nGRCh37.73    Homo_sapiens     http://downloads.sourceforge.net/project/snpeff/databases/v3_6/snpEff_v3_6_GRCh37.73.zip\nGRCh37.74    Homo_sapiens     http://downloads.sourceforge.net/project/snpeff/databases/v3_6/snpEff_v3_6_GRCh37.74.zip\nGRCh37.75    Homo_sapiens\n</code></pre>\n"
}