{
    "answer_count": 2,
    "author": "mgranada3",
    "author_uid": "102476",
    "book_count": 0,
    "comment_count": 2,
    "content": "I performed WGWPS and used a GATK pipeline. The last step was to produce my SnpEff summary files but I am unsure where my indel and frameshift information is.\r\n\r\n![enter image description here][1]\r\n\r\nMy summary files appear to claim that all variants are SNPs.\r\n\r\n![enter image description here][2]\r\n\r\nDo I need to perform a different analysis step in order to find my indels and frameshift changes?\r\n\r\n  [1]: /media/images/f19ad5be-1dd8-4ee4-b3f4-923745a6\r\n  [2]: /media/images/f8402d2e-78d1-4dd2-bca7-e7573861",
    "creation_date": "2024-08-21T12:20:29.607814+00:00",
    "has_accepted": false,
    "id": 601214,
    "lastedit_date": "2024-08-28T12:50:58.926975+00:00",
    "lastedit_user_uid": "102476",
    "parent_id": 601214,
    "rank": 1724242829.607823,
    "reply_count": 2,
    "root_id": 601214,
    "status": "Open",
    "status_id": 1,
    "subs_count": 2,
    "tag_val": "frameshift,WGWPS,SnpEff,GATK,indels",
    "thread_score": 0,
    "title": "Where do I gather indel and frameshift information in SnpEff output?",
    "type": "Question",
    "type_id": 0,
    "uid": "9601214",
    "url": "https://www.biostars.org/p/9601214/",
    "view_count": 243,
    "vote_count": 0,
    "xhtml": "<p>I performed WGWPS and used a GATK pipeline. The last step was to produce my SnpEff summary files but I am unsure where my indel and frameshift information is.</p>\n<p><img alt=\"enter image description here\" src=\"/media/images/f19ad5be-1dd8-4ee4-b3f4-923745a6\"></p>\n<p>My summary files appear to claim that all variants are SNPs.</p>\n<p><img alt=\"enter image description here\" src=\"/media/images/f8402d2e-78d1-4dd2-bca7-e7573861\"></p>\n<p>Do I need to perform a different analysis step in order to find my indels and frameshift changes?</p>\n"
}