{
    "answer_count": 1,
    "author": "TonyCN",
    "author_uid": "47418",
    "book_count": 0,
    "comment_count": 1,
    "content": "Hi all, I'm seeing a bit of an unusually error that I've never come across before - hoping for some assistance. \r\n\r\nI quantified pair-end RNA seq data using Salmon, loaded it into RStudio via tximeta and continued with the general Bioconductor DESeq2 pipeline structure. Everything is working as expected. However, when I ask one of my project students to rerun the analysis but on their machine, we run into the error:\r\n\r\n    gse <- summarizeToGene(se)\r\n    loading existing EnsDb created: 2020-09-21 10:50:18\r\n    obtaining transcript-to-gene mapping from database\r\n    loading existing gene ranges created: 2020-09-21 10:56:56\r\n    summarizing abundance\r\n    summarizing counts\r\n    summarizing length\r\n    Error in abundanceMatTx * lengthMatTx : \r\n      non-numeric argument to binary operator\r\n\r\nI've never come across this error before. From the face of things, R is complaining that a non-numeric value eg. a name of something is being passed into a binary operator e.g., \"+\". I'm having the student double check the meta-data that makes up the prior call to se <- tximeta(colDataDF). However, one thought that came to mind were the quant.sf files generated by Salmon. \r\n\r\nDue to Covid lockdown we're having to do all of this remotely and sadly the project student doesn't have the band width at home to download the RNA seq data and process the reads using Salmon. Therefore, he copied across my quantified .sf files instead, a fraction of the size. \r\n\r\n**Update:**\r\nI've just updated my version of tximeta, so we both have 1.7.14. There are quite a few changes in the object attributes returned by summarizeToGene, however, my machine, can still process summarizeToGene() without throwing an error. I'm a little lost. \r\n\r\nAlso, I can successfully run both tximport::summarizeToGene() and tximeta::summarizeToGene(). The other machine is throwing the same error for both. \r\n\r\nThis is my R setup.\r\n\r\n    SessionInfo()\r\n    \r\n    R version 4.0.2 (2020-06-22)\r\n    Platform: x86_64-w64-mingw32/x64 (64-bit)\r\n    Running under: Windows 10 x64 (build 19041)\r\n    \r\n    Matrix products: default\r\n    \r\n    locale:\r\n    [1] LC_COLLATE=English_United Kingdom.1252  LC_CTYPE=English_United Kingdom.1252   \r\n    [3] LC_MONETARY=English_United Kingdom.1252 LC_NUMERIC=C                           \r\n    [5] LC_TIME=English_United Kingdom.1252    \r\n    \r\n    attached base packages:\r\n    [1] parallel  stats4    stats     graphics  grDevices utils     datasets  methods   base     \r\n    \r\n    other attached packages:\r\n     [1] KEGGgraph_1.49.1            gprofiler2_0.2.0            ReportingTools_2.29.0      \r\n     [4] knitr_1.29                  org.Hs.eg.db_3.11.4         AnnotationDbi_1.51.3       \r\n     [7] RColorBrewer_1.1-2          pheatmap_1.0.12             genefilter_1.71.0          \r\n    [10] magrittr_1.5                dplyr_1.0.1                 GGally_2.0.0               \r\n    [13] tidyr_1.1.2                 broom_0.7.0                 ggplot2_3.3.2              \r\n    [16] vsn_3.57.0                  DESeq2_1.29.13              tximeta_1.7.14             \r\n    [19] SummarizedExperiment_1.19.6 DelayedArray_0.15.4         matrixStats_0.56.0         \r\n    [22] Matrix_1.2-18               Biobase_2.49.0              GenomicRanges_1.41.5       \r\n    [25] GenomeInfoDb_1.25.10        IRanges_2.23.10             S4Vectors_0.27.12          \r\n    [28] BiocGenerics_0.35.4        \r\n    \r\n    loaded via a namespace (and not attached):\r\n      [1] backports_1.1.10              GOstats_2.55.0                Hmisc_4.4-1                  \r\n      [4] AnnotationHub_2.21.5          BiocFileCache_1.13.1          plyr_1.8.6                   \r\n      [7] lazyeval_0.2.2                GSEABase_1.51.1               splines_4.0.2                \r\n     [10] BiocParallel_1.23.2           digest_0.6.25                 ensembldb_2.13.1             \r\n     [13] htmltools_0.5.0               GO.db_3.11.4                  checkmate_2.0.0              \r\n     [16] memoise_1.1.0                 BSgenome_1.57.6               cluster_2.1.0                \r\n     [19] limma_3.45.14                 Biostrings_2.57.2             annotate_1.67.1              \r\n     [22] R.utils_2.10.1                ggbio_1.37.0                  askpass_1.1                  \r\n     [25] prettyunits_1.1.1             jpeg_0.1-8.1                  colorspace_1.4-1             \r\n     [28] blob_1.2.1                    rappdirs_0.3.1                xfun_0.16                    \r\n     [31] crayon_1.3.4                  RCurl_1.98-1.2                jsonlite_1.7.1               \r\n     [34] tximport_1.17.6               graph_1.67.1                  VariantAnnotation_1.35.3     \r\n     [37] survival_3.2-3                glue_1.4.1                    gtable_0.3.0                 \r\n     [40] zlibbioc_1.35.0               XVector_0.29.3                Rgraphviz_2.33.0             \r\n     [43] scales_1.1.1                  DBI_1.1.0                     edgeR_3.31.4                 \r\n     [46] Rcpp_1.0.5                    viridisLite_0.3.0             xtable_1.8-4                 \r\n     [49] progress_1.2.2                htmlTable_2.1.0               foreign_0.8-80               \r\n     [52] bit_4.0.4                     OrganismDbi_1.31.0            preprocessCore_1.51.0        \r\n     [55] Formula_1.2-3                 AnnotationForge_1.31.2        htmlwidgets_1.5.1            \r\n     [58] httr_1.4.2                    ellipsis_0.3.1                R.methodsS3_1.8.1            \r\n     [61] pkgconfig_2.0.3               reshape_0.8.8                 XML_3.99-0.5                 \r\n     [64] nnet_7.3-14                   dbplyr_1.4.4                  locfit_1.5-9.4               \r\n     [67] tidyselect_1.1.0              rlang_0.4.7                   reshape2_1.4.4               \r\n     [70] later_1.1.0.1                 munsell_0.5.0                 BiocVersion_3.12.0           \r\n     [73] tools_4.0.2                   generics_0.0.2                RSQLite_2.2.0                \r\n     [76] stringr_1.4.0                 fastmap_1.0.1                 yaml_2.2.1                   \r\n     [79] bit64_4.0.5                   purrr_0.3.4                   AnnotationFilter_1.13.0      \r\n     [82] RBGL_1.65.0                   mime_0.9                      R.oo_1.24.0                  \r\n     [85] biomaRt_2.45.2                compiler_4.0.2                rstudioapi_0.11              \r\n     [88] plotly_4.9.2.1                curl_4.3                      png_0.1-7                    \r\n     [91] interactiveDisplayBase_1.27.5 affyio_1.59.0                 PFAM.db_3.11.4               \r\n     [94] tibble_3.0.3                  geneplotter_1.67.0            stringi_1.5.3                \r\n     [97] GenomicFeatures_1.41.3        lattice_0.20-41               ProtGenerics_1.21.0          \r\n    [100] vctrs_0.3.2                   pillar_1.4.6                  lifecycle_0.2.0              \r\n    [103] BiocManager_1.30.10           data.table_1.13.0             bitops_1.0-6                 \r\n    [106] httpuv_1.5.4                  rtracklayer_1.49.5            hwriter_1.3.2                \r\n    [109] R6_2.4.1                      latticeExtra_0.6-29           affy_1.67.0                  \r\n    [112] promises_1.1.1                gridExtra_2.3                 dichromat_2.0-0              \r\n    [115] assertthat_0.2.1              openssl_1.4.3                 Category_2.55.0              \r\n    [118] withr_2.2.0                   GenomicAlignments_1.25.3      Rsamtools_2.5.3              \r\n    [121] GenomeInfoDbData_1.2.3        hms_0.5.3                     grid_4.0.2                   \r\n    [124] rpart_4.1-15                  biovizBase_1.37.0             shiny_1.5.0                  \r\n    [127] base64enc_0.1-3              \r\n\r\nThis is the setup that fails to generate a summarizeToGene result:\r\n\r\n    R version 4.0.2 (2020-06-22)\r\n    Platform: x86_64-apple-darwin17.0 (64-bit)\r\n    Running under: macOS High Sierra 10.13.6\r\n    Matrix products: default\r\n    BLAS:   /System/Library/Frameworks/Accelerate.framework/Versions/A/Frameworks/vecLib.framework/Versions/A/libBLAS.dylib\r\n    LAPACK: /Library/Frameworks/R.framework/Versions/4.0/Resources/lib/libRlapack.dylib\r\n    locale:\r\n    [1] en_GB.UTF-8/en_GB.UTF-8/en_GB.UTF-8/C/en_GB.UTF-8/en_GB.UTF-8\r\n    attached base packages:\r\n    [1] parallel  stats4    stats     graphics  grDevices utils     datasets  methods   base\r\n    other attached packages:\r\n     [1] tximeta_1.7.14              tximport_1.17.6             SummarizedExperiment_1.19.6\r\n     [4] DelayedArray_0.15.8         matrixStats_0.56.0          Matrix_1.2-18\r\n     [7] Biobase_2.49.1              GenomicRanges_1.41.6        GenomeInfoDb_1.25.11\r\n    [10] IRanges_2.23.10             S4Vectors_0.27.13           BiocGenerics_0.35.4\r\n    loaded via a namespace (and not attached):\r\n     [1] httr_1.4.2                    jsonlite_1.7.1                bit64_4.0.5\r\n     [4] AnnotationHub_2.21.5          shiny_1.5.0                   assertthat_0.2.1\r\n     [7] askpass_1.1                   interactiveDisplayBase_1.27.5 BiocManager_1.30.10\r\n    [10] BiocFileCache_1.13.1          blob_1.2.1                    Rsamtools_2.5.3\r\n    [13] GenomeInfoDbData_1.2.3        yaml_2.2.1                    progress_1.2.2\r\n    [16] BiocVersion_3.12.0            pillar_1.4.6                  RSQLite_2.2.0\r\n    [19] lattice_0.20-41               glue_1.4.2                    digest_0.6.25\r\n    [22] promises_1.1.1                XVector_0.29.3                htmltools_0.5.0\r\n    [25] httpuv_1.5.4                  XML_3.99-0.5                  pkgconfig_2.0.3\r\n    [28] biomaRt_2.45.2                zlibbioc_1.35.0               purrr_0.3.4\r\n    [31] xtable_1.8-4                  later_1.1.0.1                 BiocParallel_1.23.2\r\n    [34] tibble_3.0.3                  openssl_1.4.3                 AnnotationFilter_1.13.0\r\n    [37] generics_0.0.2                ellipsis_0.3.1                GenomicFeatures_1.41.3\r\n    [40] lazyeval_0.2.2                magrittr_1.5                  crayon_1.3.4\r\n    [43] mime_0.9                      memoise_1.1.0                 evaluate_0.14\r\n    [46] tools_4.0.2                   prettyunits_1.1.1             hms_0.5.3\r\n    [49] lifecycle_0.2.0               stringr_1.4.0                 ensembldb_2.13.1\r\n    [52] AnnotationDbi_1.51.3          Biostrings_2.57.2             compiler_4.0.2\r\n    [55] tinytex_0.25                  rlang_0.4.7                   grid_4.0.2\r\n    [58] RCurl_1.98-1.2                rstudioapi_0.11               rappdirs_0.3.1\r\n    [61] bitops_1.0-6                  rmarkdown_2.3                 DBI_1.1.0\r\n    [64] curl_4.3                      R6_2.4.1                      GenomicAlignments_1.25.3\r\n    [67] rtracklayer_1.49.5            knitr_1.29                    dplyr_1.0.2\r\n    [70] fastmap_1.0.1                 bit_4.0.4                     ProtGenerics_1.21.0\r\n    [73] stringi_1.5.3                 Rcpp_1.0.5                    vctrs_0.3.4\r\n    [76] dbplyr_1.4.4                  tidyselect_1.1.0              xfun_0.17\r\n\r\n",
    "creation_date": "2020-09-21T12:09:22.492315+00:00",
    "has_accepted": false,
    "id": 437170,
    "lastedit_date": "2020-09-22T10:58:14.324328+00:00",
    "lastedit_user_uid": "47418",
    "parent_id": 437170,
    "rank": 1600772294.324328,
    "reply_count": 1,
    "root_id": 437170,
    "status": "Open",
    "status_id": 1,
    "subs_count": 1,
    "tag_val": "RNA-Seq,Bioconductor,software error",
    "thread_score": 1,
    "title": "Error running summarizeToGene() - RNA Seq Bioconductor pipeline",
    "type": "Question",
    "type_id": 0,
    "uid": "462487",
    "url": "https://www.biostars.org/p/462487/",
    "view_count": 908,
    "vote_count": 0,
    "xhtml": "<p>Hi all, I'm seeing a bit of an unusually error that I've never come across before - hoping for some assistance. </p>\n\n<p>I quantified pair-end RNA seq data using Salmon, loaded it into RStudio via tximeta and continued with the general Bioconductor DESeq2 pipeline structure. Everything is working as expected. However, when I ask one of my project students to rerun the analysis but on their machine, we run into the error:</p>\n\n<pre class=\"pre\"><code class=\"language-bash\">gse &lt;- summarizeToGene(se)\nloading existing EnsDb created: 2020-09-21 10:50:18\nobtaining transcript-to-gene mapping from database\nloading existing gene ranges created: 2020-09-21 10:56:56\nsummarizing abundance\nsummarizing counts\nsummarizing length\nError in abundanceMatTx * lengthMatTx : \n  non-numeric argument to binary operator\n</code></pre>\n\n<p>I've never come across this error before. From the face of things, R is complaining that a non-numeric value eg. a name of something is being passed into a binary operator e.g., \"+\". I'm having the student double check the meta-data that makes up the prior call to se &lt;- tximeta(colDataDF). However, one thought that came to mind were the quant.sf files generated by Salmon. </p>\n\n<p>Due to Covid lockdown we're having to do all of this remotely and sadly the project student doesn't have the band width at home to download the RNA seq data and process the reads using Salmon. Therefore, he copied across my quantified .sf files instead, a fraction of the size. </p>\n\n<p><strong>Update:</strong>\nI've just updated my version of tximeta, so we both have 1.7.14. There are quite a few changes in the object attributes returned by summarizeToGene, however, my machine, can still process summarizeToGene() without throwing an error. I'm a little lost. </p>\n\n<p>Also, I can successfully run both tximport::summarizeToGene() and tximeta::summarizeToGene(). The other machine is throwing the same error for both. </p>\n\n<p>This is my R setup.</p>\n\n<pre class=\"pre\"><code class=\"language-bash\">SessionInfo()\n\nR version 4.0.2 (2020-06-22)\nPlatform: x86_64-w64-mingw32/x64 (64-bit)\nRunning under: Windows 10 x64 (build 19041)\n\nMatrix products: default\n\nlocale:\n[1] LC_COLLATE=English_United Kingdom.1252  LC_CTYPE=English_United Kingdom.1252   \n[3] LC_MONETARY=English_United Kingdom.1252 LC_NUMERIC=C                           \n[5] LC_TIME=English_United Kingdom.1252    \n\nattached base packages:\n[1] parallel  stats4    stats     graphics  grDevices utils     datasets  methods   base     \n\nother attached packages:\n [1] KEGGgraph_1.49.1            gprofiler2_0.2.0            ReportingTools_2.29.0      \n [4] knitr_1.29                  org.Hs.eg.db_3.11.4         AnnotationDbi_1.51.3       \n [7] RColorBrewer_1.1-2          pheatmap_1.0.12             genefilter_1.71.0          \n[10] magrittr_1.5                dplyr_1.0.1                 GGally_2.0.0               \n[13] tidyr_1.1.2                 broom_0.7.0                 ggplot2_3.3.2              \n[16] vsn_3.57.0                  DESeq2_1.29.13              tximeta_1.7.14             \n[19] SummarizedExperiment_1.19.6 DelayedArray_0.15.4         matrixStats_0.56.0         \n[22] Matrix_1.2-18               Biobase_2.49.0              GenomicRanges_1.41.5       \n[25] GenomeInfoDb_1.25.10        IRanges_2.23.10             S4Vectors_0.27.12          \n[28] BiocGenerics_0.35.4        \n\nloaded via a namespace (and not attached):\n  [1] backports_1.1.10              GOstats_2.55.0                Hmisc_4.4-1                  \n  [4] AnnotationHub_2.21.5          BiocFileCache_1.13.1          plyr_1.8.6                   \n  [7] lazyeval_0.2.2                GSEABase_1.51.1               splines_4.0.2                \n [10] BiocParallel_1.23.2           digest_0.6.25                 ensembldb_2.13.1             \n [13] htmltools_0.5.0               GO.db_3.11.4                  checkmate_2.0.0              \n [16] memoise_1.1.0                 BSgenome_1.57.6               cluster_2.1.0                \n [19] limma_3.45.14                 Biostrings_2.57.2             annotate_1.67.1              \n [22] R.utils_2.10.1                ggbio_1.37.0                  askpass_1.1                  \n [25] prettyunits_1.1.1             jpeg_0.1-8.1                  colorspace_1.4-1             \n [28] blob_1.2.1                    rappdirs_0.3.1                xfun_0.16                    \n [31] crayon_1.3.4                  RCurl_1.98-1.2                jsonlite_1.7.1               \n [34] tximport_1.17.6               graph_1.67.1                  VariantAnnotation_1.35.3     \n [37] survival_3.2-3                glue_1.4.1                    gtable_0.3.0                 \n [40] zlibbioc_1.35.0               XVector_0.29.3                Rgraphviz_2.33.0             \n [43] scales_1.1.1                  DBI_1.1.0                     edgeR_3.31.4                 \n [46] Rcpp_1.0.5                    viridisLite_0.3.0             xtable_1.8-4                 \n [49] progress_1.2.2                htmlTable_2.1.0               foreign_0.8-80               \n [52] bit_4.0.4                     OrganismDbi_1.31.0            preprocessCore_1.51.0        \n [55] Formula_1.2-3                 AnnotationForge_1.31.2        htmlwidgets_1.5.1            \n [58] httr_1.4.2                    ellipsis_0.3.1                R.methodsS3_1.8.1            \n [61] pkgconfig_2.0.3               reshape_0.8.8                 XML_3.99-0.5                 \n [64] nnet_7.3-14                   dbplyr_1.4.4                  locfit_1.5-9.4               \n [67] tidyselect_1.1.0              rlang_0.4.7                   reshape2_1.4.4               \n [70] later_1.1.0.1                 munsell_0.5.0                 BiocVersion_3.12.0           \n [73] tools_4.0.2                   generics_0.0.2                RSQLite_2.2.0                \n [76] stringr_1.4.0                 fastmap_1.0.1                 yaml_2.2.1                   \n [79] bit64_4.0.5                   purrr_0.3.4                   AnnotationFilter_1.13.0      \n [82] RBGL_1.65.0                   mime_0.9                      R.oo_1.24.0                  \n [85] biomaRt_2.45.2                compiler_4.0.2                rstudioapi_0.11              \n [88] plotly_4.9.2.1                curl_4.3                      png_0.1-7                    \n [91] interactiveDisplayBase_1.27.5 affyio_1.59.0                 PFAM.db_3.11.4               \n [94] tibble_3.0.3                  geneplotter_1.67.0            stringi_1.5.3                \n [97] GenomicFeatures_1.41.3        lattice_0.20-41               ProtGenerics_1.21.0          \n[100] vctrs_0.3.2                   pillar_1.4.6                  lifecycle_0.2.0              \n[103] BiocManager_1.30.10           data.table_1.13.0             bitops_1.0-6                 \n[106] httpuv_1.5.4                  rtracklayer_1.49.5            hwriter_1.3.2                \n[109] R6_2.4.1                      latticeExtra_0.6-29           affy_1.67.0                  \n[112] promises_1.1.1                gridExtra_2.3                 dichromat_2.0-0              \n[115] assertthat_0.2.1              openssl_1.4.3                 Category_2.55.0              \n[118] withr_2.2.0                   GenomicAlignments_1.25.3      Rsamtools_2.5.3              \n[121] GenomeInfoDbData_1.2.3        hms_0.5.3                     grid_4.0.2                   \n[124] rpart_4.1-15                  biovizBase_1.37.0             shiny_1.5.0                  \n[127] base64enc_0.1-3\n</code></pre>\n\n<p>This is the setup that fails to generate a summarizeToGene result:</p>\n\n<pre class=\"pre\"><code class=\"language-bash\">R version 4.0.2 (2020-06-22)\nPlatform: x86_64-apple-darwin17.0 (64-bit)\nRunning under: macOS High Sierra 10.13.6\nMatrix products: default\nBLAS:   /System/Library/Frameworks/Accelerate.framework/Versions/A/Frameworks/vecLib.framework/Versions/A/libBLAS.dylib\nLAPACK: /Library/Frameworks/R.framework/Versions/4.0/Resources/lib/libRlapack.dylib\nlocale:\n[1] en_GB.UTF-8/en_GB.UTF-8/en_GB.UTF-8/C/en_GB.UTF-8/en_GB.UTF-8\nattached base packages:\n[1] parallel  stats4    stats     graphics  grDevices utils     datasets  methods   base\nother attached packages:\n [1] tximeta_1.7.14              tximport_1.17.6             SummarizedExperiment_1.19.6\n [4] DelayedArray_0.15.8         matrixStats_0.56.0          Matrix_1.2-18\n [7] Biobase_2.49.1              GenomicRanges_1.41.6        GenomeInfoDb_1.25.11\n[10] IRanges_2.23.10             S4Vectors_0.27.13           BiocGenerics_0.35.4\nloaded via a namespace (and not attached):\n [1] httr_1.4.2                    jsonlite_1.7.1                bit64_4.0.5\n [4] AnnotationHub_2.21.5          shiny_1.5.0                   assertthat_0.2.1\n [7] askpass_1.1                   interactiveDisplayBase_1.27.5 BiocManager_1.30.10\n[10] BiocFileCache_1.13.1          blob_1.2.1                    Rsamtools_2.5.3\n[13] GenomeInfoDbData_1.2.3        yaml_2.2.1                    progress_1.2.2\n[16] BiocVersion_3.12.0            pillar_1.4.6                  RSQLite_2.2.0\n[19] lattice_0.20-41               glue_1.4.2                    digest_0.6.25\n[22] promises_1.1.1                XVector_0.29.3                htmltools_0.5.0\n[25] httpuv_1.5.4                  XML_3.99-0.5                  pkgconfig_2.0.3\n[28] biomaRt_2.45.2                zlibbioc_1.35.0               purrr_0.3.4\n[31] xtable_1.8-4                  later_1.1.0.1                 BiocParallel_1.23.2\n[34] tibble_3.0.3                  openssl_1.4.3                 AnnotationFilter_1.13.0\n[37] generics_0.0.2                ellipsis_0.3.1                GenomicFeatures_1.41.3\n[40] lazyeval_0.2.2                magrittr_1.5                  crayon_1.3.4\n[43] mime_0.9                      memoise_1.1.0                 evaluate_0.14\n[46] tools_4.0.2                   prettyunits_1.1.1             hms_0.5.3\n[49] lifecycle_0.2.0               stringr_1.4.0                 ensembldb_2.13.1\n[52] AnnotationDbi_1.51.3          Biostrings_2.57.2             compiler_4.0.2\n[55] tinytex_0.25                  rlang_0.4.7                   grid_4.0.2\n[58] RCurl_1.98-1.2                rstudioapi_0.11               rappdirs_0.3.1\n[61] bitops_1.0-6                  rmarkdown_2.3                 DBI_1.1.0\n[64] curl_4.3                      R6_2.4.1                      GenomicAlignments_1.25.3\n[67] rtracklayer_1.49.5            knitr_1.29                    dplyr_1.0.2\n[70] fastmap_1.0.1                 bit_4.0.4                     ProtGenerics_1.21.0\n[73] stringi_1.5.3                 Rcpp_1.0.5                    vctrs_0.3.4\n[76] dbplyr_1.4.4                  tidyselect_1.1.0              xfun_0.17\n</code></pre>\n"
}