{
    "answer_count": 4,
    "author": "gwotto",
    "author_uid": "9742",
    "book_count": 0,
    "comment_count": 3,
    "content": "Hi,\r\n\r\nin Regier et al.: \"Functional equivalence of genome sequencing analysis pipelines enables \r\nharmonized variant calling across human genetics projects\", bioRxiv, doi 10.1101/269316 The use bwa mem in their alignments with the option '-K 100000000'. Also in https://github.com/CCDG/Pipeline-Standardization/blob/master/PipelineStandard.md it is noted: '-K 100000000 to achieve deterministic alignment results (Note: this is a hidden option)'. I could not find any more detailed description of this option. Does anyone know what it does and where this is documented?\r\nThanks a lot!\r\n",
    "creation_date": "2018-09-12T18:51:36.436939+00:00",
    "has_accepted": false,
    "id": 326452,
    "lastedit_date": "2018-09-12T18:51:36.436939+00:00",
    "lastedit_user_uid": "9742",
    "parent_id": 326452,
    "rank": 1536778296.436939,
    "reply_count": 4,
    "root_id": 326452,
    "status": "Open",
    "status_id": 1,
    "subs_count": 2,
    "tag_val": "next-gen,alignment",
    "thread_score": 4,
    "title": "bwa mem -K 100000000 ",
    "type": "Question",
    "type_id": 0,
    "uid": "337527",
    "url": "https://www.biostars.org/p/337527/",
    "view_count": 3530,
    "vote_count": 0,
    "xhtml": "<p>Hi,</p>\n\n<p>in Regier et al.: \"Functional equivalence of genome sequencing analysis pipelines enables \nharmonized variant calling across human genetics projects\", bioRxiv, doi 10.1101/269316 The use bwa mem in their alignments with the option '-K 100000000'. Also in <a rel=\"nofollow\" href=\"https://github.com/CCDG/Pipeline-Standardization/blob/master/PipelineStandard.md\">https://github.com/CCDG/Pipeline-Standardization/blob/master/PipelineStandard.md</a> it is noted: '-K 100000000 to achieve deterministic alignment results (Note: this is a hidden option)'. I could not find any more detailed description of this option. Does anyone know what it does and where this is documented?\nThanks a lot!</p>\n"
}