{
    "answer_count": 2,
    "author": "jona",
    "author_uid": "21948",
    "book_count": 0,
    "comment_count": 1,
    "content": "<p>Hi all</p>\r\n\r\n<p>I am working on a pipeline for SNP calling using muTect. I find many mentions in online forums that the GATK tools for variant calling take account of the quality scores, and they advise against doing any quality trimming in the head of that pipeline.</p>\r\n\r\n<p>Does anybody have any experience with muTect, and how it performs with and without trimming low quality reads?</p>\r\n\r\n<p>Thanks!</p>\r\n",
    "creation_date": "2015-11-19T15:01:30.755216+00:00",
    "has_accepted": true,
    "id": 159251,
    "lastedit_date": "2015-11-19T21:41:02.221763+00:00",
    "lastedit_user_uid": "21948",
    "parent_id": 159251,
    "rank": 1447969262.221763,
    "reply_count": 2,
    "root_id": 159251,
    "status": "Open",
    "status_id": 1,
    "subs_count": 1,
    "tag_val": "mutect,SNP,quality,trimming",
    "thread_score": 2,
    "title": "quality trimming before muTect?",
    "type": "Question",
    "type_id": 0,
    "uid": "166520",
    "url": "https://www.biostars.org/p/166520/",
    "view_count": 1950,
    "vote_count": 0,
    "xhtml": "<p>Hi all</p>\n\n<p>I am working on a pipeline for SNP calling using muTect. I find many mentions in online forums that the GATK tools for variant calling take account of the quality scores, and they advise against doing any quality trimming in the head of that pipeline.</p>\n\n<p>Does anybody have any experience with muTect, and how it performs with and without trimming low quality reads?</p>\n\n<p>Thanks!</p>\n"
}