{
    "answer_count": 5,
    "author": "Lds",
    "author_uid": "1851",
    "book_count": 8,
    "comment_count": 3,
    "content": "<p>Hi fellows,</p>\n\n<p>It's said that MarkDuplicates in Picard matches all read pairs that have identical 5' coordinates and orientations and marks as duplicates all but the 'best' pair. If I have three pairs, with one of which is the 'best' pair, they're all truely from the target genome but not from sequencing artifacts, and if I set REMOVE_DUPLICATES=True, it will delete the two non-best pairs, then it will decrease the coverage for that region. This doesn't make sense, maybe I misunderstood the purpose of MarkDuplicates. So my question is, what's the purpose for MarkDuplicates, why does it delete the duplicates?</p>\n\n<p>Thanks in advance</p>\n",
    "creation_date": "2012-03-19T22:10:28.057000+00:00",
    "has_accepted": false,
    "id": 18424,
    "lastedit_date": "2012-03-19T22:10:28.057000+00:00",
    "lastedit_user_uid": "2188",
    "parent_id": 18424,
    "rank": 1332195028.057,
    "reply_count": 5,
    "root_id": 18424,
    "status": "Open",
    "status_id": 1,
    "subs_count": 3,
    "tag_val": "gatk,markduplicates,picard",
    "thread_score": 36,
    "title": "Why Do We Need Markduplicates For Variants Detection In Gatk Processing Pipeline?",
    "type": "Question",
    "type_id": 0,
    "uid": "18784",
    "url": "https://www.biostars.org/p/18784/",
    "view_count": 23543,
    "vote_count": 19,
    "xhtml": "<p>Hi fellows,</p>\n\n<p>It's said that MarkDuplicates in Picard matches all read pairs that have identical 5' coordinates and orientations and marks as duplicates all but the 'best' pair. If I have three pairs, with one of which is the 'best' pair, they're all truely from the target genome but not from sequencing artifacts, and if I set REMOVE_DUPLICATES=True, it will delete the two non-best pairs, then it will decrease the coverage for that region. This doesn't make sense, maybe I misunderstood the purpose of MarkDuplicates. So my question is, what's the purpose for MarkDuplicates, why does it delete the duplicates?</p>\n\n<p>Thanks in advance</p>\n"
}