{
    "answer_count": 4,
    "author": "majeedaasim",
    "author_uid": "20469",
    "book_count": 0,
    "comment_count": 3,
    "content": "I installed Trinity on my ubunto 16.04. When I test it on example data, Clustering, k-mer building, contig construction and clustering by Inchworm went fine but after that, it shows following error:\r\n\r\n    bowtie2-build: unrecognized option '--threads'\r\n    Bowtie 2 version 2.2.6 by Ben Langmead (langmea@cs.jhu.edu, www.cs.jhu.edu/~langmea)\r\n    \r\n    \r\n    ----------\r\n    \r\n    \r\n    Usage: bowtie2-build [options]* <reference_in> <bt2_index_base>\r\n        reference_in            comma-separated list of files with ref sequences\r\n        bt2_index_base          write bt2 data to files with this dir/basename\r\n    *** Bowtie 2 indexes work only with v2 (not v1).  Likewise for v1 indexes. ***\r\n    \r\n    \r\n    ----------\r\n    \r\n    \r\n    Options:\r\n        -f                      reference files are Fasta (default)\r\n        -c                      reference sequences given on cmd line (as\r\n                                <reference_in>)\r\n        --large-index           force generated index to be 'large', even if ref\r\n                                has fewer than 4 billion nucleotides\r\n        -a/--noauto             disable automatic -p/--bmax/--dcv memory-fitting\r\n        -p/--packed             use packed strings internally; slower, less memory\r\n        --bmax <int>            max bucket sz for blockwise suffix-array builder\r\n        --bmaxdivn <int>        max bucket sz as divisor of ref len (default: 4)\r\n        --dcv <int>             diff-cover period for blockwise (default: 1024)\r\n        --nodc                  disable diff-cover (algorithm becomes quadratic)\r\n        -r/--noref              don't build .3/.4 index files\r\n        -3/--justref            just build .3/.4 index files\r\n        -o/--offrate <int>      SA is sampled every 2^<int> BWT chars (default: 5)\r\n        -t/--ftabchars <int>    # of chars consumed in initial lookup (default: 10)\r\n        --seed <int>            seed for random number generator\r\n        -q/--quiet              verbose output (for debugging)\r\n        -h/--help               print detailed description of tool and its options\r\n        --usage                 print this usage message\r\n        --version               print version information and quit\r\n    \r\n    > Error: Encountered internal Bowtie 2 exception (#1)\r\n    Command: bowtie2-build --wrapper basic-0 --threads 4 -o 3 /home/aasim/Aasim/bin/trinityrnaseq-Trinity-v2.5.0/sample_data/test_Trinity_Assembly/trinity_out_dir/chrysalis/inchworm.K25.L25.fa.min100 /home/aasim/Aasim/bin/trinityrnaseq-Trinity-v2.5.0/sample_data/test_Trinity_Assembly/trinity_out_dir/chrysalis/inchworm.K25.L25.fa.min100 \r\n    > \r\n    > \r\n    >  Error, cmd: bowtie2-build --threads 4 -o 3 /home/aasim/Aasim/bin/trinityrnaseq-Trinity-v2.5.0/sample_data/test_Trinity_Assembly/trinity_out_dir/chrysalis/inchworm.K25.L25.fa.min100 /home/aasim/Aasim/bin/trinityrnaseq-Trinity-v2.5.0/sample_data/test_Trinity_Assembly/trinity_out_dir/chrysalis/inchworm.K25.L25.fa.min100 1>/dev/null 2>tmp.25936.stderr died with ret 256 at /home/aasim/Aasim/bin/trinityrnaseq-Trinity-v2.5.0/PerlLib/Pipeliner.pm line 166. \r\n              Pipeliner::run(Pipeliner=HASH(0x19ca2c0)) called at ../../Trinity line 1827\r\n    main::run_chrysalis(\"/home/aasim/Aasim/bin/trinityrnaseq-Trinity-v2.5.0/sample_dat\"..., \"/home/aasim/Aasim/bin/trinityrnaseq-Trinity-v2.5.0/sample_dat\"..., 200, 500, \"RF\", \"/home/aasim/Aasim/bin/trinityrnaseq-Trinity-v2.5.0/sample_dat\"..., \"/home/aasim/Aasim/bin/trinityrnaseq-Trinity-v2.5.0/sample_dat\"...) called at ../../Trinity line 1667\r\n    \tmain::run_Trinity() called at ../../Trinity line 1320\r\n    \teval {...} called at ../../Trinity line 1319\r\n\r\nTrinity run failed. Must investigate error above.\r\n\r\n\r\n\r\n\r\n",
    "creation_date": "2017-10-19T12:06:57.152121+00:00",
    "has_accepted": false,
    "id": 268946,
    "lastedit_date": "2017-10-19T13:06:36.357391+00:00",
    "lastedit_user_uid": "6093",
    "parent_id": 268946,
    "rank": 1508418396.357391,
    "reply_count": 4,
    "root_id": 268946,
    "status": "Open",
    "status_id": 1,
    "subs_count": 2,
    "tag_val": "software error,Trinity",
    "thread_score": 1,
    "title": "Problem in installing Trinity.",
    "type": "Question",
    "type_id": 0,
    "uid": "278766",
    "url": "https://www.biostars.org/p/278766/",
    "view_count": 3032,
    "vote_count": 0,
    "xhtml": "<p>I installed Trinity on my ubunto 16.04. When I test it on example data, Clustering, k-mer building, contig construction and clustering by Inchworm went fine but after that, it shows following error:</p>\n\n<pre class=\"pre\"><code class=\"language-bash\">bowtie2-build: unrecognized option '--threads'\nBowtie 2 version 2.2.6 by Ben Langmead (langmea@cs.jhu.edu, www.cs.jhu.edu/~langmea)\n\n\n----------\n\n\nUsage: bowtie2-build [options]* &lt;reference_in&gt; &lt;bt2_index_base&gt;\n    reference_in            comma-separated list of files with ref sequences\n    bt2_index_base          write bt2 data to files with this dir/basename\n*** Bowtie 2 indexes work only with v2 (not v1).  Likewise for v1 indexes. ***\n\n\n----------\n\n\nOptions:\n    -f                      reference files are Fasta (default)\n    -c                      reference sequences given on cmd line (as\n                            &lt;reference_in&gt;)\n    --large-index           force generated index to be 'large', even if ref\n                            has fewer than 4 billion nucleotides\n    -a/--noauto             disable automatic -p/--bmax/--dcv memory-fitting\n    -p/--packed             use packed strings internally; slower, less memory\n    --bmax &lt;int&gt;            max bucket sz for blockwise suffix-array builder\n    --bmaxdivn &lt;int&gt;        max bucket sz as divisor of ref len (default: 4)\n    --dcv &lt;int&gt;             diff-cover period for blockwise (default: 1024)\n    --nodc                  disable diff-cover (algorithm becomes quadratic)\n    -r/--noref              don't build .3/.4 index files\n    -3/--justref            just build .3/.4 index files\n    -o/--offrate &lt;int&gt;      SA is sampled every 2^&lt;int&gt; BWT chars (default: 5)\n    -t/--ftabchars &lt;int&gt;    # of chars consumed in initial lookup (default: 10)\n    --seed &lt;int&gt;            seed for random number generator\n    -q/--quiet              verbose output (for debugging)\n    -h/--help               print detailed description of tool and its options\n    --usage                 print this usage message\n    --version               print version information and quit\n\n&gt; Error: Encountered internal Bowtie 2 exception (#1)\nCommand: bowtie2-build --wrapper basic-0 --threads 4 -o 3 /home/aasim/Aasim/bin/trinityrnaseq-Trinity-v2.5.0/sample_data/test_Trinity_Assembly/trinity_out_dir/chrysalis/inchworm.K25.L25.fa.min100 /home/aasim/Aasim/bin/trinityrnaseq-Trinity-v2.5.0/sample_data/test_Trinity_Assembly/trinity_out_dir/chrysalis/inchworm.K25.L25.fa.min100 \n&gt; \n&gt; \n&gt;  Error, cmd: bowtie2-build --threads 4 -o 3 /home/aasim/Aasim/bin/trinityrnaseq-Trinity-v2.5.0/sample_data/test_Trinity_Assembly/trinity_out_dir/chrysalis/inchworm.K25.L25.fa.min100 /home/aasim/Aasim/bin/trinityrnaseq-Trinity-v2.5.0/sample_data/test_Trinity_Assembly/trinity_out_dir/chrysalis/inchworm.K25.L25.fa.min100 1&gt;/dev/null 2&gt;tmp.25936.stderr died with ret 256 at /home/aasim/Aasim/bin/trinityrnaseq-Trinity-v2.5.0/PerlLib/Pipeliner.pm line 166. \n          Pipeliner::run(Pipeliner=HASH(0x19ca2c0)) called at ../../Trinity line 1827\nmain::run_chrysalis(\"/home/aasim/Aasim/bin/trinityrnaseq-Trinity-v2.5.0/sample_dat\"..., \"/home/aasim/Aasim/bin/trinityrnaseq-Trinity-v2.5.0/sample_dat\"..., 200, 500, \"RF\", \"/home/aasim/Aasim/bin/trinityrnaseq-Trinity-v2.5.0/sample_dat\"..., \"/home/aasim/Aasim/bin/trinityrnaseq-Trinity-v2.5.0/sample_dat\"...) called at ../../Trinity line 1667\n    main::run_Trinity() called at ../../Trinity line 1320\n    eval {...} called at ../../Trinity line 1319\n</code></pre>\n\n<p>Trinity run failed. Must investigate error above.</p>\n"
}