{
    "answer_count": 2,
    "author": "MAPK",
    "author_uid": "8810",
    "book_count": 0,
    "comment_count": 0,
    "content": "Hi All, \r\nI used to write perl codes in padre and xemacs long time back, but then stopped working with perl (preferred R and Python). However, I need to continue working with one perl pipeline and want to go back and refresh my skills on perl. Is there a better IDE (Rstudio like) for perl that I can install on Linux?",
    "creation_date": "2018-07-19T19:01:06.277456+00:00",
    "has_accepted": true,
    "id": 317147,
    "lastedit_date": "2018-07-20T05:36:58.203469+00:00",
    "lastedit_user_uid": "31025",
    "parent_id": 317147,
    "rank": 1532065018.203469,
    "reply_count": 2,
    "root_id": 317147,
    "status": "Open",
    "status_id": 1,
    "subs_count": 2,
    "tag_val": "perl",
    "thread_score": 4,
    "title": "Rstudio like IDE for perl",
    "type": "Question",
    "type_id": 0,
    "uid": "328001",
    "url": "https://www.biostars.org/p/328001/",
    "view_count": 2626,
    "vote_count": 0,
    "xhtml": "<p>Hi All, \nI used to write perl codes in padre and xemacs long time back, but then stopped working with perl (preferred R and Python). However, I need to continue working with one perl pipeline and want to go back and refresh my skills on perl. Is there a better IDE (Rstudio like) for perl that I can install on Linux?</p>\n"
}