{
    "answer_count": 2,
    "author": "RNAseqer ",
    "author_uid": "52256",
    "book_count": 0,
    "comment_count": 1,
    "content": "I'm about to look for piRNAs in some miRNAseq data. What are the most well established programs or pipelines for detecting piRNAs in human small RNA seq data? ",
    "creation_date": "2021-09-24T17:12:08.760853+00:00",
    "has_accepted": true,
    "id": 490977,
    "lastedit_date": "2021-10-04T20:51:25.106182+00:00",
    "lastedit_user_uid": "52256",
    "parent_id": 490977,
    "rank": 1632573849.248956,
    "reply_count": 2,
    "root_id": 490977,
    "status": "Open",
    "status_id": 1,
    "subs_count": 2,
    "tag_val": "expression,piRNA,differential,smallRNAseq,detection",
    "thread_score": 5,
    "title": "Most well regarded piRNA detection pipeline/program",
    "type": "Question",
    "type_id": 0,
    "uid": "9490977",
    "url": "https://www.biostars.org/p/9490977/",
    "view_count": 1019,
    "vote_count": 2,
    "xhtml": "<p>I'm about to look for piRNAs in some miRNAseq data. What are the most well established programs or pipelines for detecting piRNAs in human small RNA seq data?</p>\n"
}