{
    "answer_count": 0,
    "author": "kacollier",
    "author_uid": "69903",
    "book_count": 0,
    "comment_count": 0,
    "content": "My apologies if this is a trivial question; I'm new to working in bioinformatics. I'm attempting to use Phyluce to get match counts for a reference sequence I've assembled on Galaxy. The particular file opens in MEGA and has been called successfully to create a data matrix earlier in the pipeline using the line `--contigs gavia-stellata-refseq-fasta/gavia-stellata-Galaxy-assembled/ \\`. However, in this particular function, the shell simply won't recognize that the file is still present in the directory.\n\nIf anyone here has an idea about why that might be the case (or if more information is needed), I'd appreciate any guidance you could give in figuring this out.\n\nThis is what I'm running:\n\n```\nphyluce_assembly_get_fastas_from_match_counts \\\n--contigs gavia-stellata-refseq-fasta/gavia-stellata-Galaxy-assembled/ \\\n--locus-db gavia-stellata-uce-search-results/probe.matches.sqlite \\\n--match-count-output gavia-stellata-reference.conf \\\n--output gavia-stellata-refseq-fasta/gavia-stellata_reference.fasta\n```\n\nAnd this is the output:  \n\n```\n2020-06-10 15:28:39,947 - phyluce_assembly_get_fastas_from_match_counts - INFO - ===== Starting phyluce_assembly_get_fastas_from_match_counts ====\n2020-06-10 15:28:39,947 - phyluce_assembly_get_fastas_from_match_counts - INFO - Version: git fatal: not a git repository: '//anaconda2/lib/python2.7/site-packages/.git'\n2020-06-10 15:28:39,947 - phyluce_assembly_get_fastas_from_match_counts - INFO - Argument --contigs: /Users/catharus2018/KC-MS-Project/Species-pipelines/gavia-stellata/gavia-stellata-SNP-calling-pipeline/gavia-stellata-refseq-fasta\n2020-06-10 15:28:39,947 - phyluce_assembly_get_fastas_from_match_counts - INFO - Argument --extend_locus_contigs: None\n2020-06-10 15:28:39,947 - phyluce_assembly_get_fastas_from_match_counts - INFO - Argument --extend_locus_db: None\n2020-06-10 15:28:39,947 - phyluce_assembly_get_fastas_from_match_counts - INFO - Argument --incomplete_matrix: False\n2020-06-10 15:28:39,947 - phyluce_assembly_get_fastas_from_match_counts - INFO - Argument --locus_db: /Users/catharus2018/KC-MS-Project/Species-pipelines/gavia-stellata/gavia-stellata-SNP-calling-pipeline/gavia-stellata-uce-search-results/probe.matches.sqlite\n2020-06-10 15:28:39,947 - phyluce_assembly_get_fastas_from_match_counts - INFO - Argument --log_path: None\n2020-06-10 15:28:39,947 - phyluce_assembly_get_fastas_from_match_counts - INFO - Argument --match_count_output: /Users/catharus2018/KC-MS-Project/Species-pipelines/gavia-stellata/gavia-stellata-SNP-calling-pipeline/gavia-stellata-reference.conf\n2020-06-10 15:28:39,947 - phyluce_assembly_get_fastas_from_match_counts - INFO - Argument --output: /Users/catharus2018/KC-MS-Project/Species-pipelines/gavia-stellata/gavia-stellata-SNP-calling-pipeline/gavia-stellata-refseq-fasta/gavia-stellata_reference.fasta\n2020-06-10 15:28:39,947 - phyluce_assembly_get_fastas_from_match_counts - INFO - Argument --verbosity: INFO\n2020-06-10 15:28:39,964 - phyluce_assembly_get_fastas_from_match_counts - INFO - There are 1 taxa in the match-count-config file named gavia-stellata-reference.conf\n2020-06-10 15:28:39,971 - phyluce_assembly_get_fastas_from_match_counts - INFO - There are 3296 shared UCE loci in a COMPLETE matrix\n2020-06-10 15:28:39,971 - phyluce_assembly_get_fastas_from_match_counts - INFO - ---Getting UCE loci for gavia_stellata_Galaxy_assembled_refseq---\nTraceback (most recent call last):\n  File \"//anaconda2/bin/phyluce_assembly_get_fastas_from_match_counts\", line 263, in <module>\n    main()\n  File \"//anaconda2/bin/phyluce_assembly_get_fastas_from_match_counts\", line 212, in main\n    reads = find_file(args.contigs, name)\n  File \"//anaconda2/bin/phyluce_assembly_get_fastas_from_match_counts\", line 140, in find_file\n    ', '.join(extensions)\nValueError: Cannot find the a fasta file for gavia-stellata-Galaxy-assembled-refseq with any of the extensions (.fa, .fasta, .contigs.fasta, .contigs.fa, .gz, .fasta.gz, .fa.gz)\n```",
    "creation_date": "2020-06-14T19:35:59.046174+00:00",
    "has_accepted": false,
    "id": 422784,
    "lastedit_date": "2023-03-17T19:26:11.079169+00:00",
    "lastedit_user_uid": "8494",
    "parent_id": 422784,
    "rank": 1592163359.046174,
    "reply_count": 0,
    "root_id": 422784,
    "status": "Open",
    "status_id": 1,
    "subs_count": 0,
    "tag_val": "fasta,phyluce,Galaxy",
    "thread_score": 0,
    "title": "Phyluce unable to recognize Galaxy-assembled .fasta file",
    "type": "Question",
    "type_id": 0,
    "uid": "443620",
    "url": "https://www.biostars.org/p/443620/",
    "view_count": 779,
    "vote_count": 0,
    "xhtml": "<p>My apologies if this is a trivial question; I'm new to working in bioinformatics. I'm attempting to use Phyluce to get match counts for a reference sequence I've assembled on Galaxy. The particular file opens in MEGA and has been called successfully to create a data matrix earlier in the pipeline using the line <code>--contigs gavia-stellata-refseq-fasta/gavia-stellata-Galaxy-assembled/ \\</code>. However, in this particular function, the shell simply won't recognize that the file is still present in the directory.</p>\n<p>If anyone here has an idea about why that might be the case (or if more information is needed), I'd appreciate any guidance you could give in figuring this out.</p>\n<p>This is what I'm running:</p>\n<pre><code>phyluce_assembly_get_fastas_from_match_counts \\\n--contigs gavia-stellata-refseq-fasta/gavia-stellata-Galaxy-assembled/ \\\n--locus-db gavia-stellata-uce-search-results/probe.matches.sqlite \\\n--match-count-output gavia-stellata-reference.conf \\\n--output gavia-stellata-refseq-fasta/gavia-stellata_reference.fasta\n</code></pre>\n<p>And this is the output:</p>\n<pre><code>2020-06-10 15:28:39,947 - phyluce_assembly_get_fastas_from_match_counts - INFO - ===== Starting phyluce_assembly_get_fastas_from_match_counts ====\n2020-06-10 15:28:39,947 - phyluce_assembly_get_fastas_from_match_counts - INFO - Version: git fatal: not a git repository: '//anaconda2/lib/python2.7/site-packages/.git'\n2020-06-10 15:28:39,947 - phyluce_assembly_get_fastas_from_match_counts - INFO - Argument --contigs: /Users/catharus2018/KC-MS-Project/Species-pipelines/gavia-stellata/gavia-stellata-SNP-calling-pipeline/gavia-stellata-refseq-fasta\n2020-06-10 15:28:39,947 - phyluce_assembly_get_fastas_from_match_counts - INFO - Argument --extend_locus_contigs: None\n2020-06-10 15:28:39,947 - phyluce_assembly_get_fastas_from_match_counts - INFO - Argument --extend_locus_db: None\n2020-06-10 15:28:39,947 - phyluce_assembly_get_fastas_from_match_counts - INFO - Argument --incomplete_matrix: False\n2020-06-10 15:28:39,947 - phyluce_assembly_get_fastas_from_match_counts - INFO - Argument --locus_db: /Users/catharus2018/KC-MS-Project/Species-pipelines/gavia-stellata/gavia-stellata-SNP-calling-pipeline/gavia-stellata-uce-search-results/probe.matches.sqlite\n2020-06-10 15:28:39,947 - phyluce_assembly_get_fastas_from_match_counts - INFO - Argument --log_path: None\n2020-06-10 15:28:39,947 - phyluce_assembly_get_fastas_from_match_counts - INFO - Argument --match_count_output: /Users/catharus2018/KC-MS-Project/Species-pipelines/gavia-stellata/gavia-stellata-SNP-calling-pipeline/gavia-stellata-reference.conf\n2020-06-10 15:28:39,947 - phyluce_assembly_get_fastas_from_match_counts - INFO - Argument --output: /Users/catharus2018/KC-MS-Project/Species-pipelines/gavia-stellata/gavia-stellata-SNP-calling-pipeline/gavia-stellata-refseq-fasta/gavia-stellata_reference.fasta\n2020-06-10 15:28:39,947 - phyluce_assembly_get_fastas_from_match_counts - INFO - Argument --verbosity: INFO\n2020-06-10 15:28:39,964 - phyluce_assembly_get_fastas_from_match_counts - INFO - There are 1 taxa in the match-count-config file named gavia-stellata-reference.conf\n2020-06-10 15:28:39,971 - phyluce_assembly_get_fastas_from_match_counts - INFO - There are 3296 shared UCE loci in a COMPLETE matrix\n2020-06-10 15:28:39,971 - phyluce_assembly_get_fastas_from_match_counts - INFO - ---Getting UCE loci for gavia_stellata_Galaxy_assembled_refseq---\nTraceback (most recent call last):\n  File \"//anaconda2/bin/phyluce_assembly_get_fastas_from_match_counts\", line 263, in &lt;module&gt;\n    main()\n  File \"//anaconda2/bin/phyluce_assembly_get_fastas_from_match_counts\", line 212, in main\n    reads = find_file(args.contigs, name)\n  File \"//anaconda2/bin/phyluce_assembly_get_fastas_from_match_counts\", line 140, in find_file\n    ', '.join(extensions)\nValueError: Cannot find the a fasta file for gavia-stellata-Galaxy-assembled-refseq with any of the extensions (.fa, .fasta, .contigs.fasta, .contigs.fa, .gz, .fasta.gz, .fa.gz)\n</code></pre>\n"
}