{
    "answer_count": 5,
    "author": "Tash",
    "author_uid": "45175",
    "book_count": 0,
    "comment_count": 5,
    "content": "My aim is to do a differential expression analysis using paired end data with two conditions: controls and cases. \r\n\r\nUnfortunately, I was having some issues with low unique alignment rates in all my 5 cases (approx. 40% mapping rate) due to rRNA contamination as confirmed by BBduk and BLASTing. I ran DESeq2 with 4 controls that have good alignment rates (90%) versus the 5 cases. I do end up with a fair amount of DEG's and a pathway analysis in IPA shows some promising results, but now I am unsure if I can trust these results. I did not control for anything as we only have females in the same age group. I have tried to change the design to include alignment rates but I get an error: \r\n\r\n*\"Error in checkFullRank(modelMatrix) : \r\n  the model matrix is not full rank, so the model cannot be fit as specified.\r\n  One or more variables or interaction terms in the design formula are linear\r\n  combinations of the others and must be removed\"*. \r\n\r\nSince I do have more than double aligned reads in my controls I am wondering if I can do some normalisation to control for this discrepancy in DESeq2 or at an earlier step in the analysis? \r\n\r\n\r\n----------\r\n\r\n\r\nMy pipeline is: \r\n\r\n- Trimmomatic\r\n-------------\r\n\r\n    java -jar /opt/apps/bioinformatics/trimmomatic/0.36/trimmomatic-0.36.jar PE ${INPUTFILE_R1} ${INPUTFILE_R2} ${OUTPUTFILE_PAIRED_R1} ${OUTPUTFILE_UNPAIRED_R1} ${OUTPUTFILE_PAIRED_R2} ${OUTPUTFILE_UNPAIRED_R2} ILLUMINACLIP:TruSeq3-PE-2.fa:2:30:10:8:TRUE SLIDINGWINDOW:4:15 MINLEN:25\r\n\r\n- STAR\r\n------\r\n\r\n    STAR --runThreadN 4 --genomeDir path/genome_dir --readFilesCommand zcat --readFilesIn ${INPUTFILE_R1} ${INPUTFILE_R2} --outReadsUnmapped Fastx --outSAMtype BAM Unsorted --outFileNamePrefix ${OUTPUTFILE}\r\n\r\n- htseq\r\n-------\r\n\r\n    htseq-count -f bam -a 10 -s reverse --idattr=gene_name $INPUTFILE path/gencode.v28.annotation.gtf > $OUTPUTFILE\r\n\r\n- DESeq2\r\n--------\r\n\r\n    dds<-DESeqDataSetFromMatrix(countData, colData, design = ~ condition) \r\n    dds$condition <- relevel(dds$condition, ref = \"control\")\r\n    dds<-estimateSizeFactors(dds)\r\n    ddsB <- estimateDispersions(dds)\r\n    variancedata <- varianceStabilizingTransformation(ddsB)\r\n    \r\n    dds<-DESeq(dds)\r\n    results_RNAseq_DEGs = as.data.frame (results(dds,contrast=c(\"condition\", \"cases\", \"control\")))\r\n    res <- results(dds)\r\n    res_filtered=results_RNAseq_DEGs %>% subset(padj<0.05 & abs(log2FoldChange) > 0.5)\r\n\r\n\r\n----------\r\n\r\n\r\nI hope that I have provided you with sufficient information. \r\n\r\nThanks in advance. \r\n\r\n\r\n\r\n",
    "creation_date": "2018-08-21T12:40:44.482672+00:00",
    "has_accepted": false,
    "id": 322940,
    "lastedit_date": "2018-08-21T12:40:44.482672+00:00",
    "lastedit_user_uid": "45175",
    "parent_id": 322940,
    "rank": 1534855244.482672,
    "reply_count": 5,
    "root_id": 322940,
    "status": "Open",
    "status_id": 1,
    "subs_count": 1,
    "tag_val": "RNA-Seq,R",
    "thread_score": 1,
    "title": "DESeq2 using samples with different unique alignment rates ",
    "type": "Question",
    "type_id": 0,
    "uid": "333925",
    "url": "https://www.biostars.org/p/333925/",
    "view_count": 1559,
    "vote_count": 0,
    "xhtml": "<p>My aim is to do a differential expression analysis using paired end data with two conditions: controls and cases. </p>\n\n<p>Unfortunately, I was having some issues with low unique alignment rates in all my 5 cases (approx. 40% mapping rate) due to rRNA contamination as confirmed by BBduk and BLASTing. I ran DESeq2 with 4 controls that have good alignment rates (90%) versus the 5 cases. I do end up with a fair amount of DEG's and a pathway analysis in IPA shows some promising results, but now I am unsure if I can trust these results. I did not control for anything as we only have females in the same age group. I have tried to change the design to include alignment rates but I get an error: </p>\n\n<p><em>\"Error in checkFullRank(modelMatrix) : \n  the model matrix is not full rank, so the model cannot be fit as specified.\n  One or more variables or interaction terms in the design formula are linear\n  combinations of the others and must be removed\"</em>. </p>\n\n<p>Since I do have more than double aligned reads in my controls I am wondering if I can do some normalisation to control for this discrepancy in DESeq2 or at an earlier step in the analysis? </p>\n\n<hr>\n\n<p>My pipeline is: </p>\n\n<h2>- Trimmomatic</h2>\n\n<pre class=\"pre\"><code class=\"language-bash\">java -jar /opt/apps/bioinformatics/trimmomatic/0.36/trimmomatic-0.36.jar PE ${INPUTFILE_R1} ${INPUTFILE_R2} ${OUTPUTFILE_PAIRED_R1} ${OUTPUTFILE_UNPAIRED_R1} ${OUTPUTFILE_PAIRED_R2} ${OUTPUTFILE_UNPAIRED_R2} ILLUMINACLIP:TruSeq3-PE-2.fa:2:30:10:8:TRUE SLIDINGWINDOW:4:15 MINLEN:25\n</code></pre>\n\n<h2>- STAR</h2>\n\n<pre class=\"pre\"><code class=\"language-bash\">STAR --runThreadN 4 --genomeDir path/genome_dir --readFilesCommand zcat --readFilesIn ${INPUTFILE_R1} ${INPUTFILE_R2} --outReadsUnmapped Fastx --outSAMtype BAM Unsorted --outFileNamePrefix ${OUTPUTFILE}\n</code></pre>\n\n<h2>- htseq</h2>\n\n<pre class=\"pre\"><code class=\"language-bash\">htseq-count -f bam -a 10 -s reverse --idattr=gene_name $INPUTFILE path/gencode.v28.annotation.gtf &gt; $OUTPUTFILE\n</code></pre>\n\n<h2>- DESeq2</h2>\n\n<pre class=\"pre\"><code class=\"language-bash\">dds&lt;-DESeqDataSetFromMatrix(countData, colData, design = ~ condition) \ndds$condition &lt;- relevel(dds$condition, ref = \"control\")\ndds&lt;-estimateSizeFactors(dds)\nddsB &lt;- estimateDispersions(dds)\nvariancedata &lt;- varianceStabilizingTransformation(ddsB)\n\ndds&lt;-DESeq(dds)\nresults_RNAseq_DEGs = as.data.frame (results(dds,contrast=c(\"condition\", \"cases\", \"control\")))\nres &lt;- results(dds)\nres_filtered=results_RNAseq_DEGs %&gt;% subset(padj&lt;0.05 &amp; abs(log2FoldChange) &gt; 0.5)\n</code></pre>\n\n<hr>\n\n<p>I hope that I have provided you with sufficient information. </p>\n\n<p>Thanks in advance. </p>\n"
}