{
    "answer_count": 9,
    "author": "Kevin Blighe",
    "author_uid": "41557",
    "book_count": 0,
    "comment_count": 7,
    "content": "Good evening,\n\nI am keen to improve the level of standardisation in bioinformatics, as it feels that this is one of the most fundamental barriers to progress that we face / have faced. Other 'industries' or work sectors faced similar barriers in the past when it became apparent that everyone was doing their own thing and had their own idea of how something should be performed. The first example that comes to mind was the formation of the [IEEE][1] who eventually set standards that have resulted in the huge rise in global communication systems. In medicine, there are medical boards and regulatory bodies that oversee treatment of patients, and there exist strict ethical codes that must be followed.\n\n...in bioinformatics, what have we got?\n\nTomorrow, a new program may appear from some part of the world that seems to convincingly process RNA-seq and ChIP-seq data together in order to find statistically significant ncRNA transcripts that regulate the binding of my transcription factor of interest. The developers may put a strong case for everyone to use their program. A month after its release, what happens? - 20 bugs are already identified and the developers have to release a new version, which is itself erroneous.\n\n - What if there was a body that rigorously screened these programs prior to their release (a requirement for publication)?\n - What if there was a 'best practices' guide for all types of bioinformatics analyses? - pipelines rigorously tested and proven to function.\n\nI've only been here on Biostars for 2 months but I've been analysing all types of data for many years and one of the main battles that I face on a daily basis arises from the lack of interoperability of data-types and navigating through bugs in programs. Additionally, each time I look, there seems to be a new publication about some program that may never even be used.\n\nI've been fairly impressed by the experience and skills of people here and I believe that we represent the best chance in the World at forming such a international body. I believe that things like [Biostars Handbook][2] can help but we have to go further than that and represent ourselves at international conferences that can attract people from various sectors who will actually listen to us. People have a genuine interest in bioinformatics but I feel that we let ourselves down through some of the issues that I've already outlined in this message.\n\nI'll listen to whatever people have to say in response to this and then gauge my next action. I would eventually hope to set-up a conference in Europe, initially, which would represent the first annual meeting of Biostars where we decide what is needed going forward. Luckily I have close colleagues whose sole business is in setting up conferences and bringing people together. I notice that the entire Globe is fairly well represented here, and I personally have close contacts that spread across North and South America, and all across Europe.\n\nKevin\n\n [1]: https://www.ieee.org/index.html\n [2]: https://www.biostarhandbook.com/",
    "creation_date": "2017-11-08T01:22:30.840513+00:00",
    "has_accepted": true,
    "id": 272381,
    "lastedit_date": "2023-05-17T19:21:58.746463+00:00",
    "lastedit_user_uid": "8494",
    "parent_id": 272381,
    "rank": 1510127231.404469,
    "reply_count": 9,
    "root_id": 272381,
    "status": "Open",
    "status_id": 1,
    "subs_count": 4,
    "tag_val": "stadardisation",
    "thread_score": 14,
    "title": "The push toward standardisation",
    "type": "Forum",
    "type_id": 3,
    "uid": "282261",
    "url": "https://www.biostars.org/p/282261/",
    "view_count": 2090,
    "vote_count": 3,
    "xhtml": "<p>Good evening,</p>\n<p>I am keen to improve the level of standardisation in bioinformatics, as it feels that this is one of the most fundamental barriers to progress that we face / have faced. Other 'industries' or work sectors faced similar barriers in the past when it became apparent that everyone was doing their own thing and had their own idea of how something should be performed. The first example that comes to mind was the formation of the <a href=\"https://www.ieee.org/index.html\" rel=\"nofollow\">IEEE</a> who eventually set standards that have resulted in the huge rise in global communication systems. In medicine, there are medical boards and regulatory bodies that oversee treatment of patients, and there exist strict ethical codes that must be followed.</p>\n<p>...in bioinformatics, what have we got?</p>\n<p>Tomorrow, a new program may appear from some part of the world that seems to convincingly process RNA-seq and ChIP-seq data together in order to find statistically significant ncRNA transcripts that regulate the binding of my transcription factor of interest. The developers may put a strong case for everyone to use their program. A month after its release, what happens? - 20 bugs are already identified and the developers have to release a new version, which is itself erroneous.</p>\n<ul>\n<li>What if there was a body that rigorously screened these programs prior to their release (a requirement for publication)?</li>\n<li>What if there was a 'best practices' guide for all types of bioinformatics analyses? - pipelines rigorously tested and proven to function.</li>\n</ul>\n<p>I've only been here on Biostars for 2 months but I've been analysing all types of data for many years and one of the main battles that I face on a daily basis arises from the lack of interoperability of data-types and navigating through bugs in programs. Additionally, each time I look, there seems to be a new publication about some program that may never even be used.</p>\n<p>I've been fairly impressed by the experience and skills of people here and I believe that we represent the best chance in the World at forming such a international body. I believe that things like <a href=\"https://www.biostarhandbook.com/\" rel=\"nofollow\">Biostars Handbook</a> can help but we have to go further than that and represent ourselves at international conferences that can attract people from various sectors who will actually listen to us. People have a genuine interest in bioinformatics but I feel that we let ourselves down through some of the issues that I've already outlined in this message.</p>\n<p>I'll listen to whatever people have to say in response to this and then gauge my next action. I would eventually hope to set-up a conference in Europe, initially, which would represent the first annual meeting of Biostars where we decide what is needed going forward. Luckily I have close colleagues whose sole business is in setting up conferences and bringing people together. I notice that the entire Globe is fairly well represented here, and I personally have close contacts that spread across North and South America, and all across Europe.</p>\n<p>Kevin</p>\n"
}