{
    "answer_count": 4,
    "author": "Evoevo",
    "author_uid": "41569",
    "book_count": 0,
    "comment_count": 3,
    "content": "I've used a samtools, bcftools pipeline to generate a diploid consensus sequence. The consensus sequences are in fastq format. I expected that I'd get two sequences in the fastq files - one for each homologous chromosome. But when I open them, I can only see a single sequence identifier. How does FASTQ encode which base belongs to which homologous chromosomes? I can see a long string of n's in the middle of the sequence. Is that where they're separated?\r\n\r\nThanks!\r\n\r\n**Edited for clarity**",
    "creation_date": "2017-09-01T01:59:06.603974+00:00",
    "has_accepted": false,
    "id": 260717,
    "lastedit_date": "2018-03-17T01:40:36.978021+00:00",
    "lastedit_user_uid": "34591",
    "parent_id": 260717,
    "rank": 1521250836.978021,
    "reply_count": 4,
    "root_id": 260717,
    "status": "Open",
    "status_id": 1,
    "subs_count": 3,
    "tag_val": "Assembly,sequence",
    "thread_score": 5,
    "title": "How does FASTQ format show a diploid sequence.",
    "type": "Question",
    "type_id": 0,
    "uid": "270301",
    "url": "https://www.biostars.org/p/270301/",
    "view_count": 2830,
    "vote_count": 1,
    "xhtml": "<p>I've used a samtools, bcftools pipeline to generate a diploid consensus sequence. The consensus sequences are in fastq format. I expected that I'd get two sequences in the fastq files - one for each homologous chromosome. But when I open them, I can only see a single sequence identifier. How does FASTQ encode which base belongs to which homologous chromosomes? I can see a long string of n's in the middle of the sequence. Is that where they're separated?</p>\n\n<p>Thanks!</p>\n\n<p><strong>Edited for clarity</strong></p>\n"
}