{
    "answer_count": 5,
    "author": "pld",
    "author_uid": "7409",
    "book_count": 0,
    "comment_count": 4,
    "content": "I'm currently working on calling variants for a virus that was sequenced. For lack of a better solution, I'm using the GATK UnifiedGenotyper pipeline. I'm currently getting very large QUAL values from variants called but I'm not all that sure what to make of them. \r\n\r\nWith previous samples I've not seen any calls get QUAL values this high. The only difference I can think of is that the depth of sequencing for this sample is fairly deeper than previous ones. Has anyone else seen QUAL values this large before? \r\n\r\n    CHROM\tPOS\tID\tREF\tALT\tQUAL\tFILTER\tINFO\tFORMAT\tsubject\r\n    subject\t1974\t.\tC\tT\t643225.77\t.\tAC=1;AF=0.500;AN=2;BaseQRankSum=-1.995;DP=54510;Dels=0.00;ExcessHet=3.0103;FS=0.000;HaplotypeScore=1070.9305;MLEAC=1;MLEAF=0.500;MQ=60.00;MQ0=0;MQRankSum=-0.104;QD=11.80;ReadPosRankSum=3.332;SOR=0.696\tGT:AD:DP:GQ:PL\t0/1:33593,20896:54508:99:643254,0,1131073\r\n    subject\t2776\t.\tC\tT\t2282400.77\t.\tAC=1;AF=0.500;AN=2;BaseQRankSum=959.800;DP=668262;Dels=0.00;ExcessHet=3.0103;FS=55.352;HaplotypeScore=64018.5916;MLEAC=1;MLEAF=0.500;MQ=60.00;MQ0=0;MQRankSum=3093.759;QD=3.42;ReadPosRankSum=517.035;SOR=9.093\tGT:AD:DP:GQ:PL\t0/1:566429,101157:668043:99:2282429,0,18085787\r\n    subject\t2778\t.\tA\tG\t2689595.77\t.\tAC=1;AF=0.500;AN=2;DP=682653;Dels=0.00;ExcessHet=3.0103;FS=54.945;HaplotypeScore=57974.6917;MLEAC=1;MLEAF=0.500;MQ=60.00;MQ0=0;QD=3.95;SOR=6.802\tGT:AD:DP:GQ:PL\t0/1:572088,109628:682145:99:2689624,0,18303624\r\n    subject\t3347\t.\tC\tA\t277763.77\t.\tAC=1;AF=0.500;AN=2;BaseQRankSum=489.237;DP=224896;Dels=0.00;ExcessHet=3.0103;FS=49.024;HaplotypeScore=11896.8305;MLEAC=1;MLEAF=0.500;MQ=60.00;MQ0=0;MQRankSum=914.719;QD=1.24;ReadPosRankSum=107.524;SOR=8.599\tGT:AD:DP:GQ:PL\t0/1:202006,22718:224896:99:277792,0,7178732\r\n\r\n",
    "creation_date": "2016-06-16T13:41:22.823488+00:00",
    "has_accepted": false,
    "id": 189103,
    "lastedit_date": "2016-06-16T14:51:02.059919+00:00",
    "lastedit_user_uid": "9989",
    "parent_id": 189103,
    "rank": 1466088662.059919,
    "reply_count": 5,
    "root_id": 189103,
    "status": "Open",
    "status_id": 1,
    "subs_count": 2,
    "tag_val": "gatk,vcf,qual",
    "thread_score": 3,
    "title": "Large VCF QUAL Values",
    "type": "Question",
    "type_id": 0,
    "uid": "197108",
    "url": "https://www.biostars.org/p/197108/",
    "view_count": 3967,
    "vote_count": 0,
    "xhtml": "<p>I'm currently working on calling variants for a virus that was sequenced. For lack of a better solution, I'm using the GATK UnifiedGenotyper pipeline. I'm currently getting very large QUAL values from variants called but I'm not all that sure what to make of them. </p>\n\n<p>With previous samples I've not seen any calls get QUAL values this high. The only difference I can think of is that the depth of sequencing for this sample is fairly deeper than previous ones. Has anyone else seen QUAL values this large before? </p>\n\n<pre class=\"pre\"><code class=\"language-bash\">CHROM   POS ID  REF ALT QUAL    FILTER  INFO    FORMAT  subject\nsubject 1974    .   C   T   643225.77   .   AC=1;AF=0.500;AN=2;BaseQRankSum=-1.995;DP=54510;Dels=0.00;ExcessHet=3.0103;FS=0.000;HaplotypeScore=1070.9305;MLEAC=1;MLEAF=0.500;MQ=60.00;MQ0=0;MQRankSum=-0.104;QD=11.80;ReadPosRankSum=3.332;SOR=0.696    GT:AD:DP:GQ:PL  0/1:33593,20896:54508:99:643254,0,1131073\nsubject 2776    .   C   T   2282400.77  .   AC=1;AF=0.500;AN=2;BaseQRankSum=959.800;DP=668262;Dels=0.00;ExcessHet=3.0103;FS=55.352;HaplotypeScore=64018.5916;MLEAC=1;MLEAF=0.500;MQ=60.00;MQ0=0;MQRankSum=3093.759;QD=3.42;ReadPosRankSum=517.035;SOR=9.093 GT:AD:DP:GQ:PL  0/1:566429,101157:668043:99:2282429,0,18085787\nsubject 2778    .   A   G   2689595.77  .   AC=1;AF=0.500;AN=2;DP=682653;Dels=0.00;ExcessHet=3.0103;FS=54.945;HaplotypeScore=57974.6917;MLEAC=1;MLEAF=0.500;MQ=60.00;MQ0=0;QD=3.95;SOR=6.802    GT:AD:DP:GQ:PL  0/1:572088,109628:682145:99:2689624,0,18303624\nsubject 3347    .   C   A   277763.77   .   AC=1;AF=0.500;AN=2;BaseQRankSum=489.237;DP=224896;Dels=0.00;ExcessHet=3.0103;FS=49.024;HaplotypeScore=11896.8305;MLEAC=1;MLEAF=0.500;MQ=60.00;MQ0=0;MQRankSum=914.719;QD=1.24;ReadPosRankSum=107.524;SOR=8.599  GT:AD:DP:GQ:PL  0/1:202006,22718:224896:99:277792,0,7178732\n</code></pre>\n"
}