{
    "answer_count": 0,
    "author": "Rodrigo",
    "author_uid": "113863",
    "book_count": 0,
    "comment_count": 0,
    "content": "The Genome Institute of Singapore (GIS) has an exciting opportunity for a Research Officer (Bioinformatics Specialist) to join a population-scale genomics initiative that aims to create a comprehensive data bank with integrated genetic, clinical and lifestyle data. In its pilot phase, this effort has completed whole-genome sequencing of 10K individuals, and has delivered a catalogue of common genetic variants across Singapore\u2019s three main ethnic populations (Wu D. et al. 2019, Wong et al. 2022 in preparation). Now, the challenge is to scale up genetic data production and develop the infrastructure needed the next phases of the National Precision Medicine Program (100K individuals by 2024, then 1 million individuals in 2025 and beyond). By joining our multi-disciplinary, team, you will be involved in efforts to set up a high-throughput data analysis workflow, devise solutions for managing and controlling access to petabytes of information, and eventually apply the developed tools to deliver one of the largest population genomics efforts in South Asia to date.\n\n\n**Requirements**\n\nCandidates who meet most of the requirements will be considered.\n\n- BSc, MSc or equivalent experience in Bioinformatics, Computational Biology, or related\n- Demonstrated experience in Python, preferably applied to task automation and data analysis\n- Experience in analysis of high-throughput sequencing data\n- Knowledge of standard bioinformatics file formats (BAM/CRAM, (g)VCF\u2026), tools (samtools, bcftools, IGV\u2026) and data repositories (dbSNP, ClinVar, Ensembl, gnomAD\u2026)\n- Excellent attention to detail and problem-solving skills\n- Strong communication skills and ability to work as a team\n- Good organisational skills\n- Ability to learn quickly on the job\n- Familiarity with various tools such as Docker/Singularity, Conda and/or nextflow is a plus\n- Familiarity with cloud computing environments (especially AmazonWebServices) is a plus\n- Experience with version control systems such as Git/GitHub is a plus\n- Experience with Atlassian software (Jira, Confluence) is a plus\n\n**Responsibilities**\n\n- Design, develop and implement workflows for analysing results from high-throughput sequencing experiments\n- Design, develop and implement cloud infrastructure to support population-scale WGS pipelines\n- Document analysis workflows and their associated data flow into SOPs, work instructions, protocols and other technical documentation\n- Follow established protocols in order to process consortia samples at large-scale\n- Contribute to collaborations with local and international industry partners in both the Biotech and Pharma sectors\n- Raise, troubleshoot and document unexpected outcomes in production workflows, and collaborate with colleagues to promptly resolve them\n- Implement standards and best practices (e.g. GA4GH)\n- Coordinate with members of the Dev Ops team to identify improvement areas, suggest solutions and implement them following a controlled changed process\n- Deliver internal training on various aspects of the production workflow\n\n\nFor more information, get in touch with us at **c-big@gis.a-star.edu.sg**.\n\nApply [here][1]!\n\n  [1]: https://careers.a-star.edu.sg/JobDetails.aspx?ID=rO4eEKYz6WKAq1ThyHYexQ%3D%3D",
    "creation_date": "2022-09-13T01:40:22.792891+00:00",
    "has_accepted": false,
    "id": 538194,
    "lastedit_date": "2022-09-13T01:49:20.810635+00:00",
    "lastedit_user_uid": "113863",
    "parent_id": 538194,
    "rank": 1663033222.792905,
    "reply_count": 0,
    "root_id": 538194,
    "status": "Open",
    "status_id": 1,
    "subs_count": 1,
    "tag_val": "python,population-genomics,cloud-computing,singapore,precision-medicine",
    "thread_score": 0,
    "title": "Bioinformatics Specialist @ Genome Institute of Singapore",
    "type": "Job",
    "type_id": 2,
    "uid": "9538194",
    "url": "https://www.biostars.org/p/9538194/",
    "view_count": 1034,
    "vote_count": 0,
    "xhtml": "<p>The Genome Institute of Singapore (GIS) has an exciting opportunity for a Research Officer (Bioinformatics Specialist) to join a population-scale genomics initiative that aims to create a comprehensive data bank with integrated genetic, clinical and lifestyle data. In its pilot phase, this effort has completed whole-genome sequencing of 10K individuals, and has delivered a catalogue of common genetic variants across Singapore\u2019s three main ethnic populations (Wu D. et al. 2019, Wong et al. 2022 in preparation). Now, the challenge is to scale up genetic data production and develop the infrastructure needed the next phases of the National Precision Medicine Program (100K individuals by 2024, then 1 million individuals in 2025 and beyond). By joining our multi-disciplinary, team, you will be involved in efforts to set up a high-throughput data analysis workflow, devise solutions for managing and controlling access to petabytes of information, and eventually apply the developed tools to deliver one of the largest population genomics efforts in South Asia to date.</p>\n<p><strong>Requirements</strong></p>\n<p>Candidates who meet most of the requirements will be considered.</p>\n<ul>\n<li>BSc, MSc or equivalent experience in Bioinformatics, Computational Biology, or related</li>\n<li>Demonstrated experience in Python, preferably applied to task automation and data analysis</li>\n<li>Experience in analysis of high-throughput sequencing data</li>\n<li>Knowledge of standard bioinformatics file formats (BAM/CRAM, (g)VCF\u2026), tools (samtools, bcftools, IGV\u2026) and data repositories (dbSNP, ClinVar, Ensembl, gnomAD\u2026)</li>\n<li>Excellent attention to detail and problem-solving skills</li>\n<li>Strong communication skills and ability to work as a team</li>\n<li>Good organisational skills</li>\n<li>Ability to learn quickly on the job</li>\n<li>Familiarity with various tools such as Docker/Singularity, Conda and/or nextflow is a plus</li>\n<li>Familiarity with cloud computing environments (especially AmazonWebServices) is a plus</li>\n<li>Experience with version control systems such as Git/GitHub is a plus</li>\n<li>Experience with Atlassian software (Jira, Confluence) is a plus</li>\n</ul>\n<p><strong>Responsibilities</strong></p>\n<ul>\n<li>Design, develop and implement workflows for analysing results from high-throughput sequencing experiments</li>\n<li>Design, develop and implement cloud infrastructure to support population-scale WGS pipelines</li>\n<li>Document analysis workflows and their associated data flow into SOPs, work instructions, protocols and other technical documentation</li>\n<li>Follow established protocols in order to process consortia samples at large-scale</li>\n<li>Contribute to collaborations with local and international industry partners in both the Biotech and Pharma sectors</li>\n<li>Raise, troubleshoot and document unexpected outcomes in production workflows, and collaborate with colleagues to promptly resolve them</li>\n<li>Implement standards and best practices (e.g. GA4GH)</li>\n<li>Coordinate with members of the Dev Ops team to identify improvement areas, suggest solutions and implement them following a controlled changed process</li>\n<li>Deliver internal training on various aspects of the production workflow</li>\n</ul>\n<p>For more information, get in touch with us at <strong>c-big@gis.a-star.edu.sg</strong>.</p>\n<p>Apply <a href=\"https://careers.a-star.edu.sg/JobDetails.aspx?ID=rO4eEKYz6WKAq1ThyHYexQ%3D%3D\" rel=\"nofollow\">here</a>!</p>\n"
}