{
    "answer_count": 0,
    "author": "akhattri",
    "author_uid": "9723",
    "book_count": 0,
    "comment_count": 0,
    "content": "I am  trying to slice some whole exome bam files from TCGA and for my pipeline I need to extract read pairs. I used samtools sort -n to sort the bam file and using bedtools bamtofastq to extract paired reads but it seems there are lot of reads for which there is no mate in the bam file. I thought I could extract the fastq files from the bam files which will be equivalent to raw sequencing data but it does not seems to be the case. Please share your experience or if you have better method to extract reads. I am going to try Sambamba which some folks suggest to be much faster than samtools. \r\n\r\nThanks,\r\nArun\r\n",
    "creation_date": "2017-03-05T05:57:23.356401+00:00",
    "has_accepted": false,
    "id": 231265,
    "lastedit_date": "2017-03-05T06:01:35.213732+00:00",
    "lastedit_user_uid": "9723",
    "parent_id": 231265,
    "rank": 1488693695.213732,
    "reply_count": 0,
    "root_id": 231265,
    "status": "Open",
    "status_id": 1,
    "subs_count": 0,
    "tag_val": "TCGA,Exome,BAM,NGS",
    "thread_score": 0,
    "title": "Does whole exome bam files in TCGA have unpaired reads? ",
    "type": "Question",
    "type_id": 0,
    "uid": "240282",
    "url": "https://www.biostars.org/p/240282/",
    "view_count": 1727,
    "vote_count": 0,
    "xhtml": "<p>I am  trying to slice some whole exome bam files from TCGA and for my pipeline I need to extract read pairs. I used samtools sort -n to sort the bam file and using bedtools bamtofastq to extract paired reads but it seems there are lot of reads for which there is no mate in the bam file. I thought I could extract the fastq files from the bam files which will be equivalent to raw sequencing data but it does not seems to be the case. Please share your experience or if you have better method to extract reads. I am going to try Sambamba which some folks suggest to be much faster than samtools. </p>\n\n<p>Thanks,\nArun</p>\n"
}