{
    "answer_count": 3,
    "author": "rodrigo.nicodemos82",
    "author_uid": "18475",
    "book_count": 0,
    "comment_count": 3,
    "content": "Hello all,\n\nI've been using the Tuxedo suite to calculate differential gene expression for Drosophila RNAseq samples I have been analyzing. I've noticed that Cufflinks/Cuffdiff seems to give incorrect statistics between ON and OFF genes.\n\nMy pipeline for analyzing differential gene expression was: 1) Align reads with TopHat, 2) Cufflinks to estimate gene/isoform abundance, 3) Merge cufflinks files with Cuffmerge, and 4) Perform differential gene expression test with Cuffdiff (earlier version of cufflinks package).\n\nFor both cufflinks and cuffdiff I used the options -frag-bias-correct and -multi-read-correct to improve the accuracy of the abundance of the expressed genes.\n\nHere is an example of how this pipeline seems to miscalculating the expression between ON and OFF genes:\n\n```\ntest_id       gene_id       gene      locus                     sample_1   sample_2   status   value_1    value_2   log2(fold_change)   test_stat   p_value    q_value      significant\nXLOC_000812   XLOC_000812   CR44143   chr2L:11721285-11722098   WT         mut        OK       0.721719   0         #NAME?              nan         5.00E-05   0.00148681   yes\nXLOC_000933   XLOC_000933   CG31813   chr2L:13736139-13736792   WT         mut        OK       1.83633    0         #NAME?              nan         5.00E-05   0.00148681   yes\nXLOC_001662   XLOC_001662   CG43165   chr2L:3694462-3694938     WT         mut        OK       1.07611    0         #NAME?              nan         5.00E-05   0.00148681   yes\nXLOC_010147   XLOC_010147   CG14244   chr3R:22551862-22552246   WT         mut        OK       0.843113   0         #NAME?              nan         0.0055     0.0576938    no\nXLOC_007888   XLOC_007888   CG43391   chr3L:11573928-11574119   WT         mut        OK       2.8848     0         #NAME?              nan         0.01215    0.101753     no\nXLOC_001158   XLOC_001158   Arr1      chr2L:18078268-18081187   WT         mut        HIDATA   0          7600.17   0                   0           1          1            no\nXLOC_011439   XLOC_011439   Rh3       chr3R:15906781-15908172   WT         mut        HIDATA   2034.74    0         0                   0           1          1            no\n```\n\nWhy am I seeing this discrepancy in the differential gene expression between ON and OFF genes. Especially for the genes that get a status called `HIDATA`.\n\nHow can I resolve this discrepancy and improve the calculating of differential gene expression for these ON and OFF genes.\n\nThank you\n\nRodrigo",
    "creation_date": "2015-06-30T14:44:51.131194+00:00",
    "has_accepted": false,
    "id": 142120,
    "lastedit_date": "2022-12-13T02:37:18.975928+00:00",
    "lastedit_user_uid": "8494",
    "parent_id": 142120,
    "rank": 1435675491.131194,
    "reply_count": 3,
    "root_id": 142120,
    "status": "Open",
    "status_id": 1,
    "subs_count": 1,
    "tag_val": "Cufflinks,RNA-Seq,Cuffdiff",
    "thread_score": 0,
    "title": "Cufflinks/Cuffdiff giving incorrect statistics between ON/OFF genes",
    "type": "Question",
    "type_id": 0,
    "uid": "148864",
    "url": "https://www.biostars.org/p/148864/",
    "view_count": 2791,
    "vote_count": 0,
    "xhtml": "<p>Hello all,</p>\n<p>I've been using the Tuxedo suite to calculate differential gene expression for Drosophila RNAseq samples I have been analyzing. I've noticed that Cufflinks/Cuffdiff seems to give incorrect statistics between ON and OFF genes.</p>\n<p>My pipeline for analyzing differential gene expression was: 1) Align reads with TopHat, 2) Cufflinks to estimate gene/isoform abundance, 3) Merge cufflinks files with Cuffmerge, and 4) Perform differential gene expression test with Cuffdiff (earlier version of cufflinks package).</p>\n<p>For both cufflinks and cuffdiff I used the options -frag-bias-correct and -multi-read-correct to improve the accuracy of the abundance of the expressed genes.</p>\n<p>Here is an example of how this pipeline seems to miscalculating the expression between ON and OFF genes:</p>\n<pre><code>test_id       gene_id       gene      locus                     sample_1   sample_2   status   value_1    value_2   log2(fold_change)   test_stat   p_value    q_value      significant\nXLOC_000812   XLOC_000812   CR44143   chr2L:11721285-11722098   WT         mut        OK       0.721719   0         #NAME?              nan         5.00E-05   0.00148681   yes\nXLOC_000933   XLOC_000933   CG31813   chr2L:13736139-13736792   WT         mut        OK       1.83633    0         #NAME?              nan         5.00E-05   0.00148681   yes\nXLOC_001662   XLOC_001662   CG43165   chr2L:3694462-3694938     WT         mut        OK       1.07611    0         #NAME?              nan         5.00E-05   0.00148681   yes\nXLOC_010147   XLOC_010147   CG14244   chr3R:22551862-22552246   WT         mut        OK       0.843113   0         #NAME?              nan         0.0055     0.0576938    no\nXLOC_007888   XLOC_007888   CG43391   chr3L:11573928-11574119   WT         mut        OK       2.8848     0         #NAME?              nan         0.01215    0.101753     no\nXLOC_001158   XLOC_001158   Arr1      chr2L:18078268-18081187   WT         mut        HIDATA   0          7600.17   0                   0           1          1            no\nXLOC_011439   XLOC_011439   Rh3       chr3R:15906781-15908172   WT         mut        HIDATA   2034.74    0         0                   0           1          1            no\n</code></pre>\n<p>Why am I seeing this discrepancy in the differential gene expression between ON and OFF genes. Especially for the genes that get a status called <code>HIDATA</code>.</p>\n<p>How can I resolve this discrepancy and improve the calculating of differential gene expression for these ON and OFF genes.</p>\n<p>Thank you</p>\n<p>Rodrigo</p>\n"
}