{
    "answer_count": 2,
    "author": "synat.keam",
    "author_uid": "96853",
    "book_count": 0,
    "comment_count": 1,
    "content": "Dear all, fellows, \n\n I used DoubletFinder from Chris **https://github.com/chris-mcginnis-ucsf/DoubletFinder** to filter out doublet cells for each sample individually and used standard seurat pipeline to normalize the data as using following functions because I cannot use SCTransform with seurat 5 as DoubletFinder did not upgrade to match with Seurat5 yet. \n\n``` r\nNormalizeData(object = XXX)\nFindVariableFeatures(object = XXX)\nScaleData(object = XXX)\nRunPCA(object = XXX)\nFindNeighbors(object = XXX, dims = 1:X)\nFindClusters(object = XXX)\nRunUMAP(object = XXX, dims = 1:X)\n```\n\nAfter that, I used `DoubletFinder` pipeline to filter out doublet cells and save singlet object for individual sample. Next, I merged all singlet objects for analysis. After merging, I used SCTransform to normalize the data, runPCA, integration using harmony and RunUMAP, FindNeighbor, and FindCluster etc.\n\nMy question, since I normalized data using seurat pipeline for doublet filtering and then switched to SCTransform after merging all singlet object for clustering. Is this the right way? The reason I sticked with SCTransform because I tended to get a good cluster with it. However, weird thing came up. Treg (Foxp3) population and CD8 population and CD4 population looked strange in Cluster 7, 8, 11, 13 as they have a bit of those three population. Generally, Treg should stay together in **Cluster 6** rather spreading in different cluster far away for each other. Not sure whether these are also doublet. If so, they are big population. What could be wrong here and what else should I do. I am just stuck a bit. I attached the picture. Looking forward to some comments. \n\nRegards,  \nSk\n\n![enter image description here][1]\n\n![enter image description here][2]\n\n  [1]: /media/images/07e9c754-66b0-49c7-a46f-92756e5f\n  [2]: /media/images/a56e4e7f-13fd-4599-b2f2-99b35a0c",
    "creation_date": "2023-11-14T02:22:28.012228+00:00",
    "has_accepted": false,
    "id": 580183,
    "lastedit_date": "2024-03-05T15:00:00.502446+00:00",
    "lastedit_user_uid": "97109",
    "parent_id": 580183,
    "rank": 1709650800.645985,
    "reply_count": 2,
    "root_id": 580183,
    "status": "Open",
    "status_id": 1,
    "subs_count": 3,
    "tag_val": "single-cell",
    "thread_score": 0,
    "title": "Filter out doublet and Clustering",
    "type": "Question",
    "type_id": 0,
    "uid": "9580183",
    "url": "https://www.biostars.org/p/9580183/",
    "view_count": 1247,
    "vote_count": 0,
    "xhtml": "<p>Dear all, fellows,</p>\n<p>I used DoubletFinder from Chris <strong><a href=\"https://github.com/chris-mcginnis-ucsf/DoubletFinder\" rel=\"nofollow\">https://github.com/chris-mcginnis-ucsf/DoubletFinder</a></strong> to filter out doublet cells for each sample individually and used standard seurat pipeline to normalize the data as using following functions because I cannot use SCTransform with seurat 5 as DoubletFinder did not upgrade to match with Seurat5 yet.</p>\n<pre><code class=\"lang-r\">NormalizeData(object = XXX)\nFindVariableFeatures(object = XXX)\nScaleData(object = XXX)\nRunPCA(object = XXX)\nFindNeighbors(object = XXX, dims = 1:X)\nFindClusters(object = XXX)\nRunUMAP(object = XXX, dims = 1:X)\n</code></pre>\n<p>After that, I used <code>DoubletFinder</code> pipeline to filter out doublet cells and save singlet object for individual sample. Next, I merged all singlet objects for analysis. After merging, I used SCTransform to normalize the data, runPCA, integration using harmony and RunUMAP, FindNeighbor, and FindCluster etc.</p>\n<p>My question, since I normalized data using seurat pipeline for doublet filtering and then switched to SCTransform after merging all singlet object for clustering. Is this the right way? The reason I sticked with SCTransform because I tended to get a good cluster with it. However, weird thing came up. Treg (Foxp3) population and CD8 population and CD4 population looked strange in Cluster 7, 8, 11, 13 as they have a bit of those three population. Generally, Treg should stay together in <strong>Cluster 6</strong> rather spreading in different cluster far away for each other. Not sure whether these are also doublet. If so, they are big population. What could be wrong here and what else should I do. I am just stuck a bit. I attached the picture. Looking forward to some comments.</p>\n<p>Regards,<br>\nSk</p>\n<p><img alt=\"enter image description here\" src=\"/media/images/07e9c754-66b0-49c7-a46f-92756e5f\"></p>\n<p><img alt=\"enter image description here\" src=\"/media/images/a56e4e7f-13fd-4599-b2f2-99b35a0c\"></p>\n"
}