{
    "answer_count": 3,
    "author": "Danielle",
    "author_uid": "93731",
    "book_count": 0,
    "comment_count": 3,
    "content": "At Pattern Ag, we are leveraging advances in genomics, data science, and microbiology to help farmers improve the productivity and profitability of their land. With a state-of-the-art lab and a team comprised of the foremost experts in each industry vertical we touch, Pattern helps farmers identify the microorganisms living in their soils so that they can promote the good and eliminate the bad. We are hyper farmer-focused, which means we are determined to create a product that provides real value to our customers. We are growing quickly and excited to add this critical role to our team.\n\nOur team is seeking an experienced metagenomics scientist to develop models, pipelines, and pattern analyses for soil genome data. We are looking for someone with strong code skills and a deep passion for metagenomics to join our data science team, and work cross disciplinarily with our software, and laboratory teams. If you are excited to mine a novel soil genomic database for dominant patterns that will form the bedrock of tools to increase the sustainability of modern agriculture then we look forward to meeting!\n\nRead more about the opportunity and apply [here][1].\n\nPlease note, must be eligible to work in the USA by August 2021\n\n  [1]: https://jobs.lever.co/patternag/be2e06ba-6023-4842-9900-434b6e7e6ed9",
    "creation_date": "2021-06-21T16:50:48.670429+00:00",
    "has_accepted": false,
    "id": 476614,
    "lastedit_date": "2021-06-23T14:59:47.721672+00:00",
    "lastedit_user_uid": "8494",
    "parent_id": 476614,
    "rank": 1624294248.670446,
    "reply_count": 3,
    "root_id": 476614,
    "status": "Open",
    "status_id": 1,
    "subs_count": 2,
    "tag_val": "metagenomics,python,development,NGS",
    "thread_score": 1,
    "title": "Bioinformaticist or computational biologist opportunity at Pattern Ag (CA, USA) in metagenomics",
    "type": "Job",
    "type_id": 2,
    "uid": "9476614",
    "url": "https://www.biostars.org/p/9476614/",
    "view_count": 1610,
    "vote_count": 0,
    "xhtml": "<p>At Pattern Ag, we are leveraging advances in genomics, data science, and microbiology to help farmers improve the productivity and profitability of their land. With a state-of-the-art lab and a team comprised of the foremost experts in each industry vertical we touch, Pattern helps farmers identify the microorganisms living in their soils so that they can promote the good and eliminate the bad. We are hyper farmer-focused, which means we are determined to create a product that provides real value to our customers. We are growing quickly and excited to add this critical role to our team.</p>\n<p>Our team is seeking an experienced metagenomics scientist to develop models, pipelines, and pattern analyses for soil genome data. We are looking for someone with strong code skills and a deep passion for metagenomics to join our data science team, and work cross disciplinarily with our software, and laboratory teams. If you are excited to mine a novel soil genomic database for dominant patterns that will form the bedrock of tools to increase the sustainability of modern agriculture then we look forward to meeting!</p>\n<p>Read more about the opportunity and apply <a href=\"https://jobs.lever.co/patternag/be2e06ba-6023-4842-9900-434b6e7e6ed9\" rel=\"nofollow\">here</a>.</p>\n<p>Please note, must be eligible to work in the USA by August 2021</p>\n"
}