{
    "answer_count": 1,
    "author": "Liang Sun",
    "author_uid": "62209",
    "book_count": 0,
    "comment_count": 1,
    "content": "Please use this link to apply: https://www.linkedin.com/jobs/view/2940336183/\n\nAt Boston Children's Hospital, success is measured in patients treated, parents comforted, and teams taught. It's in discoveries made, processes perfected, and technology advanced. In major medical breakthroughs and small acts of kindness and in colleagues who have your back and patients who have your heart. As a teaching hospital of Harvard Medical School, our reach is global, and our impact is profound. Join our acclaimed research computing group and discover how your talents can change lives. Yours included.  \n\nResearch Computing at Boston Children\u2019s supports basic, translational, and clinical research by providing researchers with access to digital tools and technologies. The Research Computing teams work jointly to support the community through a unified request intake process and extensive on-line documentation. We also collaborate with BCH scientists to develop solutions in support of cutting-edge research ranging from lattice light-sheet microscopy to CryoEM, genomics, and informatics. Our computing environment consists of high-performance computing clusters, virtual machines, PetaByte-scale high-performance storage and cloud platforms. Join our acclaimed research computing group and discover how your talents can change lives.\n\nYou will work with researchers who have long-reads whole genome sequencing, RNA-seq, Hi-C, ChIP-seq data to investigate a genetic risk for strabismus in children as well as with other pediatric scientists at BCH. The primary responsibilities will be building pipelines for the analysis, integration and sharing of these data. You will analyze, integrate different types of next generation sequencing data and interpret the results. The ideal candidate should have enthusiasm for developing collaborative relationships and a desire to foster the use of bioinformatics data in research studies.\n\nIn order to qualify you must have:\nMinimum of  4-year Bachelor's degree in science, technology, engineering or mathematics. Minimum of two-years of advanced bioinformatics experience. Preference for candidates with a Ph.D. in Bioinformatics, Computational biology or related. \nExtensive knowledge of the use of bioinformatics computations in high performance computing environments, including open source bioinformatics software and pipelines to support diverse bioinformatics analyses such as bulk RNA-seq, WGS, ChIP-seq, etc. \nExperience working with at least one of the following technologies: RNA-seq, HiC, ChIP-seq, WES, long read sequencing data, scRNA-seq. Ability to follow stringent data privacy requirements where applicable.\nExtensive knowledge of technologies used in support of biomedical research, such as programming languages (R and Python), databases (SQL), version control (Git), scientific workflow tools and high performance computing clusters. Cloud computing tools would be a bonus. \nAbility to independently resolve a wide range of research computing assignments in support of biomedical research; ability to routinely lead projects and coordinate project teams; readiness to seek advice and guidance when needed and to operate effectively in collaboration with scientists and clinicians; ability to follow, improve and create technical documentation and standard operating procedures.\nStrong publication record. Ability to effectively convey messages through written communication that are tailored to target audience; meeting discussions and one-on-one verbal communications are clear and effective; ability to conduct effective meetings, to present in departmental and hospital forums and to develop training instructions and manuals; experience with teaching and effective mentoring; ability to effectively engage with scientists and clinicians.\n\nYou will be responsible for:\n\nProviding computational support services to Boston Children's Hospital scientists and clinicians by applying a wide range of bioinformatics tools, methods and technologies; with minimal supervision and direction, completing assignments in the required timeframe; consistently adhering to and promoting standard operating procedures and best practices; maintaining and upgrading research computing tools, methods and technologies, migrating ",
    "creation_date": "2022-03-07T22:24:11.111153+00:00",
    "has_accepted": false,
    "id": 513753,
    "lastedit_date": "2022-12-14T21:39:22.757392+00:00",
    "lastedit_user_uid": "8494",
    "parent_id": 513753,
    "rank": 1646691851.111165,
    "reply_count": 1,
    "root_id": 513753,
    "status": "Open",
    "status_id": 1,
    "subs_count": 2,
    "tag_val": "NGS,RNA-seq,ChIP-seq",
    "thread_score": 0,
    "title": "Bioinformatics Scientist Position Available at Boston Children's Hosptial",
    "type": "Job",
    "type_id": 2,
    "uid": "9513753",
    "url": "https://www.biostars.org/p/9513753/",
    "view_count": 790,
    "vote_count": 0,
    "xhtml": "<p>Please use this link to apply: <a href=\"https://www.linkedin.com/jobs/view/2940336183/\" rel=\"nofollow\">https://www.linkedin.com/jobs/view/2940336183/</a></p>\n<p>At Boston Children's Hospital, success is measured in patients treated, parents comforted, and teams taught. It's in discoveries made, processes perfected, and technology advanced. In major medical breakthroughs and small acts of kindness and in colleagues who have your back and patients who have your heart. As a teaching hospital of Harvard Medical School, our reach is global, and our impact is profound. Join our acclaimed research computing group and discover how your talents can change lives. Yours included.</p>\n<p>Research Computing at Boston Children\u2019s supports basic, translational, and clinical research by providing researchers with access to digital tools and technologies. The Research Computing teams work jointly to support the community through a unified request intake process and extensive on-line documentation. We also collaborate with BCH scientists to develop solutions in support of cutting-edge research ranging from lattice light-sheet microscopy to CryoEM, genomics, and informatics. Our computing environment consists of high-performance computing clusters, virtual machines, PetaByte-scale high-performance storage and cloud platforms. Join our acclaimed research computing group and discover how your talents can change lives.</p>\n<p>You will work with researchers who have long-reads whole genome sequencing, RNA-seq, Hi-C, ChIP-seq data to investigate a genetic risk for strabismus in children as well as with other pediatric scientists at BCH. The primary responsibilities will be building pipelines for the analysis, integration and sharing of these data. You will analyze, integrate different types of next generation sequencing data and interpret the results. The ideal candidate should have enthusiasm for developing collaborative relationships and a desire to foster the use of bioinformatics data in research studies.</p>\n<p>In order to qualify you must have:\nMinimum of  4-year Bachelor's degree in science, technology, engineering or mathematics. Minimum of two-years of advanced bioinformatics experience. Preference for candidates with a Ph.D. in Bioinformatics, Computational biology or related. \nExtensive knowledge of the use of bioinformatics computations in high performance computing environments, including open source bioinformatics software and pipelines to support diverse bioinformatics analyses such as bulk RNA-seq, WGS, ChIP-seq, etc. \nExperience working with at least one of the following technologies: RNA-seq, HiC, ChIP-seq, WES, long read sequencing data, scRNA-seq. Ability to follow stringent data privacy requirements where applicable.\nExtensive knowledge of technologies used in support of biomedical research, such as programming languages (R and Python), databases (SQL), version control (Git), scientific workflow tools and high performance computing clusters. Cloud computing tools would be a bonus. \nAbility to independently resolve a wide range of research computing assignments in support of biomedical research; ability to routinely lead projects and coordinate project teams; readiness to seek advice and guidance when needed and to operate effectively in collaboration with scientists and clinicians; ability to follow, improve and create technical documentation and standard operating procedures.\nStrong publication record. Ability to effectively convey messages through written communication that are tailored to target audience; meeting discussions and one-on-one verbal communications are clear and effective; ability to conduct effective meetings, to present in departmental and hospital forums and to develop training instructions and manuals; experience with teaching and effective mentoring; ability to effectively engage with scientists and clinicians.</p>\n<p>You will be responsible for:</p>\n<p>Providing computational support services to Boston Children's Hospital scientists and clinicians by applying a wide range of bioinformatics tools, methods and technologies; with minimal supervision and direction, completing assignments in the required timeframe; consistently adhering to and promoting standard operating procedures and best practices; maintaining and upgrading research computing tools, methods and technologies, migrating</p>\n"
}