{
    "answer_count": 3,
    "author": "arr234",
    "author_uid": "47818",
    "book_count": 0,
    "comment_count": 2,
    "content": "I am new to linux OS. As I have to do fastqc for 500 fastq files, I thought I will use linux to batch run and to pipeline the results to multiqc. Kindly help me with the linux commands to do the same. Thanks in advance.",
    "creation_date": "2022-03-29T09:42:52.584980+00:00",
    "has_accepted": false,
    "id": 516731,
    "lastedit_date": "2022-03-29T13:24:54.983923+00:00",
    "lastedit_user_uid": "18713",
    "parent_id": 516731,
    "rank": 1648558164.575029,
    "reply_count": 3,
    "root_id": 516731,
    "status": "Open",
    "status_id": 1,
    "subs_count": 3,
    "tag_val": "multiqc,fastqc",
    "thread_score": 1,
    "title": "How to run fastqc for 500 raw sequence reads (100 single end and 400 paired end reads) in linux terminal and take the results to multiqc?",
    "type": "Question",
    "type_id": 0,
    "uid": "9516731",
    "url": "https://www.biostars.org/p/9516731/",
    "view_count": 1190,
    "vote_count": 0,
    "xhtml": "<p>I am new to linux OS. As I have to do fastqc for 500 fastq files, I thought I will use linux to batch run and to pipeline the results to multiqc. Kindly help me with the linux commands to do the same. Thanks in advance.</p>\n"
}