{
    "answer_count": 0,
    "author": "pomodoro_sinensis",
    "author_uid": "78123",
    "book_count": 0,
    "comment_count": 0,
    "content": "Hello,\r\n\r\nI am working on an scRNA-seq pipeline in which the transcripts for each cell are tagged with two different barcodes, instead of one. So, after running Kallisto, the count matrix (that I store as an anndata object) will have twice as many \"observations\" or barcodes than real cells.\r\n\r\nI would like to collapse each pair of observations into a single observation. I know how to identify and extract which observations I want to join to which. But how do I add them up and replace the two observations by the new one?\r\n\r\nThank you!!",
    "creation_date": "2020-11-25T01:04:45.653121+00:00",
    "has_accepted": false,
    "id": 445687,
    "lastedit_date": "2020-11-25T01:04:45.653121+00:00",
    "lastedit_user_uid": "78123",
    "parent_id": 445687,
    "rank": 1606266285.653121,
    "reply_count": 0,
    "root_id": 445687,
    "status": "Open",
    "status_id": 1,
    "subs_count": 0,
    "tag_val": "scRNA-seq,anndata",
    "thread_score": 0,
    "title": "How do you add up the results from two barcodes in an anndata object?",
    "type": "Question",
    "type_id": 0,
    "uid": "475250",
    "url": "https://www.biostars.org/p/475250/",
    "view_count": 625,
    "vote_count": 0,
    "xhtml": "<p>Hello,</p>\n\n<p>I am working on an scRNA-seq pipeline in which the transcripts for each cell are tagged with two different barcodes, instead of one. So, after running Kallisto, the count matrix (that I store as an anndata object) will have twice as many \"observations\" or barcodes than real cells.</p>\n\n<p>I would like to collapse each pair of observations into a single observation. I know how to identify and extract which observations I want to join to which. But how do I add them up and replace the two observations by the new one?</p>\n\n<p>Thank you!!</p>\n"
}