{
    "answer_count": 2,
    "author": "Sen",
    "author_uid": "145871",
    "book_count": 0,
    "comment_count": 2,
    "content": "Hi guys,\n\nI want to do some genotype imputation accuracy checks and what I am using is `LinkimputeR` with vcf inputs. I tried to use `bcftools +setGT` to add missing values and bcftools gtcheck to check discordance. But it seems something wrong with it, the vcf file added missing value with no discordance with the original one.\n\nIs there any other way to add missing value to vcf for imputation check? In short, is there any standard pipeline for downsampling?",
    "creation_date": "2024-07-11T08:48:46.942766+00:00",
    "has_accepted": false,
    "id": 598784,
    "lastedit_date": "2024-07-11T22:24:04.076355+00:00",
    "lastedit_user_uid": "18713",
    "parent_id": 598784,
    "rank": 1720731068.320824,
    "reply_count": 2,
    "root_id": 598784,
    "status": "Open",
    "status_id": 1,
    "subs_count": 2,
    "tag_val": "imputation",
    "thread_score": 0,
    "title": "Genotype imputation check",
    "type": "Question",
    "type_id": 0,
    "uid": "9598784",
    "url": "https://www.biostars.org/p/9598784/",
    "view_count": 338,
    "vote_count": 0,
    "xhtml": "<p>Hi guys,</p>\n<p>I want to do some genotype imputation accuracy checks and what I am using is <code>LinkimputeR</code> with vcf inputs. I tried to use <code>bcftools +setGT</code> to add missing values and bcftools gtcheck to check discordance. But it seems something wrong with it, the vcf file added missing value with no discordance with the original one.</p>\n<p>Is there any other way to add missing value to vcf for imputation check? In short, is there any standard pipeline for downsampling?</p>\n"
}