{
    "answer_count": 4,
    "author": "ofonov",
    "author_uid": "24802",
    "book_count": 0,
    "comment_count": 3,
    "content": "I am running a GATK pipeline on RNA-seq data. For the alignment I have used GATK-bunle genome - human_g1k_v37_decoy.fasta. Now I would like to use the alignment files with featurecounts to obtain TPMs, which requires a GTF annotation file. However GATK bundle does not include annotation. \r\n\r\nWhich version of the annotation should I use? Will it be OK to use the latest version of the  Ensembl annotation - GRCh37 release 87? Or should I go some versions down?",
    "creation_date": "2017-02-17T10:47:52.518635+00:00",
    "has_accepted": false,
    "id": 228426,
    "lastedit_date": "2017-02-17T11:07:47.324959+00:00",
    "lastedit_user_uid": "7019",
    "parent_id": 228426,
    "rank": 1487329667.324959,
    "reply_count": 4,
    "root_id": 228426,
    "status": "Open",
    "status_id": 1,
    "subs_count": 3,
    "tag_val": "Annotation,Ensembl,Genome",
    "thread_score": 2,
    "title": "Ensembl Genome annotations versions",
    "type": "Question",
    "type_id": 0,
    "uid": "237405",
    "url": "https://www.biostars.org/p/237405/",
    "view_count": 2064,
    "vote_count": 0,
    "xhtml": "<p>I am running a GATK pipeline on RNA-seq data. For the alignment I have used GATK-bunle genome - human_g1k_v37_decoy.fasta. Now I would like to use the alignment files with featurecounts to obtain TPMs, which requires a GTF annotation file. However GATK bundle does not include annotation. </p>\n\n<p>Which version of the annotation should I use? Will it be OK to use the latest version of the  Ensembl annotation - GRCh37 release 87? Or should I go some versions down?</p>\n"
}