{
    "answer_count": 1,
    "author": "eyonesi",
    "author_uid": "35394",
    "book_count": 0,
    "comment_count": 0,
    "content": "Hi all Dear\r\nwhat are minimum hardware requirements (RAM, Hard Disk, CPU, Graphic Card) for denovo RNAseq analysis, when it is avaiable 32 Gb raw data, Trinity pipeline?",
    "creation_date": "2017-05-23T11:36:44.675580+00:00",
    "has_accepted": false,
    "id": 244958,
    "lastedit_date": "2017-05-23T11:42:33.346793+00:00",
    "lastedit_user_uid": "18713",
    "parent_id": 244958,
    "rank": 1495539753.346793,
    "reply_count": 1,
    "root_id": 244958,
    "status": "Open",
    "status_id": 1,
    "subs_count": 1,
    "tag_val": "RNA-Seq",
    "thread_score": 1,
    "title": "minimum hardware requirement for denovo RNAseq analysis ",
    "type": "Question",
    "type_id": 0,
    "uid": "254185",
    "url": "https://www.biostars.org/p/254185/",
    "view_count": 1620,
    "vote_count": 0,
    "xhtml": "<p>Hi all Dear\nwhat are minimum hardware requirements (RAM, Hard Disk, CPU, Graphic Card) for denovo RNAseq analysis, when it is avaiable 32 Gb raw data, Trinity pipeline?</p>\n"
}