{
    "answer_count": 2,
    "author": "arctic",
    "author_uid": "60906",
    "book_count": 0,
    "comment_count": 1,
    "content": "Dear all,\r\nI am new to the field. I have recently been using the new tuxedo pipeline (HISAT2 aligner and StringTie Assembler with \"de novo\" assembly) for RNA-Seq data of *Arabidopsis thaliana* (more details below). \r\nThe pipeline in my hand has identified ~26K transcripts with ~15K being assigned a Gene Symbol from the reference gtf. \r\nI wonder if this ratio (68% of transcripts being assigned gene symbols) is within expected range? If you have experience with Arabidopsis RNA-Seq data, your input is appreciated. \r\n\r\nThank you for your reply beforehand.\r\n\r\nMore details on the data (if needed):\r\n- Samples: 18\r\n- RNA Prep: SMART-Seq\u00ae v4 Ultra\u00ae Low Input RNA Kit for Sequencing (Clontech)\r\n- Library Prep: Nextera\u00ae DNA Library Prep (Illumina)\r\n- Seq: NextSeq500 sequencing\r\n- Cycles: 75Cycles(paired-end)\r\n- Sample Num: 18\r\n- Ensemble References Used:\r\nArabidopsis_thaliana.TAIR10.dna.toplevel.fa\r\nArabidopsis_thaliana.TAIR10.45.gtf",
    "creation_date": "2019-12-16T02:17:11.090599+00:00",
    "has_accepted": true,
    "id": 397353,
    "lastedit_date": "2019-12-16T19:08:43.004055+00:00",
    "lastedit_user_uid": "60906",
    "parent_id": 397353,
    "rank": 1576523323.004055,
    "reply_count": 2,
    "root_id": 397353,
    "status": "Open",
    "status_id": 1,
    "subs_count": 1,
    "tag_val": "new tuxedo,stringtie,RNA-Seq,Arabidopsis,Ensembl",
    "thread_score": 4,
    "title": "Arabidopsis thaliana RNA-Seq analysis: Is 68% transcript annotation acceptable/expected with Ensembl ref and new tuxedo pipeline",
    "type": "Question",
    "type_id": 0,
    "uid": "412639",
    "url": "https://www.biostars.org/p/412639/",
    "view_count": 868,
    "vote_count": 0,
    "xhtml": "<p>Dear all,\nI am new to the field. I have recently been using the new tuxedo pipeline (HISAT2 aligner and StringTie Assembler with \"de novo\" assembly) for RNA-Seq data of <em>Arabidopsis thaliana</em> (more details below). \nThe pipeline in my hand has identified ~26K transcripts with ~15K being assigned a Gene Symbol from the reference gtf. \nI wonder if this ratio (68% of transcripts being assigned gene symbols) is within expected range? If you have experience with Arabidopsis RNA-Seq data, your input is appreciated. </p>\n\n<p>Thank you for your reply beforehand.</p>\n\n<p>More details on the data (if needed):\n- Samples: 18\n- RNA Prep: SMART-Seq\u00ae v4 Ultra\u00ae Low Input RNA Kit for Sequencing (Clontech)\n- Library Prep: Nextera\u00ae DNA Library Prep (Illumina)\n- Seq: NextSeq500 sequencing\n- Cycles: 75Cycles(paired-end)\n- Sample Num: 18\n- Ensemble References Used:\nArabidopsis_thaliana.TAIR10.dna.toplevel.fa\nArabidopsis_thaliana.TAIR10.45.gtf</p>\n"
}