{
    "answer_count": 0,
    "author": "bari.ballew",
    "author_uid": "44498",
    "book_count": 0,
    "comment_count": 0,
    "content": "I am delighted to announce TWO PhD-level #bioinformatics openings on my team! \n\nDo you get up-in-arms about ancestry inference? Does the loss of uncertainty when converting imputed probabilities to genotypes keep you up at night? Do you have strong opinions about the minimum size of a dataset that warrants running linear mixed models? Well, you might be the #GWAS expert we are looking for! \n\nhttps://leidosbiomed.csod.com/ats/careersite/jobdetails.aspx?site=4&c=leidosbiomed&id=1355\n\nDo you host vigorous debates over the merits of virtual environment management vs. containerization? Do you proselytize to your friends about #reproducibility in bioinformatics as a moral imperative? Have you typed \u201cSnakemake\u201d so often that it no longer autocorrects to \u201csnakelike\u201d? Then you\u2019ll fit right in building NGS pipelines on my team! \n\nhttps://leidosbiomed.csod.com/ats/careersite/jobdetails.aspx?site=4&c=leidosbiomed&id=1452\n\nWhile I am looking for specific experience for these roles, we are focused on personal growth and career development - bring your own skills, and learn some more!  We have opportunities to get your hands dirty with GWAS and meta-analysis, WES/WGS, RNA-seq, metagenomics, structural variation, CNVs, mosaicism, and more, across a wide variety of unique and rich datasets. We emphasize reproducible, tested, production-scale pipeline development both on-prem and in the cloud, and we use those pipelines to support responsible science and accurate interpretation of results.  Message me with questions - here on biostars or \nhttps://www.linkedin.com/in/bariballew/",
    "creation_date": "2020-10-28T12:50:44.977504+00:00",
    "has_accepted": false,
    "id": 442148,
    "lastedit_date": "2023-06-13T14:57:46.058652+00:00",
    "lastedit_user_uid": "8494",
    "parent_id": 442148,
    "rank": 1603889444.977504,
    "reply_count": 0,
    "root_id": 442148,
    "status": "Open",
    "status_id": 1,
    "subs_count": 0,
    "tag_val": "phd,gwas,reproducibility,next-gen",
    "thread_score": 0,
    "title": "Two Bioinformatics positions (GWAS and NGS pipelines) @Cancer Genomics Research Lab, National Cancer Institute - MD, USA",
    "type": "Job",
    "type_id": 2,
    "uid": "469926",
    "url": "https://www.biostars.org/p/469926/",
    "view_count": 793,
    "vote_count": 0,
    "xhtml": "<p>I am delighted to announce TWO PhD-level #bioinformatics openings on my team!</p>\n<p>Do you get up-in-arms about ancestry inference? Does the loss of uncertainty when converting imputed probabilities to genotypes keep you up at night? Do you have strong opinions about the minimum size of a dataset that warrants running linear mixed models? Well, you might be the #GWAS expert we are looking for!</p>\n<p><a href=\"https://leidosbiomed.csod.com/ats/careersite/jobdetails.aspx?site=4&amp;c=leidosbiomed&amp;id=1355\" rel=\"nofollow\">https://leidosbiomed.csod.com/ats/careersite/jobdetails.aspx?site=4&amp;c=leidosbiomed&amp;id=1355</a></p>\n<p>Do you host vigorous debates over the merits of virtual environment management vs. containerization? Do you proselytize to your friends about #reproducibility in bioinformatics as a moral imperative? Have you typed \u201cSnakemake\u201d so often that it no longer autocorrects to \u201csnakelike\u201d? Then you\u2019ll fit right in building NGS pipelines on my team!</p>\n<p><a href=\"https://leidosbiomed.csod.com/ats/careersite/jobdetails.aspx?site=4&amp;c=leidosbiomed&amp;id=1452\" rel=\"nofollow\">https://leidosbiomed.csod.com/ats/careersite/jobdetails.aspx?site=4&amp;c=leidosbiomed&amp;id=1452</a></p>\n<p>While I am looking for specific experience for these roles, we are focused on personal growth and career development - bring your own skills, and learn some more!  We have opportunities to get your hands dirty with GWAS and meta-analysis, WES/WGS, RNA-seq, metagenomics, structural variation, CNVs, mosaicism, and more, across a wide variety of unique and rich datasets. We emphasize reproducible, tested, production-scale pipeline development both on-prem and in the cloud, and we use those pipelines to support responsible science and accurate interpretation of results.  Message me with questions - here on biostars or \n<a href=\"https://www.linkedin.com/in/bariballew/\" rel=\"nofollow\">https://www.linkedin.com/in/bariballew/</a></p>\n"
}