{
    "answer_count": 0,
    "author": "Praneet Chaturvedi",
    "author_uid": "38344",
    "book_count": 1,
    "comment_count": 0,
    "content": "Download CSBB-v2.1 for free! Computational Suite for Bioinformaticians and Biologists https://sourceforge.net/projects/csbb-v2-1/\n\nWhat's New:\n\n1. Fixed Issues with install module where perl cpan library was not getting installed for both Linux and Mac verison\n2. Fixed Issues where Linux users who didn't have root access were facing issues of R not able to install and use packages for some modules\n3. Added new visualization module named ExpressionPlot for visualizing trends of gene/entity expression/information across samples/objects\n4. Added new PCA visualization [both interactive and static]\n5. Bug Fixes [Performance and Stability related]\n\n* Version2 addition/updates only for MacOS and LINUX\n* RNA-SEQ pipeline does not work for windows currently\n\nInformation on Modules:\n\nInstall: This module helps in auto installing all the required dependencies for running RNA-SEQ modules through CSBB. This module installs samtools, bowtie2, RSEM, bedtools, wget and fastqc. Install module run is required as a one-time process before attempting RNA-SEQ process modules of CSBB.\n\n1. UpperQuantile: Upper quantile normalization is used to normalize two or more distributions in absence of a reference distribution. Given a matrix of size M x N, where M is the number of rows and N is the number of columns, UpperQuantile will determine the 75th quantile value for ith column and normalize it across ith column. Upper quantile normalization is regularly used to remove variation from global gene expression data from microarrays and next generation sequencing data.\n2. BasicStats: This module is designed for some basic and quick statistical calculations on gene expression data across samples. BasicStats calculates mean, median, median adjusted deviation, standard deviation, variance, minimum and maximum for each gene based on expression across samples. Assume, you have m*n matrix where m are rows (genes) and n are columns (samples). BasicStats will calculated above mentioned statistics for each row (gene).\n3. ExpressionToZscore: This module converts expression values to z-scores. This module is helpful when a user wants to compare expression data from different sources (labs or platforms). This module converts expression value of a gene in each sample to z-score based on expression across the samples. Let\u2019s say there is a m*n expression matrix then each value in the matrix will be converted to z-score based on values for each row across columns.\n4. ExtractGeneInfo: This module helps to extract information/expression for a list of genes from a large matrix of genes and their expression/information across samples/columns. Let\u2019s say you have mn matrix and a list of \u2018a\u2019 items where a <= m then this module helps user to extract information for \u2018a\u2019 items from mn matrix.\n5. InteractiveHeatmap: It plots the expression values of genes across samples in an interactive heat map fashion. This module uses R package d3heatmap (https://cran.r-project.org/web/packages/d3heatmap/d3heatmap.pdf). User can choose from different clustering and coloring options. Let\u2019s say you have a m*n matrix where m is number of rows and n is number of columns then values of m vs n are plotted. For Clustering only Row, only columns or both Row and Columns are available. Four different color palettes are available I) YellowGreenOrange II). BlueWhiteRed III). YellowBlackBlue IV). GreenWhitePurple\n6. CorrelationProfiles: Use this module to determine positively and negatively correlated features for gene expression data. Also, it creates an interactive heat map when user just wants to obtain positively and negatively among specific number of features out of large number of genes. Let\u2019s say you have m*n matrix, where m are number of rows and represent genes and n are number of columns representing samples. Users can provide a threshold of correlation to filter out features. An interactive heat map will be generated when only correlation profiles of u genes are required where u << m.\n7. Biogrid-Gene-Protein-Search: This module grabs gene protein interactions from BioGrid database (http://thebiogrid.org/). The search currently works for only human and mouse. User just needs a list of genes and tell module species of interest and then rest is taken care by the module. This module reports both i) interactions among genes in the list and ii) interactions of genes known to all proteins in the database.\n8. DifferentialExpression: This module helps user to perform differential gene expression analysis. This module uses latest R package RUVSEQ (Risso et. al, Nature Biotechnology, 2014) (https://www.bioconductor.org/packages/3.3/bioc/vignettes/RUVSeq/inst/doc/RUVSeq.pdf). This package has edge over others like DESEQ2, EDGER and EBSEQ as it removes unwanted variations occurred from sequencing. Differential Expression modules uses RUVg (normalization based on empirical genes i.e. least DE genes) normalization from the package RUVSEQ.\n9. PCA: This module helps user to perform principal component analysis. This module uses python to generate to perform PCA on both genes and samples separately. PCA basically gives users a way to see how the genes and samples are clustering between 1st and 2nd principal components. Assume, an m*n matrix, where m are number of genes and n number of samples. Now this module helps user to perform PCA on both m and n separately.\n10. NMF: This module helps user to perform Non-negative matrix factorization on samples. This modules uses R package NMF (https://cran.r-project.org/web/packages/NMF/index.html) to perform NMF on the user given dataset. Let\u2019s say you have m*n matrix, where m are number of genes and n are number of samples. Now this module helps user to perform NMF on n. This module is very helpful if you user wants to understand the relationship among the samples in the dataset.\n11. FetchSRA: This module helps user to fetch SRA datasets. This module uses R package SRAdb (https://www.bioconductor.org/packages/3.3/bioc/manuals/SRAdb/man/SRAdb.pdf) to download SRA datasets. User can download samples, experiment or a project dataset by just providing the SRA/SRS/SRP/SRR id.\n12. FetchGEO: This module helps user to fetch GEO datasets. This module uses R package GEOquery (https://www.bioconductor.org/packages/3.3/bioc/manuals/GEOquery/man/GEOquery.pdf) to download GEO datasets. User can download samples, dataset or a series by just providing the GSM/GDS/GSE id. This modules writes for user three files i) Metadata ii) Phenodata iii) Expression data.\n13. InteractiveScatterPlot: This module creates interactive scatter plots. This module uses R package plotly (https://plot.ly/r/) and ggplot2 (https://cran.r-project.org/web/packages/ggplot2/index.html) for generating interactive scatter plot. User needs to provide x axis values column, y -axis values column and column for color factorization which if not required can be set to \u2018No\u2019. This module aids in visualization of data in form of a scatter plot thereby allowing user to pinpoint features of interest.\n14. Process-RNASeq_SingleEnd: This module helps user to perform RNA-SEQ analysis that is from raw sequencing data to expression values of genes. This module uses RSEM [http://bmcbioinformatics.biomedcentral.com/articles/10.1186/1471-2105-12-323] for mapping and quantifying raw reads. Single-End raw sequencing reads in fastq format is required as one of the inputs for this module. More information on running this module can be found in the README.\n15. Process-RNA-Seq_PairedEnd: This module helps user to perform RNA-SEQ analysis that is from raw sequencing data to expression values of genes. This module uses RSEM [http://bmcbioinformatics.biomedcentral.com/articles/10.1186/1471-2105-12-323] for mapping and quantifying raw reads. Paired-End raw sequencing reads in fastq format is required as one of the inputs for this module. More information on running this module can be found in the README.\n16. Generate-TPM-Counts-Matrix: This module generates TPM [Transcripts per million] and raw counts matrices for genes across samples. This module uses RNA-SEQ result output directory used in [14] and [15] modules as one of the inputs. This module will automatically generate matrices and will only report genes, which are expressed in at-least in one of the samples/conditions present in the matrix\n17. ExpressionPlot: This module helps user to generate expression plot which shows the expression/information trends for genes/entities across samples/objects. Both interactive and static plots are generated",
    "creation_date": "2017-05-15T15:03:40.314876+00:00",
    "has_accepted": false,
    "id": 243649,
    "lastedit_date": "2023-06-26T17:08:43.260700+00:00",
    "lastedit_user_uid": "8494",
    "parent_id": 243649,
    "rank": 1494860620.314876,
    "reply_count": 0,
    "root_id": 243649,
    "status": "Open",
    "status_id": 1,
    "subs_count": 0,
    "tag_val": "DownstreamAnalysis,R,RNA-Seq,Perl",
    "thread_score": 1,
    "title": "Computational Suite For Bioinformaticians and Biologists -- CSBB [Version 2.1]",
    "type": "Tool",
    "type_id": 10,
    "uid": "252856",
    "url": "https://www.biostars.org/p/252856/",
    "view_count": 2331,
    "vote_count": 1,
    "xhtml": "<p>Download CSBB-v2.1 for free! Computational Suite for Bioinformaticians and Biologists <a href=\"https://sourceforge.net/projects/csbb-v2-1/\" rel=\"nofollow\">https://sourceforge.net/projects/csbb-v2-1/</a></p>\n<p>What's New:</p>\n<ol>\n<li>Fixed Issues with install module where perl cpan library was not getting installed for both Linux and Mac verison</li>\n<li>Fixed Issues where Linux users who didn't have root access were facing issues of R not able to install and use packages for some modules</li>\n<li>Added new visualization module named ExpressionPlot for visualizing trends of gene/entity expression/information across samples/objects</li>\n<li>Added new PCA visualization [both interactive and static]</li>\n<li>Bug Fixes [Performance and Stability related]</li>\n</ol>\n<ul>\n<li>Version2 addition/updates only for MacOS and LINUX</li>\n<li>RNA-SEQ pipeline does not work for windows currently</li>\n</ul>\n<p>Information on Modules:</p>\n<p>Install: This module helps in auto installing all the required dependencies for running RNA-SEQ modules through CSBB. This module installs samtools, bowtie2, RSEM, bedtools, wget and fastqc. Install module run is required as a one-time process before attempting RNA-SEQ process modules of CSBB.</p>\n<ol>\n<li>UpperQuantile: Upper quantile normalization is used to normalize two or more distributions in absence of a reference distribution. Given a matrix of size M x N, where M is the number of rows and N is the number of columns, UpperQuantile will determine the 75th quantile value for ith column and normalize it across ith column. Upper quantile normalization is regularly used to remove variation from global gene expression data from microarrays and next generation sequencing data.</li>\n<li>BasicStats: This module is designed for some basic and quick statistical calculations on gene expression data across samples. BasicStats calculates mean, median, median adjusted deviation, standard deviation, variance, minimum and maximum for each gene based on expression across samples. Assume, you have m*n matrix where m are rows (genes) and n are columns (samples). BasicStats will calculated above mentioned statistics for each row (gene).</li>\n<li>ExpressionToZscore: This module converts expression values to z-scores. This module is helpful when a user wants to compare expression data from different sources (labs or platforms). This module converts expression value of a gene in each sample to z-score based on expression across the samples. Let\u2019s say there is a m*n expression matrix then each value in the matrix will be converted to z-score based on values for each row across columns.</li>\n<li>ExtractGeneInfo: This module helps to extract information/expression for a list of genes from a large matrix of genes and their expression/information across samples/columns. Let\u2019s say you have mn matrix and a list of \u2018a\u2019 items where a &lt;= m then this module helps user to extract information for \u2018a\u2019 items from mn matrix.</li>\n<li>InteractiveHeatmap: It plots the expression values of genes across samples in an interactive heat map fashion. This module uses R package d3heatmap (<a href=\"https://cran.r-project.org/web/packages/d3heatmap/d3heatmap.pdf\" rel=\"nofollow\">https://cran.r-project.org/web/packages/d3heatmap/d3heatmap.pdf</a>). User can choose from different clustering and coloring options. Let\u2019s say you have a m*n matrix where m is number of rows and n is number of columns then values of m vs n are plotted. For Clustering only Row, only columns or both Row and Columns are available. Four different color palettes are available I) YellowGreenOrange II). BlueWhiteRed III). YellowBlackBlue IV). GreenWhitePurple</li>\n<li>CorrelationProfiles: Use this module to determine positively and negatively correlated features for gene expression data. Also, it creates an interactive heat map when user just wants to obtain positively and negatively among specific number of features out of large number of genes. Let\u2019s say you have m*n matrix, where m are number of rows and represent genes and n are number of columns representing samples. Users can provide a threshold of correlation to filter out features. An interactive heat map will be generated when only correlation profiles of u genes are required where u &lt;&lt; m.</li>\n<li>Biogrid-Gene-Protein-Search: This module grabs gene protein interactions from BioGrid database (<a href=\"http://thebiogrid.org/\" rel=\"nofollow\">http://thebiogrid.org/</a>). The search currently works for only human and mouse. User just needs a list of genes and tell module species of interest and then rest is taken care by the module. This module reports both i) interactions among genes in the list and ii) interactions of genes known to all proteins in the database.</li>\n<li>DifferentialExpression: This module helps user to perform differential gene expression analysis. This module uses latest R package RUVSEQ (Risso et. al, Nature Biotechnology, 2014) (<a href=\"https://www.bioconductor.org/packages/3.3/bioc/vignettes/RUVSeq/inst/doc/RUVSeq.pdf\" rel=\"nofollow\">https://www.bioconductor.org/packages/3.3/bioc/vignettes/RUVSeq/inst/doc/RUVSeq.pdf</a>). This package has edge over others like DESEQ2, EDGER and EBSEQ as it removes unwanted variations occurred from sequencing. Differential Expression modules uses RUVg (normalization based on empirical genes i.e. least DE genes) normalization from the package RUVSEQ.</li>\n<li>PCA: This module helps user to perform principal component analysis. This module uses python to generate to perform PCA on both genes and samples separately. PCA basically gives users a way to see how the genes and samples are clustering between 1st and 2nd principal components. Assume, an m*n matrix, where m are number of genes and n number of samples. Now this module helps user to perform PCA on both m and n separately.</li>\n<li>NMF: This module helps user to perform Non-negative matrix factorization on samples. This modules uses R package NMF (<a href=\"https://cran.r-project.org/web/packages/NMF/index.html\" rel=\"nofollow\">https://cran.r-project.org/web/packages/NMF/index.html</a>) to perform NMF on the user given dataset. Let\u2019s say you have m*n matrix, where m are number of genes and n are number of samples. Now this module helps user to perform NMF on n. This module is very helpful if you user wants to understand the relationship among the samples in the dataset.</li>\n<li>FetchSRA: This module helps user to fetch SRA datasets. This module uses R package SRAdb (<a href=\"https://www.bioconductor.org/packages/3.3/bioc/manuals/SRAdb/man/SRAdb.pdf\" rel=\"nofollow\">https://www.bioconductor.org/packages/3.3/bioc/manuals/SRAdb/man/SRAdb.pdf</a>) to download SRA datasets. User can download samples, experiment or a project dataset by just providing the SRA/SRS/SRP/SRR id.</li>\n<li>FetchGEO: This module helps user to fetch GEO datasets. This module uses R package GEOquery (<a href=\"https://www.bioconductor.org/packages/3.3/bioc/manuals/GEOquery/man/GEOquery.pdf\" rel=\"nofollow\">https://www.bioconductor.org/packages/3.3/bioc/manuals/GEOquery/man/GEOquery.pdf</a>) to download GEO datasets. User can download samples, dataset or a series by just providing the GSM/GDS/GSE id. This modules writes for user three files i) Metadata ii) Phenodata iii) Expression data.</li>\n<li>InteractiveScatterPlot: This module creates interactive scatter plots. This module uses R package plotly (<a href=\"https://plot.ly/r/\" rel=\"nofollow\">https://plot.ly/r/</a>) and ggplot2 (<a href=\"https://cran.r-project.org/web/packages/ggplot2/index.html\" rel=\"nofollow\">https://cran.r-project.org/web/packages/ggplot2/index.html</a>) for generating interactive scatter plot. User needs to provide x axis values column, y -axis values column and column for color factorization which if not required can be set to \u2018No\u2019. This module aids in visualization of data in form of a scatter plot thereby allowing user to pinpoint features of interest.</li>\n<li>Process-RNASeq_SingleEnd: This module helps user to perform RNA-SEQ analysis that is from raw sequencing data to expression values of genes. This module uses RSEM [<a href=\"http://bmcbioinformatics.biomedcentral.com/articles/10.1186/1471-2105-12-323\" rel=\"nofollow\">http://bmcbioinformatics.biomedcentral.com/articles/10.1186/1471-2105-12-323</a>] for mapping and quantifying raw reads. Single-End raw sequencing reads in fastq format is required as one of the inputs for this module. More information on running this module can be found in the README.</li>\n<li>Process-RNA-Seq_PairedEnd: This module helps user to perform RNA-SEQ analysis that is from raw sequencing data to expression values of genes. This module uses RSEM [<a href=\"http://bmcbioinformatics.biomedcentral.com/articles/10.1186/1471-2105-12-323\" rel=\"nofollow\">http://bmcbioinformatics.biomedcentral.com/articles/10.1186/1471-2105-12-323</a>] for mapping and quantifying raw reads. Paired-End raw sequencing reads in fastq format is required as one of the inputs for this module. More information on running this module can be found in the README.</li>\n<li>Generate-TPM-Counts-Matrix: This module generates TPM [Transcripts per million] and raw counts matrices for genes across samples. This module uses RNA-SEQ result output directory used in [14] and [15] modules as one of the inputs. This module will automatically generate matrices and will only report genes, which are expressed in at-least in one of the samples/conditions present in the matrix</li>\n<li>ExpressionPlot: This module helps user to generate expression plot which shows the expression/information trends for genes/entities across samples/objects. Both interactive and static plots are generated</li>\n</ol>\n"
}