{
    "answer_count": 1,
    "author": "pablo_iturralde",
    "author_uid": "51021",
    "book_count": 0,
    "comment_count": 1,
    "content": "Greetings,\r\n\r\nI've processed a data set that had ribosomal RNA contamination through the evolved tuxedo pipeline (see picture below) after removing rRNA using bbduk from bbmap:\r\n[Pipeline for Ribbosomal RNA contaminated reads][1]<a href=\"https://ibb.co/pzzz3s2\"><img src=\"https://i.ibb.co/9TTTqfn/Screen-Shot-2019-04-10-at-10-57-30-AM.png\" alt=\"Screen-Shot-2019-04-10-at-10-57-30-AM\" border=\"0\" /></a>\r\n\r\n\r\nOnce I started visualizing volcano plots I noticed some strange artifacts that I haven't been able to put my finger on.\r\n\r\n[Volcano plot, arrows point clusters][2] <a href=\"https://ibb.co/hyT3cB6\"><img src=\"https://i.ibb.co/80Q1brC/Screen-Shot-2019-04-10-at-10-54-56-AM.png\" alt=\"Screen-Shot-2019-04-10-at-10-54-56-AM\" border=\"0\" /></a>\r\n\r\n\r\nIt appears there are several transcripts that are clustering in certain areas of the volcano plots. My first thought was they were NANs and needed removal after means were calculated after ballgown object was created using !=NAN approach.\r\n\r\nThat did not change the clustering on the volcano plot though, I thought maybe removing exons that = 0 on the string tie output ( CTAB files) may do it but its a bit tricky as all 5 ctab files need equal editing from what I read ?\r\n\r\nAny insight is appreciated.\r\n\r\nBest,\r\nPablo\r\n  ",
    "creation_date": "2019-04-10T15:13:48.890757+00:00",
    "has_accepted": false,
    "id": 361754,
    "lastedit_date": "2019-04-11T00:11:27.583479+00:00",
    "lastedit_user_uid": "51021",
    "parent_id": 361754,
    "rank": 1554941487.583479,
    "reply_count": 1,
    "root_id": 361754,
    "status": "Open",
    "status_id": 1,
    "subs_count": 1,
    "tag_val": "RNA-Seq",
    "thread_score": 0,
    "title": "Removing artifact from evolved tuxedo pipeline",
    "type": "Question",
    "type_id": 0,
    "uid": "374309",
    "url": "https://www.biostars.org/p/374309/",
    "view_count": 911,
    "vote_count": 0,
    "xhtml": "<p>Greetings,</p>\n\n<p>I've processed a data set that had ribosomal RNA contamination through the evolved tuxedo pipeline (see picture below) after removing rRNA using bbduk from bbmap:\n[Pipeline for Ribbosomal RNA contaminated reads][1]<a rel=\"nofollow\" href=\"https://ibb.co/pzzz3s2\"><img src=\"https://i.ibb.co/9TTTqfn/Screen-Shot-2019-04-10-at-10-57-30-AM.png\" alt=\"Screen-Shot-2019-04-10-at-10-57-30-AM\"></a></p>\n\n<p>Once I started visualizing volcano plots I noticed some strange artifacts that I haven't been able to put my finger on.</p>\n\n<p>[Volcano plot, arrows point clusters][2] <a rel=\"nofollow\" href=\"https://ibb.co/hyT3cB6\"><img src=\"https://i.ibb.co/80Q1brC/Screen-Shot-2019-04-10-at-10-54-56-AM.png\" alt=\"Screen-Shot-2019-04-10-at-10-54-56-AM\"></a></p>\n\n<p>It appears there are several transcripts that are clustering in certain areas of the volcano plots. My first thought was they were NANs and needed removal after means were calculated after ballgown object was created using !=NAN approach.</p>\n\n<p>That did not change the clustering on the volcano plot though, I thought maybe removing exons that = 0 on the string tie output ( CTAB files) may do it but its a bit tricky as all 5 ctab files need equal editing from what I read ?</p>\n\n<p>Any insight is appreciated.</p>\n\n<p>Best,\nPablo</p>\n"
}