{
    "answer_count": 2,
    "author": "majeedaasim",
    "author_uid": "20469",
    "book_count": 0,
    "comment_count": 1,
    "content": "I use a pipeline for annotation which uses ncbi blast. I have installed blast and its path is usr/bin/ncbi-blast\r\nThe pipeline has a config file where ineed to enter the path of the blast. I searched the path of blast by typing which command and paste the same in the config file.\r\nBut when I run the software, it says blast doesnt exist.\r\n\r\nI know this is the problem with the path. \r\n\r\nI acknowledge and appreciate for any help. \r\nThanks ",
    "creation_date": "2017-09-07T10:23:39.247117+00:00",
    "has_accepted": false,
    "id": 261671,
    "lastedit_date": "2017-09-07T10:56:50.942115+00:00",
    "lastedit_user_uid": "9571",
    "parent_id": 261671,
    "rank": 1504781810.942115,
    "reply_count": 2,
    "root_id": 261671,
    "status": "Open",
    "status_id": 1,
    "subs_count": 2,
    "tag_val": "blast",
    "thread_score": 0,
    "title": "problem in blast",
    "type": "Question",
    "type_id": 0,
    "uid": "271269",
    "url": "https://www.biostars.org/p/271269/",
    "view_count": 1087,
    "vote_count": 0,
    "xhtml": "<p>I use a pipeline for annotation which uses ncbi blast. I have installed blast and its path is usr/bin/ncbi-blast\nThe pipeline has a config file where ineed to enter the path of the blast. I searched the path of blast by typing which command and paste the same in the config file.\nBut when I run the software, it says blast doesnt exist.</p>\n\n<p>I know this is the problem with the path. </p>\n\n<p>I acknowledge and appreciate for any help. \nThanks </p>\n"
}