{
    "answer_count": 0,
    "author": "Biostar",
    "author_uid": "admin-user-1",
    "book_count": 0,
    "comment_count": 0,
    "content": "\n\n\n\nThe **Biostar Herald** publishes user submitted links of bioinformatics relevance. It aims to provide a summary of interesting and relevant information you may have missed. You too can submit [links here](/herald/).\n\nThis edition of the Herald was brought to you by contribution from  [Istvan Albert](https://www.biostars.org/u/2/),\n and was edited by  [Istvan Albert](https://www.biostars.org/u/2/),\n\n\n\n\n---\n\n\n### https://twitter.com/StevenSalzberg1/status/1745864418359964103\n\n\n\n\nsubmitted by: [Istvan Albert](https://www.biostars.org/u/2/)\n\n\n\n---\n\n\n### [Comparison of calling pipelines for whole genome sequencing: an empirical study demonstrating the importance of mapping and alignment | Scientific Reports](https://www.nature.com/articles/s41598-022-26181-3) (www.nature.com)\n\n\n\n> Rapid advances in high-throughput DNA sequencing technologies have enabled the conduct of whole genome sequencing (WGS) studies, and several bioinformatics pipelines have become available. The aim of this study was the comparison of 6 WGS data pre-processing pipelines, involving two mapping and alignment approaches (GATK utilizing BWA-MEM2 2.2.1, and DRAGEN 3.8.4) and three variant calling pipelines (GATK 4.2.4.1, DRAGEN 3.8.4 and DeepVariant 1.1.0). [..] Mapping and alignment played a key role in variant calling of WGS, with the DRAGEN outperforming GATK.\n\n\nsubmitted by: [Istvan Albert](https://www.biostars.org/u/2/)\n\n\n\n---\n\n\n### https://academic.oup.com/bioinformatics/advance-article/doi/10.1093/bioinformatics/btae014/7515251\n\n\n\n> In bioinformatics, multiple sequence alignment (MSA) is a crucial task. However, conventional methods often struggle with aligning ultralong sequences. To address this issue, researchers have designed MSA methods rooted in a vertical division strategy, which segments sequence data for parallel alignment. A prime example of this approach is FMAlign, which utilizes the FM-index to extract common seeds and segment the sequences accordingly.\n\n\nsubmitted by: [Istvan Albert](https://www.biostars.org/u/2/)\n\n\n\n---\n\n\n### [The impact of postdoctoral training on early careers in biomedicine | Nature Biotechnology](https://www.nature.com/articles/nbt.3766) (www.nature.com)\n\n\n\n> The biomedical research enterprise is in crisis. NIH funding rates are near historic lows, the age at which a scientist may attain an independent research career is high, and there are far fewer permanent academic positions than graduating PhDs. Exacerbating this crisis is the peculiar institution of postdoctoral training1,2,3,4,5,6,7,8. During the past two decades, official bodies have raised concerns about the working conditions, long hours, lack of benefits, and forced geographic mobility faced by postdocs, as well as the effects of postdoc jobs on families6,9,10,11,12,13,14,15. Here, we examine the incidence and duration of biomedical postdoc positions, and the associated benefits and costs to those taking such a position, in terms of early career outcomes of employment placement and earnings.\n\n\nsubmitted by: [Istvan Albert](https://www.biostars.org/u/2/)\n\n\n\n---\n\n\n### https://twitter.com/StevenSalzberg1/status/1744803602353312250\n\n\n\n\nsubmitted by: [Istvan Albert](https://www.biostars.org/u/2/)\n\n\n\n---\n\n\n### https://academic.oup.com/bioinformatics/article/38/5/1440/6420698\n\n\n\n> PhyloCSF++ is an efficient and parallelized C++ implementation of the popular PhyloCSF method to distinguish protein-coding and non-coding regions in a genome based on multiple sequence alignments (MSAs). It can score alignments or produce browser tracks for entire genomes in the wig file format. Additionally, PhyloCSF++ annotates coding sequences in GFF/GTF files using precomputed tracks or computes and scores MSAs on the fly with MMseqs2.\n\n\nsubmitted by: [Istvan Albert](https://www.biostars.org/u/2/)\n\n\n\n---\n\n\n### [OmicVerse: A single pipeline for exploring the entire transcriptome universe | bioRxiv](https://www.biorxiv.org/content/10.1101/2023.06.06.543913v2) (www.biorxiv.org)\n\n\n\n> Single-cell sequencing is frequently marred by \u201cinterruptions\u201d due to limitations in sequencing throughput, yet bulk RNA-seq may harbor these ostensibly \u201cinterrupted\u201d cells. In response, we introduce the single cell trajectory blending from Bulk RNA-seq (BulkTrajBlend) algorithm, a component of the OmicVerse suite that leverages a Beta-Variational AutoEncoder for data deconvolution and graph neural networks for the discovery of overlapping community. This approach proficiently interpolates and restores the continuity of \u201cinterrupted\u201d cells within single-cell RNA sequencing dataset. Furthermore, OmicVerse provides an extensive toolkit for bulk and single cell RNA-seq analysis, offering uniform access to diverse methodologies, streamlining computational processes, fostering exquisite data visualization, and facilitating the extraction of novel biological insights to advance scientific research.\n\n\nsubmitted by: [Istvan Albert](https://www.biostars.org/u/2/)\n\n\n\n---\n\n\n### [Just a moment...](https://www.nejm.org/doi/full/10.1056/nejm200105243442106) (www.nejm.org)\n\n\n\n> Placebo treatments have been reported to help patients with many diseases, but the quality of the evidence supporting this finding has not been rigorously evaluated.[...]We found little evidence in general that placebos had powerful clinical effects. Although placebos had no significant effects on objective or binary outcomes, they had possible small benefits in studies with continuous subjective outcomes and for the treatment of pain. \n\n\nsubmitted by: [Istvan Albert](https://www.biostars.org/u/2/)\n\n\n\n---\n\nWant to get the **Biostar Herald** in your email? Who wouldn't? Sign up righ'ere: <a class=\"herald-sub\">toggle subscription</a>\n\n\n\n\n\n\n",
    "creation_date": "2024-01-15T12:51:41.840627+00:00",
    "has_accepted": false,
    "id": 584990,
    "lastedit_date": "2024-01-15T12:51:41.840634+00:00",
    "lastedit_user_uid": "admin-user-1",
    "parent_id": 584990,
    "rank": 1705323101.840634,
    "reply_count": 0,
    "root_id": 584990,
    "status": "Open",
    "status_id": 1,
    "subs_count": 1,
    "tag_val": "herald",
    "thread_score": 1,
    "title": "The Biostar Herald for Monday, January 15, 2024",
    "type": "Herald",
    "type_id": 12,
    "uid": "9584990",
    "url": "https://www.biostars.org/p/9584990/",
    "view_count": 416,
    "vote_count": 1,
    "xhtml": "<p>The <strong>Biostar Herald</strong> publishes user submitted links of bioinformatics relevance. It aims to provide a summary of interesting and relevant information you may have missed. You too can submit <a href=\"/herald/\" rel=\"nofollow\">links here</a>.</p>\n<p>This edition of the Herald was brought to you by contribution from  <a href=\"https://www.biostars.org/u/2/\" rel=\"nofollow\">Istvan Albert</a>,\n and was edited by  <a href=\"https://www.biostars.org/u/2/\" rel=\"nofollow\">Istvan Albert</a>,</p>\n<hr>\n<h3><blockquote class=\"twitter-tweet\"><p lang=\"en\" dir=\"ltr\">What is KrakenUniq and why does it use HyperLogLog? A thread about bioinformatics software, the second in a series.<br>KrakenUniq (<a href=\"https://t.co/YRkxSgsnMT\">https://t.co/YRkxSgsnMT</a>) is an improved version of Kraken, a widely used metagenomics program for classifying DNA sequences 1/14</p>&mdash; Steven Salzberg \ud83d\udc99\ud83d\udc9b (@StevenSalzberg1) <a href=\"https://twitter.com/StevenSalzberg1/status/1745864418359964103?ref_src=twsrc%5Etfw\">January 12, 2024</a></blockquote>\n<script async src=\"https://platform.twitter.com/widgets.js\" charset=\"utf-8\"></script>\n\n</h3>\n<p>submitted by: <a href=\"https://www.biostars.org/u/2/\" rel=\"nofollow\">Istvan Albert</a></p>\n<hr>\n<h3><a href=\"https://www.nature.com/articles/s41598-022-26181-3\" rel=\"nofollow\">Comparison of calling pipelines for whole genome sequencing: an empirical study demonstrating the importance of mapping and alignment | Scientific Reports</a> (www.nature.com)</h3>\n<blockquote><p>Rapid advances in high-throughput DNA sequencing technologies have enabled the conduct of whole genome sequencing (WGS) studies, and several bioinformatics pipelines have become available. The aim of this study was the comparison of 6 WGS data pre-processing pipelines, involving two mapping and alignment approaches (GATK utilizing BWA-MEM2 2.2.1, and DRAGEN 3.8.4) and three variant calling pipelines (GATK 4.2.4.1, DRAGEN 3.8.4 and DeepVariant 1.1.0). [..] Mapping and alignment played a key role in variant calling of WGS, with the DRAGEN outperforming GATK.</p>\n</blockquote>\n<p>submitted by: <a href=\"https://www.biostars.org/u/2/\" rel=\"nofollow\">Istvan Albert</a></p>\n<hr>\n<h3><a href=\"https://academic.oup.com/bioinformatics/advance-article/doi/10.1093/bioinformatics/btae014/7515251\" rel=\"nofollow\">https://academic.oup.com/bioinformatics/advance-article/doi/10.1093/bioinformatics/btae014/7515251</a></h3>\n<blockquote><p>In bioinformatics, multiple sequence alignment (MSA) is a crucial task. However, conventional methods often struggle with aligning ultralong sequences. To address this issue, researchers have designed MSA methods rooted in a vertical division strategy, which segments sequence data for parallel alignment. A prime example of this approach is FMAlign, which utilizes the FM-index to extract common seeds and segment the sequences accordingly.</p>\n</blockquote>\n<p>submitted by: <a href=\"https://www.biostars.org/u/2/\" rel=\"nofollow\">Istvan Albert</a></p>\n<hr>\n<h3><a href=\"https://www.nature.com/articles/nbt.3766\" rel=\"nofollow\">The impact of postdoctoral training on early careers in biomedicine | Nature Biotechnology</a> (www.nature.com)</h3>\n<blockquote><p>The biomedical research enterprise is in crisis. NIH funding rates are near historic lows, the age at which a scientist may attain an independent research career is high, and there are far fewer permanent academic positions than graduating PhDs. Exacerbating this crisis is the peculiar institution of postdoctoral training1,2,3,4,5,6,7,8. During the past two decades, official bodies have raised concerns about the working conditions, long hours, lack of benefits, and forced geographic mobility faced by postdocs, as well as the effects of postdoc jobs on families6,9,10,11,12,13,14,15. Here, we examine the incidence and duration of biomedical postdoc positions, and the associated benefits and costs to those taking such a position, in terms of early career outcomes of employment placement and earnings.</p>\n</blockquote>\n<p>submitted by: <a href=\"https://www.biostars.org/u/2/\" rel=\"nofollow\">Istvan Albert</a></p>\n<hr>\n<h3><blockquote class=\"twitter-tweet\"><p lang=\"en\" dir=\"ltr\">What is PhyloCSF++? A short thread about bioinformatics software, perhaps the first in a series.<br>PhyloCSF++ is a recent C++ implementation, with new features, of a very useful tool called PhyloCSF 1/8</p>&mdash; Steven Salzberg \ud83d\udc99\ud83d\udc9b (@StevenSalzberg1) <a href=\"https://twitter.com/StevenSalzberg1/status/1744803602353312250?ref_src=twsrc%5Etfw\">January 9, 2024</a></blockquote>\n<script async src=\"https://platform.twitter.com/widgets.js\" charset=\"utf-8\"></script>\n\n</h3>\n<p>submitted by: <a href=\"https://www.biostars.org/u/2/\" rel=\"nofollow\">Istvan Albert</a></p>\n<hr>\n<h3><a href=\"https://academic.oup.com/bioinformatics/article/38/5/1440/6420698\" rel=\"nofollow\">https://academic.oup.com/bioinformatics/article/38/5/1440/6420698</a></h3>\n<blockquote><p>PhyloCSF++ is an efficient and parallelized C++ implementation of the popular PhyloCSF method to distinguish protein-coding and non-coding regions in a genome based on multiple sequence alignments (MSAs). It can score alignments or produce browser tracks for entire genomes in the wig file format. Additionally, PhyloCSF++ annotates coding sequences in GFF/GTF files using precomputed tracks or computes and scores MSAs on the fly with MMseqs2.</p>\n</blockquote>\n<p>submitted by: <a href=\"https://www.biostars.org/u/2/\" rel=\"nofollow\">Istvan Albert</a></p>\n<hr>\n<h3><a href=\"https://www.biorxiv.org/content/10.1101/2023.06.06.543913v2\" rel=\"nofollow\">OmicVerse: A single pipeline for exploring the entire transcriptome universe | bioRxiv</a> (www.biorxiv.org)</h3>\n<blockquote><p>Single-cell sequencing is frequently marred by \u201cinterruptions\u201d due to limitations in sequencing throughput, yet bulk RNA-seq may harbor these ostensibly \u201cinterrupted\u201d cells. In response, we introduce the single cell trajectory blending from Bulk RNA-seq (BulkTrajBlend) algorithm, a component of the OmicVerse suite that leverages a Beta-Variational AutoEncoder for data deconvolution and graph neural networks for the discovery of overlapping community. This approach proficiently interpolates and restores the continuity of \u201cinterrupted\u201d cells within single-cell RNA sequencing dataset. Furthermore, OmicVerse provides an extensive toolkit for bulk and single cell RNA-seq analysis, offering uniform access to diverse methodologies, streamlining computational processes, fostering exquisite data visualization, and facilitating the extraction of novel biological insights to advance scientific research.</p>\n</blockquote>\n<p>submitted by: <a href=\"https://www.biostars.org/u/2/\" rel=\"nofollow\">Istvan Albert</a></p>\n<hr>\n<h3><a href=\"https://www.nejm.org/doi/full/10.1056/nejm200105243442106\" rel=\"nofollow\">Just a moment...</a> (www.nejm.org)</h3>\n<blockquote><p>Placebo treatments have been reported to help patients with many diseases, but the quality of the evidence supporting this finding has not been rigorously evaluated.[...]We found little evidence in general that placebos had powerful clinical effects. Although placebos had no significant effects on objective or binary outcomes, they had possible small benefits in studies with continuous subjective outcomes and for the treatment of pain.</p>\n</blockquote>\n<p>submitted by: <a href=\"https://www.biostars.org/u/2/\" rel=\"nofollow\">Istvan Albert</a></p>\n<hr>\n<p>Want to get the <strong>Biostar Herald</strong> in your email? Who wouldn't? Sign up righ'ere: <a class=\"herald-sub\">toggle subscription</a></p>\n"
}