{
    "answer_count": 3,
    "author": "pixie@bioinfo",
    "author_uid": "329",
    "book_count": 0,
    "comment_count": 2,
    "content": "<p>I am analyzing microarrays from the platform NimbleGen Arabidopsis thaliana 4x72K Array [080306_AT6_expr]</p>\r\n\r\n<p>(http://www.ncbi.nlm.nih.gov/geo/query/acc.cgi?acc=GPL16226)</p>\r\n\r\n<p>Is there any well-defined pipeline for its analysis to identify deferentially expressed genes using R package or any other tool ?</p>\r\n\r\n<p>Kindly help.</p>\r\n",
    "creation_date": "2015-11-08T11:26:45.105163+00:00",
    "has_accepted": false,
    "id": 157794,
    "lastedit_date": "2015-11-08T12:00:44.113258+00:00",
    "lastedit_user_uid": "19383",
    "parent_id": 157794,
    "rank": 1446984044.113258,
    "reply_count": 3,
    "root_id": 157794,
    "status": "Open",
    "status_id": 1,
    "subs_count": 1,
    "tag_val": "microarray",
    "thread_score": 0,
    "title": "Differential Gene Expression Analysis with NimbleGen microarrays",
    "type": "Question",
    "type_id": 0,
    "uid": "165044",
    "url": "https://www.biostars.org/p/165044/",
    "view_count": 2103,
    "vote_count": 0,
    "xhtml": "<p>I am analyzing microarrays from the platform NimbleGen Arabidopsis thaliana 4x72K Array [080306_AT6_expr]</p>\n\n<p>(<a rel=\"nofollow\" href=\"http://www.ncbi.nlm.nih.gov/geo/query/acc.cgi?acc=GPL16226\">http://www.ncbi.nlm.nih.gov/geo/query/acc.cgi?acc=GPL16226</a>)</p>\n\n<p>Is there any well-defined pipeline for its analysis to identify deferentially expressed genes using R package or any other tool ?</p>\n\n<p>Kindly help.</p>\n"
}