{
    "answer_count": 4,
    "author": "quentin54520",
    "author_uid": "87014",
    "book_count": 0,
    "comment_count": 2,
    "content": "Hi everyone,\r\n\r\nthe Dragen gatk pipeline works great for single sample. however I would like to know if any have used this pipeline for a trio? if so how did you do it? it is recommended to do a hard filtering based on QUAL but how to get a multisample vcf in which the bad quality variants (QUAL <10.43) have been removed?\r\n\r\nThanks in advance,\r\n\r\nQuentin. ",
    "creation_date": "2021-12-13T01:32:26.612638+00:00",
    "has_accepted": false,
    "id": 501406,
    "lastedit_date": "2021-12-30T09:20:32.730452+00:00",
    "lastedit_user_uid": "20673",
    "parent_id": 501406,
    "rank": 1640854306.572048,
    "reply_count": 4,
    "root_id": 501406,
    "status": "Open",
    "status_id": 1,
    "subs_count": 4,
    "tag_val": "Gatk,germline,dragen",
    "thread_score": 1,
    "title": "Dragen-gatk for trio",
    "type": "Question",
    "type_id": 0,
    "uid": "9501406",
    "url": "https://www.biostars.org/p/9501406/",
    "view_count": 2074,
    "vote_count": 0,
    "xhtml": "<p>Hi everyone,</p>\n<p>the Dragen gatk pipeline works great for single sample. however I would like to know if any have used this pipeline for a trio? if so how did you do it? it is recommended to do a hard filtering based on QUAL but how to get a multisample vcf in which the bad quality variants (QUAL &lt;10.43) have been removed?</p>\n<p>Thanks in advance,</p>\n<p>Quentin.</p>\n"
}