{
    "answer_count": 3,
    "author": "ynau_kanghuadu",
    "author_uid": "64069",
    "book_count": 0,
    "comment_count": 3,
    "content": "Now, I sued the Tophat2 (V2.1.1) work, my software can run normally, but cant get *.hit.bam. and I've run the software many time and it's the result. \n\nThe `nohup.out`:\n\n```\n[2020-02-17 19:49:02] Beginning TopHat run (v2.1.1)\n-----------------------------------------------\n[2020-02-17 19:49:02] Checking for Bowtie\n                  Bowtie version:        2.3.5.0\n[2020-02-17 19:49:02] Checking for Bowtie index files (genome)..\n[2020-02-17 19:49:02] Checking for reference FASTA file\n[2020-02-17 19:49:02] Generating SAM header for ../../Tomato_SL4.0/S_lycopersicum_chromosomes.4.00\n[2020-02-17 19:49:10] Reading known junctions from GTF file\n[2020-02-17 19:49:12] Preparing reads\n         left reads: min. length=150, max. length=150, 25661961 kept reads (66 discarded)\n        right reads: min. length=150, max. length=150, 25661122 kept reads (905 discarded)\n[2020-02-17 20:09:24] Building transcriptome data files SRR6929571/tmp/ITAG4.1_gene_models\n[2020-02-17 20:09:33] Building Bowtie index from ITAG4.1_gene_models.fa\n[2020-02-17 20:10:20] Mapping left_kept_reads to transcriptome ITAG4.1_gene_models with Bowtie2 \n[2020-02-17 20:52:52] Mapping right_kept_reads to transcriptome ITAG4.1_gene_models with Bowtie2 \n[2020-02-17 21:33:57] Resuming TopHat pipeline with unmapped reads\n[2020-02-17 21:33:57] Mapping left_kept_reads.m2g_um to genome S_lycopersicum_chromosomes.4.00 with Bowtie2 \n[2020-02-17 21:45:21] Mapping left_kept_reads.m2g_um_seg1 to genome S_lycopersicum_chromosomes.4.00 with Bowtie2 (1/6)\n[2020-02-17 21:47:41] Mapping left_kept_reads.m2g_um_seg2 to genome S_lycopersicum_chromosomes.4.00 with Bowtie2 (2/6)\n[2020-02-17 21:50:02] Mapping left_kept_reads.m2g_um_seg3 to genome S_lycopersicum_chromosomes.4.00 with Bowtie2 (3/6)\n[2020-02-17 21:52:21] Mapping left_kept_reads.m2g_um_seg4 to genome S_lycopersicum_chromosomes.4.00 with Bowtie2 (4/6)\n[2020-02-17 21:54:39] Mapping left_kept_reads.m2g_um_seg5 to genome S_lycopersicum_chromosomes.4.00 with Bowtie2 (5/6)\n[2020-02-17 21:57:00] Mapping left_kept_reads.m2g_um_seg6 to genome S_lycopersicum_chromosomes.4.00 with Bowtie2 (6/6)\n[2020-02-17 21:59:15] Mapping right_kept_reads.m2g_um to genome S_lycopersicum_chromosomes.4.00 with Bowtie2 \n[2020-02-17 22:12:49] Mapping right_kept_reads.m2g_um_seg1 to genome S_lycopersicum_chromosomes.4.00 with Bowtie2 (1/6)\n[2020-02-17 22:16:04] Mapping right_kept_reads.m2g_um_seg2 to genome S_lycopersicum_chromosomes.4.00 with Bowtie2 (2/6)\n[2020-02-17 22:19:18] Mapping right_kept_reads.m2g_um_seg3 to genome S_lycopersicum_chromosomes.4.00 with Bowtie2 (3/6)\n[2020-02-17 22:22:14] Mapping right_kept_reads.m2g_um_seg4 to genome S_lycopersicum_chromosomes.4.00 with Bowtie2 (4/6)\n[2020-02-17 22:25:07] Mapping right_kept_reads.m2g_um_seg5 to genome S_lycopersicum_chromosomes.4.00 with Bowtie2 (5/6)\n[2020-02-17 22:28:04] Mapping right_kept_reads.m2g_um_seg6 to genome S_lycopersicum_chromosomes.4.00 with Bowtie2 (6/6)\n[2020-02-17 22:30:55] Searching for junctions via segment mapping\n[2020-02-17 22:38:51] Retrieving sequences for splices\n[2020-02-17 22:39:12] Indexing splices\nBuilding a SMALL index\n[2020-02-17 22:39:27] Mapping left_kept_reads.m2g_um_seg1 to genome segment_juncs with Bowtie2 (1/6)\n[2020-02-17 22:40:24] Mapping left_kept_reads.m2g_um_seg2 to genome segment_juncs with Bowtie2 (2/6)\n[2020-02-17 22:41:13] Mapping left_kept_reads.m2g_um_seg3 to genome segment_juncs with Bowtie2 (3/6)\n[2020-02-17 22:42:02] Mapping left_kept_reads.m2g_um_seg4 to genome segment_juncs with Bowtie2 (4/6)\n[2020-02-17 22:42:51] Mapping left_kept_reads.m2g_um_seg5 to genome segment_juncs with Bowtie2 (5/6)\n[2020-02-17 22:43:40] Mapping left_kept_reads.m2g_um_seg6 to genome segment_juncs with Bowtie2 (6/6)\n[2020-02-17 22:44:27] Joining segment hits\n[2020-02-17 22:46:22] Mapping right_kept_reads.m2g_um_seg1 to genome segment_juncs with Bowtie2 (1/6)\n[2020-02-17 22:48:13] Mapping right_kept_reads.m2g_um_seg2 to genome segment_juncs with Bowtie2 (2/6)\n[2020-02-17 22:49:31] Mapping right_kept_reads.m2g_um_seg3 to genome segment_juncs with Bowtie2 (3/6)\n[2020-02-17 22:50:40] Mapping right_kept_reads.m2g_um_seg4 to genome segment_juncs with Bowtie2 (4/6)\n[2020-02-17 22:51:44] Mapping right_kept_reads.m2g_um_seg5 to genome segment_juncs with Bowtie2 (5/6)\n[2020-02-17 22:52:46] Mapping right_kept_reads.m2g_um_seg6 to genome segment_juncs with Bowtie2 (6/6)\n[2020-02-17 22:53:45] Joining segment hits\n[2020-02-17 22:55:59] Reporting output tracks\n        [FAILED]\nError: [Errno 2] No such file or directory: 'SRR6929571/tmp/accepted_hits2_sorted.bam'\nFound 160151 junctions from happy spliced reads\n```\n\nAn the `run.log`: (Last few lines)\n\n```\n/root/Software/biosoft/tophat-2.1.1.Linux_x86_64/samtools_0.1.18 sort SRR6929571/tmp/accepted_hits0.bam SRR6929571/tmp/accepted_hits0_sorted\n/root/Software/biosoft/tophat-2.1.1.Linux_x86_64/samtools_0.1.18 sort SRR6929571/tmp/accepted_hits1.bam SRR6929571/tmp/accepted_hits1_sorted\n/root/Software/biosoft/tophat-2.1.1.Linux_x86_64/samtools_0.1.18 sort SRR6929571/tmp/accepted_hits2.bam SRR6929571/tmp/accepted_hits2_sorted\n/root/Software/biosoft/tophat-2.1.1.Linux_x86_64/samtools_0.1.18 sort SRR6929571/tmp/accepted_hits3.bam SRR6929571/tmp/accepted_hits3_sorted\n/root/Software/biosoft/tophat-2.1.1.Linux_x86_64/samtools_0.1.18 merge -f -h SRR6929571/tmp/S_lycopersicum_chromosomes.4.00_genome.bwt.samheader.sam SRR6929571/accepted_hits.bam SRR6929571/tmp/accepted_hits0_sorted.bam SRR6929571/tmp/accepted_hits1_sorted.bam SRR6929571/tmp/accepted_hits2_sorted.bam SRR6929571/tmp/accepted_hits3_sorted.bam\n```\n\nSo, if you see this err, please help me!\n\nThank you.",
    "creation_date": "2020-02-18T02:28:35.617565+00:00",
    "has_accepted": false,
    "id": 405411,
    "lastedit_date": "2023-06-07T17:43:48.482369+00:00",
    "lastedit_user_uid": "8494",
    "parent_id": 405411,
    "rank": 1581997296.247998,
    "reply_count": 3,
    "root_id": 405411,
    "status": "Open",
    "status_id": 1,
    "subs_count": 2,
    "tag_val": "software-error,genome,Tophat2",
    "thread_score": 0,
    "title": "The Tophta2 ERR, [ERRno 2]",
    "type": "Question",
    "type_id": 0,
    "uid": "422688",
    "url": "https://www.biostars.org/p/422688/",
    "view_count": 1146,
    "vote_count": 0,
    "xhtml": "<p>Now, I sued the Tophat2 (V2.1.1) work, my software can run normally, but cant get *.hit.bam. and I've run the software many time and it's the result.</p>\n<p>The <code>nohup.out</code>:</p>\n<pre><code>[2020-02-17 19:49:02] Beginning TopHat run (v2.1.1)\n-----------------------------------------------\n[2020-02-17 19:49:02] Checking for Bowtie\n                  Bowtie version:        2.3.5.0\n[2020-02-17 19:49:02] Checking for Bowtie index files (genome)..\n[2020-02-17 19:49:02] Checking for reference FASTA file\n[2020-02-17 19:49:02] Generating SAM header for ../../Tomato_SL4.0/S_lycopersicum_chromosomes.4.00\n[2020-02-17 19:49:10] Reading known junctions from GTF file\n[2020-02-17 19:49:12] Preparing reads\n         left reads: min. length=150, max. length=150, 25661961 kept reads (66 discarded)\n        right reads: min. length=150, max. length=150, 25661122 kept reads (905 discarded)\n[2020-02-17 20:09:24] Building transcriptome data files SRR6929571/tmp/ITAG4.1_gene_models\n[2020-02-17 20:09:33] Building Bowtie index from ITAG4.1_gene_models.fa\n[2020-02-17 20:10:20] Mapping left_kept_reads to transcriptome ITAG4.1_gene_models with Bowtie2 \n[2020-02-17 20:52:52] Mapping right_kept_reads to transcriptome ITAG4.1_gene_models with Bowtie2 \n[2020-02-17 21:33:57] Resuming TopHat pipeline with unmapped reads\n[2020-02-17 21:33:57] Mapping left_kept_reads.m2g_um to genome S_lycopersicum_chromosomes.4.00 with Bowtie2 \n[2020-02-17 21:45:21] Mapping left_kept_reads.m2g_um_seg1 to genome S_lycopersicum_chromosomes.4.00 with Bowtie2 (1/6)\n[2020-02-17 21:47:41] Mapping left_kept_reads.m2g_um_seg2 to genome S_lycopersicum_chromosomes.4.00 with Bowtie2 (2/6)\n[2020-02-17 21:50:02] Mapping left_kept_reads.m2g_um_seg3 to genome S_lycopersicum_chromosomes.4.00 with Bowtie2 (3/6)\n[2020-02-17 21:52:21] Mapping left_kept_reads.m2g_um_seg4 to genome S_lycopersicum_chromosomes.4.00 with Bowtie2 (4/6)\n[2020-02-17 21:54:39] Mapping left_kept_reads.m2g_um_seg5 to genome S_lycopersicum_chromosomes.4.00 with Bowtie2 (5/6)\n[2020-02-17 21:57:00] Mapping left_kept_reads.m2g_um_seg6 to genome S_lycopersicum_chromosomes.4.00 with Bowtie2 (6/6)\n[2020-02-17 21:59:15] Mapping right_kept_reads.m2g_um to genome S_lycopersicum_chromosomes.4.00 with Bowtie2 \n[2020-02-17 22:12:49] Mapping right_kept_reads.m2g_um_seg1 to genome S_lycopersicum_chromosomes.4.00 with Bowtie2 (1/6)\n[2020-02-17 22:16:04] Mapping right_kept_reads.m2g_um_seg2 to genome S_lycopersicum_chromosomes.4.00 with Bowtie2 (2/6)\n[2020-02-17 22:19:18] Mapping right_kept_reads.m2g_um_seg3 to genome S_lycopersicum_chromosomes.4.00 with Bowtie2 (3/6)\n[2020-02-17 22:22:14] Mapping right_kept_reads.m2g_um_seg4 to genome S_lycopersicum_chromosomes.4.00 with Bowtie2 (4/6)\n[2020-02-17 22:25:07] Mapping right_kept_reads.m2g_um_seg5 to genome S_lycopersicum_chromosomes.4.00 with Bowtie2 (5/6)\n[2020-02-17 22:28:04] Mapping right_kept_reads.m2g_um_seg6 to genome S_lycopersicum_chromosomes.4.00 with Bowtie2 (6/6)\n[2020-02-17 22:30:55] Searching for junctions via segment mapping\n[2020-02-17 22:38:51] Retrieving sequences for splices\n[2020-02-17 22:39:12] Indexing splices\nBuilding a SMALL index\n[2020-02-17 22:39:27] Mapping left_kept_reads.m2g_um_seg1 to genome segment_juncs with Bowtie2 (1/6)\n[2020-02-17 22:40:24] Mapping left_kept_reads.m2g_um_seg2 to genome segment_juncs with Bowtie2 (2/6)\n[2020-02-17 22:41:13] Mapping left_kept_reads.m2g_um_seg3 to genome segment_juncs with Bowtie2 (3/6)\n[2020-02-17 22:42:02] Mapping left_kept_reads.m2g_um_seg4 to genome segment_juncs with Bowtie2 (4/6)\n[2020-02-17 22:42:51] Mapping left_kept_reads.m2g_um_seg5 to genome segment_juncs with Bowtie2 (5/6)\n[2020-02-17 22:43:40] Mapping left_kept_reads.m2g_um_seg6 to genome segment_juncs with Bowtie2 (6/6)\n[2020-02-17 22:44:27] Joining segment hits\n[2020-02-17 22:46:22] Mapping right_kept_reads.m2g_um_seg1 to genome segment_juncs with Bowtie2 (1/6)\n[2020-02-17 22:48:13] Mapping right_kept_reads.m2g_um_seg2 to genome segment_juncs with Bowtie2 (2/6)\n[2020-02-17 22:49:31] Mapping right_kept_reads.m2g_um_seg3 to genome segment_juncs with Bowtie2 (3/6)\n[2020-02-17 22:50:40] Mapping right_kept_reads.m2g_um_seg4 to genome segment_juncs with Bowtie2 (4/6)\n[2020-02-17 22:51:44] Mapping right_kept_reads.m2g_um_seg5 to genome segment_juncs with Bowtie2 (5/6)\n[2020-02-17 22:52:46] Mapping right_kept_reads.m2g_um_seg6 to genome segment_juncs with Bowtie2 (6/6)\n[2020-02-17 22:53:45] Joining segment hits\n[2020-02-17 22:55:59] Reporting output tracks\n        [FAILED]\nError: [Errno 2] No such file or directory: 'SRR6929571/tmp/accepted_hits2_sorted.bam'\nFound 160151 junctions from happy spliced reads\n</code></pre>\n<p>An the <code>run.log</code>: (Last few lines)</p>\n<pre><code>/root/Software/biosoft/tophat-2.1.1.Linux_x86_64/samtools_0.1.18 sort SRR6929571/tmp/accepted_hits0.bam SRR6929571/tmp/accepted_hits0_sorted\n/root/Software/biosoft/tophat-2.1.1.Linux_x86_64/samtools_0.1.18 sort SRR6929571/tmp/accepted_hits1.bam SRR6929571/tmp/accepted_hits1_sorted\n/root/Software/biosoft/tophat-2.1.1.Linux_x86_64/samtools_0.1.18 sort SRR6929571/tmp/accepted_hits2.bam SRR6929571/tmp/accepted_hits2_sorted\n/root/Software/biosoft/tophat-2.1.1.Linux_x86_64/samtools_0.1.18 sort SRR6929571/tmp/accepted_hits3.bam SRR6929571/tmp/accepted_hits3_sorted\n/root/Software/biosoft/tophat-2.1.1.Linux_x86_64/samtools_0.1.18 merge -f -h SRR6929571/tmp/S_lycopersicum_chromosomes.4.00_genome.bwt.samheader.sam SRR6929571/accepted_hits.bam SRR6929571/tmp/accepted_hits0_sorted.bam SRR6929571/tmp/accepted_hits1_sorted.bam SRR6929571/tmp/accepted_hits2_sorted.bam SRR6929571/tmp/accepted_hits3_sorted.bam\n</code></pre>\n<p>So, if you see this err, please help me!</p>\n<p>Thank you.</p>\n"
}