{
    "answer_count": 5,
    "author": "New2programming",
    "author_uid": "42282",
    "book_count": 0,
    "comment_count": 5,
    "content": "I'm looking to run a number of Fasta files simultaneously using local blast for a pipeline. Im using biopython to read in my input file and parse through for a specified number of sequences e.g. 1000 if the file is larger i batch it out into segments of 1000. But i'm now looking for a way be able to run each file through local blast rather than one at a time and then concatenating all the output files i receive for post-blast parsing by E-value.\r\n\r\n    def batch_iterator(iterator, batch_size):#generator function for splitting large files\r\n        entry = True  # Make sure we loop once\r\n        while entry:\r\n            batch = []\r\n            while len(batch) < batch_size:\r\n                try:\r\n                    entry = iterator.__next__()\r\n                except StopIteration:\r\n                    entry = None\r\n                if entry is None:\r\n                    # End of file\r\n                    break\r\n                batch.append(entry)\r\n            if batch:\r\n                yield batch \r\n\r\n    counter =0\r\n    for record in SeqIO.parse(Input_file,'fasta'):# pasrse input file for sequence #\r\n        counter +=1\r\n        if counter > 10:#if input file has more than 10 seqs file is batched  \r\n            record_iter=SeqIO.parse(open(Input_file),\"fasta\")\r\n            for i, batch in enumerate(batch_iterator(record_iter, 10)):\r\n                filename = \"batch_%i.fasta\" % (i + 1)\r\n                with open(filename, \"w\") as handle:\r\n                    count = SeqIO.write(batch, handle, \"fasta\")\r\n                print(\"Write %i records to %s\" % (count, filename))      \r\n        else:\r\n            continue\r\n\r\n\r\nWhat would be the best way to automate this so i grab all my batch files and run them through local blast? Would i have to use  `./blastp -db a_database -query queryfile.fasta -out blastoutpu.tsv -outfmt 6` for individual file name using the os(command) in my script or is there a simpler way?\r\n",
    "creation_date": "2018-04-18T09:03:33.297240+00:00",
    "has_accepted": false,
    "id": 299486,
    "lastedit_date": "2018-04-18T09:03:33.297240+00:00",
    "lastedit_user_uid": "42282",
    "parent_id": 299486,
    "rank": 1524042213.29724,
    "reply_count": 5,
    "root_id": 299486,
    "status": "Open",
    "status_id": 1,
    "subs_count": 3,
    "tag_val": "biopython,alignment,Blast,BlastP,python",
    "thread_score": 1,
    "title": "Passing multiple fasta files to local blast",
    "type": "Question",
    "type_id": 0,
    "uid": "309967",
    "url": "https://www.biostars.org/p/309967/",
    "view_count": 2537,
    "vote_count": 0,
    "xhtml": "<p>I'm looking to run a number of Fasta files simultaneously using local blast for a pipeline. Im using biopython to read in my input file and parse through for a specified number of sequences e.g. 1000 if the file is larger i batch it out into segments of 1000. But i'm now looking for a way be able to run each file through local blast rather than one at a time and then concatenating all the output files i receive for post-blast parsing by E-value.</p>\n\n<pre class=\"pre\"><code class=\"language-bash\">def batch_iterator(iterator, batch_size):#generator function for splitting large files\n    entry = True  # Make sure we loop once\n    while entry:\n        batch = []\n        while len(batch) &lt; batch_size:\n            try:\n                entry = iterator.__next__()\n            except StopIteration:\n                entry = None\n            if entry is None:\n                # End of file\n                break\n            batch.append(entry)\n        if batch:\n            yield batch \n\ncounter =0\nfor record in SeqIO.parse(Input_file,'fasta'):# pasrse input file for sequence #\n    counter +=1\n    if counter &gt; 10:#if input file has more than 10 seqs file is batched  \n        record_iter=SeqIO.parse(open(Input_file),\"fasta\")\n        for i, batch in enumerate(batch_iterator(record_iter, 10)):\n            filename = \"batch_%i.fasta\" % (i + 1)\n            with open(filename, \"w\") as handle:\n                count = SeqIO.write(batch, handle, \"fasta\")\n            print(\"Write %i records to %s\" % (count, filename))      \n    else:\n        continue\n</code></pre>\n\n<p>What would be the best way to automate this so i grab all my batch files and run them through local blast? Would i have to use  <code>./blastp -db a_database -query queryfile.fasta -out blastoutpu.tsv -outfmt 6</code> for individual file name using the os(command) in my script or is there a simpler way?</p>\n"
}