{
    "answer_count": 0,
    "author": "Takayuki",
    "author_uid": "116134",
    "book_count": 0,
    "comment_count": 0,
    "content": "Hi, I am trying to get RNA sequences for my model to predict protein binding sites in RNA. I am trying to [mimic the method of other groups][1] and could not understand some procedures in their preparation. They got RNA sequences from ENCODE eCLIP result. Then found an overlap region of the RNA sequences with the corresponding reference gene. Why do we need the overlap region? instead of just taking the RNA sequence of the processed data file in ENCODE? Is this about eliminating the added tails in eCLIP pipeline? Thank you.\r\n\r\n\r\n  [1]: https://bmcgenomics.biomedcentral.com/articles/10.1186/s12864-020-07291-6",
    "creation_date": "2022-11-07T23:53:34.142401+00:00",
    "has_accepted": false,
    "id": 544329,
    "lastedit_date": "2022-11-07T23:53:34.142410+00:00",
    "lastedit_user_uid": "116134",
    "parent_id": 544329,
    "rank": 1667865214.14241,
    "reply_count": 0,
    "root_id": 544329,
    "status": "Open",
    "status_id": 1,
    "subs_count": 1,
    "tag_val": "RNA",
    "thread_score": 0,
    "title": "Obtain RNA sequence from ENCODE for prediction of protein binding site in RNA",
    "type": "Question",
    "type_id": 0,
    "uid": "9544329",
    "url": "https://www.biostars.org/p/9544329/",
    "view_count": 332,
    "vote_count": 0,
    "xhtml": "<p>Hi, I am trying to get RNA sequences for my model to predict protein binding sites in RNA. I am trying to <a href=\"https://bmcgenomics.biomedcentral.com/articles/10.1186/s12864-020-07291-6\" rel=\"nofollow\">mimic the method of other groups</a> and could not understand some procedures in their preparation. They got RNA sequences from ENCODE eCLIP result. Then found an overlap region of the RNA sequences with the corresponding reference gene. Why do we need the overlap region? instead of just taking the RNA sequence of the processed data file in ENCODE? Is this about eliminating the added tails in eCLIP pipeline? Thank you.</p>\n"
}