{
    "answer_count": 9,
    "author": "hafiz.talhamalik",
    "author_uid": "21757",
    "book_count": 0,
    "comment_count": 7,
    "content": "I am using gatk 3.7 and trying to make a vcf file from sam file using gatk pipeline. I am getting an error\r\n**Error Message: Invalid argument value 'RealignerTargetCreator at position' 0**\r\nwhy i am getting this error message.",
    "creation_date": "2019-06-17T09:01:06.880783+00:00",
    "has_accepted": false,
    "id": 371771,
    "lastedit_date": "2019-10-24T11:55:52.531127+00:00",
    "lastedit_user_uid": "59327",
    "parent_id": 371771,
    "rank": 1571918152.531127,
    "reply_count": 9,
    "root_id": 371771,
    "status": "Open",
    "status_id": 1,
    "subs_count": 3,
    "tag_val": "SNP,vcf,Gatk",
    "thread_score": 0,
    "title": "GATK Error Message: Invalid argument value 'RealignerTargetCreator at position' 0",
    "type": "Question",
    "type_id": 0,
    "uid": "385015",
    "url": "https://www.biostars.org/p/385015/",
    "view_count": 3835,
    "vote_count": 0,
    "xhtml": "<p>I am using gatk 3.7 and trying to make a vcf file from sam file using gatk pipeline. I am getting an error\n<strong>Error Message: Invalid argument value 'RealignerTargetCreator at position' 0</strong>\nwhy i am getting this error message.</p>\n"
}