{
    "answer_count": 1,
    "author": "Emily072020",
    "author_uid": "71256",
    "book_count": 1,
    "comment_count": 1,
    "content": "I have two samples: control and tumor. \r\n\r\nAfter comparing to reference genome, I got a vcf file (for SVs) as shown below:\r\n\r\n  \r\n\r\n    #CHROM  POS     ID      REF     ALT     QUAL    FILTER  INFO    FORMAT   control tumor\r\n    chr1 10023 DEL00000011     C       <DEL>   .       PASS    IMPRECISE;SVTYPE=DEL;SVMETHOD=EMBL.DELLY;CHR2=chr1;END=10123;PE=6;MAPQ=20;CT=3to5;CIPOS=-104,104;CIEND=-104,104  GT:GL:GQ:FT:RCL:RC:RCR:CN:DR:DV:RR:RV   0/0:0,-12.7796,-242.22:128:PASS:498:1024:485:1:63:3:0:0 0/0:0,-16.9201,-408.134:10333:PASS:588:1179:427:1:78:3:0:0\r\n\r\nIn this vcf, the germline and somatic SVs are all included. I want to, based on column 9 to 11, retrieve germline SVs and somatic SVs separately. Is there already a pipeline existing for this purpose? Thanks.",
    "creation_date": "2020-07-07T09:44:36.642352+00:00",
    "has_accepted": false,
    "id": 426123,
    "lastedit_date": "2020-07-07T09:44:59.250021+00:00",
    "lastedit_user_uid": "71256",
    "parent_id": 426123,
    "rank": 1594115099.250021,
    "reply_count": 1,
    "root_id": 426123,
    "status": "Open",
    "status_id": 1,
    "subs_count": 1,
    "tag_val": "vcf,sequencing,genome,Structural variant",
    "thread_score": 1,
    "title": "vcf of SV (structural variant): how to retrieve/separate Germline and Somatic SVs?",
    "type": "Question",
    "type_id": 0,
    "uid": "447970",
    "url": "https://www.biostars.org/p/447970/",
    "view_count": 1075,
    "vote_count": 1,
    "xhtml": "<p>I have two samples: control and tumor. </p>\n\n<p>After comparing to reference genome, I got a vcf file (for SVs) as shown below:</p>\n\n<pre class=\"pre\"><code class=\"language-bash\">#CHROM  POS     ID      REF     ALT     QUAL    FILTER  INFO    FORMAT   control tumor\nchr1 10023 DEL00000011     C       &lt;DEL&gt;   .       PASS    IMPRECISE;SVTYPE=DEL;SVMETHOD=EMBL.DELLY;CHR2=chr1;END=10123;PE=6;MAPQ=20;CT=3to5;CIPOS=-104,104;CIEND=-104,104  GT:GL:GQ:FT:RCL:RC:RCR:CN:DR:DV:RR:RV   0/0:0,-12.7796,-242.22:128:PASS:498:1024:485:1:63:3:0:0 0/0:0,-16.9201,-408.134:10333:PASS:588:1179:427:1:78:3:0:0\n</code></pre>\n\n<p>In this vcf, the germline and somatic SVs are all included. I want to, based on column 9 to 11, retrieve germline SVs and somatic SVs separately. Is there already a pipeline existing for this purpose? Thanks.</p>\n"
}