{
    "answer_count": 0,
    "author": "jp",
    "author_uid": "27027",
    "book_count": 0,
    "comment_count": 0,
    "content": "Posts of Full-Time or Part-Time Research Support Officer I, II, III or IV (Bioinformatics) (Call ID 2020-098)\n------------------------------------------------------------------------\n\nTargetID \u2013 \u201cNovel Drug Targets for Infectious Diseases\u201d (TargetID\u2013 COV.RD.2020.11) MCST COVID-19 R&D Fund 2020\n\nTargetID\u00a0will identify genes that regulate molecules that show deranged expression after SARS-Cov-2 infection, with the aim of finding suitable drug\u00a0targets that would prevent COVID-19 induced cytokine storms.\u00a0RNA-Seq and whole genome sequencing data will be generated from 1,000 individuals and analysed using a combination of approaches. Positions are available at the [University of Malta][1] to set up the bioinformatics pipelines and carry out the analysis of this data.\n\nFurther details can be found at:\n[https://www.um.edu.mt/__data/assets/pdf_file/0011/452000/PTorFTRSOIIIIIIIV-TargetID-24.11.20.pdf][2]\n\nClosing date: **16th December 2020**.\n\nInformation may be obtained by contacting the Principal Investigator, Dr Stephanie Bezzina Wettinger at\u00a0stephanie.bezzina-wettinger@um.edu.mt.\n\n![enter image description here][3]\n\n\n  [1]: https://www.um.edu.mt/\n  [2]: https://www.um.edu.mt/__data/assets/pdf_file/0011/452000/PTorFTRSOIIIIIIIV-TargetID-24.11.20.pdf\n  [3]: https://i.ibb.co/60fPmf4/Target-ID-01.png",
    "creation_date": "2020-11-26T15:31:08.204937+00:00",
    "has_accepted": false,
    "id": 445932,
    "lastedit_date": "2023-03-21T14:35:14.855953+00:00",
    "lastedit_user_uid": "8494",
    "parent_id": 445932,
    "rank": 1606404668.204937,
    "reply_count": 0,
    "root_id": 445932,
    "status": "Open",
    "status_id": 1,
    "subs_count": 0,
    "tag_val": "Malta,RNA-Seq,COVID-19,DNA",
    "thread_score": 0,
    "title": "Bioinformatics Posts in Malta (EU)  [COVID-19 related]",
    "type": "Job",
    "type_id": 2,
    "uid": "475636",
    "url": "https://www.biostars.org/p/475636/",
    "view_count": 959,
    "vote_count": 0,
    "xhtml": "<h2>Posts of Full-Time or Part-Time Research Support Officer I, II, III or IV (Bioinformatics) (Call ID 2020-098)</h2>\n<p>TargetID \u2013 \u201cNovel Drug Targets for Infectious Diseases\u201d (TargetID\u2013 COV.RD.2020.11) MCST COVID-19 R&amp;D Fund 2020</p>\n<p>TargetID\u00a0will identify genes that regulate molecules that show deranged expression after SARS-Cov-2 infection, with the aim of finding suitable drug\u00a0targets that would prevent COVID-19 induced cytokine storms.\u00a0RNA-Seq and whole genome sequencing data will be generated from 1,000 individuals and analysed using a combination of approaches. Positions are available at the <a href=\"https://www.um.edu.mt/\" rel=\"nofollow\">University of Malta</a> to set up the bioinformatics pipelines and carry out the analysis of this data.</p>\n<p>Further details can be found at:\n<a href=\"https://www.um.edu.mt/__data/assets/pdf_file/0011/452000/PTorFTRSOIIIIIIIV-TargetID-24.11.20.pdf\" rel=\"nofollow\">https://www.um.edu.mt/__data/assets/pdf_file/0011/452000/PTorFTRSOIIIIIIIV-TargetID-24.11.20.pdf</a></p>\n<p>Closing date: <strong>16th December 2020</strong>.</p>\n<p>Information may be obtained by contacting the Principal Investigator, Dr Stephanie Bezzina Wettinger at\u00a0stephanie.bezzina-wettinger@um.edu.mt.</p>\n<p><img alt=\"enter image description here\" src=\"https://i.ibb.co/60fPmf4/Target-ID-01.png\"></p>\n"
}