{
    "answer_count": 3,
    "author": "liruiradiant",
    "author_uid": "11159",
    "book_count": 0,
    "comment_count": 2,
    "content": "In my recent research, I tried to use 'EVAL' to generate some statistics for the genome annotation file generated from a cufflinks -> TransDecoder pipeline. However, I found this package disappointing.  \n\n----------\n\n**My high expectations:**\n\nThe Eval package had very detailed documents and promises to generate statistics about transcript length, CDS length,  UTR length, and genome coverage. My goal is to evaluate my new assembly, especially in terms of the increase in 3UTR length. After reading the instructions to this tool, I thought I found a great solution.\n\n**My disappointments:**\n\n1. The Eval package only supports GTF2 format, with start_codon/end_codon  entries as necessity:\n\n This is reasonable. So I used gffread -T to transform the GFF3 file I got from TrandDecoder, then spent half a day writing scripts to add start/stop codon to the GTF file. I thought I'm close to getting the rewards of the result.\n\n2. The Eval generates wrong 3UTR length information:\n\n Using the GTF2 file I generated, I got very complete statistics for the 3UTR for the GTF file. I was exited...before I\n    checked the result. Here is a list of the annoying facts:\n\n a. generating 3UTR information for sequences without  3UTR.    \n        b. warning 'overlapping exon region between stop codon and 3UTR.    \n        c. The transcript length reported by EVAL includes intron length, which makes the result completely useless for me.    \n        d. The *validate_gtf.pl -f* is supposed to fix formatting issue in any GTF2 file and infer UTR lines from 'Exon' and 'CDS' information, however, it adds UTR information for GTF2 files without CDS info provided.\n\n----------\nMy painful lesson learned: \n\n    The EVAL package have serious bugs while the documentation looks so detailed and nice.\n\n(#EVAL Package: Keibler, E., & Brent, M. R. (2003). Eval: a software package for analysis of genome annotations. BMC Bioinformatics, 4(1), 50. doi:10.1186/1471-2105-4-50) ",
    "creation_date": "2016-03-12T18:56:37.506735+00:00",
    "has_accepted": false,
    "id": 173776,
    "lastedit_date": "2023-02-09T20:36:25.137471+00:00",
    "lastedit_user_uid": "8494",
    "parent_id": 173776,
    "rank": 1574308221.749533,
    "reply_count": 3,
    "root_id": 173776,
    "status": "Open",
    "status_id": 1,
    "subs_count": 3,
    "tag_val": "software-error,Assembly",
    "thread_score": 1,
    "title": "Review of the EVAL package (generating stats for GTF files)",
    "type": "Forum",
    "type_id": 3,
    "uid": "181418",
    "url": "https://www.biostars.org/p/181418/",
    "view_count": 2462,
    "vote_count": 1,
    "xhtml": "<p>In my recent research, I tried to use 'EVAL' to generate some statistics for the genome annotation file generated from a cufflinks -&gt; TransDecoder pipeline. However, I found this package disappointing.</p>\n<hr>\n<p><strong>My high expectations:</strong></p>\n<p>The Eval package had very detailed documents and promises to generate statistics about transcript length, CDS length,  UTR length, and genome coverage. My goal is to evaluate my new assembly, especially in terms of the increase in 3UTR length. After reading the instructions to this tool, I thought I found a great solution.</p>\n<p><strong>My disappointments:</strong></p>\n<ol>\n<li><p>The Eval package only supports GTF2 format, with start_codon/end_codon  entries as necessity:</p>\n<p>This is reasonable. So I used gffread -T to transform the GFF3 file I got from TrandDecoder, then spent half a day writing scripts to add start/stop codon to the GTF file. I thought I'm close to getting the rewards of the result.</p>\n</li>\n<li><p>The Eval generates wrong 3UTR length information:</p>\n<p>Using the GTF2 file I generated, I got very complete statistics for the 3UTR for the GTF file. I was exited...before I\n checked the result. Here is a list of the annoying facts:</p>\n<p>a. generating 3UTR information for sequences without  3UTR.</p>\n<pre><code> b. warning 'overlapping exon region between stop codon and 3UTR.    \n c. The transcript length reported by EVAL includes intron length, which makes the result completely useless for me.    \n d. The *validate_gtf.pl -f* is supposed to fix formatting issue in any GTF2 file and infer UTR lines from 'Exon' and 'CDS' information, however, it adds UTR information for GTF2 files without CDS info provided.\n</code></pre>\n</li>\n</ol>\n<hr>\n<p>My painful lesson learned:</p>\n<pre><code>The EVAL package have serious bugs while the documentation looks so detailed and nice.\n</code></pre>\n<p>(#EVAL Package: Keibler, E., &amp; Brent, M. R. (2003). Eval: a software package for analysis of genome annotations. BMC Bioinformatics, 4(1), 50. doi:10.1186/1471-2105-4-50)</p>\n"
}