{
    "answer_count": 12,
    "author": "harshraje19",
    "author_uid": "61373",
    "book_count": 1,
    "comment_count": 11,
    "content": "Dear All,\r\n\r\nI am performing the miRNA prediction analysis. I am working on plant and genome of that plant species is available but miRNA sequence file is not there in mirbase. So I cannot predict the mirnas using miRDeep2 (I guess).\r\n\r\nCan anyone suggest me any alternative pipeline for de novo prediction of plant miRNAs?\r\n\r\nThank you",
    "creation_date": "2020-01-13T22:21:18.545863+00:00",
    "has_accepted": false,
    "id": 400364,
    "lastedit_date": "2020-06-15T16:48:16.355552+00:00",
    "lastedit_user_uid": "67180",
    "parent_id": 400364,
    "rank": 1592239696.355552,
    "reply_count": 12,
    "root_id": 400364,
    "status": "Open",
    "status_id": 1,
    "subs_count": 3,
    "tag_val": "RNA-Seq,rna-seq,next-gen,sequence,Assembly",
    "thread_score": 3,
    "title": "Can anyone suggest me the pipeline for de novo prediction of miRNAs?",
    "type": "Question",
    "type_id": 0,
    "uid": "416416",
    "url": "https://www.biostars.org/p/416416/",
    "view_count": 1731,
    "vote_count": 2,
    "xhtml": "<p>Dear All,</p>\n\n<p>I am performing the miRNA prediction analysis. I am working on plant and genome of that plant species is available but miRNA sequence file is not there in mirbase. So I cannot predict the mirnas using miRDeep2 (I guess).</p>\n\n<p>Can anyone suggest me any alternative pipeline for de novo prediction of plant miRNAs?</p>\n\n<p>Thank you</p>\n"
}