{
    "answer_count": 1,
    "author": "vguerracanedo",
    "author_uid": "35428",
    "book_count": 0,
    "comment_count": 1,
    "content": "Hi Everyone, \r\n\r\nI was looking at my results from Kissplice2RefTranscriptome and I note that SNPs were annotated for my mitochondrial genes. This doesn't look right because the mitochondrial genes of my organism are haploid. I followed the steps as noted in the manual with a Trinity De novo assembly. Has anyone encountered this problem? is this a matter of adjusting the pipeline? \r\n\r\nBest, \r\nVanessa",
    "creation_date": "2016-12-14T22:37:36.971033+00:00",
    "has_accepted": false,
    "id": 218548,
    "lastedit_date": "2019-05-08T18:28:10.410265+00:00",
    "lastedit_user_uid": "1",
    "parent_id": 218548,
    "rank": 1557340090.410265,
    "reply_count": 1,
    "root_id": 218548,
    "status": "Open",
    "status_id": 1,
    "subs_count": 1,
    "tag_val": "rna-seq",
    "thread_score": 0,
    "title": "Kissplice2RefTranscriptome interpreting results ",
    "type": "Question",
    "type_id": 0,
    "uid": "227307",
    "url": "https://www.biostars.org/p/227307/",
    "view_count": 900,
    "vote_count": 0,
    "xhtml": "<p>Hi Everyone, </p>\n\n<p>I was looking at my results from Kissplice2RefTranscriptome and I note that SNPs were annotated for my mitochondrial genes. This doesn't look right because the mitochondrial genes of my organism are haploid. I followed the steps as noted in the manual with a Trinity De novo assembly. Has anyone encountered this problem? is this a matter of adjusting the pipeline? </p>\n\n<p>Best, \nVanessa</p>\n"
}