{
    "answer_count": 2,
    "author": "rob.costa1234",
    "author_uid": "7551",
    "book_count": 0,
    "comment_count": 2,
    "content": "The h5 file generated - (filtered_gene_bc_matrices_h5 ) by cell ranger pipeline is a normalized data or it is still a raw data?\r\n\r\nAny suggestion",
    "creation_date": "2018-07-14T05:03:41.354104+00:00",
    "has_accepted": false,
    "id": 315991,
    "lastedit_date": "2018-07-14T05:03:41.354104+00:00",
    "lastedit_user_uid": "7551",
    "parent_id": 315991,
    "rank": 1531544621.354104,
    "reply_count": 2,
    "root_id": 315991,
    "status": "Open",
    "status_id": 1,
    "subs_count": 2,
    "tag_val": "RNA-Seq",
    "thread_score": 1,
    "title": "h5 file of cell ranger",
    "type": "Question",
    "type_id": 0,
    "uid": "326818",
    "url": "https://www.biostars.org/p/326818/",
    "view_count": 4166,
    "vote_count": 0,
    "xhtml": "<p>The h5 file generated - (filtered_gene_bc_matrices_h5 ) by cell ranger pipeline is a normalized data or it is still a raw data?</p>\n\n<p>Any suggestion</p>\n"
}