{
    "answer_count": 4,
    "author": "George",
    "author_uid": "139357",
    "book_count": 0,
    "comment_count": 4,
    "content": "Hello,\n\nA month ago, I utilized the SRA Toolkit Pipeline to download Fastq files from a BioProject accession. Following the recommended steps, I generated a list of SRR Names, used prefetch, and then employed fasterq-dump (using parallel-fastq-dump) to obtain the data locally, resulting in fq.gz files with the corresponding SRR names.\n\nRecently, while composing a review for my project, I attempted prefetch with the BioProject accession name. Surprisingly, it not only worked but also downloaded the files in fq.gz format, a task that prefetch supposedly cannot perform. Furthermore, it downloaded the files using the original project ID names(as used in the paper, as opposed to SRR names). I am puzzled by this unexpected behavior and would appreciate any insights into why this occurred.",
    "creation_date": "2023-11-17T13:42:49.627313+00:00",
    "has_accepted": false,
    "id": 580547,
    "lastedit_date": "2023-11-17T20:29:58.371377+00:00",
    "lastedit_user_uid": "139357",
    "parent_id": 580547,
    "rank": 1700228569.627322,
    "reply_count": 4,
    "root_id": 580547,
    "status": "Open",
    "status_id": 1,
    "subs_count": 3,
    "tag_val": "ncbi,SRAtoolkit,prefetch",
    "thread_score": 1,
    "title": "Efficient Bulk Data Retrieval from NCBI BioProject",
    "type": "Question",
    "type_id": 0,
    "uid": "9580547",
    "url": "https://www.biostars.org/p/9580547/",
    "view_count": 913,
    "vote_count": 0,
    "xhtml": "<p>Hello,</p>\n<p>A month ago, I utilized the SRA Toolkit Pipeline to download Fastq files from a BioProject accession. Following the recommended steps, I generated a list of SRR Names, used prefetch, and then employed fasterq-dump (using parallel-fastq-dump) to obtain the data locally, resulting in fq.gz files with the corresponding SRR names.</p>\n<p>Recently, while composing a review for my project, I attempted prefetch with the BioProject accession name. Surprisingly, it not only worked but also downloaded the files in fq.gz format, a task that prefetch supposedly cannot perform. Furthermore, it downloaded the files using the original project ID names(as used in the paper, as opposed to SRR names). I am puzzled by this unexpected behavior and would appreciate any insights into why this occurred.</p>\n"
}