{
    "answer_count": 0,
    "author": "massonix",
    "author_uid": "46696",
    "book_count": 1,
    "comment_count": 0,
    "content": "Dear all,\r\n\r\nWe performed a scRNA-seq experiment using the [cell hashing](https://genomebiology.biomedcentral.com/articles/10.1186/s13059-018-1603-1) protocol devolped by the Satija lab. This allows us to 'overload' the 10X Chip Channel, knowing that we will be able to detect most doublets in our dataset as those cell barcodes that express more than one hashtag. As a control for each sample, we added non-hashed cells to another well in the same 10X Chip, to later assess if this protocol is introducing any artifacts. To perform this comparison, I would like to merge both expression matrices (coming from different cellranger count) into a single one using cellranger aggr, [as described here](https://support.10xgenomics.com/single-cell-gene-expression/software/pipelines/latest/using/aggregate). This is of special importance as this two GEM wells have markedly different sequencing depths. However, I'm not entirely sure whether this will impact the demultiplexing of the hashtags in subsequent steps.\r\n\r\nSo, my question is: should I run cellranger aggr? If not, how could I correct for these differences?\r\n\r\nThanks a lot in advance, \r\n\r\nR",
    "creation_date": "2020-04-20T13:32:54.578517+00:00",
    "has_accepted": false,
    "id": 414313,
    "lastedit_date": "2020-04-20T13:32:54.578517+00:00",
    "lastedit_user_uid": "46696",
    "parent_id": 414313,
    "rank": 1587389574.578517,
    "reply_count": 0,
    "root_id": 414313,
    "status": "Open",
    "status_id": 1,
    "subs_count": 0,
    "tag_val": "cellranger,scRNA-seq,RNA-seq,10X",
    "thread_score": 2,
    "title": "Should I aggregate expression matrices from cell hashed and non-hashed libraries with cellranger?",
    "type": "Question",
    "type_id": 0,
    "uid": "433426",
    "url": "https://www.biostars.org/p/433426/",
    "view_count": 1165,
    "vote_count": 2,
    "xhtml": "<p>Dear all,</p>\n\n<p>We performed a scRNA-seq experiment using the <a rel=\"nofollow\" href=\"https://genomebiology.biomedcentral.com/articles/10.1186/s13059-018-1603-1\">cell hashing</a> protocol devolped by the Satija lab. This allows us to 'overload' the 10X Chip Channel, knowing that we will be able to detect most doublets in our dataset as those cell barcodes that express more than one hashtag. As a control for each sample, we added non-hashed cells to another well in the same 10X Chip, to later assess if this protocol is introducing any artifacts. To perform this comparison, I would like to merge both expression matrices (coming from different cellranger count) into a single one using cellranger aggr, <a rel=\"nofollow\" href=\"https://support.10xgenomics.com/single-cell-gene-expression/software/pipelines/latest/using/aggregate\">as described here</a>. This is of special importance as this two GEM wells have markedly different sequencing depths. However, I'm not entirely sure whether this will impact the demultiplexing of the hashtags in subsequent steps.</p>\n\n<p>So, my question is: should I run cellranger aggr? If not, how could I correct for these differences?</p>\n\n<p>Thanks a lot in advance, </p>\n\n<p>R</p>\n"
}