{
    "answer_count": 0,
    "author": "Knelson",
    "author_uid": "17678",
    "book_count": 0,
    "comment_count": 0,
    "content": "**Please visit this site for full details**: http://cfpub.epa.gov/ordpd/PostDoc_Position.cfm?pos_id=659\n\n**Also, for further details**: http://cfpub.epa.gov/ordpd/PostDoc_Lab.cfm?Lab=NHEERL\n\n**Geographical location of position**: Gulf Breeze, FL USA\n\n**Educational requirements**: Ph.D. in Bioinformatics, Molecular or Microbial Biology, Toxicology, Biochemistry, Environmental Sciences, Biology, Mathematics, Statistics, or related field.\n\n**Paid relocation to EPA work location: **YES\n\n**Excellent federal employee benefits**:\n\n - Salary range of $70,192 to $99,760\n - Up to 3 year appointment duration\n - Vacation and sick leave\n - Federal health benefits, life insurance and retirement program\n - Travel to professional scientific meetings\n - Some positions have an active post-doctoral trainee organization onsite\n\nCandidates must be U.S. citizens or permanent residents, and permanent resident applicants must be seeking citizenship as outlined in 8 U.S.C. 1324b(a)(3)(B). Only in the absence of qualified U.S. citizens will permanent residents be considered. For more information on Federal employment of non-U.S. citizens, go to https://help.usajobs.gov/index.php/Employment_of_Non-citizens\n\nEPA's Office of Research and Development is using genomic and proteomic endpoints to help identify molecular pathways and changes in microbial communities connected to environmental stressors. Research will contribute to the Chemical Safety for Sustainability and Safe and Sustainable Water Resources research programs. Critical work to be performed is the development and application of advanced molecular biology tools and approaches, including proteomic and genomics, to address ongoing and future priorities in chemical risk evaluation and water quality research. The successful applicant will use bioinformatics applicable to the collection, analysis, synthesis, interpretation, classification, movement and dissemination of large and complex data sets. Data will be generated from proteomics and genomics studies designed to understand and predict changes in environmental systems resulting from chemical exposure and/or nutrient enrichment and eutrophication. Successful development of state of the science approaches to support EPA's mission will provide sensitive indicators, predictive tools, and improved application of models designed to assess the mechanisms responsible for observed or predicted impacts to the environment and human health. Research may include but is not limited to the following: i) Developing bioinformatic pipelines to analyze proteins and genes identified in toxicity pathways in aquatic and semi-aquatic species associated with exposure to environmental contaminants; ii) Determining statistical linkages between gene/protein expression and internal dose levels of various chemicals; iii) Determining if gene/protein expression and identified toxicity pathways can be applied to interspecies and interclass toxicity translator models (i.e., fish and amphibians); iv ) Bioinformatic analyses of microbial and/or functional gene indicators of nutrient impacts to aquatic ecosystems. Bioinformatics will be utilized to evaluate DNA sequences obtained from periphyton, sediments, or other substrates.",
    "creation_date": "2015-05-04T15:33:05.762517+00:00",
    "has_accepted": false,
    "id": 134121,
    "lastedit_date": "2023-02-07T23:16:35.982306+00:00",
    "lastedit_user_uid": "8494",
    "parent_id": 134121,
    "rank": 1430753585.762517,
    "reply_count": 0,
    "root_id": 134121,
    "status": "Open",
    "status_id": 1,
    "subs_count": 0,
    "tag_val": "proteomics,genomics,aquatic-life,next-gen",
    "thread_score": 1,
    "title": "Post Doc needed in: Bioinformatics/Computational Approaches to Assessment of Chemical Risk, Aquatic Life Condition, and Ecosystem Sustainability",
    "type": "Job",
    "type_id": 2,
    "uid": "140652",
    "url": "https://www.biostars.org/p/140652/",
    "view_count": 1950,
    "vote_count": 1,
    "xhtml": "<p><strong>Please visit this site for full details</strong>: <a href=\"http://cfpub.epa.gov/ordpd/PostDoc_Position.cfm?pos_id=659\" rel=\"nofollow\">http://cfpub.epa.gov/ordpd/PostDoc_Position.cfm?pos_id=659</a></p>\n<p><strong>Also, for further details</strong>: <a href=\"http://cfpub.epa.gov/ordpd/PostDoc_Lab.cfm?Lab=NHEERL\" rel=\"nofollow\">http://cfpub.epa.gov/ordpd/PostDoc_Lab.cfm?Lab=NHEERL</a></p>\n<p><strong>Geographical location of position</strong>: Gulf Breeze, FL USA</p>\n<p><strong>Educational requirements</strong>: Ph.D. in Bioinformatics, Molecular or Microbial Biology, Toxicology, Biochemistry, Environmental Sciences, Biology, Mathematics, Statistics, or related field.</p>\n<p><strong>Paid relocation to EPA work location: </strong>YES</p>\n<p><strong>Excellent federal employee benefits</strong>:</p>\n<ul>\n<li>Salary range of $70,192 to $99,760</li>\n<li>Up to 3 year appointment duration</li>\n<li>Vacation and sick leave</li>\n<li>Federal health benefits, life insurance and retirement program</li>\n<li>Travel to professional scientific meetings</li>\n<li>Some positions have an active post-doctoral trainee organization onsite</li>\n</ul>\n<p>Candidates must be U.S. citizens or permanent residents, and permanent resident applicants must be seeking citizenship as outlined in 8 U.S.C. 1324b(a)(3)(B). Only in the absence of qualified U.S. citizens will permanent residents be considered. For more information on Federal employment of non-U.S. citizens, go to <a href=\"https://help.usajobs.gov/index.php/Employment_of_Non-citizens\" rel=\"nofollow\">https://help.usajobs.gov/index.php/Employment_of_Non-citizens</a></p>\n<p>EPA's Office of Research and Development is using genomic and proteomic endpoints to help identify molecular pathways and changes in microbial communities connected to environmental stressors. Research will contribute to the Chemical Safety for Sustainability and Safe and Sustainable Water Resources research programs. Critical work to be performed is the development and application of advanced molecular biology tools and approaches, including proteomic and genomics, to address ongoing and future priorities in chemical risk evaluation and water quality research. The successful applicant will use bioinformatics applicable to the collection, analysis, synthesis, interpretation, classification, movement and dissemination of large and complex data sets. Data will be generated from proteomics and genomics studies designed to understand and predict changes in environmental systems resulting from chemical exposure and/or nutrient enrichment and eutrophication. Successful development of state of the science approaches to support EPA's mission will provide sensitive indicators, predictive tools, and improved application of models designed to assess the mechanisms responsible for observed or predicted impacts to the environment and human health. Research may include but is not limited to the following: i) Developing bioinformatic pipelines to analyze proteins and genes identified in toxicity pathways in aquatic and semi-aquatic species associated with exposure to environmental contaminants; ii) Determining statistical linkages between gene/protein expression and internal dose levels of various chemicals; iii) Determining if gene/protein expression and identified toxicity pathways can be applied to interspecies and interclass toxicity translator models (i.e., fish and amphibians); iv ) Bioinformatic analyses of microbial and/or functional gene indicators of nutrient impacts to aquatic ecosystems. Bioinformatics will be utilized to evaluate DNA sequences obtained from periphyton, sediments, or other substrates.</p>\n"
}