{
    "answer_count": 4,
    "author": "reza",
    "author_uid": "29720",
    "book_count": 0,
    "comment_count": 3,
    "content": "I generated a VCF file including 20 samples belonging to two species (A and B), variant calling was done using GATK best practice pipeline (only autosomes chromosomes). Now I want to detect the introgressed regions from A sp. to B sp. I searched for a way to do that and find more articles used the ABBA BABA test and fd statistics. When I read some articles and some manuals for this test, I found they use 4 populations (P1, P2, P3, and O as outgroup).\r\n\r\nNow my question is, how I can handle this analysis using two populations?\r\n\r\nDo you have a suggestion for another valid method of identifying introgressed regions? \r\n\r\n",
    "creation_date": "2021-10-25T13:31:09.754336+00:00",
    "has_accepted": false,
    "id": 494934,
    "lastedit_date": "2021-10-28T08:50:26.989378+00:00",
    "lastedit_user_uid": "a70f2dc7",
    "parent_id": 494934,
    "rank": 1635177776.85655,
    "reply_count": 4,
    "root_id": 494934,
    "status": "Open",
    "status_id": 1,
    "subs_count": 3,
    "tag_val": "introgression,genetics,Population,ABAB-BABA",
    "thread_score": 1,
    "title": "ABBA BABA test for two population",
    "type": "Question",
    "type_id": 0,
    "uid": "9494934",
    "url": "https://www.biostars.org/p/9494934/",
    "view_count": 1945,
    "vote_count": 0,
    "xhtml": "<p>I generated a VCF file including 20 samples belonging to two species (A and B), variant calling was done using GATK best practice pipeline (only autosomes chromosomes). Now I want to detect the introgressed regions from A sp. to B sp. I searched for a way to do that and find more articles used the ABBA BABA test and fd statistics. When I read some articles and some manuals for this test, I found they use 4 populations (P1, P2, P3, and O as outgroup).</p>\n<p>Now my question is, how I can handle this analysis using two populations?</p>\n<p>Do you have a suggestion for another valid method of identifying introgressed regions?</p>\n"
}