{
    "answer_count": 0,
    "author": "faryabilab",
    "author_uid": "38435",
    "book_count": 0,
    "comment_count": 0,
    "content": "The Center for Personalized Diagnostics (CPD) at the University of Pennsylvania is seeking bioinformaticians. \n\nFurther information and the instruction to apply can be found at https://goo.gl/S9my41 or at www.pennmedicine.org/careers under Job ID #: 64595\n\nA qualified candidate will be strongly motivated individual with following qualifications:\n\n* Ph.D. or Master's degree in bioinformatics, computational or physical sciences or a related field with at least 1 year of practical experience in next-generation sequencing data analysis.\n* Solid programming and debugging skills in Python, or other high-level programming environments.\n* Experience in Illumina sequencing data and bioinformatics pipelines.\n* Experience in the use of bioinformatics software, packages, and databases, preferably in the cancer genomics area.\n* Familiarity with build systems, version control and other standard development tools.\n* Proficiency in shell programming and high performance cluster computing.\n* Demonstrated experience in design and implementation of SQL and/or nonSQL databases (MongoDB or other) is a plus.\n* Ability to work both independently and a team environment of a rapidly evolving genomic diagnostic center.\n* Excellent time management as well as oral and written communication skills. Good organizational skills.",
    "creation_date": "2017-07-05T15:27:55.787165+00:00",
    "has_accepted": false,
    "id": 251652,
    "lastedit_date": "2023-05-15T16:18:03.340627+00:00",
    "lastedit_user_uid": "8494",
    "parent_id": 251652,
    "rank": 1499268616.145421,
    "reply_count": 0,
    "root_id": 251652,
    "status": "Open",
    "status_id": 1,
    "subs_count": 0,
    "tag_val": "next-gen,genome",
    "thread_score": 0,
    "title": "Bioinformatics Specialist at the Center for Personalized Diagnostics of the University of Pennsylvania, Philadelphia, PA, USA",
    "type": "Job",
    "type_id": 2,
    "uid": "261005",
    "url": "https://www.biostars.org/p/261005/",
    "view_count": 1143,
    "vote_count": 0,
    "xhtml": "<p>The Center for Personalized Diagnostics (CPD) at the University of Pennsylvania is seeking bioinformaticians.</p>\n<p>Further information and the instruction to apply can be found at <a href=\"https://goo.gl/S9my41\" rel=\"nofollow\">https://goo.gl/S9my41</a> or at www.pennmedicine.org/careers under Job ID #: 64595</p>\n<p>A qualified candidate will be strongly motivated individual with following qualifications:</p>\n<ul>\n<li>Ph.D. or Master's degree in bioinformatics, computational or physical sciences or a related field with at least 1 year of practical experience in next-generation sequencing data analysis.</li>\n<li>Solid programming and debugging skills in Python, or other high-level programming environments.</li>\n<li>Experience in Illumina sequencing data and bioinformatics pipelines.</li>\n<li>Experience in the use of bioinformatics software, packages, and databases, preferably in the cancer genomics area.</li>\n<li>Familiarity with build systems, version control and other standard development tools.</li>\n<li>Proficiency in shell programming and high performance cluster computing.</li>\n<li>Demonstrated experience in design and implementation of SQL and/or nonSQL databases (MongoDB or other) is a plus.</li>\n<li>Ability to work both independently and a team environment of a rapidly evolving genomic diagnostic center.</li>\n<li>Excellent time management as well as oral and written communication skills. Good organizational skills.</li>\n</ul>\n"
}