{
    "answer_count": 2,
    "author": "Radhouane Aniba",
    "author_uid": "1109",
    "book_count": 1,
    "comment_count": 0,
    "content": "<p>Hi everyone,</p>\n\n<p>i am in my way for developing an RNA-seq data analysis pipeline, and I have some theories to implement for further analysis which are planned to be implemented after aligning reads to a reference genome using Bowtie.</p>\n\n<p>I want to test this part of the pipeline to an already aligned set of reads, no matter the original experiement, I want just some data to play with for that part of the pipeline.</p>\n\n<p>As I am new to RNA-seq, I wanted to ask you when you go to GEO to download some RNA-seq data what are the files that should be downloaded.</p>\n\n<p>I found SRA files in a single GEO entry, should i download them all and convert them to sSAM format ? What is then the best tool to convert SRA to SAM.</p>\n\n<p>Thank you</p>\n\n<p>Radhouane</p>\n",
    "creation_date": "2011-07-01T02:57:44.553000+00:00",
    "has_accepted": false,
    "id": 9569,
    "lastedit_date": "2011-07-01T06:41:16.357000+00:00",
    "lastedit_user_uid": "1664",
    "parent_id": 9569,
    "rank": 1309502476.357,
    "reply_count": 2,
    "root_id": 9569,
    "status": "Open",
    "status_id": 1,
    "subs_count": 2,
    "tag_val": "sam,bam,sra",
    "thread_score": 3,
    "title": "Where Can I Find Already Mapped Reads ?",
    "type": "Question",
    "type_id": 0,
    "uid": "9747",
    "url": "https://www.biostars.org/p/9747/",
    "view_count": 2927,
    "vote_count": 1,
    "xhtml": "<p>Hi everyone,</p>\n\n<p>i am in my way for developing an RNA-seq data analysis pipeline, and I have some theories to implement for further analysis which are planned to be implemented after aligning reads to a reference genome using Bowtie.</p>\n\n<p>I want to test this part of the pipeline to an already aligned set of reads, no matter the original experiement, I want just some data to play with for that part of the pipeline.</p>\n\n<p>As I am new to RNA-seq, I wanted to ask you when you go to GEO to download some RNA-seq data what are the files that should be downloaded.</p>\n\n<p>I found SRA files in a single GEO entry, should i download them all and convert them to sSAM format ? What is then the best tool to convert SRA to SAM.</p>\n\n<p>Thank you</p>\n\n<p>Radhouane</p>\n"
}