{
    "answer_count": 5,
    "author": "evoclive",
    "author_uid": "61288",
    "book_count": 0,
    "comment_count": 4,
    "content": "Dear all\n\nI have a GATK based workflow for my .fq files:\n1. Trimming and adapter clipping by using Trimmomatic\n2. Read alignment against reference with Bowtie2 (all defaults)\n3. Conversion of .bam to .sam and sorting with Samtools\n4. Then I use GATK *AddOrReplaceReadGroups*:\n\n>     java -jar picard.jar AddOrReplaceReadGroups \\\n>     I=$file \\\n>     O=$outfile \\\n>     SORT_ORDER=coordinate \\\n>     CREATE_INDEX=true VALIDATION_STRINGENCY=LENIENT \\\n>     RGID=unique_arbitrary_value \\\n>     RGLB= unique_arbitrary_value \\\n>     RGPL=ILLUMINA \\\n>     RGPU= unique_arbitrary_value \\\n>     RGSM= unique_arbitrary_value\n\n\nThen GATK *MarkDuplicates*\n\n>     java -jar $EBROOTPICARD/picard.jar MarkDuplicates \\\n>     I=$file \\\n>     O=$file.mkd_dup.bam \\\n>     M=$file.mkd_dup.txt\n\nThen *samtools index $file.mkd_dup.bam*\nThen GATK *HaplotypeCaller*\n\n>     gatk --java-options \"-Xmx4g\" HaplotypeCaller \\\n>        -R REF.fna \\\n>        -I $file.mkd_dup.bam \\\n>        -O $file.g.vcf.gz \\\n>        -ERC GVCF\n\nWhat I have found was after filtering out loci with too much missing data etc my remaining combined gzipped vcf file had around only 600 SNP markers out of 20,000 remaining \u2013 with the rest being INDELS. This seems far too high a percentage of Indels \u2013 can anyone suggest improvements to my pipeline?\n\nIncidentally, I merged my vcf.gz files with VCFtools: *vcf-merge $gz | bgzip -c > mge.vcf.gz* (gave me around 10million identified loci)\nBecause merging with GATK: *gatk --java-options \"-Xmx4g\" CombineGVCFs* - created a weird file with ALT alleles called only as \u201c<NON_REF>\u201d (i.e. with no accompanying variant call e.g. \u201cC,<NON_REF>\u201d) and all calls for each sample as \u201c./.\u201d\n\n\n\n\n",
    "creation_date": "2022-06-15T04:22:30.967493+00:00",
    "has_accepted": false,
    "id": 527129,
    "lastedit_date": "2022-06-15T09:21:02.724259+00:00",
    "lastedit_user_uid": "30",
    "parent_id": 527129,
    "rank": 1655266950.967505,
    "reply_count": 5,
    "root_id": 527129,
    "status": "Open",
    "status_id": 1,
    "subs_count": 2,
    "tag_val": "indels,calling,GATK,variant,PICARD",
    "thread_score": 3,
    "title": "GATK based variant calling yields excessive Indels",
    "type": "Question",
    "type_id": 0,
    "uid": "9527129",
    "url": "https://www.biostars.org/p/9527129/",
    "view_count": 955,
    "vote_count": 0,
    "xhtml": "<p>Dear all</p>\n<p>I have a GATK based workflow for my .fq files:</p>\n<ol>\n<li>Trimming and adapter clipping by using Trimmomatic</li>\n<li>Read alignment against reference with Bowtie2 (all defaults)</li>\n<li>Conversion of .bam to .sam and sorting with Samtools</li>\n<li>Then I use GATK <em>AddOrReplaceReadGroups</em>:</li>\n</ol>\n<blockquote><pre><code>java -jar picard.jar AddOrReplaceReadGroups \\\nI=$file \\\nO=$outfile \\\nSORT_ORDER=coordinate \\\nCREATE_INDEX=true VALIDATION_STRINGENCY=LENIENT \\\nRGID=unique_arbitrary_value \\\nRGLB= unique_arbitrary_value \\\nRGPL=ILLUMINA \\\nRGPU= unique_arbitrary_value \\\nRGSM= unique_arbitrary_value\n</code></pre>\n</blockquote>\n<p>Then GATK <em>MarkDuplicates</em></p>\n<blockquote><pre><code>java -jar $EBROOTPICARD/picard.jar MarkDuplicates \\\nI=$file \\\nO=$file.mkd_dup.bam \\\nM=$file.mkd_dup.txt\n</code></pre>\n</blockquote>\n<p>Then <em>samtools index $file.mkd_dup.bam</em>\nThen GATK <em>HaplotypeCaller</em></p>\n<blockquote><pre><code>gatk --java-options \"-Xmx4g\" HaplotypeCaller \\\n   -R REF.fna \\\n   -I $file.mkd_dup.bam \\\n   -O $file.g.vcf.gz \\\n   -ERC GVCF\n</code></pre>\n</blockquote>\n<p>What I have found was after filtering out loci with too much missing data etc my remaining combined gzipped vcf file had around only 600 SNP markers out of 20,000 remaining \u2013 with the rest being INDELS. This seems far too high a percentage of Indels \u2013 can anyone suggest improvements to my pipeline?</p>\n<p>Incidentally, I merged my vcf.gz files with VCFtools: <em>vcf-merge $gz | bgzip -c &gt; mge.vcf.gz</em> (gave me around 10million identified loci)\nBecause merging with GATK: <em>gatk --java-options \"-Xmx4g\" CombineGVCFs</em> - created a weird file with ALT alleles called only as \u201c&lt;NON_REF&gt;\u201d (i.e. with no accompanying variant call e.g. \u201cC,&lt;NON_REF&gt;\u201d) and all calls for each sample as \u201c./.\u201d</p>\n"
}