{
    "answer_count": 2,
    "author": "Nattoh Godfrey",
    "author_uid": "62624",
    "book_count": 0,
    "comment_count": 1,
    "content": "I recently did RNASeq and have the Paired-end read, I have checked quality in FastQC and trimmed the ends with Trimmomatic. Does any one have a pipeline I could use to do downstream analysis. I have been learning online/youtube etc. No formal training on these kind of analysis. I am interested in differential expression profiles (compare Control and Treatment), and identify unique genes expressed at different stages on my treatment.",
    "creation_date": "2020-01-21T06:31:03.806053+00:00",
    "has_accepted": false,
    "id": 401279,
    "lastedit_date": "2023-06-07T15:21:06.094397+00:00",
    "lastedit_user_uid": "8494",
    "parent_id": 401279,
    "rank": 1579596453.930629,
    "reply_count": 2,
    "root_id": 401279,
    "status": "Open",
    "status_id": 1,
    "subs_count": 2,
    "tag_val": "assembly,gene,RNA-Seq,alignment",
    "thread_score": 2,
    "title": "Learning RNASeq Analysis using my own DATA that needs to be analyzed",
    "type": "Forum",
    "type_id": 3,
    "uid": "417568",
    "url": "https://www.biostars.org/p/417568/",
    "view_count": 792,
    "vote_count": 0,
    "xhtml": "<p>I recently did RNASeq and have the Paired-end read, I have checked quality in FastQC and trimmed the ends with Trimmomatic. Does any one have a pipeline I could use to do downstream analysis. I have been learning online/youtube etc. No formal training on these kind of analysis. I am interested in differential expression profiles (compare Control and Treatment), and identify unique genes expressed at different stages on my treatment.</p>\n"
}