{
    "answer_count": 4,
    "author": "alons",
    "author_uid": "18837",
    "book_count": 0,
    "comment_count": 3,
    "content": "Hi all!\n\nAs part of a variant calling pipeline for cancer I'm interested in lowering the threshold for allele frequency tolerance in GATK's HaplotypeCaller variant caller to 0.01 (1%).\n\n**Background**: I know for a fact that there's at least one variant in my sample that doesn't appear in my VCF files if allele frequencies below 0.1 (10%) are filtered out during the variant calling as it's the default in some of the programs. I can see the variant when I inspect the corresponding bam file with samtools tview and Agilent's SureCall program called it itself.\n\nNow, I've managed to get that variant using freebayes by executing the following, essentially lowering the allele frequency threshold to 0.01:\n\n    freebayes -f ref.fa -F 0.01 -C 1 --pooled_continuous aligned_sorted.bam > var.vcf\n\nI want to do the same for GATK's HaplotypeCaller.\n\nThanks in advance,  \nAlon",
    "creation_date": "2015-07-28T10:16:38.074176+00:00",
    "has_accepted": true,
    "id": 145400,
    "lastedit_date": "2022-10-26T20:03:22.546519+00:00",
    "lastedit_user_uid": "8494",
    "parent_id": 145400,
    "rank": 1438078598.074176,
    "reply_count": 4,
    "root_id": 145400,
    "status": "Open",
    "status_id": 1,
    "subs_count": 1,
    "tag_val": "gatk,vcf,freebayes,variant-calling,ngs",
    "thread_score": 3,
    "title": "Lower GATK's HaplotypeCaller threshold for allele frequency as part of variant calling pipeline",
    "type": "Question",
    "type_id": 0,
    "uid": "152360",
    "url": "https://www.biostars.org/p/152360/",
    "view_count": 4535,
    "vote_count": 0,
    "xhtml": "<p>Hi all!</p>\n<p>As part of a variant calling pipeline for cancer I'm interested in lowering the threshold for allele frequency tolerance in GATK's HaplotypeCaller variant caller to 0.01 (1%).</p>\n<p><strong>Background</strong>: I know for a fact that there's at least one variant in my sample that doesn't appear in my VCF files if allele frequencies below 0.1 (10%) are filtered out during the variant calling as it's the default in some of the programs. I can see the variant when I inspect the corresponding bam file with samtools tview and Agilent's SureCall program called it itself.</p>\n<p>Now, I've managed to get that variant using freebayes by executing the following, essentially lowering the allele frequency threshold to 0.01:</p>\n<pre><code>freebayes -f ref.fa -F 0.01 -C 1 --pooled_continuous aligned_sorted.bam &gt; var.vcf\n</code></pre>\n<p>I want to do the same for GATK's HaplotypeCaller.</p>\n<p>Thanks in advance,<br>\nAlon</p>\n"
}