{
    "answer_count": 0,
    "author": "Varun",
    "author_uid": "6467",
    "book_count": 0,
    "comment_count": 0,
    "content": "We wish to appoint a Bioinformatician within the Autism Research Centre (ARC) at the University of Cambridge. Specifically, the post-holder will work on the \"Investigating autism using genetics and epigenetics\" (IMAGE) study funded by the Templeton World Charity Foundation, Inc. and the Autism Research Trust, with the aim of investigating the genetics and epigenetics of autism and related traits.\n\nThe ARC conducts research into the causes of autism and Asperger Syndrome, and evaluates interventions for these conditions. The ARC is a research group within the Department of Psychiatry and its research takes place both within Cambridge and in collaboration with other universities. The Department of Psychiatry has been the top performing (quality) psychiatry group in the three most recent RAE exercises.\n\nThe Bioinformatician will work with the Director, Research Associate, and other members of the Autism Research Centre (ARC). The post-holder will be responsible for (a) analysis of data related to the IMAGE project, (b) implementing existing bioinformatics tools and pipelines from scientific literature, (c) designing and validating new pipelines for data analysis. The post-holder will also have to liaise with companies to organise the secure transfer of data to University computational resources. The post-holder may work in collaboration with other labs and service providers including the High Performance Computing Service (HPCS), and will also provide support to related projects in the ARC in terms of experimental design, statistics, bioinformatics data visualisation, and analysis. The post-holder will be encouraged to develop their own research projects based on IMAGE and ARC data.\n\nApplicants should have a PhD in a relevant discipline (e.g. bioinformatics, genetics, computer science or big data analysis). Applicants must have advanced knowledge and experience in and previous experience in the following areas: 1. Working with whole genome sequencing (WGS) data and knowledge of the relevant command line tools in a Linux environment; 2. Scripting and statistical languages including but not limited to R and Python; 3. Previous experience or understanding of epigenetic microarray or next-generation sequencing (NGS) data analysis.\n\nPrevious experience in setting up computational resources for data analysis and knowledge of genetics and psychiatric genetics would be an advantage but not essential.\n\nThe applicant should be able to work independently, as well as have good communication skills as they will need to work well in a team and collaborate with other researchers and students.\n\nInformal enquiries may be directed to Paula Smith (pls28@medschl.cam.ac.uk).\n\nFixed-term: The funds for this post are available until 14th December 2018 in the first instance.\n\nFurther details available here: http://www.jobs.cam.ac.uk/job/10224/",
    "creation_date": "2016-06-16T08:07:44.804109+00:00",
    "has_accepted": false,
    "id": 189031,
    "lastedit_date": "2023-04-06T19:07:25.958047+00:00",
    "lastedit_user_uid": "8494",
    "parent_id": 189031,
    "rank": 1466064464.804109,
    "reply_count": 0,
    "root_id": 189031,
    "status": "Open",
    "status_id": 1,
    "subs_count": 0,
    "tag_val": "genome,next-gen-sequencing",
    "thread_score": 0,
    "title": "University of Cambridge: Research Associate - Bioinformatics (Fixed Term)",
    "type": "Job",
    "type_id": 2,
    "uid": "197036",
    "url": "https://www.biostars.org/p/197036/",
    "view_count": 1681,
    "vote_count": 0,
    "xhtml": "<p>We wish to appoint a Bioinformatician within the Autism Research Centre (ARC) at the University of Cambridge. Specifically, the post-holder will work on the \"Investigating autism using genetics and epigenetics\" (IMAGE) study funded by the Templeton World Charity Foundation, Inc. and the Autism Research Trust, with the aim of investigating the genetics and epigenetics of autism and related traits.</p>\n<p>The ARC conducts research into the causes of autism and Asperger Syndrome, and evaluates interventions for these conditions. The ARC is a research group within the Department of Psychiatry and its research takes place both within Cambridge and in collaboration with other universities. The Department of Psychiatry has been the top performing (quality) psychiatry group in the three most recent RAE exercises.</p>\n<p>The Bioinformatician will work with the Director, Research Associate, and other members of the Autism Research Centre (ARC). The post-holder will be responsible for (a) analysis of data related to the IMAGE project, (b) implementing existing bioinformatics tools and pipelines from scientific literature, (c) designing and validating new pipelines for data analysis. The post-holder will also have to liaise with companies to organise the secure transfer of data to University computational resources. The post-holder may work in collaboration with other labs and service providers including the High Performance Computing Service (HPCS), and will also provide support to related projects in the ARC in terms of experimental design, statistics, bioinformatics data visualisation, and analysis. The post-holder will be encouraged to develop their own research projects based on IMAGE and ARC data.</p>\n<p>Applicants should have a PhD in a relevant discipline (e.g. bioinformatics, genetics, computer science or big data analysis). Applicants must have advanced knowledge and experience in and previous experience in the following areas: 1. Working with whole genome sequencing (WGS) data and knowledge of the relevant command line tools in a Linux environment; 2. Scripting and statistical languages including but not limited to R and Python; 3. Previous experience or understanding of epigenetic microarray or next-generation sequencing (NGS) data analysis.</p>\n<p>Previous experience in setting up computational resources for data analysis and knowledge of genetics and psychiatric genetics would be an advantage but not essential.</p>\n<p>The applicant should be able to work independently, as well as have good communication skills as they will need to work well in a team and collaborate with other researchers and students.</p>\n<p>Informal enquiries may be directed to Paula Smith (pls28@medschl.cam.ac.uk).</p>\n<p>Fixed-term: The funds for this post are available until 14th December 2018 in the first instance.</p>\n<p>Further details available here: <a href=\"http://www.jobs.cam.ac.uk/job/10224/\" rel=\"nofollow\">http://www.jobs.cam.ac.uk/job/10224/</a></p>\n"
}