{
    "answer_count": 4,
    "author": "timothy.kirkwood",
    "author_uid": "73646",
    "book_count": 0,
    "comment_count": 2,
    "content": "Hello,\n\nI have ~2000-20000 protein queries. I wish to find homologs of these queries in NCBI's microbial genomes. From what I can tell, vanilla `BLASTP` doesn't do this - it just gives hits in a protein DB, but these are not linked to a specific nucleotide DB entry. Please let me know if this is incorrect. Also, given the number of queries I'm doing this with `BLAST+` v2.12.0+ (not the web form).\n\nI've considered (i) downloading genomes from [ftp][1], making a local db (assuming the genomes are annotated), and `BLASTP`-ing that or (ii) getting a list of protein accessions and trying to link them to a genome entry with an `entrez` pipeline (similar to [here][2], but different use case), but the easiest option seems to be a simple `TBLASTN` of my queries with the `-remote` flag.\n\nAssuming there's not a better option for achieving the above, can I clarify what the `database` name should be for `TBLASTN` - is it still `nr`? On the web service it gives the DB as Representative genomes (`ref_prok_rep_genomes`). I have tried both `ref_prok_rep_genomes`, `nr` and `nt` and all are very slow - I've ended up cancelling jobs for a single query because they are taking much longer than I would expect, leading me to suspect an error on my end. Note, I assume the spaces mean `Representative genomes` is not a valid name.\n\nAny suggestions? My cmds:\n\n    tblastn -task tblastn-fast -query \"path/to/single_query.txt\" -remote -db nr -out \"path/to/results.xml\" -outfmt 5 -evalue 0.00005\n    \n    tblastn -task tblastn-fast -query \"path/to/single_query.txt\" -remote -db ref_prok_rep_genomes -out \"path/to/results.xml\" -outfmt 5 -evalue 0.00005\n    \n    tblastn -task tblastn-fast -query \"path/to/single_query.txt\" -remote -db nt -out \"path/to/results.xml\" -outfmt 5 -evalue 0.00005\n\n\nCheers!\n\n\n  [1]: https://ftp.ncbi.nlm.nih.gov/genomes/refseq/bacteria/\n  [2]: https://www.reddit.com/r/bioinformatics/comments/p3p2rw/ncbi_assembly_and_biopython/",
    "creation_date": "2023-05-10T03:27:06.816873+00:00",
    "has_accepted": false,
    "id": 563144,
    "lastedit_date": "2023-05-10T16:14:14.811205+00:00",
    "lastedit_user_uid": "56237",
    "parent_id": 563144,
    "rank": 1683733961.860878,
    "reply_count": 4,
    "root_id": 563144,
    "status": "Open",
    "status_id": 1,
    "subs_count": 3,
    "tag_val": "blast,database,tblastn",
    "thread_score": 2,
    "title": "remote tblastn database name(s)",
    "type": "Question",
    "type_id": 0,
    "uid": "9563144",
    "url": "https://www.biostars.org/p/9563144/",
    "view_count": 943,
    "vote_count": 0,
    "xhtml": "<p>Hello,</p>\n<p>I have ~2000-20000 protein queries. I wish to find homologs of these queries in NCBI's microbial genomes. From what I can tell, vanilla <code>BLASTP</code> doesn't do this - it just gives hits in a protein DB, but these are not linked to a specific nucleotide DB entry. Please let me know if this is incorrect. Also, given the number of queries I'm doing this with <code>BLAST+</code> v2.12.0+ (not the web form).</p>\n<p>I've considered (i) downloading genomes from <a href=\"https://ftp.ncbi.nlm.nih.gov/genomes/refseq/bacteria/\" rel=\"nofollow\">ftp</a>, making a local db (assuming the genomes are annotated), and <code>BLASTP</code>-ing that or (ii) getting a list of protein accessions and trying to link them to a genome entry with an <code>entrez</code> pipeline (similar to <a href=\"https://www.reddit.com/r/bioinformatics/comments/p3p2rw/ncbi_assembly_and_biopython/\" rel=\"nofollow\">here</a>, but different use case), but the easiest option seems to be a simple <code>TBLASTN</code> of my queries with the <code>-remote</code> flag.</p>\n<p>Assuming there's not a better option for achieving the above, can I clarify what the <code>database</code> name should be for <code>TBLASTN</code> - is it still <code>nr</code>? On the web service it gives the DB as Representative genomes (<code>ref_prok_rep_genomes</code>). I have tried both <code>ref_prok_rep_genomes</code>, <code>nr</code> and <code>nt</code> and all are very slow - I've ended up cancelling jobs for a single query because they are taking much longer than I would expect, leading me to suspect an error on my end. Note, I assume the spaces mean <code>Representative genomes</code> is not a valid name.</p>\n<p>Any suggestions? My cmds:</p>\n<pre><code>tblastn -task tblastn-fast -query \"path/to/single_query.txt\" -remote -db nr -out \"path/to/results.xml\" -outfmt 5 -evalue 0.00005\n\ntblastn -task tblastn-fast -query \"path/to/single_query.txt\" -remote -db ref_prok_rep_genomes -out \"path/to/results.xml\" -outfmt 5 -evalue 0.00005\n\ntblastn -task tblastn-fast -query \"path/to/single_query.txt\" -remote -db nt -out \"path/to/results.xml\" -outfmt 5 -evalue 0.00005\n</code></pre>\n<p>Cheers!</p>\n"
}