{
    "answer_count": 1,
    "author": "niu2rseq",
    "author_uid": "13312",
    "book_count": 0,
    "comment_count": 0,
    "content": "Hello everyone,\n\nI have some RNAseq data from my model animals and I want to profile the long non-coding RNAs.\n\nI found this database greatly useful: http://www.noncode.org/download.php\n\nThey provided a lot of resources for non-coding RNAs.\n\nCan someone pointed me a possible pipeline how I can use with tophat+cufflink pipeline with these resources to profile lncRNAs? Thank you!",
    "creation_date": "2015-06-01T20:34:10.400664+00:00",
    "has_accepted": false,
    "id": 138065,
    "lastedit_date": "2022-10-03T17:07:13.228469+00:00",
    "lastedit_user_uid": "8494",
    "parent_id": 138065,
    "rank": 1440299386.614554,
    "reply_count": 1,
    "root_id": 138065,
    "status": "Open",
    "status_id": 1,
    "subs_count": 1,
    "tag_val": "RNA-Seq,non-coding,lncRNA",
    "thread_score": 0,
    "title": "How to profile non-coding sequencing based on NONCODE and RNAseq data",
    "type": "Question",
    "type_id": 0,
    "uid": "144715",
    "url": "https://www.biostars.org/p/144715/",
    "view_count": 2187,
    "vote_count": 0,
    "xhtml": "<p>Hello everyone,</p>\n<p>I have some RNAseq data from my model animals and I want to profile the long non-coding RNAs.</p>\n<p>I found this database greatly useful: <a href=\"http://www.noncode.org/download.php\" rel=\"nofollow\">http://www.noncode.org/download.php</a></p>\n<p>They provided a lot of resources for non-coding RNAs.</p>\n<p>Can someone pointed me a possible pipeline how I can use with tophat+cufflink pipeline with these resources to profile lncRNAs? Thank you!</p>\n"
}