{
    "answer_count": 2,
    "author": "htchd7ji",
    "author_uid": "58787",
    "book_count": 0,
    "comment_count": 2,
    "content": "Hi,\r\n\r\nI have fastq files from pair-end sequencing, for 4c-seq/Chip-seq analysis. How to analyze it?\r\n\r\nThe data contains R1 and R2 fastq files. Should I merge them? All the pipelines I found on the web use single-end sequencing, how to modify my data to fit those type of analysis?\r\n\r\nThanks",
    "creation_date": "2019-10-03T15:19:25.562084+00:00",
    "has_accepted": false,
    "id": 387070,
    "lastedit_date": "2019-10-03T15:33:46.848800+00:00",
    "lastedit_user_uid": "58787",
    "parent_id": 387070,
    "rank": 1570116826.8488,
    "reply_count": 2,
    "root_id": 387070,
    "status": "Open",
    "status_id": 1,
    "subs_count": 1,
    "tag_val": "next-gen,sequencing",
    "thread_score": 0,
    "title": "fastq files from pair-end sequencing, for 4c-seq analysis, How to analyze ?",
    "type": "Question",
    "type_id": 0,
    "uid": "401310",
    "url": "https://www.biostars.org/p/401310/",
    "view_count": 1082,
    "vote_count": 0,
    "xhtml": "<p>Hi,</p>\n\n<p>I have fastq files from pair-end sequencing, for 4c-seq/Chip-seq analysis. How to analyze it?</p>\n\n<p>The data contains R1 and R2 fastq files. Should I merge them? All the pipelines I found on the web use single-end sequencing, how to modify my data to fit those type of analysis?</p>\n\n<p>Thanks</p>\n"
}