{
    "answer_count": 6,
    "author": "priya120195",
    "author_uid": "51247",
    "book_count": 0,
    "comment_count": 4,
    "content": "hi,\r\nI am struggling with host removal step during whole genome shotgun sequencing analysis pipeline of paired end data. When I am running my dataset for mapping with bowtie2 ,It is generating SAM file,it is further ran by samtools.I am getting wrong bam file,because I am getting tructated file in next step of sorting.I really dont know if there is problem with bowtie2 or in samtools.\r\n\r\n 1. Can anyone suggest a way to check where I am doing wrong.Can we convert SAM file into tabular form to check which reads are mapped and which are not??Is there any script for this?  \r\n 2. I also wanted to know if there is another tool that can be used for host removal from my  WGS paired end datasets. As I am trying to resolve this since 2 months ,still it is not working,If there is another tool for this step then I can try with that.  \r\n 3. Can we generate blast output from bowtie2??  \r\n\r\n",
    "creation_date": "2019-02-19T06:40:07.056595+00:00",
    "has_accepted": false,
    "id": 352711,
    "lastedit_date": "2019-02-19T08:23:31.408500+00:00",
    "lastedit_user_uid": "13770",
    "parent_id": 352711,
    "rank": 1550564611.4085,
    "reply_count": 6,
    "root_id": 352711,
    "status": "Open",
    "status_id": 1,
    "subs_count": 3,
    "tag_val": "genome,sequencing,next-gen,software error",
    "thread_score": 2,
    "title": "Difficulty in Host removal by Bowtie2,samtools and bedtools",
    "type": "Question",
    "type_id": 0,
    "uid": "364692",
    "url": "https://www.biostars.org/p/364692/",
    "view_count": 2766,
    "vote_count": 0,
    "xhtml": "<p>hi,\nI am struggling with host removal step during whole genome shotgun sequencing analysis pipeline of paired end data. When I am running my dataset for mapping with bowtie2 ,It is generating SAM file,it is further ran by samtools.I am getting wrong bam file,because I am getting tructated file in next step of sorting.I really dont know if there is problem with bowtie2 or in samtools.</p>\n\n<ol>\n<li>Can anyone suggest a way to check where I am doing wrong.Can we convert SAM file into tabular form to check which reads are mapped and which are not??Is there any script for this?  </li>\n<li>I also wanted to know if there is another tool that can be used for host removal from my  WGS paired end datasets. As I am trying to resolve this since 2 months ,still it is not working,If there is another tool for this step then I can try with that.  </li>\n<li>Can we generate blast output from bowtie2??  </li>\n</ol>\n"
}