{
    "answer_count": 4,
    "author": "Picasa",
    "author_uid": "23936",
    "book_count": 0,
    "comment_count": 4,
    "content": "Hi all,\r\n\r\nI am looking for your help about tools/pipeline  for allele specific expression analysis. From various papers, I have come up with this pipeline:\r\n\r\n1) Call variant with GATK using WGS samples\r\n\r\n2) Create 2 transcriptomes using these variants and my annotation: so I have one transcriptome for allele 1 and one transcriptome for allele 2\r\n\r\n3) Map my RNA-seq data against this pool transcriptome using bowtie2\r\n\r\n4) and get count with ASE-TIGAR (http://nagasakilab.csml.org/ase-tigar/) per gene per haplotype\r\n\r\n5) Perform downstream analysis with DEseq2.\r\n\r\nIt works and I got some results but I am wondering if you know any other tools than ASE-TIGAR to get the counts just for comparison/validation purpose.\r\n\r\nAlso, if you have other pipeline recommendation, I would be happy to hear ! Thanks for your help.",
    "creation_date": "2019-10-24T13:10:54.854191+00:00",
    "has_accepted": false,
    "id": 390156,
    "lastedit_date": "2019-10-24T13:10:54.854191+00:00",
    "lastedit_user_uid": "23936",
    "parent_id": 390156,
    "rank": 1571922654.854191,
    "reply_count": 4,
    "root_id": 390156,
    "status": "Open",
    "status_id": 1,
    "subs_count": 2,
    "tag_val": "RNA-Seq,allele expression,ase-tigar",
    "thread_score": 1,
    "title": "Get counts for allele specific expression analysis",
    "type": "Question",
    "type_id": 0,
    "uid": "404578",
    "url": "https://www.biostars.org/p/404578/",
    "view_count": 1348,
    "vote_count": 0,
    "xhtml": "<p>Hi all,</p>\n\n<p>I am looking for your help about tools/pipeline  for allele specific expression analysis. From various papers, I have come up with this pipeline:</p>\n\n<p>1) Call variant with GATK using WGS samples</p>\n\n<p>2) Create 2 transcriptomes using these variants and my annotation: so I have one transcriptome for allele 1 and one transcriptome for allele 2</p>\n\n<p>3) Map my RNA-seq data against this pool transcriptome using bowtie2</p>\n\n<p>4) and get count with ASE-TIGAR (<a rel=\"nofollow\" href=\"http://nagasakilab.csml.org/ase-tigar/\">http://nagasakilab.csml.org/ase-tigar/</a>) per gene per haplotype</p>\n\n<p>5) Perform downstream analysis with DEseq2.</p>\n\n<p>It works and I got some results but I am wondering if you know any other tools than ASE-TIGAR to get the counts just for comparison/validation purpose.</p>\n\n<p>Also, if you have other pipeline recommendation, I would be happy to hear ! Thanks for your help.</p>\n"
}