{
    "answer_count": 0,
    "author": "Biostar",
    "author_uid": "admin-user-1",
    "book_count": 0,
    "comment_count": 0,
    "content": "\n\n\n\nThe **Biostar Herald** publishes user submitted links of bioinformatics relevance. It aims to provide a summary of interesting and relevant information you may have missed. You too can submit [links here](/herald/).\n\nThis edition of the Herald was brought to you by contribution from  [Istvan Albert](https://www.biostars.org/u/2/),\n and was edited by  [Istvan Albert](https://www.biostars.org/u/2/),\n\n\n\n\n---\n\n\n### https://twitter.com/VdaGeraldine/status/1436724794993508353\n\n\n\n\nsubmitted by: [Istvan Albert](https://www.biostars.org/u/2/)\n\n\n\n---\n\n\n### [Metagenomic identification of viral sequences in laboratory reagents | bioRxiv](https://www.biorxiv.org/content/10.1101/2021.09.10.459871v1) (www.biorxiv.org)\n\n\n\n> These data suggest that the contamination of common laboratory reagents is likely widespread and can comprise a wide variety of viruses.\n\n\nsubmitted by: [Istvan Albert](https://www.biostars.org/u/2/)\n\n\n\n---\n\n\n### [Benchmarking workflows to assess performance and suitability of germline variant calling pipelines in clinical diagnostic assays | BMC Bioinformatics | Full Text](https://bmcbioinformatics.biomedcentral.com/articles/10.1186/s12859-020-03934-3) (bmcbioinformatics.biomedcentral.com)\n\n\n\n> Here we present a scalable and reproducible, cloud-based benchmarking workflow that is independent of the laboratory and the technician executing the workflow, or the underlying compute hardware used to rapidly and continually assess the performance of LDT assays, across their regions of interest and reportable range, using a broad set of benchmarking samples\n\n\nsubmitted by: [Istvan Albert](https://www.biostars.org/u/2/)\n\n\n\n---\n\n\n### [Good enough practices in scientific computing](https://journals.plos.org/ploscompbiol/article?id=10.1371/journal.pcbi.1005510#sec002) (journals.plos.org)\n\n\n\n> This paper presents a set of good computing practices that every researcher can adopt, regardless of their current level of computational skill. These practices, which encompass data management, programming, collaborating with colleagues, organizing projects, tracking work, and writing manuscripts.\n\n\nsubmitted by: [Istvan Albert](https://www.biostars.org/u/2/)\n\n\n\n---\n\n\n### [PRINCESS: comprehensive detection of haplotype resolved SNVs, SVs, and methylation | Genome Biology | Full Text](https://genomebiology.biomedcentral.com/articles/10.1186/s13059-021-02486-w) (genomebiology.biomedcentral.com)\n\n\n\n> PRINCESS is a structured workflow that takes raw sequence reads and generates a fully phased SNV, SV, and methylation call set within a few hours. PRINCESS achieves high accuracy and long phasing even on low coverage datasets and can resolve repetitive, complex medical relevant genes that often escape detection\n\n\nsubmitted by: [Istvan Albert](https://www.biostars.org/u/2/)\n\n\n\n---\n\n\n### [DRAGEN reanalysis of the 1000 Genomes Dataset now available on the Registry of Open Data | AWS for Industries](https://aws.amazon.com/blogs/industries/dragen-reanalysis-of-the-1000-genomes-dataset-now-available-on-the-registry-of-open-data/) (aws.amazon.com)\n\n\n\n> This release (1kGP-DRAGEN) includes 2,504 unrelated samples from the 1000 Genomes Project phase 3 as well as an additional 698 related samples that complete 535 mother-father-child triads, funded by the NHGRI. The samples were all sequenced at >30x coverage using the Illumina NovaSeq 6000 system with 2x150bp reads. All 3,202 samples were re-realigned to hg38 using Illumina DRAGEN v3.5.7b, powered by the Illumina Analytics Platform (IAP) and AWS.\n\n\nsubmitted by: [Istvan Albert](https://www.biostars.org/u/2/)\n\n\n\n---\n\n\n### [CRAM 3.1: Advances in the CRAM Format | bioRxiv](https://www.biorxiv.org/content/10.1101/2021.09.15.460485v1) (www.biorxiv.org)\n\n\n\n> CRAM has established itself as a high compression alternative to the BAM file format for DNA sequencing data. We describe updates to further improve this on modern sequencing instruments. Results: With Illumina data CRAM 3.1 is 7 to 15% smaller than the equivalent CRAM 3.0 file, and 50 to 70% smaller than the corresponding BAM file. \n\n\nsubmitted by: [Istvan Albert](https://www.biostars.org/u/2/)\n\n\n\n---\n\n\n### [Biology must generate ideas as well as data](https://www.nature.com/articles/d41586-021-02480-z) (www.nature.com)\n\n\n\n> Data should be a means to knowledge, not an end in themselves.\n\n\nsubmitted by: [Istvan Albert](https://www.biostars.org/u/2/)\n\n\n\n---\n\nWant to get the **Biostar Herald** in your email? Who wouldn't? Sign up righ'ere: <a class=\"herald-sub\">toggle subscription</a>\n\n\n\n\n\n\n",
    "creation_date": "2021-09-21T11:43:49.809974+00:00",
    "has_accepted": false,
    "id": 490255,
    "lastedit_date": "2021-09-21T11:43:49.809986+00:00",
    "lastedit_user_uid": "admin-user-1",
    "parent_id": 490255,
    "rank": 1632224629.809986,
    "reply_count": 0,
    "root_id": 490255,
    "status": "Open",
    "status_id": 1,
    "subs_count": 1,
    "tag_val": "herald",
    "thread_score": 3,
    "title": "The Biostar Herald for Tuesday, September 21, 2021",
    "type": "Herald",
    "type_id": 12,
    "uid": "9490255",
    "url": "https://www.biostars.org/p/9490255/",
    "view_count": 668,
    "vote_count": 3,
    "xhtml": "<p>The <strong>Biostar Herald</strong> publishes user submitted links of bioinformatics relevance. It aims to provide a summary of interesting and relevant information you may have missed. You too can submit <a href=\"/herald/\" rel=\"nofollow\">links here</a>.</p>\n<p>This edition of the Herald was brought to you by contribution from  <a href=\"https://www.biostars.org/u/2/\" rel=\"nofollow\">Istvan Albert</a>,\n and was edited by  <a href=\"https://www.biostars.org/u/2/\" rel=\"nofollow\">Istvan Albert</a>,</p>\n<hr>\n<h3><blockquote class=\"twitter-tweet\"><p lang=\"en\" dir=\"ltr\">My colleague Jonn unintentionally coined the word \u201cbioinformortician\u201d this morning and I feel like it should be a real <a href=\"https://twitter.com/hashtag/bioinformatics?src=hash&amp;ref_src=twsrc%5Etfw\">#bioinformatics</a> specialty focused on identifying and laying to rest bad data</p>&mdash; Geraldine Van der Auwera \ud83c\udff3\ufe0f\u200d\ud83c\udf08 (@VdaGeraldine) <a href=\"https://twitter.com/VdaGeraldine/status/1436724794993508353?ref_src=twsrc%5Etfw\">September 11, 2021</a></blockquote>\n<script async src=\"https://platform.twitter.com/widgets.js\" charset=\"utf-8\"></script>\n</h3>\n<p>submitted by: <a href=\"https://www.biostars.org/u/2/\" rel=\"nofollow\">Istvan Albert</a></p>\n<hr>\n<h3><a href=\"https://www.biorxiv.org/content/10.1101/2021.09.10.459871v1\" rel=\"nofollow\">Metagenomic identification of viral sequences in laboratory reagents | bioRxiv</a> (www.biorxiv.org)</h3>\n<blockquote><p>These data suggest that the contamination of common laboratory reagents is likely widespread and can comprise a wide variety of viruses.</p>\n</blockquote>\n<p>submitted by: <a href=\"https://www.biostars.org/u/2/\" rel=\"nofollow\">Istvan Albert</a></p>\n<hr>\n<h3><a href=\"https://bmcbioinformatics.biomedcentral.com/articles/10.1186/s12859-020-03934-3\" rel=\"nofollow\">Benchmarking workflows to assess performance and suitability of germline variant calling pipelines in clinical diagnostic assays | BMC Bioinformatics | Full Text</a> (bmcbioinformatics.biomedcentral.com)</h3>\n<blockquote><p>Here we present a scalable and reproducible, cloud-based benchmarking workflow that is independent of the laboratory and the technician executing the workflow, or the underlying compute hardware used to rapidly and continually assess the performance of LDT assays, across their regions of interest and reportable range, using a broad set of benchmarking samples</p>\n</blockquote>\n<p>submitted by: <a href=\"https://www.biostars.org/u/2/\" rel=\"nofollow\">Istvan Albert</a></p>\n<hr>\n<h3><a href=\"https://journals.plos.org/ploscompbiol/article?id=10.1371/journal.pcbi.1005510#sec002\" rel=\"nofollow\">Good enough practices in scientific computing</a> (journals.plos.org)</h3>\n<blockquote><p>This paper presents a set of good computing practices that every researcher can adopt, regardless of their current level of computational skill. These practices, which encompass data management, programming, collaborating with colleagues, organizing projects, tracking work, and writing manuscripts.</p>\n</blockquote>\n<p>submitted by: <a href=\"https://www.biostars.org/u/2/\" rel=\"nofollow\">Istvan Albert</a></p>\n<hr>\n<h3><a href=\"https://genomebiology.biomedcentral.com/articles/10.1186/s13059-021-02486-w\" rel=\"nofollow\">PRINCESS: comprehensive detection of haplotype resolved SNVs, SVs, and methylation | Genome Biology | Full Text</a> (genomebiology.biomedcentral.com)</h3>\n<blockquote><p>PRINCESS is a structured workflow that takes raw sequence reads and generates a fully phased SNV, SV, and methylation call set within a few hours. PRINCESS achieves high accuracy and long phasing even on low coverage datasets and can resolve repetitive, complex medical relevant genes that often escape detection</p>\n</blockquote>\n<p>submitted by: <a href=\"https://www.biostars.org/u/2/\" rel=\"nofollow\">Istvan Albert</a></p>\n<hr>\n<h3><a href=\"https://aws.amazon.com/blogs/industries/dragen-reanalysis-of-the-1000-genomes-dataset-now-available-on-the-registry-of-open-data/\" rel=\"nofollow\">DRAGEN reanalysis of the 1000 Genomes Dataset now available on the Registry of Open Data | AWS for Industries</a> (aws.amazon.com)</h3>\n<blockquote><p>This release (1kGP-DRAGEN) includes 2,504 unrelated samples from the 1000 Genomes Project phase 3 as well as an additional 698 related samples that complete 535 mother-father-child triads, funded by the NHGRI. The samples were all sequenced at &gt;30x coverage using the Illumina NovaSeq 6000 system with 2x150bp reads. All 3,202 samples were re-realigned to hg38 using Illumina DRAGEN v3.5.7b, powered by the Illumina Analytics Platform (IAP) and AWS.</p>\n</blockquote>\n<p>submitted by: <a href=\"https://www.biostars.org/u/2/\" rel=\"nofollow\">Istvan Albert</a></p>\n<hr>\n<h3><a href=\"https://www.biorxiv.org/content/10.1101/2021.09.15.460485v1\" rel=\"nofollow\">CRAM 3.1: Advances in the CRAM Format | bioRxiv</a> (www.biorxiv.org)</h3>\n<blockquote><p>CRAM has established itself as a high compression alternative to the BAM file format for DNA sequencing data. We describe updates to further improve this on modern sequencing instruments. Results: With Illumina data CRAM 3.1 is 7 to 15% smaller than the equivalent CRAM 3.0 file, and 50 to 70% smaller than the corresponding BAM file.</p>\n</blockquote>\n<p>submitted by: <a href=\"https://www.biostars.org/u/2/\" rel=\"nofollow\">Istvan Albert</a></p>\n<hr>\n<h3><a href=\"https://www.nature.com/articles/d41586-021-02480-z\" rel=\"nofollow\">Biology must generate ideas as well as data</a> (www.nature.com)</h3>\n<blockquote><p>Data should be a means to knowledge, not an end in themselves.</p>\n</blockquote>\n<p>submitted by: <a href=\"https://www.biostars.org/u/2/\" rel=\"nofollow\">Istvan Albert</a></p>\n<hr>\n<p>Want to get the <strong>Biostar Herald</strong> in your email? Who wouldn't? Sign up righ'ere: <a class=\"herald-sub\">toggle subscription</a></p>\n"
}