{
    "answer_count": 2,
    "author": "liorglic",
    "author_uid": "25296",
    "book_count": 0,
    "comment_count": 1,
    "content": "I would like to perform a gene presence-absence analysis in order to create a matrix indicating the presence/absence of genes in a set of genomes from individuals of the same species. This is what many people would call a pan-genome analysis, and I'd like to see if vg (and variant graphs in general) are a suitable tool.  \r\nI am new to vg, so would like some help regarding the recommended steps for performing this type of analysis.  \r\nWhat I have is a set of 10 high quality genome assemblies (fasta), along with corresponding gene annotations (gff3). All genomes are from the same plant species, so are quite similar, but still expected to include structural variation and gene content diversity.  \r\nI think the first step would be to construct the graph. What would be the best approach?  \r\n**Option 1**: Map each genome to the reference (using e.g. Minimap2/Mummer) --> call variants --> combine VCFs --> construct graph from reference fasta + VCF  \r\n**Option 2:** perform whole genome MSA (Cactus?) --> construct graph from MSA  \r\n\r\nOnce I have the graph, how should I infer gene presence-absence? can I use the genome assemblies, or should I use short reads in some way? How can I find the coordinates of genes on the graph (and should I)? And how can I use the graph to determine that two genes annotated on different genomes are actually the same gene, present in both genomes?  \r\n\r\nI hope you can provide some directions or suggest a pipeline for performing the analysis. Thanks!",
    "creation_date": "2022-04-08T11:15:07.647732+00:00",
    "has_accepted": false,
    "id": 518282,
    "lastedit_date": "2022-04-11T06:48:41.460011+00:00",
    "lastedit_user_uid": "25296",
    "parent_id": 518282,
    "rank": 1649630879.688201,
    "reply_count": 2,
    "root_id": 518282,
    "status": "Open",
    "status_id": 1,
    "subs_count": 2,
    "tag_val": "vg,pan-genome,vgteam,PAV,graph,variation",
    "thread_score": 0,
    "title": "vg for gene presence-absence analysis",
    "type": "Question",
    "type_id": 0,
    "uid": "9518282",
    "url": "https://www.biostars.org/p/9518282/",
    "view_count": 1217,
    "vote_count": 0,
    "xhtml": "<p>I would like to perform a gene presence-absence analysis in order to create a matrix indicating the presence/absence of genes in a set of genomes from individuals of the same species. This is what many people would call a pan-genome analysis, and I'd like to see if vg (and variant graphs in general) are a suitable tool.<br>\nI am new to vg, so would like some help regarding the recommended steps for performing this type of analysis.<br>\nWhat I have is a set of 10 high quality genome assemblies (fasta), along with corresponding gene annotations (gff3). All genomes are from the same plant species, so are quite similar, but still expected to include structural variation and gene content diversity.<br>\nI think the first step would be to construct the graph. What would be the best approach?<br>\n<strong>Option 1</strong>: Map each genome to the reference (using e.g. Minimap2/Mummer) --&gt; call variants --&gt; combine VCFs --&gt; construct graph from reference fasta + VCF<br>\n<strong>Option 2:</strong> perform whole genome MSA (Cactus?) --&gt; construct graph from MSA</p>\n<p>Once I have the graph, how should I infer gene presence-absence? can I use the genome assemblies, or should I use short reads in some way? How can I find the coordinates of genes on the graph (and should I)? And how can I use the graph to determine that two genes annotated on different genomes are actually the same gene, present in both genomes?</p>\n<p>I hope you can provide some directions or suggest a pipeline for performing the analysis. Thanks!</p>\n"
}