{
    "answer_count": 0,
    "author": "alexandervmisharin",
    "author_uid": "35260",
    "book_count": 0,
    "comment_count": 0,
    "content": "Division of Pulmonary and Critical Care Medicine at Feinberg School of Medicine (FSM), Northwestern University, is looking for Staff Bioinformatician/Postdoctoral Researcher. \n\nResponsibilities include:\n\n - support of basic and clinical researchers within the division;\n - analysis of NGS (RNA-seq, ChIP-seq, ATAC-seq, WGBS) and microarray data;\n - assisting grants and manuscripts preparation;\n - education and training of the researchers in the division via one-on-one sessions and group meetings;\n - communication with FSM IT and High-Performance Computational Cluster teams;\n - integration of the clinical information (RedCap and in house databases) into bioinformatic pipelines.\n\nQualifications:\n\nSuccessful candidate must have Bachelor or advanced degree and working experience in bioinformatics, computer science or related fields. Other qualifications: excellent communication and organizational skills, attention to details, project management skills, be familiar with unix environment, R/Bioconductor, perl, python, d3, plotly, shiny, version control (github), genomic data repositories and databases, main NGS and microarray pipelines, etc. Understanding of the lung biology, epithelial cell biology or immunology is a plus.\n\nThis position offers opportunity to participate in collaborative research and to work on independent project as well. Excellent opportunities for professional and career growth.\n\nHow to apply:\n\nStart date: available immediately. Please send a short cover letter, a CV and the names of 2-3 references in a single pdf file to Alexander Misharin (a-misharin at northwestern.edu).",
    "creation_date": "2016-12-08T03:15:24.443602+00:00",
    "has_accepted": false,
    "id": 217426,
    "lastedit_date": "2023-04-12T17:47:11.299777+00:00",
    "lastedit_user_uid": "8494",
    "parent_id": 217426,
    "rank": 1481166924.443602,
    "reply_count": 0,
    "root_id": 217426,
    "status": "Open",
    "status_id": 1,
    "subs_count": 0,
    "tag_val": "ChIP-Seq,RNA-Seq,bioinformatician,R",
    "thread_score": 0,
    "title": "Bioinformatician: Division of Pulmonary and Critical Care Medicine, Feinberg School of Medicine, Northwestern University, Chicago, USA",
    "type": "Job",
    "type_id": 2,
    "uid": "226166",
    "url": "https://www.biostars.org/p/226166/",
    "view_count": 1709,
    "vote_count": 0,
    "xhtml": "<p>Division of Pulmonary and Critical Care Medicine at Feinberg School of Medicine (FSM), Northwestern University, is looking for Staff Bioinformatician/Postdoctoral Researcher.</p>\n<p>Responsibilities include:</p>\n<ul>\n<li>support of basic and clinical researchers within the division;</li>\n<li>analysis of NGS (RNA-seq, ChIP-seq, ATAC-seq, WGBS) and microarray data;</li>\n<li>assisting grants and manuscripts preparation;</li>\n<li>education and training of the researchers in the division via one-on-one sessions and group meetings;</li>\n<li>communication with FSM IT and High-Performance Computational Cluster teams;</li>\n<li>integration of the clinical information (RedCap and in house databases) into bioinformatic pipelines.</li>\n</ul>\n<p>Qualifications:</p>\n<p>Successful candidate must have Bachelor or advanced degree and working experience in bioinformatics, computer science or related fields. Other qualifications: excellent communication and organizational skills, attention to details, project management skills, be familiar with unix environment, R/Bioconductor, perl, python, d3, plotly, shiny, version control (github), genomic data repositories and databases, main NGS and microarray pipelines, etc. Understanding of the lung biology, epithelial cell biology or immunology is a plus.</p>\n<p>This position offers opportunity to participate in collaborative research and to work on independent project as well. Excellent opportunities for professional and career growth.</p>\n<p>How to apply:</p>\n<p>Start date: available immediately. Please send a short cover letter, a CV and the names of 2-3 references in a single pdf file to Alexander Misharin (a-misharin at northwestern.edu).</p>\n"
}