{
    "answer_count": 0,
    "author": "aphatak",
    "author_uid": "17754",
    "book_count": 1,
    "comment_count": 0,
    "content": "Name of the post: **Biocurator** professional\n\n(Interested candidates should email their CV to [jobs@indna.in][1])\n\nNo. of post: 1\n\nLocation: NCL Venture Center, Pashan, Pune\n\n**inDNA Research Labs**, a startup in the clinical genomics space, is currently seeking a talented and motivated clinical biocurator professional. This individual will collect and integrate data from scientific literature published by clinical and human genome research groups.\n\n**Qualifications**:\n\n - Masters degree in bioinformatics, molecular biology, genetics or biotechnology\n\n\n**Required Skills**:\n\n - Technical expertise in clinical medicine, genetics, genomics or molecular biology.\n - Some experience with analysing large genomic data sets and exposure to Next Generation Sequencing tools/data.\n - Good understanding of genomic databases and their annotations (For example: GenBank, RefSeq, ENSEMBL, dbSNP etc).\n - An understanding of bioinformatics analysis to identify variants within genomic data sets is desirable.\n - Proficiency in communicating an understanding of genetics details\n - An enthusiastic can-do mentality, a dedicated team-worker, having good verbal and written communication skills.\n - Previous experience as an experimental scientist is a big plus.\n\n**Tasks and Responsibilities**:\n\n - Collect and integrate data from scientific literature published by clinical and human genome research groups.\n - Evaluating peer-reviewed experimental research for annotation.\n - Documenting the effects of genomic variants and the association with disease, using controlled vocabularies, ontologies and established guidelines.\n - Maintain specifications and monitor day-to-day operations of the literature searching and triage pipelines and various error-checking processes.\n\nInterested candidates should email their CV to [jobs@indna.in][1]\n\n [1]: mailto:jobs@indna.in",
    "creation_date": "2015-04-23T10:42:38.203197+00:00",
    "has_accepted": false,
    "id": 132872,
    "lastedit_date": "2022-07-05T15:58:21.461768+00:00",
    "lastedit_user_uid": "8494",
    "parent_id": 132872,
    "rank": 1429785758.203197,
    "reply_count": 0,
    "root_id": 132872,
    "status": "Open",
    "status_id": 1,
    "subs_count": 0,
    "tag_val": "TCGA,curation,sequencing,dbSNP,COSMIC",
    "thread_score": 1,
    "title": "Looking for Biocuration Professional  (Pune, India)",
    "type": "Job",
    "type_id": 2,
    "uid": "139360",
    "url": "https://www.biostars.org/p/139360/",
    "view_count": 2862,
    "vote_count": 1,
    "xhtml": "<p>Name of the post: <strong>Biocurator</strong> professional</p>\n<p>(Interested candidates should email their CV to <a href=\"mailto:jobs@indna.in\">jobs@indna.in</a>)</p>\n<p>No. of post: 1</p>\n<p>Location: NCL Venture Center, Pashan, Pune</p>\n<p><strong>inDNA Research Labs</strong>, a startup in the clinical genomics space, is currently seeking a talented and motivated clinical biocurator professional. This individual will collect and integrate data from scientific literature published by clinical and human genome research groups.</p>\n<p><strong>Qualifications</strong>:</p>\n<ul>\n<li>Masters degree in bioinformatics, molecular biology, genetics or biotechnology</li>\n</ul>\n<p><strong>Required Skills</strong>:</p>\n<ul>\n<li>Technical expertise in clinical medicine, genetics, genomics or molecular biology.</li>\n<li>Some experience with analysing large genomic data sets and exposure to Next Generation Sequencing tools/data.</li>\n<li>Good understanding of genomic databases and their annotations (For example: GenBank, RefSeq, ENSEMBL, dbSNP etc).</li>\n<li>An understanding of bioinformatics analysis to identify variants within genomic data sets is desirable.</li>\n<li>Proficiency in communicating an understanding of genetics details</li>\n<li>An enthusiastic can-do mentality, a dedicated team-worker, having good verbal and written communication skills.</li>\n<li>Previous experience as an experimental scientist is a big plus.</li>\n</ul>\n<p><strong>Tasks and Responsibilities</strong>:</p>\n<ul>\n<li>Collect and integrate data from scientific literature published by clinical and human genome research groups.</li>\n<li>Evaluating peer-reviewed experimental research for annotation.</li>\n<li>Documenting the effects of genomic variants and the association with disease, using controlled vocabularies, ontologies and established guidelines.</li>\n<li>Maintain specifications and monitor day-to-day operations of the literature searching and triage pipelines and various error-checking processes.</li>\n</ul>\n<p>Interested candidates should email their CV to <a href=\"mailto:jobs@indna.in\">jobs@indna.in</a></p>\n"
}