{
    "answer_count": 13,
    "author": "mcff23",
    "author_uid": "13388",
    "book_count": 0,
    "comment_count": 12,
    "content": "Hi everyone!\n\nI'm getting this error from tophat:\n\n    samtools: writing to standard output failed: Broken pipe\n\nLog file:\n\n```\n[2014-09-15 16:31:23] Beginning TopHat run (v2.0.12)\n-----------------------------------------------\n[2014-09-15 16:31:23] Checking for Bowtie\n                  Bowtie version:        2.2.3.0\n[2014-09-15 16:31:23] Checking for Samtools\n[2014-09-15 16:31:23] Checking for Bowtie index files (genome)..\n[2014-09-15 16:31:23] Checking for reference FASTA file\n[2014-09-15 16:31:23] Generating SAM header for \n[2014-09-15 16:31:23] Reading known junctions from GTF file\n[2014-09-15 16:31:27] Preparing reads\n         left reads: min. length=101, max. length=101, 99994 kept reads (6 discarded)\n        right reads: min. length=101, max. length=101, 99455 kept reads (545 discarded)\n[2014-09-15 16:31:32] Building transcriptome data files test_LC1.THout/tmp/Lj2.5_gene_models\n[2014-09-15 16:31:38] Building Bowtie index from Lj2.5_gene_models.fa\n[2014-09-15 16:32:07] Mapping left_kept_reads to transcriptome Lj2.5_gene_models with Bowtie2 \n[2014-09-15 16:32:13] Mapping right_kept_reads to transcriptome Lj2.5_gene_models with Bowtie2 \n[2014-09-15 16:32:18] Resuming TopHat pipeline with unmapped reads\nsamtools: writing to standard output failed: Broken pipe\nsamtools: error closing standard output: -1\nsamtools: writing to standard output failed: Broken pipe\nsamtools: error closing standard output: -1\n[2014-09-15 16:32:18] Mapping left_kept_reads.m2g_um to genome Bowtie2Index with Bowtie2 \nsamtools: writing to standard output failed: Broken pipe\nsamtools: error closing standard output: -1\n[2014-09-15 16:32:28] Mapping left_kept_reads.m2g_um_seg1 to genome Bowtie2Index with Bowtie2 (1/4)\n[2014-09-15 16:32:31] Mapping left_kept_reads.m2g_um_seg2 to genome Bowtie2Index with Bowtie2 (2/4)\n[2014-09-15 16:32:33] Mapping left_kept_reads.m2g_um_seg3 to genome Bowtie2Index with Bowtie2 (3/4)\n[2014-09-15 16:32:36] Mapping left_kept_reads.m2g_um_seg4 to genome Bowtie2Index with Bowtie2 (4/4)\nsamtools: writing to standard output failed: Broken pipe\nsamtools: error closing standard output: -1\n[2014-09-15 16:32:41] Mapping right_kept_reads.m2g_um to genome Bowtie2Index with Bowtie2 \nsamtools: writing to standard output failed: Broken pipe\nsamtools: error closing standard output: -1\n[2014-09-15 16:32:50] Mapping right_kept_reads.m2g_um_seg1 to genome Bowtie2Index with Bowtie2 (1/4)\n[2014-09-15 16:32:53] Mapping right_kept_reads.m2g_um_seg2 to genome Bowtie2Index with Bowtie2 (2/4)\n[2014-09-15 16:32:56] Mapping right_kept_reads.m2g_um_seg3 to genome Bowtie2Index with Bowtie2 (3/4)\n[2014-09-15 16:32:59] Mapping right_kept_reads.m2g_um_seg4 to genome Bowtie2Index with Bowtie2 (4/4)\n[2014-09-15 16:33:03] Searching for junctions via segment mapping\n[2014-09-15 16:33:18] Retrieving sequences for splices\n[2014-09-15 16:33:31] Indexing splices\nBuilding a SMALL index\nsamtools: writing to standard output failed: Broken pipe\nsamtools: error closing standard output: -1\n[2014-09-15 16:33:36] Mapping left_kept_reads.m2g_um_seg1 to genome segment_juncs with Bowtie2 (1/4)\n[2014-09-15 16:33:38] Mapping left_kept_reads.m2g_um_seg2 to genome segment_juncs with Bowtie2 (2/4)\n[2014-09-15 16:33:39] Mapping left_kept_reads.m2g_um_seg3 to genome segment_juncs with Bowtie2 (3/4)\n[2014-09-15 16:33:41] Mapping left_kept_reads.m2g_um_seg4 to genome segment_juncs with Bowtie2 (4/4)\n[2014-09-15 16:33:42] Joining segment hits\nsamtools: writing to standard output failed: Broken pipe\nsamtools: error closing standard output: -1\nsamtools: writing to standard output failed: Broken pipe\n```\n\nand so on..\n\nI couldn't find any specific solution...\n\nThanks in advance!\n\nMF",
    "creation_date": "2014-09-16T14:22:56.606526+00:00",
    "has_accepted": false,
    "id": 106902,
    "lastedit_date": "2022-01-03T20:11:36.509949+00:00",
    "lastedit_user_uid": "8494",
    "parent_id": 106902,
    "rank": 1458760809.769895,
    "reply_count": 13,
    "root_id": 106902,
    "status": "Open",
    "status_id": 1,
    "subs_count": 7,
    "tag_val": "RNA-Seq",
    "thread_score": 14,
    "title": "samtools: writing to standard output failed: Broken pipe",
    "type": "Question",
    "type_id": 0,
    "uid": "112749",
    "url": "https://www.biostars.org/p/112749/",
    "view_count": 17727,
    "vote_count": 1,
    "xhtml": "<p>Hi everyone!</p>\n<p>I'm getting this error from tophat:</p>\n<pre><code>samtools: writing to standard output failed: Broken pipe\n</code></pre>\n<p>Log file:</p>\n<pre><code>[2014-09-15 16:31:23] Beginning TopHat run (v2.0.12)\n-----------------------------------------------\n[2014-09-15 16:31:23] Checking for Bowtie\n                  Bowtie version:        2.2.3.0\n[2014-09-15 16:31:23] Checking for Samtools\n[2014-09-15 16:31:23] Checking for Bowtie index files (genome)..\n[2014-09-15 16:31:23] Checking for reference FASTA file\n[2014-09-15 16:31:23] Generating SAM header for \n[2014-09-15 16:31:23] Reading known junctions from GTF file\n[2014-09-15 16:31:27] Preparing reads\n         left reads: min. length=101, max. length=101, 99994 kept reads (6 discarded)\n        right reads: min. length=101, max. length=101, 99455 kept reads (545 discarded)\n[2014-09-15 16:31:32] Building transcriptome data files test_LC1.THout/tmp/Lj2.5_gene_models\n[2014-09-15 16:31:38] Building Bowtie index from Lj2.5_gene_models.fa\n[2014-09-15 16:32:07] Mapping left_kept_reads to transcriptome Lj2.5_gene_models with Bowtie2 \n[2014-09-15 16:32:13] Mapping right_kept_reads to transcriptome Lj2.5_gene_models with Bowtie2 \n[2014-09-15 16:32:18] Resuming TopHat pipeline with unmapped reads\nsamtools: writing to standard output failed: Broken pipe\nsamtools: error closing standard output: -1\nsamtools: writing to standard output failed: Broken pipe\nsamtools: error closing standard output: -1\n[2014-09-15 16:32:18] Mapping left_kept_reads.m2g_um to genome Bowtie2Index with Bowtie2 \nsamtools: writing to standard output failed: Broken pipe\nsamtools: error closing standard output: -1\n[2014-09-15 16:32:28] Mapping left_kept_reads.m2g_um_seg1 to genome Bowtie2Index with Bowtie2 (1/4)\n[2014-09-15 16:32:31] Mapping left_kept_reads.m2g_um_seg2 to genome Bowtie2Index with Bowtie2 (2/4)\n[2014-09-15 16:32:33] Mapping left_kept_reads.m2g_um_seg3 to genome Bowtie2Index with Bowtie2 (3/4)\n[2014-09-15 16:32:36] Mapping left_kept_reads.m2g_um_seg4 to genome Bowtie2Index with Bowtie2 (4/4)\nsamtools: writing to standard output failed: Broken pipe\nsamtools: error closing standard output: -1\n[2014-09-15 16:32:41] Mapping right_kept_reads.m2g_um to genome Bowtie2Index with Bowtie2 \nsamtools: writing to standard output failed: Broken pipe\nsamtools: error closing standard output: -1\n[2014-09-15 16:32:50] Mapping right_kept_reads.m2g_um_seg1 to genome Bowtie2Index with Bowtie2 (1/4)\n[2014-09-15 16:32:53] Mapping right_kept_reads.m2g_um_seg2 to genome Bowtie2Index with Bowtie2 (2/4)\n[2014-09-15 16:32:56] Mapping right_kept_reads.m2g_um_seg3 to genome Bowtie2Index with Bowtie2 (3/4)\n[2014-09-15 16:32:59] Mapping right_kept_reads.m2g_um_seg4 to genome Bowtie2Index with Bowtie2 (4/4)\n[2014-09-15 16:33:03] Searching for junctions via segment mapping\n[2014-09-15 16:33:18] Retrieving sequences for splices\n[2014-09-15 16:33:31] Indexing splices\nBuilding a SMALL index\nsamtools: writing to standard output failed: Broken pipe\nsamtools: error closing standard output: -1\n[2014-09-15 16:33:36] Mapping left_kept_reads.m2g_um_seg1 to genome segment_juncs with Bowtie2 (1/4)\n[2014-09-15 16:33:38] Mapping left_kept_reads.m2g_um_seg2 to genome segment_juncs with Bowtie2 (2/4)\n[2014-09-15 16:33:39] Mapping left_kept_reads.m2g_um_seg3 to genome segment_juncs with Bowtie2 (3/4)\n[2014-09-15 16:33:41] Mapping left_kept_reads.m2g_um_seg4 to genome segment_juncs with Bowtie2 (4/4)\n[2014-09-15 16:33:42] Joining segment hits\nsamtools: writing to standard output failed: Broken pipe\nsamtools: error closing standard output: -1\nsamtools: writing to standard output failed: Broken pipe\n</code></pre>\n<p>and so on..</p>\n<p>I couldn't find any specific solution...</p>\n<p>Thanks in advance!</p>\n<p>MF</p>\n"
}