{
    "answer_count": 3,
    "author": "irritable_phd_syndrome",
    "author_uid": "19996",
    "book_count": 0,
    "comment_count": 2,
    "content": "I am trying to running cuffmerge to use for relative gene expression down the pipeline. I acquired my reference genome from [UCSC][1]. I have run tophat on the data from two flow cell reads (taken from an Illumina HiSeq 2500 machine) e.g.\n\n```\ntophat \\\n  -p 20 \\\n  -o tophat_out_L001 \\\n  --library-type fr-unstranded \\\n  -r 75 \\\n  --mate-std-dev 60 \\\n  /path/to/Data/Mus_musculus/UCSC/mm10/Sequence/BowtieIndex/genome \\\n  /path/to/Data/Raw_Data_fastq/Sample01_L001_R1_001.fastq \\\n  /path/to/Data/Raw_Data_fastq/Sample01_L001_R2_001.fastq\n\n  tophat \\\n  -p 20 \\\n  -o tophat_out_L002 \\\n  --library-type fr-unstranded \\\n  -r 75 \\\n  --mate-std-dev 60 \\\n  /path/to/Data/Mus_musculus/UCSC/mm10/Sequence/BowtieIndex/genome \\\n  /path/to/Data/Raw_Data_fastq/Sample01_L002_R1_001.fastq \\\n  /path/to/Data/Raw_Data_fastq/Sample01_L002_R2_001.fastq\n```\n\nThen I merge the data, e.g.\n\n    samtools merge L001_L002/out.bam tophat_out_L001/accepted_hits.bam tophat_out_L002/accepted_hits.bam\n\nI then sort the data, e.g.\n\n    samtools sort L001_L002/out.bam L001_L002/out_sorted\n\n\u200bI then run cufflinks on it, e.g.\n\n```\ncufflinks \\\n  -p 20 \\\n  -o cufflinks_gene_expression \\\n  --library-type fr-unstranded \\\n  --GTF /path/to/Data/Mus_musculus/UCSC/mm10/Annotation/Genes/genes.gtf \\\n  --no-update-check \\\n  L001_L002/out_sorted.bam\n```\n\nThis all seems fine and well, until I run cuffmerge. All the data files are stored in `Sample0*/cufflinks_gene_expression/*`:\n\n```\ncuffmerge \\\n  -p 20 \\\n  -o merged \\\n  -g /path/to/Data/Mus_musculus/UCSC/mm10/Annotation/Genes/genes.gtf \\\n  -s /path/to/Data/Mus_musculus/UCSC/mm10/Sequence/Chromosomes/ \\\n  assembly_GTF_list.txt\n```\n\nwhere `assembly_GTF_list.txt` contains\n\n```\nSample01/cufflinks_gene_expression/transcripts.gtf\nSample02/cufflinks_gene_expression/transcripts.gtf\nSample03/cufflinks_gene_expression/transcripts.gtf\nSample04/cufflinks_gene_expression/transcripts.gtf\nSample05/cufflinks_gene_expression/transcripts.gtf\nSample06/cufflinks_gene_expression/transcripts.gtf\nSample07/cufflinks_gene_expression/transcripts.gtf\nSample08/cufflinks_gene_expression/transcripts.gtf\nSample09/cufflinks_gene_expression/transcripts.gtf\n```\n\nDoing this I get the output:\n\n```\n[Tue Sep 15 10:43:29 2015] Beginning transcriptome assembly merge\n-------------------------------------------\n\n[Tue Sep 15 10:43:29 2015] Preparing output location merged/\n[Tue Sep 15 10:43:37 2015] Converting GTF files to SAM\n[10:43:37] Loading reference annotation.\n[10:43:40] Loading reference annotation.\n[10:43:42] Loading reference annotation.\n[10:43:44] Loading reference annotation.\n[10:43:46] Loading reference annotation.\n[10:43:49] Loading reference annotation.\n[10:43:51] Loading reference annotation.\n[10:43:53] Loading reference annotation.\n[10:43:56] Loading reference annotation.\n[Tue Sep 15 10:43:58 2015] Quantitating transcripts\nYou are using Cufflinks v2.2.1, which is the most recent release.\nCommand line:\ncufflinks -o merged/ -F 0.05 -g /path/to/Data/Mus_musculus/UCSC/mm10/Annotation/Genes/genes.gtf -q --overhang-tolerance 200 --library-type=transfrags -A 0.0 --min-frags-per-transfrag 0 --no-5-extend -p 20 merged/tmp/mergeSam_fileEJnLxC\n[bam_header_read] EOF marker is absent. The input is probably truncated.\n[bam_header_read] invalid BAM binary header (this is not a BAM file).\nFile merged/tmp/mergeSam_fileEJnLxC doesn't appear to be a valid BAM file, trying SAM...\n[10:43:58] Loading reference annotation.\n[10:44:01] Inspecting reads and determining fragment length distribution.\nProcessed 20978 loci.    \n> Map Properties:\n>   Normalized Map Mass: 298170.00\n>   Raw Map Mass: 298170.00\n>   Fragment Length Distribution: Truncated Gaussian (default)\n>                 Default Mean: 200 \n>              Default Std Dev: 80\n[10:44:04] Assembling transcripts and estimating abundances.\nProcessed 20978 loci.    \n[Tue Sep 15 10:44:46 2015] Comparing against reference file /path/to/Data/Mus_musculus/UCSC/mm10/Annotation/Genes/genes.gtf\nYou are using Cufflinks v2.2.1, which is the most recent release.\nWarning: cannot find genomic sequence file /path/to/Data/Mus_musculus/UCSC/mm10/Sequence/Chromosomes/chr1_GL456221_random{.fa,.fasta}\n```\n\nFollowed by a bunch of similar warnings.\n\nMy **question**, is when running cuffmerge should I point (using the `-s` option) it to\n\n    /path/to/Data/Mus_musculus/UCSC/mm10/Sequence/Chromosomes/\n\nor to\n\n    /path/to/Data/Mus_musculus/UCSC/mm10/Sequence/WholeGenomeFasta/\n\nAccording to `cuffmerge --help`\n\n    -s/--ref-sequence      <seq_dir>/<seq_fasta> Genomic DNA sequences for the reference.\n\nIf I point it to `.../WholeGenomeFasta`, I get errors\n\n    Warning: cannot find genomic sequence file /path/to/Data/Mus_musculus/UCSC/mm10/Sequence/WholeGenomeFasta/chr1{.fa,.fasta}\n\nWhich is why I pointed it to the Chromosomes.\n\nThanks.\n\n [1]: http://support.illumina.com/sequencing/sequencing_software/igenome.html",
    "creation_date": "2015-09-15T16:54:11.048826+00:00",
    "has_accepted": false,
    "id": 150995,
    "lastedit_date": "2022-09-15T20:12:50.784066+00:00",
    "lastedit_user_uid": "8494",
    "parent_id": 150995,
    "rank": 1442347878.768652,
    "reply_count": 3,
    "root_id": 150995,
    "status": "Open",
    "status_id": 1,
    "subs_count": 2,
    "tag_val": "RNA-Seq,cufflinks",
    "thread_score": 2,
    "title": "Using cufflinks : warning cannot find genomic sequence",
    "type": "Question",
    "type_id": 0,
    "uid": "158063",
    "url": "https://www.biostars.org/p/158063/",
    "view_count": 2810,
    "vote_count": 2,
    "xhtml": "<p>I am trying to running cuffmerge to use for relative gene expression down the pipeline. I acquired my reference genome from <a href=\"http://support.illumina.com/sequencing/sequencing_software/igenome.html\" rel=\"nofollow\">UCSC</a>. I have run tophat on the data from two flow cell reads (taken from an Illumina HiSeq 2500 machine) e.g.</p>\n<pre><code>tophat \\\n  -p 20 \\\n  -o tophat_out_L001 \\\n  --library-type fr-unstranded \\\n  -r 75 \\\n  --mate-std-dev 60 \\\n  /path/to/Data/Mus_musculus/UCSC/mm10/Sequence/BowtieIndex/genome \\\n  /path/to/Data/Raw_Data_fastq/Sample01_L001_R1_001.fastq \\\n  /path/to/Data/Raw_Data_fastq/Sample01_L001_R2_001.fastq\n\n  tophat \\\n  -p 20 \\\n  -o tophat_out_L002 \\\n  --library-type fr-unstranded \\\n  -r 75 \\\n  --mate-std-dev 60 \\\n  /path/to/Data/Mus_musculus/UCSC/mm10/Sequence/BowtieIndex/genome \\\n  /path/to/Data/Raw_Data_fastq/Sample01_L002_R1_001.fastq \\\n  /path/to/Data/Raw_Data_fastq/Sample01_L002_R2_001.fastq\n</code></pre>\n<p>Then I merge the data, e.g.</p>\n<pre><code>samtools merge L001_L002/out.bam tophat_out_L001/accepted_hits.bam tophat_out_L002/accepted_hits.bam\n</code></pre>\n<p>I then sort the data, e.g.</p>\n<pre><code>samtools sort L001_L002/out.bam L001_L002/out_sorted\n</code></pre>\n<p>\u200bI then run cufflinks on it, e.g.</p>\n<pre><code>cufflinks \\\n  -p 20 \\\n  -o cufflinks_gene_expression \\\n  --library-type fr-unstranded \\\n  --GTF /path/to/Data/Mus_musculus/UCSC/mm10/Annotation/Genes/genes.gtf \\\n  --no-update-check \\\n  L001_L002/out_sorted.bam\n</code></pre>\n<p>This all seems fine and well, until I run cuffmerge. All the data files are stored in <code>Sample0*/cufflinks_gene_expression/*</code>:</p>\n<pre><code>cuffmerge \\\n  -p 20 \\\n  -o merged \\\n  -g /path/to/Data/Mus_musculus/UCSC/mm10/Annotation/Genes/genes.gtf \\\n  -s /path/to/Data/Mus_musculus/UCSC/mm10/Sequence/Chromosomes/ \\\n  assembly_GTF_list.txt\n</code></pre>\n<p>where <code>assembly_GTF_list.txt</code> contains</p>\n<pre><code>Sample01/cufflinks_gene_expression/transcripts.gtf\nSample02/cufflinks_gene_expression/transcripts.gtf\nSample03/cufflinks_gene_expression/transcripts.gtf\nSample04/cufflinks_gene_expression/transcripts.gtf\nSample05/cufflinks_gene_expression/transcripts.gtf\nSample06/cufflinks_gene_expression/transcripts.gtf\nSample07/cufflinks_gene_expression/transcripts.gtf\nSample08/cufflinks_gene_expression/transcripts.gtf\nSample09/cufflinks_gene_expression/transcripts.gtf\n</code></pre>\n<p>Doing this I get the output:</p>\n<pre><code>[Tue Sep 15 10:43:29 2015] Beginning transcriptome assembly merge\n-------------------------------------------\n\n[Tue Sep 15 10:43:29 2015] Preparing output location merged/\n[Tue Sep 15 10:43:37 2015] Converting GTF files to SAM\n[10:43:37] Loading reference annotation.\n[10:43:40] Loading reference annotation.\n[10:43:42] Loading reference annotation.\n[10:43:44] Loading reference annotation.\n[10:43:46] Loading reference annotation.\n[10:43:49] Loading reference annotation.\n[10:43:51] Loading reference annotation.\n[10:43:53] Loading reference annotation.\n[10:43:56] Loading reference annotation.\n[Tue Sep 15 10:43:58 2015] Quantitating transcripts\nYou are using Cufflinks v2.2.1, which is the most recent release.\nCommand line:\ncufflinks -o merged/ -F 0.05 -g /path/to/Data/Mus_musculus/UCSC/mm10/Annotation/Genes/genes.gtf -q --overhang-tolerance 200 --library-type=transfrags -A 0.0 --min-frags-per-transfrag 0 --no-5-extend -p 20 merged/tmp/mergeSam_fileEJnLxC\n[bam_header_read] EOF marker is absent. The input is probably truncated.\n[bam_header_read] invalid BAM binary header (this is not a BAM file).\nFile merged/tmp/mergeSam_fileEJnLxC doesn't appear to be a valid BAM file, trying SAM...\n[10:43:58] Loading reference annotation.\n[10:44:01] Inspecting reads and determining fragment length distribution.\nProcessed 20978 loci.    \n&gt; Map Properties:\n&gt;   Normalized Map Mass: 298170.00\n&gt;   Raw Map Mass: 298170.00\n&gt;   Fragment Length Distribution: Truncated Gaussian (default)\n&gt;                 Default Mean: 200 \n&gt;              Default Std Dev: 80\n[10:44:04] Assembling transcripts and estimating abundances.\nProcessed 20978 loci.    \n[Tue Sep 15 10:44:46 2015] Comparing against reference file /path/to/Data/Mus_musculus/UCSC/mm10/Annotation/Genes/genes.gtf\nYou are using Cufflinks v2.2.1, which is the most recent release.\nWarning: cannot find genomic sequence file /path/to/Data/Mus_musculus/UCSC/mm10/Sequence/Chromosomes/chr1_GL456221_random{.fa,.fasta}\n</code></pre>\n<p>Followed by a bunch of similar warnings.</p>\n<p>My <strong>question</strong>, is when running cuffmerge should I point (using the <code>-s</code> option) it to</p>\n<pre><code>/path/to/Data/Mus_musculus/UCSC/mm10/Sequence/Chromosomes/\n</code></pre>\n<p>or to</p>\n<pre><code>/path/to/Data/Mus_musculus/UCSC/mm10/Sequence/WholeGenomeFasta/\n</code></pre>\n<p>According to <code>cuffmerge --help</code></p>\n<pre><code>-s/--ref-sequence      &lt;seq_dir&gt;/&lt;seq_fasta&gt; Genomic DNA sequences for the reference.\n</code></pre>\n<p>If I point it to <code>.../WholeGenomeFasta</code>, I get errors</p>\n<pre><code>Warning: cannot find genomic sequence file /path/to/Data/Mus_musculus/UCSC/mm10/Sequence/WholeGenomeFasta/chr1{.fa,.fasta}\n</code></pre>\n<p>Which is why I pointed it to the Chromosomes.</p>\n<p>Thanks.</p>\n"
}