{
    "answer_count": 3,
    "author": "shrutidabral",
    "author_uid": "54979",
    "book_count": 0,
    "comment_count": 2,
    "content": "I am using hisat2 for RNA seq data i have some queries --\n\n1) There is option `--phred33` - Input qualities are ASCII chars equal to the Phred quality plus 33. This is also called the \"Phred+33\" encoding, which is used by the very latest Illumina pipelines.\n\nIs this means Ididn't have to run trimmomatic and using this score for alignment the selection quality of reads will be phred 33 ? Please explain.\n\n2) Command I am using --\n\n    hisat2 -p 24 --dta --known-splicesite-infile splicesites.txt  --phred33  -x hg38  -1 31_1.fastq.gz -2 /media31_2.fastq.gz -S H031.sam --summary-file H031_summary.txt --novel-splicesite-outfile H031_outfile --novel-splicesite-infile H031_infile\n\n In H031_outfile file my getting result like\n\n    1\t15037\t15795\t-\n\nAnyone can explain me how to interpret this result and this result is totally different form tophat junction file or its gives us appropriate information.How can I get the information of reads skipped?",
    "creation_date": "2019-05-09T10:46:18.440651+00:00",
    "has_accepted": false,
    "id": 366006,
    "lastedit_date": "2023-06-22T14:29:00.857592+00:00",
    "lastedit_user_uid": "8494",
    "parent_id": 366006,
    "rank": 1557486541.428191,
    "reply_count": 3,
    "root_id": 366006,
    "status": "Open",
    "status_id": 1,
    "subs_count": 2,
    "tag_val": "Assembly,RNA-Seq",
    "thread_score": 0,
    "title": "Hisat2 splicesite file vs Tophat",
    "type": "Question",
    "type_id": 0,
    "uid": "378845",
    "url": "https://www.biostars.org/p/378845/",
    "view_count": 1709,
    "vote_count": 0,
    "xhtml": "<p>I am using hisat2 for RNA seq data i have some queries --</p>\n<p>1) There is option <code>--phred33</code> - Input qualities are ASCII chars equal to the Phred quality plus 33. This is also called the \"Phred+33\" encoding, which is used by the very latest Illumina pipelines.</p>\n<p>Is this means Ididn't have to run trimmomatic and using this score for alignment the selection quality of reads will be phred 33 ? Please explain.</p>\n<p>2) Command I am using --</p>\n<pre><code>hisat2 -p 24 --dta --known-splicesite-infile splicesites.txt  --phred33  -x hg38  -1 31_1.fastq.gz -2 /media31_2.fastq.gz -S H031.sam --summary-file H031_summary.txt --novel-splicesite-outfile H031_outfile --novel-splicesite-infile H031_infile\n</code></pre>\n<p>In H031_outfile file my getting result like</p>\n<pre><code>1   15037   15795   -\n</code></pre>\n<p>Anyone can explain me how to interpret this result and this result is totally different form tophat junction file or its gives us appropriate information.How can I get the information of reads skipped?</p>\n"
}