{
    "answer_count": 8,
    "author": "biobiu",
    "author_uid": "19056",
    "book_count": 0,
    "comment_count": 6,
    "content": "I'm interested in alpha and beta diversity analysis based on read based and marker gene methods.\r\nIs there any recommendations on tools or pipeline that:\r\n1) Calculates abundance\r\n2) Rarefaction\r\n3) Calculates diversity\r\n\r\n*I'm familiar with several tools that calculates relative abundance but moving from relative to absolute abundance for the diversity analysis is not straightforward...\r\n",
    "creation_date": "2019-09-04T20:10:53.987163+00:00",
    "has_accepted": false,
    "id": 383245,
    "lastedit_date": "2019-10-31T14:28:56.410640+00:00",
    "lastedit_user_uid": "32460",
    "parent_id": 383245,
    "rank": 1572532136.41064,
    "reply_count": 8,
    "root_id": 383245,
    "status": "Open",
    "status_id": 1,
    "subs_count": 3,
    "tag_val": "metagenomics",
    "thread_score": 3,
    "title": "metagenomics- read based diversity analysis",
    "type": "Question",
    "type_id": 0,
    "uid": "397233",
    "url": "https://www.biostars.org/p/397233/",
    "view_count": 3681,
    "vote_count": 0,
    "xhtml": "<p>I'm interested in alpha and beta diversity analysis based on read based and marker gene methods.\nIs there any recommendations on tools or pipeline that:\n1) Calculates abundance\n2) Rarefaction\n3) Calculates diversity</p>\n\n<p>*I'm familiar with several tools that calculates relative abundance but moving from relative to absolute abundance for the diversity analysis is not straightforward...</p>\n"
}