{
    "answer_count": 2,
    "author": "Irene@Sequencing.com",
    "author_uid": "16008",
    "book_count": 0,
    "comment_count": 1,
    "content": "I've encountered an issue while indexing reference genomes - the file doesn't contain any chromosome numbers. \n\nSeveral FASTA reference files from NCBI have sequence header information in the following format:\n\n    gi|224514618|ref|NT_077402.2| Homo sapiens chromosome 1 genomic contig, GRCh37. p13 Primary Assembly\n\nThe sequence header has the chromosome number embedded within. I tried to use the fasta file as a part of my sequencing pipeline but have encountered an issue: the aligners (BowTie2, Isaac, etc.) produce an index file which contains the contig names instead of chromosome number. Due to this the resultant VCF files produced using this indexed reference file also contains the contig data as the chromosome name.\n\nIt also seems that the reference FASTA files when used from UCSC contain the sequence header in the correct format such as: chr 1\n\nand these UCSC FASTA files can be used without any issue (or need to reformat) via my sequencing pipeline (produces VCF files with chromosome numbers)\n\nThere are, however, many NCBI FASTA files I'd like to index as reference files that are not provided by UCSC - is there a way to format a FASTA file so that the chromosome number is extracted from the FASTA and reformatted and the FASTA file updated so that it can be used for indexing? (i.e. is in the UCSC style?)",
    "creation_date": "2015-04-27T20:15:25.378704+00:00",
    "has_accepted": false,
    "id": 133361,
    "lastedit_date": "2022-07-07T16:48:53.457972+00:00",
    "lastedit_user_uid": "8494",
    "parent_id": 133361,
    "rank": 1430230270.615037,
    "reply_count": 2,
    "root_id": 133361,
    "status": "Open",
    "status_id": 1,
    "subs_count": 2,
    "tag_val": "FASTA,Reference",
    "thread_score": 1,
    "title": "Issue indexing reference genome FASTA files - index file does not contain chromosome numbers?",
    "type": "Question",
    "type_id": 0,
    "uid": "139862",
    "url": "https://www.biostars.org/p/139862/",
    "view_count": 4898,
    "vote_count": 0,
    "xhtml": "<p>I've encountered an issue while indexing reference genomes - the file doesn't contain any chromosome numbers.</p>\n<p>Several FASTA reference files from NCBI have sequence header information in the following format:</p>\n<pre><code>gi|224514618|ref|NT_077402.2| Homo sapiens chromosome 1 genomic contig, GRCh37. p13 Primary Assembly\n</code></pre>\n<p>The sequence header has the chromosome number embedded within. I tried to use the fasta file as a part of my sequencing pipeline but have encountered an issue: the aligners (BowTie2, Isaac, etc.) produce an index file which contains the contig names instead of chromosome number. Due to this the resultant VCF files produced using this indexed reference file also contains the contig data as the chromosome name.</p>\n<p>It also seems that the reference FASTA files when used from UCSC contain the sequence header in the correct format such as: chr 1</p>\n<p>and these UCSC FASTA files can be used without any issue (or need to reformat) via my sequencing pipeline (produces VCF files with chromosome numbers)</p>\n<p>There are, however, many NCBI FASTA files I'd like to index as reference files that are not provided by UCSC - is there a way to format a FASTA file so that the chromosome number is extracted from the FASTA and reformatted and the FASTA file updated so that it can be used for indexing? (i.e. is in the UCSC style?)</p>\n"
}