{
    "answer_count": 9,
    "author": "A. Domingues",
    "author_uid": "5455",
    "book_count": 0,
    "comment_count": 7,
    "content": "I am trying to run MutSIgCV and got stuck with this error:\n\n```\nMutSigCV allsamples.md.tc.ir.br.pr.ug.dbsnp.vep.maf \\\n\"$anno\"exome_full192.coverage.txt \\\n\"$anno\"gene.covariates.txt \\\nmy_results \\\n\"$anno\"mutation_type_dictionary_file.txt \\\n\"$anno\"chr_files_hg19\n\n======================================\nMutSigCV\nv1.4\n\n(c) Mike Lawrence and Gaddy Getz\nBroad Institute of MIT and Harvard\n======================================\n\nMutSigCV: PREPROCESS\n--------------------\nLoading mutation_file...\nError using MutSigCV>MutSig_preprocess (line 246)\nMutSig is not applicable to single patients.\\n\n\nError in MutSigCV (line 184)\n```\n\nI suspect this is because I did not create the maf file properly. A run-down of the experiment:\n\n - variants were called using the GATK pipeline (unified genotyper)\n - annotated with VEP\n - vcf was converted to maf using the tool [vcf2maf][1]\n\n [1]: https://github.com/ckandoth/vcf2maf\n\nI am not working with cancer data.\n\nQuestions:\n\n - is the issue due to the maf?\n - If yes, how can it be prepared to include patient information?\n\nA few of the vcf (header removed, this is a test so only chr14 is present):\n\n```\n##INFO=\n#CHROM POS ID REF ALT QUAL FILTER INFO FORMAT Psio10_gDNA Psio11_gDNA Psio12_gDNA Psio1_gDNA Psio2_gDNA Psio3_gDNA Psio4_gDNA Psio5_gDNA Psio6_gDNA Psio7_gDNA Psio8_gDNA Psio9_gDNA\nchr14 62290315 . G A 27.75 LowQual AC=4;AF=0.250;AN=16;BaseCounts=4,0,9,0;BaseQRankSum=-1.271;DP=13;Dels=0.00;FS=0.000;HaplotypeScore=0.0000;MLEAC=3;MLEAF=0.188;MQ=50.39;MQ0=0;MQRankSum=0.480;QD=13.88;ReadPosRankSum=-1.733;CSQ=intron_variant&nc_transcript_variant|||ENSG00000258882|CTD-2277K2.1|ENST00000554138|||||lincRNA GT:AD:DP:GQ:PL 0/0:2,0:2:6:0,6,69 0/0:2,0:2:6:0,6,68 ./. ./. ./. ./. 1/1:0,1:1:3:32,3,0 0/0:1,0:1:3:0,3,32 1/1:0,1:1:3:33,3,0 0/0:1,1:2:3:0,3,33 0/0:2,0:2:3:0,3,33 0/0:1,0:1:3:0,3,33\nchr14 62292953 . A T 10.92 LowQual AC=2;AF=1.00;AN=2;BaseCounts=0,0,0,1;DP=1;Dels=0.00;FS=0.000;HaplotypeScore=0.0000;MLEAC=2;MLEAF=1.00;MQ=60.00;MQ0=0;QD=10.92;CSQ=intron_variant&nc_transcript_variant|||ENSG00000258882|CTD-2277K2.1|ENST00000554138|||||lincRNA GT:AD:DP:GQ:PL ./. ./. 1/1:0,1:1:3:33,3,0 ./. ./. ./. ./. ./. ./. ./. ./. ./.\nchr14 62293825 . G T 20.64 LowQual AC=2;AF=0.167;AN=12;BaseCounts=0,0,9,2;BaseQRankSum=-1.296;DP=11;Dels=0.00;FS=0.000;HaplotypeScore=0.1662;MLEAC=2;MLEAF=0.167;MQ=60.00;MQ0=0;MQRankSum=0.354;QD=4.13;ReadPosRankSum=0.354;CSQ=downstream_gene_variant|||ENSG00000258956|COX4I1P1|ENST00000554239|||||processed_pseudogene,intron_variant&nc_transcript_variant|||ENSG00000258882|CTD-2277K2.1|ENST00000554138|||||lincRNA GT:AB:AD:DP:GQ:PL ./. 0/0:.:2,0:2:6:0,6,68 ./. ./. ./. ./. 0/0:.:1,0:1:3:0,3,33 0/1:0.670:2,1:3:26:26,0,39 ./. 0/0:.:2,0:2:6:0,6,68 0/1:0.500:1,1:2:27:27,0,27 0/0:.:1,0:1:3:0,3,33\nchr14 62294744 . G A 28.05 LowQual AC=3;AF=0.300;AN=10;BaseCounts=2,1,5,0;BaseQRankSum=-0.198;DP=8;Dels=0.00;FS=0.000;HaplotypeScore=0.0000;MLEAC=3;MLEAF=0.300;MQ=57.05;MQ0=0;MQRankSum=0.198;QD=9.35;ReadPosRankSum=0.198;CSQ=downstream_gene_variant|||ENSG00000258956|COX4I1P1|ENST00000554239|||||processed_pseudogene,intron_variant&nc_transcript_variant|||ENSG00000258882|CTD-2277K2.1|ENST00000554138|||||lincRNA GT:AB:AD:DP:GQ:PL ./. ./. 1/1:.:0,1:1:3:33,3,0 ./. 0/0:.:1,0:1:3:0,3,33 0/1:0.500:1,1:2:26:26,0,26 ./. 0/0:.:1,0:1:3:0,3,32 0/0:.:2,0:2:3:0,3,45 ./. ./. ./.\nchr14 62299005 . A C 144.99 . AC=1;AF=0.042;AN=24;BaseCounts=301,8,0,0;BaseQRankSum=-4.723;DP=309;Dels=0.00;FS=2.199;HaplotypeScore=0.9147;InbreedingCoeff=-0.0435;MLEAC=1;MLEAF=0.042;MQ=59.70;MQ0=0;MQRankSum=0.508;QD=7.63;ReadPosRankSum=-1.488;CSQ=non_coding_exon_variant&nc_transcript_variant|||ENSG00000258956|COX4I1P1|ENST00000554239|1/1||||processed_pseudogene,intron_variant&nc_transcript_variant|||ENSG00000258882|CTD-2277K2.1|ENST00000554138|||||lincRNA GT:AB:AD:DP:GQ:PL 0/0:.:26,0:26:78:0,78,892 0/0:.:29,0:29:81:0,81,927 0/0:.:17,0:17:45:0,45,528 0/0:.:28,0:28:75:0,75,861 0/0:.:25,0:25:69:0,69,777 0/0:.:35,0:35:99:0,102,1127 0/0:.:38,0:38:99:0,102,1149 0/1:0.580:11,8:19:99:180,0,294 0/0:.:24,0:24:66:0,66,764 0/0:.:33,0:33:93:0,93,1065 0/0:.:16,0:16:45:0,45,502 0/0:.:19,0:19:54:0,54,603\n```",
    "creation_date": "2014-07-31T14:48:02.580046+00:00",
    "has_accepted": true,
    "id": 102384,
    "lastedit_date": "2023-05-29T05:36:08.583862+00:00",
    "lastedit_user_uid": "131686",
    "parent_id": 102384,
    "rank": 1407434783.818281,
    "reply_count": 9,
    "root_id": 102384,
    "status": "Open",
    "status_id": 1,
    "subs_count": 6,
    "tag_val": "vcf2maf,snp,vcf,MutSigCV,gatk",
    "thread_score": 16,
    "title": "problems with MAF for MutSigCV (vcf2maf)",
    "type": "Question",
    "type_id": 0,
    "uid": "108112",
    "url": "https://www.biostars.org/p/108112/",
    "view_count": 11389,
    "vote_count": 1,
    "xhtml": "<p>I am trying to run MutSIgCV and got stuck with this error:</p>\n<pre><code>MutSigCV allsamples.md.tc.ir.br.pr.ug.dbsnp.vep.maf \\\n\"$anno\"exome_full192.coverage.txt \\\n\"$anno\"gene.covariates.txt \\\nmy_results \\\n\"$anno\"mutation_type_dictionary_file.txt \\\n\"$anno\"chr_files_hg19\n\n======================================\nMutSigCV\nv1.4\n\n(c) Mike Lawrence and Gaddy Getz\nBroad Institute of MIT and Harvard\n======================================\n\nMutSigCV: PREPROCESS\n--------------------\nLoading mutation_file...\nError using MutSigCV&gt;MutSig_preprocess (line 246)\nMutSig is not applicable to single patients.\\n\n\nError in MutSigCV (line 184)\n</code></pre>\n<p>I suspect this is because I did not create the maf file properly. A run-down of the experiment:</p>\n<ul>\n<li>variants were called using the GATK pipeline (unified genotyper)</li>\n<li>annotated with VEP</li>\n<li>vcf was converted to maf using the tool <a href=\"https://github.com/ckandoth/vcf2maf\" rel=\"nofollow\">vcf2maf</a></li>\n</ul>\n<p>I am not working with cancer data.</p>\n<p>Questions:</p>\n<ul>\n<li>is the issue due to the maf?</li>\n<li>If yes, how can it be prepared to include patient information?</li>\n</ul>\n<p>A few of the vcf (header removed, this is a test so only chr14 is present):</p>\n<pre><code>##INFO=\n#CHROM POS ID REF ALT QUAL FILTER INFO FORMAT Psio10_gDNA Psio11_gDNA Psio12_gDNA Psio1_gDNA Psio2_gDNA Psio3_gDNA Psio4_gDNA Psio5_gDNA Psio6_gDNA Psio7_gDNA Psio8_gDNA Psio9_gDNA\nchr14 62290315 . G A 27.75 LowQual AC=4;AF=0.250;AN=16;BaseCounts=4,0,9,0;BaseQRankSum=-1.271;DP=13;Dels=0.00;FS=0.000;HaplotypeScore=0.0000;MLEAC=3;MLEAF=0.188;MQ=50.39;MQ0=0;MQRankSum=0.480;QD=13.88;ReadPosRankSum=-1.733;CSQ=intron_variant&amp;nc_transcript_variant|||ENSG00000258882|CTD-2277K2.1|ENST00000554138|||||lincRNA GT:AD:DP:GQ:PL 0/0:2,0:2:6:0,6,69 0/0:2,0:2:6:0,6,68 ./. ./. ./. ./. 1/1:0,1:1:3:32,3,0 0/0:1,0:1:3:0,3,32 1/1:0,1:1:3:33,3,0 0/0:1,1:2:3:0,3,33 0/0:2,0:2:3:0,3,33 0/0:1,0:1:3:0,3,33\nchr14 62292953 . A T 10.92 LowQual AC=2;AF=1.00;AN=2;BaseCounts=0,0,0,1;DP=1;Dels=0.00;FS=0.000;HaplotypeScore=0.0000;MLEAC=2;MLEAF=1.00;MQ=60.00;MQ0=0;QD=10.92;CSQ=intron_variant&amp;nc_transcript_variant|||ENSG00000258882|CTD-2277K2.1|ENST00000554138|||||lincRNA GT:AD:DP:GQ:PL ./. ./. 1/1:0,1:1:3:33,3,0 ./. ./. ./. ./. ./. ./. ./. ./. ./.\nchr14 62293825 . G T 20.64 LowQual AC=2;AF=0.167;AN=12;BaseCounts=0,0,9,2;BaseQRankSum=-1.296;DP=11;Dels=0.00;FS=0.000;HaplotypeScore=0.1662;MLEAC=2;MLEAF=0.167;MQ=60.00;MQ0=0;MQRankSum=0.354;QD=4.13;ReadPosRankSum=0.354;CSQ=downstream_gene_variant|||ENSG00000258956|COX4I1P1|ENST00000554239|||||processed_pseudogene,intron_variant&amp;nc_transcript_variant|||ENSG00000258882|CTD-2277K2.1|ENST00000554138|||||lincRNA GT:AB:AD:DP:GQ:PL ./. 0/0:.:2,0:2:6:0,6,68 ./. ./. ./. ./. 0/0:.:1,0:1:3:0,3,33 0/1:0.670:2,1:3:26:26,0,39 ./. 0/0:.:2,0:2:6:0,6,68 0/1:0.500:1,1:2:27:27,0,27 0/0:.:1,0:1:3:0,3,33\nchr14 62294744 . G A 28.05 LowQual AC=3;AF=0.300;AN=10;BaseCounts=2,1,5,0;BaseQRankSum=-0.198;DP=8;Dels=0.00;FS=0.000;HaplotypeScore=0.0000;MLEAC=3;MLEAF=0.300;MQ=57.05;MQ0=0;MQRankSum=0.198;QD=9.35;ReadPosRankSum=0.198;CSQ=downstream_gene_variant|||ENSG00000258956|COX4I1P1|ENST00000554239|||||processed_pseudogene,intron_variant&amp;nc_transcript_variant|||ENSG00000258882|CTD-2277K2.1|ENST00000554138|||||lincRNA GT:AB:AD:DP:GQ:PL ./. ./. 1/1:.:0,1:1:3:33,3,0 ./. 0/0:.:1,0:1:3:0,3,33 0/1:0.500:1,1:2:26:26,0,26 ./. 0/0:.:1,0:1:3:0,3,32 0/0:.:2,0:2:3:0,3,45 ./. ./. ./.\nchr14 62299005 . A C 144.99 . AC=1;AF=0.042;AN=24;BaseCounts=301,8,0,0;BaseQRankSum=-4.723;DP=309;Dels=0.00;FS=2.199;HaplotypeScore=0.9147;InbreedingCoeff=-0.0435;MLEAC=1;MLEAF=0.042;MQ=59.70;MQ0=0;MQRankSum=0.508;QD=7.63;ReadPosRankSum=-1.488;CSQ=non_coding_exon_variant&amp;nc_transcript_variant|||ENSG00000258956|COX4I1P1|ENST00000554239|1/1||||processed_pseudogene,intron_variant&amp;nc_transcript_variant|||ENSG00000258882|CTD-2277K2.1|ENST00000554138|||||lincRNA GT:AB:AD:DP:GQ:PL 0/0:.:26,0:26:78:0,78,892 0/0:.:29,0:29:81:0,81,927 0/0:.:17,0:17:45:0,45,528 0/0:.:28,0:28:75:0,75,861 0/0:.:25,0:25:69:0,69,777 0/0:.:35,0:35:99:0,102,1127 0/0:.:38,0:38:99:0,102,1149 0/1:0.580:11,8:19:99:180,0,294 0/0:.:24,0:24:66:0,66,764 0/0:.:33,0:33:93:0,93,1065 0/0:.:16,0:16:45:0,45,502 0/0:.:19,0:19:54:0,54,603\n</code></pre>\n"
}