{
    "answer_count": 1,
    "author": "jespinoz",
    "author_uid": "36750",
    "book_count": 0,
    "comment_count": 0,
    "content": "I can't merge my `BCF` files together using `bcftools`.  Below are the details of my pipeline.  After running the pipeline, I created a subdirectory that has 2 `*.bcf` files to try and merge them as a test set but it's not working.\r\n\r\n**My commands to merge 2 *.bcf files**\r\n\r\n     # Directory contents\r\n    -bash-4.1$ cd bcf_files/testing/\r\n    -bash-4.1$ ls\r\n    S-1409-57.B_RD1.kneaddata.paired.human.bowtie2.R1-R2.sam.bam.sorted.bcf  S-1410-81.A_RD1.kneaddata.paired.human.bowtie2.R1-R2.sam.bam.sorted.bcf   \r\n\r\n    # Attempting to merge 2 bcf files\r\n    -bash-4.1$ bcftools view S-1409-57.B_RD1.kneaddata.paired.human.bowtie2.R1-R2.sam.bam.sorted.bcf  S-1410-81.A_RD1.kneaddata.paired.human.bowtie2.R1-R2.sam.bam.sorted.bcf > testing.merged.bcf\r\n\r\n    #Error below\r\n    Index required, expected .vcf.gz or .bcf file: S-1409-57.B_RD1.kneaddata.paired.human.bowtie2.R1-R2.sam.bam.sorted.bcf\r\n    Failed to open or the file not indexed: S-1409-57.B_RD1.kneaddata.paired.human.bowtie2.R1-R2.sam.bam.sorted.bcf\r\n\r\n**I tried indexing them**\r\n\r\n    $ bcftools index S-1409-57.B_RD1.kneaddata.paired.human.bowtie2.R1-R2.sam.bam.sorted.bcf\r\n    [E::main_vcfindex] bcf_index_build failed for S-1409-57.B_RD1.kneaddata.paired.human.bowtie2.R1-R2.sam.bam.sorted.bcf\r\n\r\n**My pipeline**: \r\nI have 88 samples whose reads together total to about 746 G in size.\r\n\r\nI used `HISAT2` for the mapping using human assembly hg38.  `HISAT2` supplies preindexed files that we used located at ftp://ftp.ccb.jhu.edu/pub/infphilo/hisat2/data/grch38.tar.gz\r\n\r\nThe assembly for the genome used for the indexing was retrieved from ftp://ftp.ensembl.org/pub/release-84/fasta/homo_sapiens/dna/Homo_sapiens.GRCh38.dna.primary_assembly.fa.gz\r\n\r\n\r\n\r\n\r\n\r\nCreate the sam file\r\n\r\n```\r\nhisat2 -q -p 2 --fast -x ./grch38/genome -1 {r1_path} -2 {r2_path} -S ./sam_files/{lib}.kneaddata.paired.human.bowtie2.R1-R2.sam\r\n```\r\n\r\nSam => Sorted-bam\r\n\r\n```\r\nsamtools view -bS ./sam_files/{lib}.kneaddata.paired.human.bowtie2.R1-R2.sam | samtools sort -@ 16 -o ./sorted_bam_files/{lib}.kneaddata.paired.human.bowtie2.R1-R2.sam.bam.sorted\r\n```\r\n\r\nSorted-bam => BCF\r\n```\r\nsamtools mpileup -uf ./grch38/Homo_sapiens.GRCh38.dna.primary_assembly.fa -C 50 --BCF -o ./bcf_files/{lib}.kneaddata.paired.human.bowtie2.R1-R2.sam.bam.sorted.bcf ./sorted_bam_files/{lib}.kneaddata.paired.human.bowtie2.R1-R2.sam.bam.sorted\r\n```\r\n\r\n\r\n    $ du -sh *\r\n    5.8T    bcf_files\r\n    8.5G    grch38\r\n    4.7G    grch38.tar.gz\r\n    435K    reads\r\n    34K run_tmp.sh\r\n    176G    sam_files\r\n    38G sorted_bam_files",
    "creation_date": "2017-05-12T16:34:38.742134+00:00",
    "has_accepted": true,
    "id": 243284,
    "lastedit_date": "2017-06-13T18:25:07.985721+00:00",
    "lastedit_user_uid": "1",
    "parent_id": 243284,
    "rank": 1497378307.985721,
    "reply_count": 1,
    "root_id": 243284,
    "status": "Open",
    "status_id": 1,
    "subs_count": 0,
    "tag_val": "bcf,vcf,merge,index,snps",
    "thread_score": 1,
    "title": "Cannot merge BCF files with `bcftools` files because \"Index required, expected .vcf.gz or .bcf file\" ?",
    "type": "Question",
    "type_id": 0,
    "uid": "252483",
    "url": "https://www.biostars.org/p/252483/",
    "view_count": 4180,
    "vote_count": 0,
    "xhtml": "<p>I can't merge my <code>BCF</code> files together using <code>bcftools</code>.  Below are the details of my pipeline.  After running the pipeline, I created a subdirectory that has 2 <code>*.bcf</code> files to try and merge them as a test set but it's not working.</p>\n\n<p><strong>My commands to merge 2 *.bcf files</strong></p>\n\n<pre class=\"pre\"><code class=\"language-bash\"> # Directory contents\n-bash-4.1$ cd bcf_files/testing/\n-bash-4.1$ ls\nS-1409-57.B_RD1.kneaddata.paired.human.bowtie2.R1-R2.sam.bam.sorted.bcf  S-1410-81.A_RD1.kneaddata.paired.human.bowtie2.R1-R2.sam.bam.sorted.bcf   \n\n# Attempting to merge 2 bcf files\n-bash-4.1$ bcftools view S-1409-57.B_RD1.kneaddata.paired.human.bowtie2.R1-R2.sam.bam.sorted.bcf  S-1410-81.A_RD1.kneaddata.paired.human.bowtie2.R1-R2.sam.bam.sorted.bcf &gt; testing.merged.bcf\n\n#Error below\nIndex required, expected .vcf.gz or .bcf file: S-1409-57.B_RD1.kneaddata.paired.human.bowtie2.R1-R2.sam.bam.sorted.bcf\nFailed to open or the file not indexed: S-1409-57.B_RD1.kneaddata.paired.human.bowtie2.R1-R2.sam.bam.sorted.bcf\n</code></pre>\n\n<p><strong>I tried indexing them</strong></p>\n\n<pre class=\"pre\"><code class=\"language-bash\">$ bcftools index S-1409-57.B_RD1.kneaddata.paired.human.bowtie2.R1-R2.sam.bam.sorted.bcf\n[E::main_vcfindex] bcf_index_build failed for S-1409-57.B_RD1.kneaddata.paired.human.bowtie2.R1-R2.sam.bam.sorted.bcf\n</code></pre>\n\n<p><strong>My pipeline</strong>: \nI have 88 samples whose reads together total to about 746 G in size.</p>\n\n<p>I used <code>HISAT2</code> for the mapping using human assembly hg38.  <code>HISAT2</code> supplies preindexed files that we used located at <a rel=\"nofollow\" href=\"ftp://ftp.ccb.jhu.edu/pub/infphilo/hisat2/data/grch38.tar.gz\">ftp://ftp.ccb.jhu.edu/pub/infphilo/hisat2/data/grch38.tar.gz</a></p>\n\n<p>The assembly for the genome used for the indexing was retrieved from <a rel=\"nofollow\" href=\"ftp://ftp.ensembl.org/pub/release-84/fasta/homo_sapiens/dna/Homo_sapiens.GRCh38.dna.primary_assembly.fa.gz\">ftp://ftp.ensembl.org/pub/release-84/fasta/homo_sapiens/dna/Homo_sapiens.GRCh38.dna.primary_assembly.fa.gz</a></p>\n\n<p>Create the sam file</p>\n\n<pre class=\"pre\"><code class=\"language-bash\">hisat2 -q -p 2 --fast -x ./grch38/genome -1 {r1_path} -2 {r2_path} -S ./sam_files/{lib}.kneaddata.paired.human.bowtie2.R1-R2.sam\n</code></pre>\n\n<p>Sam =&gt; Sorted-bam</p>\n\n<pre class=\"pre\"><code class=\"language-bash\">samtools view -bS ./sam_files/{lib}.kneaddata.paired.human.bowtie2.R1-R2.sam | samtools sort -@ 16 -o ./sorted_bam_files/{lib}.kneaddata.paired.human.bowtie2.R1-R2.sam.bam.sorted\n</code></pre>\n\n<p>Sorted-bam =&gt; BCF\n<code>\nsamtools mpileup -uf ./grch38/Homo_sapiens.GRCh38.dna.primary_assembly.fa -C 50 --BCF -o ./bcf_files/{lib}.kneaddata.paired.human.bowtie2.R1-R2.sam.bam.sorted.bcf ./sorted_bam_files/{lib}.kneaddata.paired.human.bowtie2.R1-R2.sam.bam.sorted\n</code></p>\n\n<pre class=\"pre\"><code class=\"language-bash\">$ du -sh *\n5.8T    bcf_files\n8.5G    grch38\n4.7G    grch38.tar.gz\n435K    reads\n34K run_tmp.sh\n176G    sam_files\n38G sorted_bam_files\n</code></pre>\n"
}