{
    "answer_count": 0,
    "author": "nextgenintelligence",
    "author_uid": "9775",
    "book_count": 2,
    "comment_count": 0,
    "content": "Dear members of Biostars\n\nWe are proud to communicate the birth of the Next Generation Intelligence (NGI) service. NGI is a platform for Next Generation Sequencing data analysis kindly provided by the [Epigenetics Unit][1] of the [Human Genetics Foundation (HuGeF)][2]. We offer a wide range of bioinformatics tools and an experienced and professional collaboration service for any type of biological data analysis.\n\nWe provide both standard and customized analysis, custom softwares and pipelines development and post-sequencing support. \n\nAll of our services are free, and intended as collaborations. Hopefully, in a near future, we will also offer low-cost sequencing services.\n\nFor more information, please visit our site: http://www.nextgenintelligence.com\n\nThank you\n\nThe NGI Staff\n\n [1]: http://epigenetics.hugef-research.org\n [2]: http://www.hugef-torino.org",
    "creation_date": "2014-01-10T16:14:34.772823+00:00",
    "has_accepted": false,
    "id": 85274,
    "lastedit_date": "2023-03-02T18:57:34.918663+00:00",
    "lastedit_user_uid": "8494",
    "parent_id": 85274,
    "rank": 1389370474.772823,
    "reply_count": 0,
    "root_id": 85274,
    "status": "Open",
    "status_id": 1,
    "subs_count": 0,
    "tag_val": "ChIP-seq,RNA-seq,next-gen-sequencing",
    "thread_score": 2,
    "title": "Next Generation Intelligence - Free Bioinformatics Analysis",
    "type": "News",
    "type_id": 11,
    "uid": "90427",
    "url": "https://www.biostars.org/p/90427/",
    "view_count": 1938,
    "vote_count": 2,
    "xhtml": "<p>Dear members of Biostars</p>\n<p>We are proud to communicate the birth of the Next Generation Intelligence (NGI) service. NGI is a platform for Next Generation Sequencing data analysis kindly provided by the <a href=\"http://epigenetics.hugef-research.org\" rel=\"nofollow\">Epigenetics Unit</a> of the <a href=\"http://www.hugef-torino.org\" rel=\"nofollow\">Human Genetics Foundation (HuGeF)</a>. We offer a wide range of bioinformatics tools and an experienced and professional collaboration service for any type of biological data analysis.</p>\n<p>We provide both standard and customized analysis, custom softwares and pipelines development and post-sequencing support.</p>\n<p>All of our services are free, and intended as collaborations. Hopefully, in a near future, we will also offer low-cost sequencing services.</p>\n<p>For more information, please visit our site: <a href=\"http://www.nextgenintelligence.com\" rel=\"nofollow\">http://www.nextgenintelligence.com</a></p>\n<p>Thank you</p>\n<p>The NGI Staff</p>\n"
}