{
    "answer_count": 1,
    "author": "graeme.thorn",
    "author_uid": "21306",
    "book_count": 0,
    "comment_count": 1,
    "content": "We have performed whole exome sequencing on cell-free DNA from pancreatic cancer patients with both the HiSeq 4000 and the NovaSeq 6000 machines. The HiSeq run was 150bp paired-end, and the NovaSeq was 100bp paired-end, on DNA fragments up to 400bp.\r\n\r\nWhen running through the GATK mapping pipeline, we are getting vastly different rates of duplication for these samples: the HiSeq results in about 20-30% duplication (as reported and flagged by MarkDuplicates), but the NovaSeq results in anywhere from 60-98% (!) duplication, meaning that our aimed-for 1000X sequencing is reduced down to an effective 20X.\r\n\r\nWe are utilising our pipeline both with and without the MarkDuplicates step to check whether it materially effects any of our downstream analyses (variant calling/copy number variation), and it seems that the massive drop in coverage in NovaSeq does appear to affect the number and quality of the variant/CNAs called.\r\n\r\nHas anyone experienced this level of duplication before? Is it an indication of the low complexity of the input library (100bp paired-end compared to 150bp paired-end), hence lots of DNA fragments are being called duplicates as false positives or is it an issue with NovaSeq sequencing in general?\r\n\r\nIf it's either of these possibilities, then we will just have to ignore the MarkDuplicates flags (such as here: https://www.ncbi.nlm.nih.gov/pubmed/30404863 where the duplicates are marked, but not removed and so contribute to their downstream analysis). ",
    "creation_date": "2019-12-10T16:53:38.542110+00:00",
    "has_accepted": false,
    "id": 396729,
    "lastedit_date": "2019-12-10T16:53:38.542110+00:00",
    "lastedit_user_uid": "21306",
    "parent_id": 396729,
    "rank": 1575996818.54211,
    "reply_count": 1,
    "root_id": 396729,
    "status": "Open",
    "status_id": 1,
    "subs_count": 1,
    "tag_val": "wes,sequencing,illumina,novaseq",
    "thread_score": 3,
    "title": "ctDNA WES duplication rates from NovaSeq 6000 and HiSeq 4000",
    "type": "Question",
    "type_id": 0,
    "uid": "411900",
    "url": "https://www.biostars.org/p/411900/",
    "view_count": 2606,
    "vote_count": 2,
    "xhtml": "<p>We have performed whole exome sequencing on cell-free DNA from pancreatic cancer patients with both the HiSeq 4000 and the NovaSeq 6000 machines. The HiSeq run was 150bp paired-end, and the NovaSeq was 100bp paired-end, on DNA fragments up to 400bp.</p>\n\n<p>When running through the GATK mapping pipeline, we are getting vastly different rates of duplication for these samples: the HiSeq results in about 20-30% duplication (as reported and flagged by MarkDuplicates), but the NovaSeq results in anywhere from 60-98% (!) duplication, meaning that our aimed-for 1000X sequencing is reduced down to an effective 20X.</p>\n\n<p>We are utilising our pipeline both with and without the MarkDuplicates step to check whether it materially effects any of our downstream analyses (variant calling/copy number variation), and it seems that the massive drop in coverage in NovaSeq does appear to affect the number and quality of the variant/CNAs called.</p>\n\n<p>Has anyone experienced this level of duplication before? Is it an indication of the low complexity of the input library (100bp paired-end compared to 150bp paired-end), hence lots of DNA fragments are being called duplicates as false positives or is it an issue with NovaSeq sequencing in general?</p>\n\n<p>If it's either of these possibilities, then we will just have to ignore the MarkDuplicates flags (such as here: <a rel=\"nofollow\" href=\"https://www.ncbi.nlm.nih.gov/pubmed/30404863\">https://www.ncbi.nlm.nih.gov/pubmed/30404863</a> where the duplicates are marked, but not removed and so contribute to their downstream analysis). </p>\n"
}