{
    "answer_count": 2,
    "author": "eonurk",
    "author_uid": "79938",
    "book_count": 0,
    "comment_count": 1,
    "content": "Hi all,\n\nI have data from single cell rna-seq experiments of bone marrow with two different conditions. I know that T/B cell compartments for these samples will be not affected in these different conditions, but myeloid cells will. \n\nSo, my question is that **to correct the batch effect between these conditions, can I just use T/B cells and apply this transformation to all cells?** \n\nWould that make sense? If so, how would a possible pipeline look like within standard Seurat pipeline?\n\nBest,",
    "creation_date": "2022-11-07T11:11:38.405043+00:00",
    "has_accepted": false,
    "id": 544221,
    "lastedit_date": "2024-07-09T21:32:17.839446+00:00",
    "lastedit_user_uid": "8494",
    "parent_id": 544221,
    "rank": 1667834037.343291,
    "reply_count": 2,
    "root_id": 544221,
    "status": "Open",
    "status_id": 1,
    "subs_count": 3,
    "tag_val": "single-cell,batch-effect",
    "thread_score": 0,
    "title": "Adjusting batch effects for known cell types and applying this transformation to all cells in sc-rnaseq",
    "type": "Question",
    "type_id": 0,
    "uid": "9544221",
    "url": "https://www.biostars.org/p/9544221/",
    "view_count": 631,
    "vote_count": 0,
    "xhtml": "<p>Hi all,</p>\n<p>I have data from single cell rna-seq experiments of bone marrow with two different conditions. I know that T/B cell compartments for these samples will be not affected in these different conditions, but myeloid cells will.</p>\n<p>So, my question is that <strong>to correct the batch effect between these conditions, can I just use T/B cells and apply this transformation to all cells?</strong></p>\n<p>Would that make sense? If so, how would a possible pipeline look like within standard Seurat pipeline?</p>\n<p>Best,</p>\n"
}