{
    "answer_count": 8,
    "author": "moxu",
    "author_uid": "29489",
    "book_count": 1,
    "comment_count": 6,
    "content": "It\u2019s a little bit convoluted.\r\n \r\nI just want to impute SNPs in 23andme format like the following:\r\n \r\n \r\n \r\n    # rsid chromosome position genotype\r\n    rs3094315  1 752566 AA\r\n    rs12562034 1 768448 AA\r\n    rs3934834  1 1005806  CC\r\n    rs9442372  1 1018704  GG\r\n    rs3737728  1 1021415  GG\r\n    rs11260588 1 1021658  GG\r\n    rs6687776  1 1030565  CT\r\n \r\n \r\n \r\nI was told Minimac3 is the best tool to impute for 1 sample at a time (I am not looking to impute multiple samples at one time, but 1 sample by 1 sample for some reason). Minimac3 is easy to use and fast, and I made it work. However, it requires phased input file, so I need to phase the file described above.\r\n \r\nEagle from Broad Institute was recommended to do phasing, and it seems that eagle only takes a genomic profile in .VCF format, so I converted the above file into .VCF as the following:\r\n \r\n \r\n \r\n    ##fileformat=VCFv4.2\r\n    ##filedate=Fri Aug 26 23:11:37 EDT 2016\r\n    ##source=csv2vcf.pl\r\n    ##reference=\r\n    ##FORMAT=<ID=GT,Number=1,Type=String,Description=\"Genotype\">\r\n    #CHROM POS ID REF ALT QUAL FILTER INFO  FORMAT  GENOTYPE\r\n    1 752566 rs3094315  G A . . .  GT 1/1\r\n    1 768448 rs12562034 G A . . .  GT 1/1\r\n    1 1005806  rs3934834  C T . .  .  GT 0/0\r\n    1 1018704  rs9442372  A G . .  .  GT 1/1\r\n    1 1021415  rs3737728  A G . .  .  GT 1/1\r\n    1 1021658  rs11260588 G A . .  .  GT 0/0\r\n \r\n \r\n \r\n \r\nand named it \u201cmyprofile.vcf\u201d. Then I ran eagle using the following:\r\n \r\n    eagle --vcf myprofile.vcf  --geneticMapFile Eagle/tables/genetic_map_hg19_withX.txt.gz --outPrefix /tmp/myprofile.beagleImputed\r\n \r\n \r\n    \u201cEagle/tables/genetic_map_hg19_withX.txt.gz\u201d was provided by eagle.\r\n \r\nIt didn\u2019t go through. The error I got was:\r\n \r\n \r\n \r\n \r\n    [W::vcf_parse] contig '1' is not defined in the header. (Quick workaround: index the file with tabix.)\r\n    ERROR: Multi-allelic site found (i.e., ALT contains multiple alleles)\r\n           Either drop or split (bcftools norm -m) multi-allelic variants\r\n \r\n \r\n \r\nNot sure what it exactly means. \u201cindex the file with tabix\u201d, index which file? It cannot be the \u201cgenetic_map_hg19_withX.txt.gz\u201d file right? So I tried to \u201ctabix myprofile.vcf\u201d, then I got the following error:\r\n \r\n \r\n \r\n \r\n    Not a BGZF file: data/genome_3j.vcf\r\n    tbx_index_build failed: data/genome_3j.vcf\r\n \r\n \r\n \r\n \r\nUp to this point, I think the error is reckless. Probably I\u2019ve done something terribly wrong.\r\n \r\nCan someone please help? Either with eagle/fabix or someother workaround.\r\n \r\nI just want to impute some SNPs in this very popular and easy format, can\u2019t someone write a program to just take such a file as input and a couple of options to point to needed reference SNP database and/or genome sequences? Actually, someone has already done that \u2013 Michigan Imputation Server, but you need to register an account, upload your data to their server, and download results there. This is awesome and the way to go in terms of the simplicity to use, but you cannot pipeline in the server.\r\n \r\nThe \u201cmanuals\u201d or \u201cREADMEs\u201d or \u201cinstructions\u201d are not good enough for me.\r\n \r\nThanks for any instructions.",
    "creation_date": "2016-08-30T20:41:08.752707+00:00",
    "has_accepted": false,
    "id": 201285,
    "lastedit_date": "2021-04-06T11:44:37.248655+00:00",
    "lastedit_user_uid": "89822",
    "parent_id": 201285,
    "rank": 1536640295.703386,
    "reply_count": 8,
    "root_id": 201285,
    "status": "Open",
    "status_id": 1,
    "subs_count": 8,
    "tag_val": "snp,genome,software error",
    "thread_score": 2,
    "title": "Step by step instructions to phase with Eagle?",
    "type": "Question",
    "type_id": 0,
    "uid": "209625",
    "url": "https://www.biostars.org/p/209625/",
    "view_count": 6834,
    "vote_count": 2,
    "xhtml": "<p>It\u2019s a little bit convoluted.</p>\n\n<p>I just want to impute SNPs in 23andme format like the following:</p>\n\n<pre class=\"pre\"><code class=\"language-bash\"># rsid chromosome position genotype\nrs3094315  1 752566 AA\nrs12562034 1 768448 AA\nrs3934834  1 1005806  CC\nrs9442372  1 1018704  GG\nrs3737728  1 1021415  GG\nrs11260588 1 1021658  GG\nrs6687776  1 1030565  CT\n</code></pre>\n\n<p>I was told Minimac3 is the best tool to impute for 1 sample at a time (I am not looking to impute multiple samples at one time, but 1 sample by 1 sample for some reason). Minimac3 is easy to use and fast, and I made it work. However, it requires phased input file, so I need to phase the file described above.</p>\n\n<p>Eagle from Broad Institute was recommended to do phasing, and it seems that eagle only takes a genomic profile in .VCF format, so I converted the above file into .VCF as the following:</p>\n\n<pre class=\"pre\"><code class=\"language-bash\">##fileformat=VCFv4.2\n##filedate=Fri Aug 26 23:11:37 EDT 2016\n##source=csv2vcf.pl\n##reference=\n##FORMAT=&lt;ID=GT,Number=1,Type=String,Description=\"Genotype\"&gt;\n#CHROM POS ID REF ALT QUAL FILTER INFO  FORMAT  GENOTYPE\n1 752566 rs3094315  G A . . .  GT 1/1\n1 768448 rs12562034 G A . . .  GT 1/1\n1 1005806  rs3934834  C T . .  .  GT 0/0\n1 1018704  rs9442372  A G . .  .  GT 1/1\n1 1021415  rs3737728  A G . .  .  GT 1/1\n1 1021658  rs11260588 G A . .  .  GT 0/0\n</code></pre>\n\n<p>and named it \u201cmyprofile.vcf\u201d. Then I ran eagle using the following:</p>\n\n<pre class=\"pre\"><code class=\"language-bash\">eagle --vcf myprofile.vcf  --geneticMapFile Eagle/tables/genetic_map_hg19_withX.txt.gz --outPrefix /tmp/myprofile.beagleImputed\n\n\n\u201cEagle/tables/genetic_map_hg19_withX.txt.gz\u201d was provided by eagle.\n</code></pre>\n\n<p>It didn\u2019t go through. The error I got was:</p>\n\n<pre class=\"pre\"><code class=\"language-bash\">[W::vcf_parse] contig '1' is not defined in the header. (Quick workaround: index the file with tabix.)\nERROR: Multi-allelic site found (i.e., ALT contains multiple alleles)\n       Either drop or split (bcftools norm -m) multi-allelic variants\n</code></pre>\n\n<p>Not sure what it exactly means. \u201cindex the file with tabix\u201d, index which file? It cannot be the \u201cgenetic_map_hg19_withX.txt.gz\u201d file right? So I tried to \u201ctabix myprofile.vcf\u201d, then I got the following error:</p>\n\n<pre class=\"pre\"><code class=\"language-bash\">Not a BGZF file: data/genome_3j.vcf\ntbx_index_build failed: data/genome_3j.vcf\n</code></pre>\n\n<p>Up to this point, I think the error is reckless. Probably I\u2019ve done something terribly wrong.</p>\n\n<p>Can someone please help? Either with eagle/fabix or someother workaround.</p>\n\n<p>I just want to impute some SNPs in this very popular and easy format, can\u2019t someone write a program to just take such a file as input and a couple of options to point to needed reference SNP database and/or genome sequences? Actually, someone has already done that \u2013 Michigan Imputation Server, but you need to register an account, upload your data to their server, and download results there. This is awesome and the way to go in terms of the simplicity to use, but you cannot pipeline in the server.</p>\n\n<p>The \u201cmanuals\u201d or \u201cREADMEs\u201d or \u201cinstructions\u201d are not good enough for me.</p>\n\n<p>Thanks for any instructions.</p>\n"
}