{
    "answer_count": 2,
    "author": "jojo_ezz",
    "author_uid": "48696",
    "book_count": 0,
    "comment_count": 0,
    "content": "Hello,\r\nI am using Fr\u00e9d\u00e9ric Mah\u00e9's metabarcoding pipeline at: https://github.com/frederic-mahe/swarm/wiki/Fred%27s-metabarcoding-pipeline . \r\n\r\nEverything worked fine until I reached the last step. Unfortunately I am stuck at \"Build the OTU\" table step.\r\nWhen I launch the bash script that reads intermediary files and a python script (bash script below):\r\n\r\n    FASTA=\"coolproject_132_samples.fas\"  \r\n    SCRIPT=\"OTU_contingency_table.py\"\r\n    STATS=\"${FASTA/.fas/_1f.stats}\"\r\n    SWARMS=\"${FASTA/.fas/_1f.swarms}\"\r\n    REPRESENTATIVES=\"${FASTA/.fas/_1f_representatives.fas}\"\r\n    UCHIME=\"${FASTA/.fas/_1f_representatives.uchime}\"\r\n    ASSIGNMENTS=\"${FASTA/.fas/_1f_representatives.results}\"\r\n    QUALITY=\"coolproject.assembled.qual\"\r\n    OTU_TABLE=\"${FASTA/.fas/.OTU.table}\"\r\n    \r\n    python \\\r\n        \"${SCRIPT}\" \\\r\n        \"${REPRESENTATIVES}\" \\\r\n        \"${STATS}\" \\\r\n        \"${SWARMS}\" \\\r\n        \"${UCHIME}\" \\\r\n        \"${QUALITY}\" \\\r\n        \"${ASSIGNMENTS}\" \\\r\n        Smpl[0-9]*.fas > \"${OTU_TABLE}\"\r\n\r\nI get in my terminal this error:\r\n\r\n    > root@Precision-Tower-7910:/home/coldsunshine/Desktop/mahe_translem#\r\n    > bash 7_otu_table.sh   Traceback (most recent call last):   File\r\n    > \"OTU_contingency_table.py\", line 262, in <module>\r\n    >     main()   File \"OTU_contingency_table.py\", line 249, in main\r\n    >     seeds, stampa)   File \"OTU_contingency_table.py\", line 184, in print_table\r\n    >     for amplicons in swarms[seed]: KeyError: '57ad7eeb4e072adfc4543438061d7e87c8ce7dc5'\r\n\r\nIs anyone familiar with this kind of error when using this pipeline or anyone can help me figure out what is happening since I am no expert in python. The python script can be found on the same Internet page as the bash script at https://github.com/frederic-mahe/swarm/wiki/Fred%27s-metabarcoding-pipeline.\r\n\r\nPlease help me, I am stuck at the last step...\r\n",
    "creation_date": "2018-08-28T12:26:59.998076+00:00",
    "has_accepted": false,
    "id": 323991,
    "lastedit_date": "2018-08-30T09:27:47.632377+00:00",
    "lastedit_user_uid": "224",
    "parent_id": 323991,
    "rank": 1535621267.632377,
    "reply_count": 2,
    "root_id": 323991,
    "status": "Open",
    "status_id": 1,
    "subs_count": 1,
    "tag_val": "vsearch,metabarcoding,bash,python,ubuntu",
    "thread_score": 3,
    "title": "Fred's metabarcoding pipeline : Build the OTU table / keyerror in python script",
    "type": "Question",
    "type_id": 0,
    "uid": "334999",
    "url": "https://www.biostars.org/p/334999/",
    "view_count": 1779,
    "vote_count": 1,
    "xhtml": "<p>Hello,\nI am using Fr\u00e9d\u00e9ric Mah\u00e9's metabarcoding pipeline at: <a rel=\"nofollow\" href=\"https://github.com/frederic-mahe/swarm/wiki/Fred%27s-metabarcoding-pipeline\">https://github.com/frederic-mahe/swarm/wiki/Fred%27s-metabarcoding-pipeline</a> . </p>\n\n<p>Everything worked fine until I reached the last step. Unfortunately I am stuck at \"Build the OTU\" table step.\nWhen I launch the bash script that reads intermediary files and a python script (bash script below):</p>\n\n<pre class=\"pre\"><code class=\"language-bash\">FASTA=\"coolproject_132_samples.fas\"  \nSCRIPT=\"OTU_contingency_table.py\"\nSTATS=\"${FASTA/.fas/_1f.stats}\"\nSWARMS=\"${FASTA/.fas/_1f.swarms}\"\nREPRESENTATIVES=\"${FASTA/.fas/_1f_representatives.fas}\"\nUCHIME=\"${FASTA/.fas/_1f_representatives.uchime}\"\nASSIGNMENTS=\"${FASTA/.fas/_1f_representatives.results}\"\nQUALITY=\"coolproject.assembled.qual\"\nOTU_TABLE=\"${FASTA/.fas/.OTU.table}\"\n\npython \\\n    \"${SCRIPT}\" \\\n    \"${REPRESENTATIVES}\" \\\n    \"${STATS}\" \\\n    \"${SWARMS}\" \\\n    \"${UCHIME}\" \\\n    \"${QUALITY}\" \\\n    \"${ASSIGNMENTS}\" \\\n    Smpl[0-9]*.fas &gt; \"${OTU_TABLE}\"\n</code></pre>\n\n<p>I get in my terminal this error:</p>\n\n<pre class=\"pre\"><code class=\"language-bash\">&gt; root@Precision-Tower-7910:/home/coldsunshine/Desktop/mahe_translem#\n&gt; bash 7_otu_table.sh   Traceback (most recent call last):   File\n&gt; \"OTU_contingency_table.py\", line 262, in &lt;module&gt;\n&gt;     main()   File \"OTU_contingency_table.py\", line 249, in main\n&gt;     seeds, stampa)   File \"OTU_contingency_table.py\", line 184, in print_table\n&gt;     for amplicons in swarms[seed]: KeyError: '57ad7eeb4e072adfc4543438061d7e87c8ce7dc5'\n</code></pre>\n\n<p>Is anyone familiar with this kind of error when using this pipeline or anyone can help me figure out what is happening since I am no expert in python. The python script can be found on the same Internet page as the bash script at <a rel=\"nofollow\" href=\"https://github.com/frederic-mahe/swarm/wiki/Fred%27s-metabarcoding-pipeline\">https://github.com/frederic-mahe/swarm/wiki/Fred%27s-metabarcoding-pipeline</a>.</p>\n\n<p>Please help me, I am stuck at the last step...</p>\n"
}