{
    "answer_count": 0,
    "author": "srhic",
    "author_uid": "55356",
    "book_count": 0,
    "comment_count": 0,
    "content": "Hello,\r\n\r\nCan anyone recommend any pipelines for performing nucleosome phasing analysis on ATAC-Seq data?\r\n\r\nI want to perform analysis similar to the one performed in this paper (figure 1f and 2b):\r\nhttps://www.nature.com/articles/s41586-019-1115-5\r\n\r\nThe only tool I have been able to find is called nucleoATAC but I am not sure if that is what I want and its documentation is not very detailed.\r\n\r\nThanks",
    "creation_date": "2020-05-15T11:27:30.800792+00:00",
    "has_accepted": false,
    "id": 418549,
    "lastedit_date": "2020-05-15T11:27:30.800792+00:00",
    "lastedit_user_uid": "55356",
    "parent_id": 418549,
    "rank": 1589542050.800792,
    "reply_count": 0,
    "root_id": 418549,
    "status": "Open",
    "status_id": 1,
    "subs_count": 1,
    "tag_val": "atac-seq,next-gen,nucleosome",
    "thread_score": 0,
    "title": "Any tools for nucleosome phasing analysis of ATAC-Seq data?",
    "type": "Question",
    "type_id": 0,
    "uid": "438315",
    "url": "https://www.biostars.org/p/438315/",
    "view_count": 857,
    "vote_count": 0,
    "xhtml": "<p>Hello,</p>\n\n<p>Can anyone recommend any pipelines for performing nucleosome phasing analysis on ATAC-Seq data?</p>\n\n<p>I want to perform analysis similar to the one performed in this paper (figure 1f and 2b):\n<a rel=\"nofollow\" href=\"https://www.nature.com/articles/s41586-019-1115-5\">https://www.nature.com/articles/s41586-019-1115-5</a></p>\n\n<p>The only tool I have been able to find is called nucleoATAC but I am not sure if that is what I want and its documentation is not very detailed.</p>\n\n<p>Thanks</p>\n"
}