{
    "answer_count": 3,
    "author": "langziv",
    "author_uid": "80332",
    "book_count": 0,
    "comment_count": 3,
    "content": "Hi.  \r\nI followed the instruction on how to use DeepVariant with docker, and used the following command:\r\n\r\n    BIN_VERSION=\"1.4.0\"\r\n    sudo docker run \\\r\n      -v \"input\":\"/input\" \\\r\n      -v \"output\":\"/output\" \\\r\n      google/deepvariant:\"${BIN_VERSION}\" \\\r\n      /opt/deepvariant/bin/run_deepvariant \\\r\n      --model_type=WES \\\r\n      --ref=/input/GCF_000001405.26_GRCh38_genomic1.fa.gz \\\r\n      --reads=/input/1115492_23181_0_0.cram \\\r\n      --regions \"chr3:10,049,322-10,156,156\" \\\r\n      --output_vcf=/output/output.vcf.gz \\\r\n      --output_gvcf=/output/output.g.vcf.gz \\\r\n      --num_shards=5 \r\n\r\nDoes anyone has an idea why I might be getting this error?  \r\nThanks.",
    "creation_date": "2022-11-19T22:22:53.146183+00:00",
    "has_accepted": false,
    "id": 545762,
    "lastedit_date": "2022-11-30T22:00:24.972866+00:00",
    "lastedit_user_uid": "11139",
    "parent_id": 545762,
    "rank": 1668896573.146192,
    "reply_count": 3,
    "root_id": 545762,
    "status": "Open",
    "status_id": 1,
    "subs_count": 3,
    "tag_val": "variant-calling,DeepVariant,docker",
    "thread_score": 1,
    "title": "Getting \"ValueError: NOT_FOUND: Could not open\" when running the DeepVariant pipeline",
    "type": "Question",
    "type_id": 0,
    "uid": "9545762",
    "url": "https://www.biostars.org/p/9545762/",
    "view_count": 1212,
    "vote_count": 0,
    "xhtml": "<p>Hi.<br>\nI followed the instruction on how to use DeepVariant with docker, and used the following command:</p>\n<pre><code>BIN_VERSION=\"1.4.0\"\nsudo docker run \\\n  -v \"input\":\"/input\" \\\n  -v \"output\":\"/output\" \\\n  google/deepvariant:\"${BIN_VERSION}\" \\\n  /opt/deepvariant/bin/run_deepvariant \\\n  --model_type=WES \\\n  --ref=/input/GCF_000001405.26_GRCh38_genomic1.fa.gz \\\n  --reads=/input/1115492_23181_0_0.cram \\\n  --regions \"chr3:10,049,322-10,156,156\" \\\n  --output_vcf=/output/output.vcf.gz \\\n  --output_gvcf=/output/output.g.vcf.gz \\\n  --num_shards=5 \n</code></pre>\n<p>Does anyone has an idea why I might be getting this error?<br>\nThanks.</p>\n"
}