{
    "answer_count": 1,
    "author": "angiannak",
    "author_uid": "136770",
    "book_count": 0,
    "comment_count": 1,
    "content": "Hello guys,\n\nI am relative new to RNA-seq data analysis. I would appreciate if anyone could ask my question.. To my understanding after you run RNA-seq analysis pipeline the information u get is whether the group under investigation (let's call it disease group) differentially expresses a gene in contrast to control. Is it possible to know which samples of my disease group overexpress the gene of interest?\n\nIs it acceptable to use tpm normalized expression values from GEO2r and somehow understand which samples from my disease group over-express the gene of interest?",
    "creation_date": "2023-09-11T05:35:20.106906+00:00",
    "has_accepted": false,
    "id": 574592,
    "lastedit_date": "2023-09-11T15:11:23.213390+00:00",
    "lastedit_user_uid": "8494",
    "parent_id": 574592,
    "rank": 1694410520.106917,
    "reply_count": 1,
    "root_id": 574592,
    "status": "Open",
    "status_id": 1,
    "subs_count": 2,
    "tag_val": "Geo2r,RNA-seq",
    "thread_score": 0,
    "title": "Geo2r rna seq analysis",
    "type": "Question",
    "type_id": 0,
    "uid": "9574592",
    "url": "https://www.biostars.org/p/9574592/",
    "view_count": 436,
    "vote_count": 0,
    "xhtml": "<p>Hello guys,</p>\n<p>I am relative new to RNA-seq data analysis. I would appreciate if anyone could ask my question.. To my understanding after you run RNA-seq analysis pipeline the information u get is whether the group under investigation (let's call it disease group) differentially expresses a gene in contrast to control. Is it possible to know which samples of my disease group overexpress the gene of interest?</p>\n<p>Is it acceptable to use tpm normalized expression values from GEO2r and somehow understand which samples from my disease group over-express the gene of interest?</p>\n"
}