{
    "answer_count": 1,
    "author": "KaTi",
    "author_uid": "145653",
    "book_count": 0,
    "comment_count": 0,
    "content": "Hi! I'm just starting out in this kind of data analysis and I wanted to ask you if you could tell me how I can start. namely, I would like to compare a certain cluster involved in the production of a compound in bacteria, and it is the case that in my bacteria and other related bacteria there is not one gene that is present in others and at the same time interacts with the gene next to it in the operon. I would like to download proteobacterium genomes and check which ones contain it and which ones do not, and make a phylogenetic tree to check at what point it was removed. Do you have any pipeline tips on how to do this?",
    "creation_date": "2024-06-28T10:37:14.286473+00:00",
    "has_accepted": false,
    "id": 597922,
    "lastedit_date": "2024-06-28T17:30:11.968906+00:00",
    "lastedit_user_uid": "56237",
    "parent_id": 597922,
    "rank": 1719595812.137569,
    "reply_count": 1,
    "root_id": 597922,
    "status": "Open",
    "status_id": 1,
    "subs_count": 2,
    "tag_val": "Phylogenetic-analysis,genome",
    "thread_score": 0,
    "title": "Help with phylogenetic analysis",
    "type": "Question",
    "type_id": 0,
    "uid": "9597922",
    "url": "https://www.biostars.org/p/9597922/",
    "view_count": 358,
    "vote_count": 0,
    "xhtml": "<p>Hi! I'm just starting out in this kind of data analysis and I wanted to ask you if you could tell me how I can start. namely, I would like to compare a certain cluster involved in the production of a compound in bacteria, and it is the case that in my bacteria and other related bacteria there is not one gene that is present in others and at the same time interacts with the gene next to it in the operon. I would like to download proteobacterium genomes and check which ones contain it and which ones do not, and make a phylogenetic tree to check at what point it was removed. Do you have any pipeline tips on how to do this?</p>\n"
}