{
    "answer_count": 3,
    "author": "nikitavlassenko",
    "author_uid": "42039",
    "book_count": 0,
    "comment_count": 3,
    "content": "I need to convert **VCF4.1** to **VCF4.2**, and I am using **bcftools**. There is the method called convert but I am not sure how to use it to specify the output version:\r\n\r\nhttp://samtools.github.io/bcftools/bcftools.html#convert\r\n\r\nIf it is not possible with **bcftools**, then **vcftools** also have a method **vcf-convert**:\r\n\r\nhttp://vcftools.sourceforge.net/perl_module.html#vcf-convert\r\n\r\nBut the command given is unclear:\r\n\r\n    zcat file.vcf.gz | vcf-convert -r reference.fa > out.vcf\r\n\r\nHow to specify the output version here?\r\n\r\nI need to do such a conversion because the pipeline that I am trying to run is accepting only VCF4.2 but I need it to run VCF4.1 also:\r\n\r\n - https://github.com/macarthur-lab/hail-elasticsearch-pipelines/blob/master/luigi_pipeline/seqr_loading.py\r\n - https://discuss.hail.is/t/vcf4-1-is-hail-utils-hailexception-array-index-out-of-bounds/1232",
    "creation_date": "2019-12-30T17:52:03.162963+00:00",
    "has_accepted": false,
    "id": 398677,
    "lastedit_date": "2019-12-30T18:32:13.165306+00:00",
    "lastedit_user_uid": "8494",
    "parent_id": 398677,
    "rank": 1577730733.165306,
    "reply_count": 3,
    "root_id": 398677,
    "status": "Open",
    "status_id": 1,
    "subs_count": 2,
    "tag_val": "bcftools,vcf",
    "thread_score": 1,
    "title": "Convert VCF4.1 to VCF4.2 using bcftools (preferrably)",
    "type": "Question",
    "type_id": 0,
    "uid": "414344",
    "url": "https://www.biostars.org/p/414344/",
    "view_count": 3523,
    "vote_count": 0,
    "xhtml": "<p>I need to convert <strong>VCF4.1</strong> to <strong>VCF4.2</strong>, and I am using <strong>bcftools</strong>. There is the method called convert but I am not sure how to use it to specify the output version:</p>\n\n<p><a rel=\"nofollow\" href=\"http://samtools.github.io/bcftools/bcftools.html#convert\">http://samtools.github.io/bcftools/bcftools.html#convert</a></p>\n\n<p>If it is not possible with <strong>bcftools</strong>, then <strong>vcftools</strong> also have a method <strong>vcf-convert</strong>:</p>\n\n<p><a rel=\"nofollow\" href=\"http://vcftools.sourceforge.net/perl_module.html#vcf-convert\">http://vcftools.sourceforge.net/perl_module.html#vcf-convert</a></p>\n\n<p>But the command given is unclear:</p>\n\n<pre class=\"pre\"><code class=\"language-bash\">zcat file.vcf.gz | vcf-convert -r reference.fa &gt; out.vcf\n</code></pre>\n\n<p>How to specify the output version here?</p>\n\n<p>I need to do such a conversion because the pipeline that I am trying to run is accepting only VCF4.2 but I need it to run VCF4.1 also:</p>\n\n<ul>\n<li><a rel=\"nofollow\" href=\"https://github.com/macarthur-lab/hail-elasticsearch-pipelines/blob/master/luigi_pipeline/seqr_loading.py\">https://github.com/macarthur-lab/hail-elasticsearch-pipelines/blob/master/luigi_pipeline/seqr_loading.py</a></li>\n<li><a rel=\"nofollow\" href=\"https://discuss.hail.is/t/vcf4-1-is-hail-utils-hailexception-array-index-out-of-bounds/1232\">https://discuss.hail.is/t/vcf4-1-is-hail-utils-hailexception-array-index-out-of-bounds/1232</a></li>\n</ul>\n"
}