{
    "answer_count": 5,
    "author": "lait",
    "author_uid": "9765",
    "book_count": 0,
    "comment_count": 3,
    "content": "In our trio data, we have identified germline denovo mutations in the child using a bioinformatics pipeline that we have 'assembled'. In general, some of those de novo mutations might have happened post-zygotically leading to embryonic mosaicism.\r\n\r\nMy question is, from the set of de novo mutations that we have, is there a way to know which ones are mosaic variants? maybe the latter are characterised by distinguishable allele frequencies? \r\n\r\n\r\n\r\nedit:\r\n\r\nwould this be a good idea to try: run a somatic caller on my germline sample. The overlap between the detected somatic mutations and my previous set of de novo mutations could be considered as 'potential' mosaicism? I suggested this because mosaicism are considered as somatic mutations (i guess?) does this makes sense to try?",
    "creation_date": "2018-02-08T13:47:33.000800+00:00",
    "has_accepted": true,
    "id": 287507,
    "lastedit_date": "2018-02-09T08:27:20.273465+00:00",
    "lastedit_user_uid": "7739",
    "parent_id": 287507,
    "rank": 1518164840.273465,
    "reply_count": 5,
    "root_id": 287507,
    "status": "Open",
    "status_id": 1,
    "subs_count": 2,
    "tag_val": "de novo mutations,mosaicism,WES,allele frequency",
    "thread_score": 3,
    "title": "how to distinguish mosaicism out of germline de novo mutations",
    "type": "Question",
    "type_id": 0,
    "uid": "297720",
    "url": "https://www.biostars.org/p/297720/",
    "view_count": 3311,
    "vote_count": 0,
    "xhtml": "<p>In our trio data, we have identified germline denovo mutations in the child using a bioinformatics pipeline that we have 'assembled'. In general, some of those de novo mutations might have happened post-zygotically leading to embryonic mosaicism.</p>\n\n<p>My question is, from the set of de novo mutations that we have, is there a way to know which ones are mosaic variants? maybe the latter are characterised by distinguishable allele frequencies? </p>\n\n<p>edit:</p>\n\n<p>would this be a good idea to try: run a somatic caller on my germline sample. The overlap between the detected somatic mutations and my previous set of de novo mutations could be considered as 'potential' mosaicism? I suggested this because mosaicism are considered as somatic mutations (i guess?) does this makes sense to try?</p>\n"
}