{
    "answer_count": 4,
    "author": "Eugene A",
    "author_uid": "46796",
    "book_count": 0,
    "comment_count": 3,
    "content": "So far, I can describe my question only in general words, but hopefully someone can help me further narrow it down. I am trying to run modified version of GATK pipeline through cromwell in a server mode on a slurm cluster. \r\n\r\nSo far I setup a slurm cluster with one node, as a test environment and everything works reasonably well: I'm able to  push several instances of my pipeline in parallel to the cromwell server and slurm creates a nice queue of tasks. The problem is, that currently I am hitting the limit of IO operations on the disk where cromwell server is running, which slows everything down:\r\n\r\n![enter image description here][1]   \r\n\r\n\r\n  [1]: /media/images/c8e8ce34-9bf2-4464-b365-d0097e44\r\n\r\nHere is the result of 18 pipelines submission with 1h interval. As can be seen I/O operations are at it's limit restricting the overall performance. \r\n\r\nNow I'd like to add some more nodes to Slum to deal with it. _BUT_ from what I learn so far - all slurm nodes will use the same shared disk, meaning that I will not gain any performance increase from additional computational resources. Is it correct? Or can I force slurm to use local hard drives for each node? If so, how I can configure cromwell server and nodes to correctly copy files back and force? \r\n\r\nThe question is quite vague but I thank the main idea is clear - ho to increase performance over what I have by addition more nodes to the cluster (if it is possible at all)\r\n\r\nBest wishes, Eugene\r\n",
    "creation_date": "2022-04-18T11:00:26.012657+00:00",
    "has_accepted": false,
    "id": 519493,
    "lastedit_date": "2022-06-02T12:26:04.855799+00:00",
    "lastedit_user_uid": "46796",
    "parent_id": 519493,
    "rank": 1654172764.925359,
    "reply_count": 4,
    "root_id": 519493,
    "status": "Open",
    "status_id": 1,
    "subs_count": 2,
    "tag_val": "cromwell,slurm,wdl",
    "thread_score": 4,
    "title": "slurm configuration for cromwell server",
    "type": "Question",
    "type_id": 0,
    "uid": "9519493",
    "url": "https://www.biostars.org/p/9519493/",
    "view_count": 1288,
    "vote_count": 2,
    "xhtml": "<p>So far, I can describe my question only in general words, but hopefully someone can help me further narrow it down. I am trying to run modified version of GATK pipeline through cromwell in a server mode on a slurm cluster.</p>\n<p>So far I setup a slurm cluster with one node, as a test environment and everything works reasonably well: I'm able to  push several instances of my pipeline in parallel to the cromwell server and slurm creates a nice queue of tasks. The problem is, that currently I am hitting the limit of IO operations on the disk where cromwell server is running, which slows everything down:</p>\n<p><img alt=\"enter image description here\" src=\"/media/images/c8e8ce34-9bf2-4464-b365-d0097e44\"></p>\n<p>Here is the result of 18 pipelines submission with 1h interval. As can be seen I/O operations are at it's limit restricting the overall performance.</p>\n<p>Now I'd like to add some more nodes to Slum to deal with it. _BUT_ from what I learn so far - all slurm nodes will use the same shared disk, meaning that I will not gain any performance increase from additional computational resources. Is it correct? Or can I force slurm to use local hard drives for each node? If so, how I can configure cromwell server and nodes to correctly copy files back and force?</p>\n<p>The question is quite vague but I thank the main idea is clear - ho to increase performance over what I have by addition more nodes to the cluster (if it is possible at all)</p>\n<p>Best wishes, Eugene</p>\n"
}