{
    "answer_count": 1,
    "author": "ashaneev07",
    "author_uid": "48206",
    "book_count": 0,
    "comment_count": 1,
    "content": "Hiii..\r\nAs i'm installing maker genome annotation pipeline, when it comes with building dependencies it shows the following errors while the installation of Apollo.\r\nhave you any idea?\r\nthank you...\r\n\r\n    ./Build apollo\r\n    Downloading apollo...\r\n    --2019-08-02 16:28:57--  http://weatherby.genetics.utah.edu/apollo/apollo.tar.gz\r\n    Resolving weatherby.genetics.utah.edu (weatherby.genetics.utah.edu)... 155.101.145.57\r\n    Connecting to weatherby.genetics.utah.edu (weatherby.genetics.utah.edu)|155.101.145.57|:80... connected.\r\n    HTTP request sent, awaiting response... 200 OK\r\n    Length: 35043986 (33M) [application/x-gzip]\r\n    Saving to: \u2018/home/dcb/Documents/EV/Maker/maker/src/../exe/apollo.tar.gz\u2019\r\n    \r\n    100%[======================================================================================================>] 3,50,43,986  850KB/s   in 45s    \r\n    \r\n    2019-08-02 16:29:43 (768 KB/s) - \u2018/home/dcb/Documents/EV/Maker/maker/src/../exe/apollo.tar.gz\u2019 saved [35043986/35043986]\r\n    \r\n    Unpacking apollo tarball...\r\n    Configuring apollo...\r\n    Use of uninitialized value $dir in concatenation (.) or string at /home/dcb/Documents/EV/Maker/maker/src/inc/lib/MAKER/Build.pm line 1364.\r\n    Use of uninitialized value $dir in concatenation (.) or string at /home/dcb/Documents/EV/Maker/maker/src/inc/lib/MAKER/Build.pm line 1365.\r\n    Use of uninitialized value $dir in concatenation (.) or string at /home/dcb/Documents/EV/Maker/maker/src/inc/lib/MAKER/Build.pm line 1366.\r\n    Unable to locate tools.jar. Expected to find it in /usr/lib/jvm/java-7-openjdk-amd64/lib/tools.jar\r\n    Buildfile: build.xml does not exist!\r\n    Build failed\r\n    \r\n    \r\n    ERROR: Failed installing apollo, now cleaning installation path...\r\n    You may need to install apollo manually.\r\n\r\n",
    "creation_date": "2019-08-02T11:26:06.105674+00:00",
    "has_accepted": false,
    "id": 379080,
    "lastedit_date": "2019-08-02T11:26:06.105674+00:00",
    "lastedit_user_uid": "48206",
    "parent_id": 379080,
    "rank": 1564745166.105674,
    "reply_count": 1,
    "root_id": 379080,
    "status": "Open",
    "status_id": 1,
    "subs_count": 1,
    "tag_val": "genome,annotation,software error,next-gen",
    "thread_score": 0,
    "title": "Apollo installtion for maker ",
    "type": "Question",
    "type_id": 0,
    "uid": "392768",
    "url": "https://www.biostars.org/p/392768/",
    "view_count": 809,
    "vote_count": 0,
    "xhtml": "<p>Hiii..\nAs i'm installing maker genome annotation pipeline, when it comes with building dependencies it shows the following errors while the installation of Apollo.\nhave you any idea?\nthank you...</p>\n\n<pre class=\"pre\"><code class=\"language-bash\">./Build apollo\nDownloading apollo...\n--2019-08-02 16:28:57--  <a rel=\"nofollow\" href=\"http://weatherby.genetics.utah.edu/apollo/apollo.tar.gz\">http://weatherby.genetics.utah.edu/apollo/apollo.tar.gz</a>\nResolving weatherby.genetics.utah.edu weatherby.genetics.utah.edu)... 155.101.145.57\nConnecting to weatherby.genetics.utah.edu weatherby.genetics.utah.edu)|155.101.145.57|:80... connected.\nHTTP request sent, awaiting response... 200 OK\nLength: 35043986 (33M) [application/x-gzip]\nSaving to: \u2018/home/dcb/Documents/EV/Maker/maker/src/../exe/apollo.tar.gz\u2019\n\n100%[======================================================================================================&gt;] 3,50,43,986  850KB/s   in 45s    \n\n2019-08-02 16:29:43 (768 KB/s) - \u2018/home/dcb/Documents/EV/Maker/maker/src/../exe/apollo.tar.gz\u2019 saved [35043986/35043986]\n\nUnpacking apollo tarball...\nConfiguring apollo...\nUse of uninitialized value $dir in concatenation (.) or string at /home/dcb/Documents/EV/Maker/maker/src/inc/lib/MAKER/Build.pm line 1364.\nUse of uninitialized value $dir in concatenation (.) or string at /home/dcb/Documents/EV/Maker/maker/src/inc/lib/MAKER/Build.pm line 1365.\nUse of uninitialized value $dir in concatenation (.) or string at /home/dcb/Documents/EV/Maker/maker/src/inc/lib/MAKER/Build.pm line 1366.\nUnable to locate tools.jar. Expected to find it in /usr/lib/jvm/java-7-openjdk-amd64/lib/tools.jar\nBuildfile: build.xml does not exist!\nBuild failed\n\n\nERROR: Failed installing apollo, now cleaning installation path...\nYou may need to install apollo manually.\n</code></pre>\n"
}