{
    "answer_count": 0,
    "author": "apfejes",
    "author_uid": "587",
    "book_count": 0,
    "comment_count": 0,
    "content": "**Omicia,** located in Oakland, California, is currently hiring for several open positions, including bioinformaticians, data scientists and quality assurance engineers.  \n\n**Bioinformatican**:\n\nOmicia is hiring a Bioinformaticist who will drive the design of our market leading annotation and analysis pipelines. You will collaborate with other scientists, developers and users to develop novel techniques for analyzing genomic data with the goal of developing actionable insight on genomic data. We are looking for eager and hands-on candidates who can work effectively in a dynamic startup environment, and want to help shape the future of personalized medicine.\n\n**Bioinformatics Quallity Engineer**:\n\nOmicia is hiring a Bioinformatics Quality Engineer who will drive the design and execution of testing protocols to validate Omicia\u2019s Bioinformatics pipelines, datasets, and applications.You will collaborate with other scientists, developers, and users to ensure that Omicia\u2019s software meets quality and compliance requirements. We are looking for hands-on candidates who can work effectively in a dynamic startup environment.\n\nThese jobs and others are posted at https://jobs.lever.co/omicia\n\n----------\n\n**About Omicia**:\n\nOmicia is unlocking the potential of individualized medicine. Our mission is to help researchers and clinicians understand and apply the most relevant information from personal genome sequences, to improve disease management and medical outcomes.\n\nResearchers and clinical diagnostic organizations use our solutions to analyze and identify the genetic basis of a variety of conditions, including childhood disease, cancer and cardiovascular disease. Opal\u2122, the leading platform for fast, accurate and flexible genome analysis, enables clinicians, researchers and bioinformaticians alike to derive clinically relevant insights from genomic data. VAAST, our robust novel disease gene finder and variant scoring algorithm, is in use at more than 300 academic and clinical institutions including the NIH, the University of Oxford, the University of Cambridge, Seattle Children\u2019s Research Institute, Institut Pasteur, University of Maryland Institute for Genome Sciences, and UCSF.",
    "creation_date": "2016-05-19T22:09:01.294920+00:00",
    "has_accepted": false,
    "id": 184708,
    "lastedit_date": "2023-04-06T17:30:49.622269+00:00",
    "lastedit_user_uid": "8494",
    "parent_id": 184708,
    "rank": 1463695741.29492,
    "reply_count": 0,
    "root_id": 184708,
    "status": "Open",
    "status_id": 1,
    "subs_count": 0,
    "tag_val": "software,genome",
    "thread_score": 0,
    "title": "Data scientist / Bioinformatician / Bioinformatics Quality Engineers, Omicia, Oakland, California",
    "type": "Job",
    "type_id": 2,
    "uid": "192582",
    "url": "https://www.biostars.org/p/192582/",
    "view_count": 2944,
    "vote_count": 0,
    "xhtml": "<p><strong>Omicia,</strong> located in Oakland, California, is currently hiring for several open positions, including bioinformaticians, data scientists and quality assurance engineers.</p>\n<p><strong>Bioinformatican</strong>:</p>\n<p>Omicia is hiring a Bioinformaticist who will drive the design of our market leading annotation and analysis pipelines. You will collaborate with other scientists, developers and users to develop novel techniques for analyzing genomic data with the goal of developing actionable insight on genomic data. We are looking for eager and hands-on candidates who can work effectively in a dynamic startup environment, and want to help shape the future of personalized medicine.</p>\n<p><strong>Bioinformatics Quallity Engineer</strong>:</p>\n<p>Omicia is hiring a Bioinformatics Quality Engineer who will drive the design and execution of testing protocols to validate Omicia\u2019s Bioinformatics pipelines, datasets, and applications.You will collaborate with other scientists, developers, and users to ensure that Omicia\u2019s software meets quality and compliance requirements. We are looking for hands-on candidates who can work effectively in a dynamic startup environment.</p>\n<p>These jobs and others are posted at <a href=\"https://jobs.lever.co/omicia\" rel=\"nofollow\">https://jobs.lever.co/omicia</a></p>\n<hr>\n<p><strong>About Omicia</strong>:</p>\n<p>Omicia is unlocking the potential of individualized medicine. Our mission is to help researchers and clinicians understand and apply the most relevant information from personal genome sequences, to improve disease management and medical outcomes.</p>\n<p>Researchers and clinical diagnostic organizations use our solutions to analyze and identify the genetic basis of a variety of conditions, including childhood disease, cancer and cardiovascular disease. Opal\u2122, the leading platform for fast, accurate and flexible genome analysis, enables clinicians, researchers and bioinformaticians alike to derive clinically relevant insights from genomic data. VAAST, our robust novel disease gene finder and variant scoring algorithm, is in use at more than 300 academic and clinical institutions including the NIH, the University of Oxford, the University of Cambridge, Seattle Children\u2019s Research Institute, Institut Pasteur, University of Maryland Institute for Genome Sciences, and UCSF.</p>\n"
}