{
    "answer_count": 4,
    "author": "WUSCHEL",
    "author_uid": "41346",
    "book_count": 1,
    "comment_count": 3,
    "content": "I have around 100 of genes of interested of a biological pathway of a model organism Arabidopsis thaliana. \nHow can i extract these genes / protein sequences at single step (automated) \u2014 rather doing one by one. And then I want to find their homologous genes in two other plant species (Pisum sativa and Oryza sativa). \nCould someone guide me how to do this\u2014 is there any R programming pipeline for such work or any online tools?",
    "creation_date": "2021-12-18T11:50:57.567319+00:00",
    "has_accepted": true,
    "id": 502379,
    "lastedit_date": "2023-02-08T21:48:58.201678+00:00",
    "lastedit_user_uid": "8494",
    "parent_id": 502379,
    "rank": 1639828500.055881,
    "reply_count": 4,
    "root_id": 502379,
    "status": "Open",
    "status_id": 1,
    "subs_count": 2,
    "tag_val": "RNA-Seq,R,Proteomics",
    "thread_score": 4,
    "title": "How to find a list homologous genes from different species?",
    "type": "Question",
    "type_id": 0,
    "uid": "9502379",
    "url": "https://www.biostars.org/p/9502379/",
    "view_count": 1308,
    "vote_count": 1,
    "xhtml": "<p>I have around 100 of genes of interested of a biological pathway of a model organism Arabidopsis thaliana. \nHow can i extract these genes / protein sequences at single step (automated) \u2014 rather doing one by one. And then I want to find their homologous genes in two other plant species (Pisum sativa and Oryza sativa). \nCould someone guide me how to do this\u2014 is there any R programming pipeline for such work or any online tools?</p>\n"
}