{
    "answer_count": 6,
    "author": "Yujin Kim",
    "author_uid": "45742",
    "book_count": 0,
    "comment_count": 5,
    "content": "Hi,\r\n\r\nI'm writing a pipeline and i want to implement a check on the quality of the reads.  \r\nUsing FastQC, i got the basic statistical data (mean, quartiles etc...) from the \"Per base sequence quality\" tab and now i want to check if the quality of this sample's reads is sufficient to go on with the analysis.  \r\nSince the pipeline is going to analyze batches of samples at a time, I thought about build a model using every sample but the one i want to test. Is it a good way to assess the quality of data or am i completely wrong? How can i build such a model?\r\n",
    "creation_date": "2019-09-09T09:14:01.774932+00:00",
    "has_accepted": false,
    "id": 383798,
    "lastedit_date": "2019-09-09T09:14:01.774932+00:00",
    "lastedit_user_uid": "45742",
    "parent_id": 383798,
    "rank": 1568020441.774932,
    "reply_count": 6,
    "root_id": 383798,
    "status": "Open",
    "status_id": 1,
    "subs_count": 2,
    "tag_val": "model,statistics",
    "thread_score": 5,
    "title": "How to build a model",
    "type": "Question",
    "type_id": 0,
    "uid": "397819",
    "url": "https://www.biostars.org/p/397819/",
    "view_count": 859,
    "vote_count": 1,
    "xhtml": "<p>Hi,</p>\n\n<p>I'm writing a pipeline and i want to implement a check on the quality of the reads. <br>\nUsing FastQC, i got the basic statistical data (mean, quartiles etc...) from the \"Per base sequence quality\" tab and now i want to check if the quality of this sample's reads is sufficient to go on with the analysis. <br>\nSince the pipeline is going to analyze batches of samples at a time, I thought about build a model using every sample but the one i want to test. Is it a good way to assess the quality of data or am i completely wrong? How can i build such a model?</p>\n"
}