{
    "answer_count": 6,
    "author": "mdribeir",
    "author_uid": "86736",
    "book_count": 0,
    "comment_count": 6,
    "content": "Hello,\r\nI'm new to this forum and to RNA-seq, and I've been having problems with my data analysis (I use Partek Flow).\r\nI'm trying to compared data from animals that are WT and Het for gene X and that were treated with different concentrations of a hormone, so I know for a fact that at least gene X should be differentially expressed (the treatment would not change this at all).\r\nBut when I look at my data, I don't see any genes that have significant FDR. There are a bunch of genes that have p-value < 0.01 and fold change greater than 1.5 (neg. or pos.), but the FDR is much higher than 0.1.\r\nIn one condition, I can get a list of genes if I filter it with FDR < 0.25, in the other, the FDR is 0.686534 for all genes, regardless if the p-value is 0.01 or 0.001, or something in between.\r\nEven gene X has a high FDR, and I know for a fact it is differentially expressed between the WT and Hets. I've actually used the sample samples in qPCR and gene X was significantly lower in the Hets, at it should be.\r\nSo why do I get such high FDR? Is there something wrong with the data? Everything seemed fine (good RNA quality, good QC for the run, good pre and post-alignment QCs, etc.) until now. \r\nAm I doing something wrong in the analysis? There's not much I can do wrong though, since I don't have to code anything, and Partek has a pretty standard pipeline, but perhaps I can change something with the settings or if there's a specific test I should be watching out for?\r\nThis is the last experiment standing between me and my Ph.D. defense, so I would like to get it done quickly. I have more of the samples I used in the library prep, and other animals I could use, so I could start from scratch, but I just wanted to know if maybe I can adjust something in the analysis instead of starting it all again.\r\nThank you! ",
    "creation_date": "2021-01-20T19:07:01.427588+00:00",
    "has_accepted": false,
    "id": 452394,
    "lastedit_date": "2021-01-20T20:25:19.530441+00:00",
    "lastedit_user_uid": "86736",
    "parent_id": 452394,
    "rank": 1611174319.530441,
    "reply_count": 6,
    "root_id": 452394,
    "status": "Open",
    "status_id": 1,
    "subs_count": 3,
    "tag_val": "RNA-Seq,FDR,sequencing,partek",
    "thread_score": 1,
    "title": "Problems with FDR in RNA-seq analysis ",
    "type": "Question",
    "type_id": 0,
    "uid": "485614",
    "url": "https://www.biostars.org/p/485614/",
    "view_count": 1223,
    "vote_count": 0,
    "xhtml": "<p>Hello,\nI'm new to this forum and to RNA-seq, and I've been having problems with my data analysis (I use Partek Flow).\nI'm trying to compared data from animals that are WT and Het for gene X and that were treated with different concentrations of a hormone, so I know for a fact that at least gene X should be differentially expressed (the treatment would not change this at all).\nBut when I look at my data, I don't see any genes that have significant FDR. There are a bunch of genes that have p-value &lt; 0.01 and fold change greater than 1.5 (neg. or pos.), but the FDR is much higher than 0.1.\nIn one condition, I can get a list of genes if I filter it with FDR &lt; 0.25, in the other, the FDR is 0.686534 for all genes, regardless if the p-value is 0.01 or 0.001, or something in between.\nEven gene X has a high FDR, and I know for a fact it is differentially expressed between the WT and Hets. I've actually used the sample samples in qPCR and gene X was significantly lower in the Hets, at it should be.\nSo why do I get such high FDR? Is there something wrong with the data? Everything seemed fine (good RNA quality, good QC for the run, good pre and post-alignment QCs, etc.) until now. \nAm I doing something wrong in the analysis? There's not much I can do wrong though, since I don't have to code anything, and Partek has a pretty standard pipeline, but perhaps I can change something with the settings or if there's a specific test I should be watching out for?\nThis is the last experiment standing between me and my Ph.D. defense, so I would like to get it done quickly. I have more of the samples I used in the library prep, and other animals I could use, so I could start from scratch, but I just wanted to know if maybe I can adjust something in the analysis instead of starting it all again.\nThank you! </p>\n"
}