{
    "answer_count": 2,
    "author": "Nicolas",
    "author_uid": "136705",
    "book_count": 0,
    "comment_count": 2,
    "content": "Hello I have a DESeq2 results table wich I generated in Galaxy so I download it to R so I can use clusterProfiler and GOseq to do the functional and domain annotation. When I try to keep working in DESeq2 to order, filter and do some statistical analyses I can't as my table is an object and I need to have it as a DESeqDataSet how I should load it to R so I can keep working with the DESeq2 pipeline?",
    "creation_date": "2023-09-09T23:32:45.973320+00:00",
    "has_accepted": false,
    "id": 574547,
    "lastedit_date": "2023-09-12T00:13:24.829475+00:00",
    "lastedit_user_uid": "136705",
    "parent_id": 574547,
    "rank": 1694302365.973327,
    "reply_count": 2,
    "root_id": 574547,
    "status": "Open",
    "status_id": 1,
    "subs_count": 2,
    "tag_val": "r,RNA-seq,deseq2",
    "thread_score": 0,
    "title": "How to load a galaxy DESeq results table into R so I can continue my workflow there",
    "type": "Question",
    "type_id": 0,
    "uid": "9574547",
    "url": "https://www.biostars.org/p/9574547/",
    "view_count": 636,
    "vote_count": 0,
    "xhtml": "<p>Hello I have a DESeq2 results table wich I generated in Galaxy so I download it to R so I can use clusterProfiler and GOseq to do the functional and domain annotation. When I try to keep working in DESeq2 to order, filter and do some statistical analyses I can't as my table is an object and I need to have it as a DESeqDataSet how I should load it to R so I can keep working with the DESeq2 pipeline?</p>\n"
}