{
    "answer_count": 4,
    "author": "awsk",
    "author_uid": "145619",
    "book_count": 0,
    "comment_count": 3,
    "content": "Hello,\n\nI am trying to do some spatial cell type deconvolution, and so I need to bring together data from two different sets. I am working within R. I did one set (lets call set1), the spatial, and all of the gene name outputs for the gene matrix are consistently symbol-geneid, as such:\n\n```r\n[1] \"rps27a-ENSDARG00000032725\"             \"NC-002333.4-ENSDARG00000080337\"       \n[3] \"CRACD-ENSDARG00000011602\"              \"eif5a2-ENSDARG00000056186\"            \n[5] \"slc25a5-ENSDARG00000092553\"            \"myl10-ENSDARG00000062592\"             \n[7] \"cct8-ENSDARG00000008243\"               \"COX5B-ENSDARG00000015978\"             \n[9] \"rps2-ENSDARG00000077291\"               \"rps11-ENSDARG00000053058\"     \n```\n\nThe other gene set (lets call set2) I am working with was processed by another lab and the naming is inconsistent. Sometimes it is the geneid, sometimes it is the symbol or name, sometimes it is both, as such: \n\n```r\n [323] \"caprin2\"                               \"si:dkey-28i19.3\"                      \n [325] \"si:dkey-250k10.1\"                      \"znf1026-ENSDARG00000109604\"           \n [327] \"si:dkey-29p23.2\"                       \"si:dkeyp-53e4.4\"                      \n [329] \"ENSDARG00000009262\"                    \"si:ch211-226o13.1\" \n```\n\nI need to set the names equal to each other so the pipeline can do its magic. Given that any value in the second set should be at least partially present in the first set, I thought maybe the angle would be a mass grep, replacing the value of a given entry in set2 with the best match from set1. My R skills are not sufficient to orchestrate that out, if anyone could help (or offer better alternatives).\n\nThe other solution I was trying inspired from [this post][1] involved using the mygene package in R, but unless I can get a 1:1 entry and maintain the ordering for the list, it would be difficult to use.\n\nAny help on how to address this would be much appreciated, thank you.\n\n  [11]: https://www.biostars.org/p/478165/",
    "creation_date": "2024-06-27T21:48:01.105159+00:00",
    "has_accepted": false,
    "id": 597902,
    "lastedit_date": "2024-07-05T20:04:39.820678+00:00",
    "lastedit_user_uid": "145619",
    "parent_id": 597902,
    "rank": 1719608234.723077,
    "reply_count": 4,
    "root_id": 597902,
    "status": "Open",
    "status_id": 1,
    "subs_count": 4,
    "tag_val": "R,RNA-Sequencing",
    "thread_score": 2,
    "title": "Two different RNA sequencing sets that have gene names set up differently - how to normalize?",
    "type": "Question",
    "type_id": 0,
    "uid": "9597902",
    "url": "https://www.biostars.org/p/9597902/",
    "view_count": 637,
    "vote_count": 0,
    "xhtml": "<p>Hello,</p>\n<p>I am trying to do some spatial cell type deconvolution, and so I need to bring together data from two different sets. I am working within R. I did one set (lets call set1), the spatial, and all of the gene name outputs for the gene matrix are consistently symbol-geneid, as such:</p>\n<pre><code class=\"lang-r\">[1] \"rps27a-ENSDARG00000032725\"             \"NC-002333.4-ENSDARG00000080337\"       \n[3] \"CRACD-ENSDARG00000011602\"              \"eif5a2-ENSDARG00000056186\"            \n[5] \"slc25a5-ENSDARG00000092553\"            \"myl10-ENSDARG00000062592\"             \n[7] \"cct8-ENSDARG00000008243\"               \"COX5B-ENSDARG00000015978\"             \n[9] \"rps2-ENSDARG00000077291\"               \"rps11-ENSDARG00000053058\"\n</code></pre>\n<p>The other gene set (lets call set2) I am working with was processed by another lab and the naming is inconsistent. Sometimes it is the geneid, sometimes it is the symbol or name, sometimes it is both, as such:</p>\n<pre><code class=\"lang-r\"> [323] \"caprin2\"                               \"si:dkey-28i19.3\"                      \n [325] \"si:dkey-250k10.1\"                      \"znf1026-ENSDARG00000109604\"           \n [327] \"si:dkey-29p23.2\"                       \"si:dkeyp-53e4.4\"                      \n [329] \"ENSDARG00000009262\"                    \"si:ch211-226o13.1\"\n</code></pre>\n<p>I need to set the names equal to each other so the pipeline can do its magic. Given that any value in the second set should be at least partially present in the first set, I thought maybe the angle would be a mass grep, replacing the value of a given entry in set2 with the best match from set1. My R skills are not sufficient to orchestrate that out, if anyone could help (or offer better alternatives).</p>\n<p>The other solution I was trying inspired from [this post][1] involved using the mygene package in R, but unless I can get a 1:1 entry and maintain the ordering for the list, it would be difficult to use.</p>\n<p>Any help on how to address this would be much appreciated, thank you.</p>\n"
}