{
    "answer_count": 5,
    "author": "Vijith",
    "author_uid": "114423",
    "book_count": 0,
    "comment_count": 6,
    "content": "A genome assembly was under process. Earlier we had performed an assembly using the TELL-Seq linked-read technology. The assembly was unsatisfactory due to insufficient coverage. The assembler was Universal Sequencing Technology's Turing assembler, accessed through the [TELL-Link pipeline][1]. \n\nRecently, we re-sequenced the stored sample, using NovaSeq X plus. These reads are not linked reads. \n\nAs an experiment, we clubbed the read files from both the sequencing experiments, in such a way that R1 from the Linked-read technology was clubbed with the R1 reads from the recent sequencing, and similarly for R2.  I hope this can be termed a hybrid assembly. For the assembly process, we used clc Genomics workbench (version 23.0.5), using its fast method (or the fast algorithmic approach). Unfortunately, it failed with an error report.\n\n[Error report produced by clc Genomics][2]\n\nIt appears that the data are not supported? I was quite doubtful about this hybrid experimental approach, in the beginning, but I was instructed to go ahead with the assembly process using the merged R1 and R2 files. The basis of my apprehension was that, previously, when the linked-reads alone were assembled using the [TELL-Link pipeline][1], an index file containing all the unique barcodes (44 million) was also fed into the assembly run command, in addition to the read files. Before starting this merged-read assembly, I had queried the Universal Sequencing Company, on the prospects of a successful assembly with the merged reads, and they were like, the clc should do the work, or else they have an algorithm to perform the task. While I read about it, clc genomics does the hybrid assembly, where the hybrid means, assembly using \u201clong reads\u201d and polishing step using the \u201cshort reads\u201d. \n\n\n  [1]: https://cdn.shopify.com/s/files/1/0654/0378/1341/files/100025-USG_TELL_Seq_Software_User_Guide_Tell-Link_v1.1.1_1.pdf?v=1684422029\n  [2]: https://file.notion.so/f/f/1990eaf1-c3a8-4b5d-821c-e66153964c1b/05d618e7-88f5-4307-aeb3-0fed7513288f/clc_Error.jpg?id=3799a9b4-e593-4d2f-ae11-37dc08998148&table=block&spaceId=1990eaf1-c3a8-4b5d-821c-e66153964c1b&expirationTimestamp=1696953600000&signature=ypm3obUCj_EANChcnLERV3S1s1JS8vRJFay4-eOZIuM&downloadName=clc%20Error.jpg",
    "creation_date": "2023-10-09T09:00:57.590383+00:00",
    "has_accepted": false,
    "id": 577015,
    "lastedit_date": "2023-10-09T15:38:30.483872+00:00",
    "lastedit_user_uid": "8494",
    "parent_id": 577015,
    "rank": 1696842057.590392,
    "reply_count": 5,
    "root_id": 577015,
    "status": "Open",
    "status_id": 1,
    "subs_count": 5,
    "tag_val": "NGS,clc-genomics,illumina,WGS",
    "thread_score": 3,
    "title": "I have a pair of read files where each is a mixed pool of reads from the Linked-read technology and Illumina short-read technology. Any suggestion on appropriate assembler that can handle this?",
    "type": "Question",
    "type_id": 0,
    "uid": "9577015",
    "url": "https://www.biostars.org/p/9577015/",
    "view_count": 1228,
    "vote_count": 0,
    "xhtml": "<p>A genome assembly was under process. Earlier we had performed an assembly using the TELL-Seq linked-read technology. The assembly was unsatisfactory due to insufficient coverage. The assembler was Universal Sequencing Technology's Turing assembler, accessed through the <a href=\"https://cdn.shopify.com/s/files/1/0654/0378/1341/files/100025-USG_TELL_Seq_Software_User_Guide_Tell-Link_v1.1.1_1.pdf?v=1684422029\" rel=\"nofollow\">TELL-Link pipeline</a>.</p>\n<p>Recently, we re-sequenced the stored sample, using NovaSeq X plus. These reads are not linked reads.</p>\n<p>As an experiment, we clubbed the read files from both the sequencing experiments, in such a way that R1 from the Linked-read technology was clubbed with the R1 reads from the recent sequencing, and similarly for R2.  I hope this can be termed a hybrid assembly. For the assembly process, we used clc Genomics workbench (version 23.0.5), using its fast method (or the fast algorithmic approach). Unfortunately, it failed with an error report.</p>\n<p><a href=\"https://file.notion.so/f/f/1990eaf1-c3a8-4b5d-821c-e66153964c1b/05d618e7-88f5-4307-aeb3-0fed7513288f/clc_Error.jpg?id=3799a9b4-e593-4d2f-ae11-37dc08998148&amp;table=block&amp;spaceId=1990eaf1-c3a8-4b5d-821c-e66153964c1b&amp;expirationTimestamp=1696953600000&amp;signature=ypm3obUCj_EANChcnLERV3S1s1JS8vRJFay4-eOZIuM&amp;downloadName=clc%20Error.jpg\" rel=\"nofollow\">Error report produced by clc Genomics</a></p>\n<p>It appears that the data are not supported? I was quite doubtful about this hybrid experimental approach, in the beginning, but I was instructed to go ahead with the assembly process using the merged R1 and R2 files. The basis of my apprehension was that, previously, when the linked-reads alone were assembled using the <a href=\"https://cdn.shopify.com/s/files/1/0654/0378/1341/files/100025-USG_TELL_Seq_Software_User_Guide_Tell-Link_v1.1.1_1.pdf?v=1684422029\" rel=\"nofollow\">TELL-Link pipeline</a>, an index file containing all the unique barcodes (44 million) was also fed into the assembly run command, in addition to the read files. Before starting this merged-read assembly, I had queried the Universal Sequencing Company, on the prospects of a successful assembly with the merged reads, and they were like, the clc should do the work, or else they have an algorithm to perform the task. While I read about it, clc genomics does the hybrid assembly, where the hybrid means, assembly using \u201clong reads\u201d and polishing step using the \u201cshort reads\u201d.</p>\n"
}