{
    "answer_count": 3,
    "author": "ErickW",
    "author_uid": "94939",
    "book_count": 0,
    "comment_count": 3,
    "content": "I've gotten back vcf files for the Michigan server. My intent was to filter the vcfs by their info value; however, it seems the vcf files don't have that specific value listed in the header: \n \n\n    ##fileformat=VCFv4.1\n    ##FILTER=<ID=PASS,Description=\"All filters passed\">\n    ##filedate=2021.7.17\n    ##contig=<ID=5>\n    ##pipeline=michigan-imputationserver-1.5.7\n    ##imputation=minimac4-1.0.2\n    ##phasing=eagle-2.4\n    ##r2Filter=0.0\n    ##INFO=<ID=AF,Number=1,Type=Float,Description=\"Estimated Alternate Allele Frequency\">\n    ##INFO=<ID=MAF,Number=1,Type=Float,Description=\"Estimated Minor Allele Frequency\">\n    ##INFO=<ID=R2,Number=1,Type=Float,Description=\"Estimated Imputation Accuracy (R-square)\">\n    ##INFO=<ID=ER2,Number=1,Type=Float,Description=\"Empirical (Leave-One-Out) R-square (available only for genotyped variants)\">\n    ##INFO=<ID=IMPUTED,Number=0,Type=Flag,Description=\"Marker was imputed but NOT genotyped\">\n    ##INFO=<ID=TYPED,Number=0,Type=Flag,Description=\"Marker was genotyped AND imputed\">\n    ##INFO=<ID=TYPED_ONLY,Number=0,Type=Flag,Description=\"Marker was genotyped but NOT imputed\">\n    ##FORMAT=<ID=GT,Number=1,Type=String,Description=\"Genotype\">\n    ##FORMAT=<ID=DS,Number=1,Type=Float,Description=\"Estimated Alternate Allele Dosage : [P(0/1)+2*P(1/1)]\">\n    ##FORMAT=<ID=HDS,Number=2,Type=Float,Description=\"Estimated Haploid Alternate Allele Dosage\">\n    ##FORMAT=<ID=GP,Number=3,Type=Float,Description=\"Estimated Posterior Probabilities for Genotypes 0/0, 0/1 and 1/1\">\n\nWould anyone have any insights/explanation on what's going on? I'm a novice at bioinformatics so any help would be appreciated.\n\n\nEdit - Further clarification\n\nThe 'info' value I am addressing comes from the numerous values within the INFO column of the dataset. The vcf has its own typical columns of CHROM, POS, REF, ALT, INFO, etc ([based on this explanation][1]). And within the INFO column is numerous values such as R2-score (INFO/r2), P-value (INFO/p), MAF score (INFO/maf), etc. \n\n![Sample of my data][2]\n\nLooking into numerous papers and other individuals' posts on Biostars, there seems to be an info value (INFO/info). I wanted to utilize this as a filter, however, it seems to be missing (by both looking at my header, as well as by querying my data). So essentially I am asking - is there an explanation for the lack of the INFO/info value and/or is there a way to get it?\n\n\n  [1]: https://www.internationalgenome.org/wiki/Analysis/vcf4.0/\n  [2]: /media/images/72ae07af-3db9-4730-b35f-c69b5cff",
    "creation_date": "2021-07-31T03:40:03.786082+00:00",
    "has_accepted": false,
    "id": 482950,
    "lastedit_date": "2021-08-19T17:28:30.628849+00:00",
    "lastedit_user_uid": "8494",
    "parent_id": 482950,
    "rank": 1627702803.786093,
    "reply_count": 3,
    "root_id": 482950,
    "status": "Open",
    "status_id": 1,
    "subs_count": 2,
    "tag_val": "VCF,Michigan-Imputation-Server",
    "thread_score": 1,
    "title": "No INFO/info value in headers",
    "type": "Question",
    "type_id": 0,
    "uid": "9482950",
    "url": "https://www.biostars.org/p/9482950/",
    "view_count": 1776,
    "vote_count": 0,
    "xhtml": "<p>I've gotten back vcf files for the Michigan server. My intent was to filter the vcfs by their info value; however, it seems the vcf files don't have that specific value listed in the header:</p>\n<pre><code>##fileformat=VCFv4.1\n##FILTER=&lt;ID=PASS,Description=\"All filters passed\"&gt;\n##filedate=2021.7.17\n##contig=&lt;ID=5&gt;\n##pipeline=michigan-imputationserver-1.5.7\n##imputation=minimac4-1.0.2\n##phasing=eagle-2.4\n##r2Filter=0.0\n##INFO=&lt;ID=AF,Number=1,Type=Float,Description=\"Estimated Alternate Allele Frequency\"&gt;\n##INFO=&lt;ID=MAF,Number=1,Type=Float,Description=\"Estimated Minor Allele Frequency\"&gt;\n##INFO=&lt;ID=R2,Number=1,Type=Float,Description=\"Estimated Imputation Accuracy (R-square)\"&gt;\n##INFO=&lt;ID=ER2,Number=1,Type=Float,Description=\"Empirical (Leave-One-Out) R-square (available only for genotyped variants)\"&gt;\n##INFO=&lt;ID=IMPUTED,Number=0,Type=Flag,Description=\"Marker was imputed but NOT genotyped\"&gt;\n##INFO=&lt;ID=TYPED,Number=0,Type=Flag,Description=\"Marker was genotyped AND imputed\"&gt;\n##INFO=&lt;ID=TYPED_ONLY,Number=0,Type=Flag,Description=\"Marker was genotyped but NOT imputed\"&gt;\n##FORMAT=&lt;ID=GT,Number=1,Type=String,Description=\"Genotype\"&gt;\n##FORMAT=&lt;ID=DS,Number=1,Type=Float,Description=\"Estimated Alternate Allele Dosage : [P(0/1)+2*P(1/1)]\"&gt;\n##FORMAT=&lt;ID=HDS,Number=2,Type=Float,Description=\"Estimated Haploid Alternate Allele Dosage\"&gt;\n##FORMAT=&lt;ID=GP,Number=3,Type=Float,Description=\"Estimated Posterior Probabilities for Genotypes 0/0, 0/1 and 1/1\"&gt;\n</code></pre>\n<p>Would anyone have any insights/explanation on what's going on? I'm a novice at bioinformatics so any help would be appreciated.</p>\n<p>Edit - Further clarification</p>\n<p>The 'info' value I am addressing comes from the numerous values within the INFO column of the dataset. The vcf has its own typical columns of CHROM, POS, REF, ALT, INFO, etc (<a href=\"https://www.internationalgenome.org/wiki/Analysis/vcf4.0/\" rel=\"nofollow\">based on this explanation</a>). And within the INFO column is numerous values such as R2-score (INFO/r2), P-value (INFO/p), MAF score (INFO/maf), etc.</p>\n<p><img alt=\"Sample of my data\" src=\"/media/images/72ae07af-3db9-4730-b35f-c69b5cff\"></p>\n<p>Looking into numerous papers and other individuals' posts on Biostars, there seems to be an info value (INFO/info). I wanted to utilize this as a filter, however, it seems to be missing (by both looking at my header, as well as by querying my data). So essentially I am asking - is there an explanation for the lack of the INFO/info value and/or is there a way to get it?</p>\n"
}