{
    "answer_count": 2,
    "author": "biostars",
    "author_uid": "39277",
    "book_count": 0,
    "comment_count": 2,
    "content": "I'm troubleshooting an odd 2x150 MiSeq run that nominally produced about 6.8Gb of data with % > Q30 94.2.  There were ~ 23M clusters and a very high PF  and 21M after cluster filtering.  The samples are highly multiplexed but if I add up all the reads across all the samples, there are only 1.5M, so less than a 1/10th of expected.   It's not a barcoding issue - there were some but not many undetermined sequences,  but no more than usual.   I've crawled over every illlumina log file and the cluster stats all look good.  For example, the most numerously clustered sample had ~ 80k clusters but still managed to emit only 5k reads.   I've plotted clusters against reads and it's very linear.  Every sample lost sequences proportional to clusters, and it lost most of them.\r\n\r\nSo,  what illumina workflow steps downstream of basecalling can cause reads to not get emitted during fastq generation?   I've stared at every number the box generated.  The most striking was the adaptercount.txt file which had totals of 580M across all samples for read 1 which seemed extremely high but otherwise nothing abnormal.   I can't find any documentation suggesting the standard pipeline filters anything after passing clusters but maybe there are areas where clusters can still drop out?   I suspect the insert size might be on the low side (maybe 150bp) but don't see anything else abnormal about this run,\r\n\r\nAny pointers appreciated,\r\n\r\nDarren",
    "creation_date": "2017-05-18T00:01:41.907994+00:00",
    "has_accepted": false,
    "id": 244143,
    "lastedit_date": "2017-05-18T00:01:41.907994+00:00",
    "lastedit_user_uid": "39277",
    "parent_id": 244143,
    "rank": 1495065701.907994,
    "reply_count": 2,
    "root_id": 244143,
    "status": "Open",
    "status_id": 1,
    "subs_count": 1,
    "tag_val": "sequencing,next-gen",
    "thread_score": 1,
    "title": "miseq losing reads mysteriously between clusters and fastq",
    "type": "Question",
    "type_id": 0,
    "uid": "253355",
    "url": "https://www.biostars.org/p/253355/",
    "view_count": 1472,
    "vote_count": 0,
    "xhtml": "<p>I'm troubleshooting an odd 2x150 MiSeq run that nominally produced about 6.8Gb of data with % &gt; Q30 94.2.  There were ~ 23M clusters and a very high PF  and 21M after cluster filtering.  The samples are highly multiplexed but if I add up all the reads across all the samples, there are only 1.5M, so less than a 1/10th of expected.   It's not a barcoding issue - there were some but not many undetermined sequences,  but no more than usual.   I've crawled over every illlumina log file and the cluster stats all look good.  For example, the most numerously clustered sample had ~ 80k clusters but still managed to emit only 5k reads.   I've plotted clusters against reads and it's very linear.  Every sample lost sequences proportional to clusters, and it lost most of them.</p>\n\n<p>So,  what illumina workflow steps downstream of basecalling can cause reads to not get emitted during fastq generation?   I've stared at every number the box generated.  The most striking was the adaptercount.txt file which had totals of 580M across all samples for read 1 which seemed extremely high but otherwise nothing abnormal.   I can't find any documentation suggesting the standard pipeline filters anything after passing clusters but maybe there are areas where clusters can still drop out?   I suspect the insert size might be on the low side (maybe 150bp) but don't see anything else abnormal about this run,</p>\n\n<p>Any pointers appreciated,</p>\n\n<p>Darren</p>\n"
}