{
    "answer_count": 0,
    "author": "jcooper",
    "author_uid": "23524",
    "book_count": 0,
    "comment_count": 0,
    "content": "As a Bioinformatic Analyst, you will help design, build, implement and integrate new technology. You will focus on delivering scientifically validated results to customers looking for state of the art personal genomics information. You will develop and run data analysis pipelines processing Next Generation Sequencing data. You will also help in answering ancillary questions that will arise from customers seeking even more from their information rich genomic data. Responsibilities: Develop and support NGS pipelines using commonly utilized tools (BWA, Samtools, Bedtools, Bcftools, Picard, GATK, Snakemake, etc). Implement and optimize databases and data storage methods (PostgreSQL, MongoDB). Work with scientists to develop computational methods and tools to support new assay and implement data analyses. Create scientifically rigorous visualizations, communications, and presentations of results. Other benefits: Competitive Salary Comprehensive Health and Dental benefits. Your coworkers are as passionate about applied genetics as they are about climbing, sailing, biking, and Game of Thrones! (and Harry Potter) Our office space is on the Red Line, has tons of natural light, and plenty of brick-and-beam Cambridge character. Requirements\n\nMaster's degree in Bioinformatics, Computational Biology, or similar field with at least 2 years of relevant experience or PhD. Experience processing and analyzing Next Generation Sequencing data. Demonstrated ability to code in Python and R. Familiarity with Linux and shell scripting/bash. Familiarity with Amazon Web Services, and running pipelines in the cloud.\n\nTO APPLY PLEASE VISIT OUR CAREER PAGE BY CLICKING IN THE LINK BELOW:\n\nhttp://careers.genepeeks.com/o/bioinformatic-analyst-cambridge?source=biostars",
    "creation_date": "2016-12-28T17:00:02.974532+00:00",
    "has_accepted": false,
    "id": 220303,
    "lastedit_date": "2023-04-12T20:23:59.435524+00:00",
    "lastedit_user_uid": "8494",
    "parent_id": 220303,
    "rank": 1482963038.038646,
    "reply_count": 0,
    "root_id": 220303,
    "status": "Open",
    "status_id": 1,
    "subs_count": 0,
    "tag_val": "genome,gene,Genetics",
    "thread_score": 0,
    "title": "Bioinformatics Analyst - Job opportunity at GenePeeks, Inc., Cambridge, MA, USA",
    "type": "Job",
    "type_id": 2,
    "uid": "229088",
    "url": "https://www.biostars.org/p/229088/",
    "view_count": 1532,
    "vote_count": 0,
    "xhtml": "<p>As a Bioinformatic Analyst, you will help design, build, implement and integrate new technology. You will focus on delivering scientifically validated results to customers looking for state of the art personal genomics information. You will develop and run data analysis pipelines processing Next Generation Sequencing data. You will also help in answering ancillary questions that will arise from customers seeking even more from their information rich genomic data. Responsibilities: Develop and support NGS pipelines using commonly utilized tools (BWA, Samtools, Bedtools, Bcftools, Picard, GATK, Snakemake, etc). Implement and optimize databases and data storage methods (PostgreSQL, MongoDB). Work with scientists to develop computational methods and tools to support new assay and implement data analyses. Create scientifically rigorous visualizations, communications, and presentations of results. Other benefits: Competitive Salary Comprehensive Health and Dental benefits. Your coworkers are as passionate about applied genetics as they are about climbing, sailing, biking, and Game of Thrones! (and Harry Potter) Our office space is on the Red Line, has tons of natural light, and plenty of brick-and-beam Cambridge character. Requirements</p>\n<p>Master's degree in Bioinformatics, Computational Biology, or similar field with at least 2 years of relevant experience or PhD. Experience processing and analyzing Next Generation Sequencing data. Demonstrated ability to code in Python and R. Familiarity with Linux and shell scripting/bash. Familiarity with Amazon Web Services, and running pipelines in the cloud.</p>\n<p>TO APPLY PLEASE VISIT OUR CAREER PAGE BY CLICKING IN THE LINK BELOW:</p>\n<p><a href=\"http://careers.genepeeks.com/o/bioinformatic-analyst-cambridge?source=biostars\" rel=\"nofollow\">http://careers.genepeeks.com/o/bioinformatic-analyst-cambridge?source=biostars</a></p>\n"
}