{
    "answer_count": 0,
    "author": "guisa.santos",
    "author_uid": "20222",
    "book_count": 0,
    "comment_count": 0,
    "content": "Hi all,\n\nMy question is: Does anyone know how I can combine the files output from the tuxedo pipeline in order to discover how many reads were mapped to transfrags from each of the class codes reported by cuffcompare (=, c, j, i, etc)?\n\nI have tried calculating it from the coverage values reported from the .tmap files, but these calculations add up to a value higher than the total number of mapped reads. So, maybe calculating number of reads from \"average coverage\" is not the best way, but then where/how can I obtain these values directly without \"reverse engineering\" it.\n\nMy purpose:\n\nI would like to reproduce for my dataset the analysis reported in the table 2 (which is transcribed in the end of the post) from the supplementary material of the 2010 nature biotechnology paper describing cufflinks (http://www.nature.com/nbt/journal/v28/n5/full/nbt.1621.html). However I have not found an elegant and straight forward way of calculating the \"Assembled reads %\" (column 4).\n\nThank you in advance for your help.\n\nBelisa\n\nTable 2 from the supplementary material of PMID: 20436464\n\n> Table 2. Classification of all transfrags produced at any time point with respect to annotated gene models and masked repeats in the mouse genome. Transfrags that are present in multiple time point assemblies are multiply counted to preserve the relative distribution of transfrags among the categories across the full experiment.\n> \n> ```\n> Category                      Transfrags      % of total transfrags      Assembled reads (%)\n> Match to known isoform        39,857          13.5                       76.7\n> Novel isoform of known gene   18,565          6.3                        11.3\n> Contained in known isoform    71,029          24.1                       4.6\n> Repeat                        41,906          14.2                       0.6\n> Intronic                      32,658          11.1                       0.6\n> Polymerase run-on             18,522          6.3                        0.5\n> Intergenic                    48,604          16.5                       1.2\n> Other artifacts               22,483          7.7                        4.5\n> Total transfrags              293,624         100                        100\n> ```",
    "creation_date": "2015-08-28T16:59:11.827426+00:00",
    "has_accepted": false,
    "id": 149024,
    "lastedit_date": "2022-09-28T17:10:43.533495+00:00",
    "lastedit_user_uid": "8494",
    "parent_id": 149024,
    "rank": 1441013967.977198,
    "reply_count": 0,
    "root_id": 149024,
    "status": "Open",
    "status_id": 1,
    "subs_count": 0,
    "tag_val": "RNA-Seq,cufflinks,cuffcompare",
    "thread_score": 0,
    "title": "Cufflinks: How to calculate the total number of reads per class code (=, j, c, r, etc)",
    "type": "Question",
    "type_id": 0,
    "uid": "156051",
    "url": "https://www.biostars.org/p/156051/",
    "view_count": 1965,
    "vote_count": 0,
    "xhtml": "<p>Hi all,</p>\n<p>My question is: Does anyone know how I can combine the files output from the tuxedo pipeline in order to discover how many reads were mapped to transfrags from each of the class codes reported by cuffcompare (=, c, j, i, etc)?</p>\n<p>I have tried calculating it from the coverage values reported from the .tmap files, but these calculations add up to a value higher than the total number of mapped reads. So, maybe calculating number of reads from \"average coverage\" is not the best way, but then where/how can I obtain these values directly without \"reverse engineering\" it.</p>\n<p>My purpose:</p>\n<p>I would like to reproduce for my dataset the analysis reported in the table 2 (which is transcribed in the end of the post) from the supplementary material of the 2010 nature biotechnology paper describing cufflinks (<a href=\"http://www.nature.com/nbt/journal/v28/n5/full/nbt.1621.html\" rel=\"nofollow\">http://www.nature.com/nbt/journal/v28/n5/full/nbt.1621.html</a>). However I have not found an elegant and straight forward way of calculating the \"Assembled reads %\" (column 4).</p>\n<p>Thank you in advance for your help.</p>\n<p>Belisa</p>\n<p>Table 2 from the supplementary material of PMID: 20436464</p>\n<blockquote><p>Table 2. Classification of all transfrags produced at any time point with respect to annotated gene models and masked repeats in the mouse genome. Transfrags that are present in multiple time point assemblies are multiply counted to preserve the relative distribution of transfrags among the categories across the full experiment.</p>\n<pre><code>Category                      Transfrags      % of total transfrags      Assembled reads (%)\nMatch to known isoform        39,857          13.5                       76.7\nNovel isoform of known gene   18,565          6.3                        11.3\nContained in known isoform    71,029          24.1                       4.6\nRepeat                        41,906          14.2                       0.6\nIntronic                      32,658          11.1                       0.6\nPolymerase run-on             18,522          6.3                        0.5\nIntergenic                    48,604          16.5                       1.2\nOther artifacts               22,483          7.7                        4.5\nTotal transfrags              293,624         100                        100\n</code></pre>\n</blockquote>\n"
}