{
    "answer_count": 0,
    "author": "Ann",
    "author_uid": "138436",
    "book_count": 0,
    "comment_count": 0,
    "content": "*Please send your application to jobs@funga.earth with the subject line \"[Your Name] - Bioinformatician\". Please include a CV, a one-page cover letter describing your qualifications and interest in this position, and the names of 2-3 professional references. \n\nSee also: https://www.funga.earth/bioinformatician\n\n****************Applications will be open until November 17th, 2023 with an anticipated start date as soon as December 2023.****************\n\nReports to: Head of Data Science\n\nLocation: Austin, TX (preferred) or remote within Continental US\n\n### About Funga\n\nFunga is a public benefit corporation harnessing forest fungal networks to address the climate crisis. We develop fungal biotechnology to accelerate healthy tree growth and carbon capture, while building more biodiverse and resilient belowground fungal networks. We do this by combining DNA sequencing and machine learning technology to link molecular scale variation in soil fungal communities to emergent forest properties.\n\n### About the Role\n\nWe are currently seeking a **Bioinformatician** to join our dynamic team. This role is instrumental in advancing our mission to revolutionize forestry practice and environmental sustainability. As a Bioinformatician at Funga, you will play a pivotal role in the analysis and interpretation of genomic and metagenomic data related to soil fungal communities, assisting in the development of novel strategies for sustainable forestry.\n\nWe are a small team, and each of us operates beyond our roles on a daily basis. We are looking for someone excited to implement new approaches, problem solve and think creatively. This role is an opportunity to develop a novel forest fungal inoculation program and address one of the most pressing environmental challenges of our time.\n\nIf you are excited about starting new things, learning as you go, and being hands-on in applying your work to the private sector, you will dig working with us. We encourage you to apply even if only some of the criteria below are met - just tell us why you\u2019re excited about Funga!\n\n### In This Role, You Will:\n\n- Use and develop bioinformatics approaches to analyze soil fungal DNA sequence data.\n- Manage relationships with sequencing centers and/or in-house processing of soil sample data in collaboration with our lead forester and microbiome scientist.\n- Use machine learning and traditional statistical methods to extract insights from DNA sequence and forest health data.\n- Collaborate with our lead data scientist to align sequencing pipeline outputs with research objectives.\n- Participate in company strategy for experimental and data collection design.\n- Travel up to 10% of the time to quarterly team offsite events and other meetings as needed.\n\n### Our Ideal Candidate Will Have:\n\n- Ph.D. or equivalent technical experience in bioinformatics, computational biology, genomics, or a related field.\n- Research experience in fungal biology and ecology.\n- Proficiency in programming languages commonly used in bioinformatics (e.g., Python, R), cloud computing, and version control (Docker and git).\n- Demonstrated experience building reproducible pipelines for sequence data processing and analysis with detail-oriented data organization.\n- Strong problem-solving skills and the ability to work independently as well as part of a collaborative team.\n- Flexibility in assisting the team with other computational tasks as needed related to forest health information.\n- Passion for ecological research, biodiversity, and addressing climate change.\n\n### **Why Join Funga:**\n\n- Make a meaningful impact: Contribute to innovative solutions addressing one of the most pressing global challenges - climate change.\n- Collaborative environment: Work closely with a diverse team of scientists, foresters, and data experts who share a common passion for sustainability.\n- Career growth: Be part of a pioneering company with opportunities for professional development and leadership within bioinformatics.\n- Hands-on experience: Apply your bioinformatics skills directly to environmental conservation and forest management.\n- Participate in comprehensive healthcare benefits and employee equity programs.\n\nIf you are enthusiastic about leveraging bioinformatics to transform forestry practices, eager to learn, and excited to collaborate on groundbreaking research, we encourage you to apply, even if you do not meet all of the criteria listed above.\n\n### Salary and Benefits\n\nThe expected salary range for this role is $65,000 - $85,000 USD, with actual salary based on qualifications and experience. \n\nFunga offers a competitive benefits package including equity in our fast-growing startup; a flexible time off policy; medical, dental, and vision benefits; and a wellness reimbursement program. Our team is in a dynamic growth phase. By joining us at this stage, you can shape our benefits and culture!\n\n### **How to Apply:**\n\n*Please send your application to jobs@funga.earth with the subject line \"[Your Name] - Bioinformatician\". Please include a CV, a one-page cover letter describing your qualifications and interest in this position, and the names of 2-3 professional references.*",
    "creation_date": "2023-10-25T20:37:20.399914+00:00",
    "has_accepted": false,
    "id": 578564,
    "lastedit_date": "2023-10-26T11:53:55.810282+00:00",
    "lastedit_user_uid": "29107",
    "parent_id": 578564,
    "rank": 1698266240.399922,
    "reply_count": 0,
    "root_id": 578564,
    "status": "Open",
    "status_id": 1,
    "subs_count": 1,
    "tag_val": "eDNA",
    "thread_score": 3,
    "title": "Bioinformatician, Funga, Austin Texas USA",
    "type": "Job",
    "type_id": 2,
    "uid": "9578564",
    "url": "https://www.biostars.org/p/9578564/",
    "view_count": 615,
    "vote_count": 3,
    "xhtml": "<p>*Please send your application to jobs@funga.earth with the subject line \"[Your Name] - Bioinformatician\". Please include a CV, a one-page cover letter describing your qualifications and interest in this position, and the names of 2-3 professional references.</p>\n<p>See also: <a href=\"https://www.funga.earth/bioinformatician\" rel=\"nofollow\">https://www.funga.earth/bioinformatician</a></p>\n<p><strong><strong><strong><em>**</em></strong></strong></strong>Applications will be open until November 17th, 2023 with an anticipated start date as soon as December 2023.<strong><strong><strong><em>**</em></strong></strong></strong></p>\n<p>Reports to: Head of Data Science</p>\n<p>Location: Austin, TX (preferred) or remote within Continental US</p>\n<h3>About Funga</h3>\n<p>Funga is a public benefit corporation harnessing forest fungal networks to address the climate crisis. We develop fungal biotechnology to accelerate healthy tree growth and carbon capture, while building more biodiverse and resilient belowground fungal networks. We do this by combining DNA sequencing and machine learning technology to link molecular scale variation in soil fungal communities to emergent forest properties.</p>\n<h3>About the Role</h3>\n<p>We are currently seeking a <strong>Bioinformatician</strong> to join our dynamic team. This role is instrumental in advancing our mission to revolutionize forestry practice and environmental sustainability. As a Bioinformatician at Funga, you will play a pivotal role in the analysis and interpretation of genomic and metagenomic data related to soil fungal communities, assisting in the development of novel strategies for sustainable forestry.</p>\n<p>We are a small team, and each of us operates beyond our roles on a daily basis. We are looking for someone excited to implement new approaches, problem solve and think creatively. This role is an opportunity to develop a novel forest fungal inoculation program and address one of the most pressing environmental challenges of our time.</p>\n<p>If you are excited about starting new things, learning as you go, and being hands-on in applying your work to the private sector, you will dig working with us. We encourage you to apply even if only some of the criteria below are met - just tell us why you\u2019re excited about Funga!</p>\n<h3>In This Role, You Will:</h3>\n<ul>\n<li>Use and develop bioinformatics approaches to analyze soil fungal DNA sequence data.</li>\n<li>Manage relationships with sequencing centers and/or in-house processing of soil sample data in collaboration with our lead forester and microbiome scientist.</li>\n<li>Use machine learning and traditional statistical methods to extract insights from DNA sequence and forest health data.</li>\n<li>Collaborate with our lead data scientist to align sequencing pipeline outputs with research objectives.</li>\n<li>Participate in company strategy for experimental and data collection design.</li>\n<li>Travel up to 10% of the time to quarterly team offsite events and other meetings as needed.</li>\n</ul>\n<h3>Our Ideal Candidate Will Have:</h3>\n<ul>\n<li>Ph.D. or equivalent technical experience in bioinformatics, computational biology, genomics, or a related field.</li>\n<li>Research experience in fungal biology and ecology.</li>\n<li>Proficiency in programming languages commonly used in bioinformatics (e.g., Python, R), cloud computing, and version control (Docker and git).</li>\n<li>Demonstrated experience building reproducible pipelines for sequence data processing and analysis with detail-oriented data organization.</li>\n<li>Strong problem-solving skills and the ability to work independently as well as part of a collaborative team.</li>\n<li>Flexibility in assisting the team with other computational tasks as needed related to forest health information.</li>\n<li>Passion for ecological research, biodiversity, and addressing climate change.</li>\n</ul>\n<h3><strong>Why Join Funga:</strong></h3>\n<ul>\n<li>Make a meaningful impact: Contribute to innovative solutions addressing one of the most pressing global challenges - climate change.</li>\n<li>Collaborative environment: Work closely with a diverse team of scientists, foresters, and data experts who share a common passion for sustainability.</li>\n<li>Career growth: Be part of a pioneering company with opportunities for professional development and leadership within bioinformatics.</li>\n<li>Hands-on experience: Apply your bioinformatics skills directly to environmental conservation and forest management.</li>\n<li>Participate in comprehensive healthcare benefits and employee equity programs.</li>\n</ul>\n<p>If you are enthusiastic about leveraging bioinformatics to transform forestry practices, eager to learn, and excited to collaborate on groundbreaking research, we encourage you to apply, even if you do not meet all of the criteria listed above.</p>\n<h3>Salary and Benefits</h3>\n<p>The expected salary range for this role is $65,000 - $85,000 USD, with actual salary based on qualifications and experience.</p>\n<p>Funga offers a competitive benefits package including equity in our fast-growing startup; a flexible time off policy; medical, dental, and vision benefits; and a wellness reimbursement program. Our team is in a dynamic growth phase. By joining us at this stage, you can shape our benefits and culture!</p>\n<h3><strong>How to Apply:</strong></h3>\n<p><em>Please send your application to jobs@funga.earth with the subject line \"[Your Name] - Bioinformatician\". Please include a CV, a one-page cover letter describing your qualifications and interest in this position, and the names of 2-3 professional references.</em></p>\n"
}