{
    "answer_count": 6,
    "author": "bio_info",
    "author_uid": "122076",
    "book_count": 0,
    "comment_count": 5,
    "content": "I am currently trying to implement a pipeline using SingleCellExperiment and DropletUtils in R. I have been getting an error for while now and I have tired everything to fix it, but nothing works. This is the code I am currently running.\n\n```r\nseq_data_martin <- \"/home/.../GSE134809_RAW\"\n\nsamples <- list.files(path = seq_data_martin, pattern = \"*matrix.mtx.gz\")\nsamples <- gsub(\"_matrix.mtx.gz$\", \"\", samples)\n\nsce <- DropletUtils::read10xCounts(\n  samples = paste0(\"seq_data_martin/\", samples, \"_\"),\n  sample.names = samples,\n  type = \"prefix\",\n  BPPARAM = BiocParallel::MulticoreParam()\n)\n```\n\nThe error I am getting upon executing 'sce' is:\n\n```r\nError: BiocParallel errors\n  31 remote errors, element index: 1, 2, 3, 4, 5, 6, ...\n  0 unevaluated and other errors\n  first remote error:\nError in .check_for_compressed(barcode.loc, compressed): cannot find 'seq_data_martin/GSM3972009_69_barcodes.tsv' or its gzip-compressed form\n```\n\nI have tried unzipping the barcodes, changing permissions of the directories but the error still persists. The barcode files are correctly located in the path:\n\n```\n/GSE134809_RAW$ ll | head\ntotal 592568\ndrwxrwxr-x  2 localadmin localadmin     4096 May 23 14:19 ./\ndrwxr-xr-x 39 localadmin localadmin     4096 May 23 14:16 ../\n-rw-rw-r--  1 localadmin localadmin  1155350 May 23 14:19 GSM3972009_69_barcodes.tsv.gz\n-rw-rw-r--  1 localadmin localadmin   264786 Jul 24  2019 GSM3972009_69_genes.tsv.gz\n-rw-rw-r--  1 localadmin localadmin 12020368 Jul 24  2019 GSM3972009_69_matrix.mtx.gz\n-rw-rw-r--  1 localadmin localadmin  1920076 Jul 24  2019 GSM3972010_68_barcodes.tsv.gz\n-rw-rw-r--  1 localadmin localadmin   264786 Jul 24  2019 GSM3972010_68_genes.tsv.gz\n-rw-rw-r--  1 localadmin localadmin 21788688 Jul 24  2019 GSM3972010_68_matrix.mtx.gz\n-rw-rw-r--  1 localadmin localadmin  2280347 Jul 24  2019 GSM3972011_122_barcodes.tsv.gz\n```\n\nCan someone please help me fix this error?",
    "creation_date": "2024-05-23T10:51:35.606870+00:00",
    "has_accepted": false,
    "id": 595552,
    "lastedit_date": "2024-05-24T07:02:12.175716+00:00",
    "lastedit_user_uid": "122076",
    "parent_id": 595552,
    "rank": 1716465058.959641,
    "reply_count": 6,
    "root_id": 595552,
    "status": "Open",
    "status_id": 1,
    "subs_count": 2,
    "tag_val": "Barcodes,scRNA-seq,SingleCellExperiment",
    "thread_score": 4,
    "title": "Error with BiocParallel. No barcodes files found",
    "type": "Question",
    "type_id": 0,
    "uid": "9595552",
    "url": "https://www.biostars.org/p/9595552/",
    "view_count": 592,
    "vote_count": 1,
    "xhtml": "<p>I am currently trying to implement a pipeline using SingleCellExperiment and DropletUtils in R. I have been getting an error for while now and I have tired everything to fix it, but nothing works. This is the code I am currently running.</p>\n<pre><code class=\"lang-r\">seq_data_martin &lt;- \"/home/.../GSE134809_RAW\"\n\nsamples &lt;- list.files(path = seq_data_martin, pattern = \"*matrix.mtx.gz\")\nsamples &lt;- gsub(\"_matrix.mtx.gz$\", \"\", samples)\n\nsce &lt;- DropletUtils::read10xCounts(\n  samples = paste0(\"seq_data_martin/\", samples, \"_\"),\n  sample.names = samples,\n  type = \"prefix\",\n  BPPARAM = BiocParallel::MulticoreParam()\n)\n</code></pre>\n<p>The error I am getting upon executing 'sce' is:</p>\n<pre><code class=\"lang-r\">Error: BiocParallel errors\n  31 remote errors, element index: 1, 2, 3, 4, 5, 6, ...\n  0 unevaluated and other errors\n  first remote error:\nError in .check_for_compressed(barcode.loc, compressed): cannot find 'seq_data_martin/GSM3972009_69_barcodes.tsv' or its gzip-compressed form\n</code></pre>\n<p>I have tried unzipping the barcodes, changing permissions of the directories but the error still persists. The barcode files are correctly located in the path:</p>\n<pre><code>/GSE134809_RAW$ ll | head\ntotal 592568\ndrwxrwxr-x  2 localadmin localadmin     4096 May 23 14:19 ./\ndrwxr-xr-x 39 localadmin localadmin     4096 May 23 14:16 ../\n-rw-rw-r--  1 localadmin localadmin  1155350 May 23 14:19 GSM3972009_69_barcodes.tsv.gz\n-rw-rw-r--  1 localadmin localadmin   264786 Jul 24  2019 GSM3972009_69_genes.tsv.gz\n-rw-rw-r--  1 localadmin localadmin 12020368 Jul 24  2019 GSM3972009_69_matrix.mtx.gz\n-rw-rw-r--  1 localadmin localadmin  1920076 Jul 24  2019 GSM3972010_68_barcodes.tsv.gz\n-rw-rw-r--  1 localadmin localadmin   264786 Jul 24  2019 GSM3972010_68_genes.tsv.gz\n-rw-rw-r--  1 localadmin localadmin 21788688 Jul 24  2019 GSM3972010_68_matrix.mtx.gz\n-rw-rw-r--  1 localadmin localadmin  2280347 Jul 24  2019 GSM3972011_122_barcodes.tsv.gz\n</code></pre>\n<p>Can someone please help me fix this error?</p>\n"
}