{
    "answer_count": 0,
    "author": "fpatterson",
    "author_uid": "30420",
    "book_count": 0,
    "comment_count": 0,
    "content": "Achilles Therapeutics Ltd. is a company focused on the development of the next generation of personalised vaccines and adoptive T cell therapies to treat metastatic cancer. Originating from pioneering research at UCL, CRUK, and the Francis Crick Institute, the Company will use its ground breaking immune-oncology approach to rapidly advance therapies into the clinic.\n\nWe are seeking a Bioinformatics Software Developer to join our growing team and support the development of intelligent and automated in vitro diagnostic (IVD) software for application in oncology clinical decision making. As a Bioinformatics Software Developer, you will work closely with an academic bioinformatics team and other bioinformatics team members to design, develop, and maintain a robust software pipeline to run next generation sequencing analysis. This is a unique opportunity to apply your software development skills to the entire product development lifecycle of IVD software in a new and progressive environment. If you enjoy playing a principal role in developing innovative bioinformatics software solutions and have a desire to contribute to the development of a product which will transform clinical management of cancer, then this is the role for you.\n\nThis position requires:\n\n - Post-graduate qualification in bioinformatics, computational biology, or equivalent\n - Experience of software development in a life sciences commercial/industry environment\n - A thorough understanding of the software development lifecycle in a regulated environment\n - Expert knowledge of R, Perl and/or Python\n - Experience with version control systems e.g. bitbucket\n\nIn addition to the above, the following skills/experiences are desirable:\n\n - Practical knowledge of workflow management tools e.g. bpipe, make\n - Experience in developing formal technical specifications\n\nSuccessful candidates will also possess good communication skills, a desire to work in a dynamic fast paced team environment and an ability to manage multiple, concurrent activities.\n\nThis is a permanent position, based in London, UK, with a competitive salary and benefits package.\n\nPlease send your CV with a covering letter to Fionnuala Patterson at fpatterson@fpdxconsulting.com (informal queries also welcome).",
    "creation_date": "2016-08-15T15:03:05.392405+00:00",
    "has_accepted": false,
    "id": 198767,
    "lastedit_date": "2023-04-07T17:58:57.124702+00:00",
    "lastedit_user_uid": "8494",
    "parent_id": 198767,
    "rank": 1471273551.044863,
    "reply_count": 0,
    "root_id": 198767,
    "status": "Open",
    "status_id": 1,
    "subs_count": 0,
    "tag_val": "next-gen,software-development",
    "thread_score": 0,
    "title": "Bioinformatics Software Developer, Achilles Therapeutics Ltd., London, UK",
    "type": "Job",
    "type_id": 2,
    "uid": "207050",
    "url": "https://www.biostars.org/p/207050/",
    "view_count": 2242,
    "vote_count": 0,
    "xhtml": "<p>Achilles Therapeutics Ltd. is a company focused on the development of the next generation of personalised vaccines and adoptive T cell therapies to treat metastatic cancer. Originating from pioneering research at UCL, CRUK, and the Francis Crick Institute, the Company will use its ground breaking immune-oncology approach to rapidly advance therapies into the clinic.</p>\n<p>We are seeking a Bioinformatics Software Developer to join our growing team and support the development of intelligent and automated in vitro diagnostic (IVD) software for application in oncology clinical decision making. As a Bioinformatics Software Developer, you will work closely with an academic bioinformatics team and other bioinformatics team members to design, develop, and maintain a robust software pipeline to run next generation sequencing analysis. This is a unique opportunity to apply your software development skills to the entire product development lifecycle of IVD software in a new and progressive environment. If you enjoy playing a principal role in developing innovative bioinformatics software solutions and have a desire to contribute to the development of a product which will transform clinical management of cancer, then this is the role for you.</p>\n<p>This position requires:</p>\n<ul>\n<li>Post-graduate qualification in bioinformatics, computational biology, or equivalent</li>\n<li>Experience of software development in a life sciences commercial/industry environment</li>\n<li>A thorough understanding of the software development lifecycle in a regulated environment</li>\n<li>Expert knowledge of R, Perl and/or Python</li>\n<li>Experience with version control systems e.g. bitbucket</li>\n</ul>\n<p>In addition to the above, the following skills/experiences are desirable:</p>\n<ul>\n<li>Practical knowledge of workflow management tools e.g. bpipe, make</li>\n<li>Experience in developing formal technical specifications</li>\n</ul>\n<p>Successful candidates will also possess good communication skills, a desire to work in a dynamic fast paced team environment and an ability to manage multiple, concurrent activities.</p>\n<p>This is a permanent position, based in London, UK, with a competitive salary and benefits package.</p>\n<p>Please send your CV with a covering letter to Fionnuala Patterson at fpatterson@fpdxconsulting.com (informal queries also welcome).</p>\n"
}