{
    "answer_count": 10,
    "author": "nikitavlassenko",
    "author_uid": "42039",
    "book_count": 0,
    "comment_count": 9,
    "content": "The answer can be found here: https://bioinformatics.stackexchange.com/questions/4024/10x-illumina-demultiplexing-sample-sheet-issue/4046#4046\r\n\r\nI am trying to generate sample sheet for my `10X` single cell data, using the following tool:\r\n\r\nhttps://support.10xgenomics.com/single-cell-gene-expression/software/pipelines/latest/using/bcl2fastq-direct\r\n\r\nWhen I enter a `sample_id` and `sample_index` and click `add` nothing happens either because I need to enter something else or because their tool is not functional. My sample data is shown below:\r\n\r\n\r\n    SampleID\tName\tSpecies\t  Project\tNucleicAcid\tWell\tIndex1Name\tIndex1Sequence\r\n    U382_01\t    17R\t  Homo sapiens\tDSC\t    DNA\t         A01\tSIGAB401\tACTTCATA\r\n    U382_02\t    17R\t  Homo sapiens\tDSC\t    DNA\t         A02\tSIGAB402\tGAGATGAC\r\n    U382_03\t    17R\t  Homo sapiens\tDSC\t    DNA\t         A03\tSIGAB403\tTGCCGTGG\r\n    U382_04\t    17R\t  Homo sapiens\tDSC\t    DNA\t         A04\tSIGAB404\tCTAGACCT\r\n    U382_05\t    19RL  Homo sapiens\tDSC\t    DNA\t         A05\tSIGAB501\tAATAATGG\r\n    U382_06\t    19RL  Homo sapiens\tDSC\t    DNA\t         A06\tSIGAB502\tCCAGGGCA\r\n    U382_07\t    19RL  Homo sapiens\tDSC\t    DNA\t         A07\tSIGAB503\tTGCCTCAT\r\n    U382_08\t    19RL  Homo sapiens\tDSC\t    DNA\t         A08\tSIGAB504\tGTGTCATC \r\n\r\nSo, I am entering in the first field of their tool, say, for the first sample, `U382_01` and in the second field - `SIGAB401`, click `add`, but nothing happens. I am also not sure which `lane` should I select, which column in the sample data signifies the `lane`. Any suggestions would be greatly appreciated.",
    "creation_date": "2018-04-06T19:18:25.852900+00:00",
    "has_accepted": true,
    "id": 297583,
    "lastedit_date": "2018-04-17T17:04:29.545287+00:00",
    "lastedit_user_uid": "18713",
    "parent_id": 297583,
    "rank": 1523984669.545287,
    "reply_count": 10,
    "root_id": 297583,
    "status": "Open",
    "status_id": 1,
    "subs_count": 2,
    "tag_val": "sequencing,bcl,fastq,10X",
    "thread_score": 6,
    "title": "10X scRNA-seq sample sheet generation issue",
    "type": "Question",
    "type_id": 0,
    "uid": "308028",
    "url": "https://www.biostars.org/p/308028/",
    "view_count": 5382,
    "vote_count": 0,
    "xhtml": "<p>The answer can be found here: <a rel=\"nofollow\" href=\"https://bioinformatics.stackexchange.com/questions/4024/10x-illumina-demultiplexing-sample-sheet-issue/4046#4046\">https://bioinformatics.stackexchange.com/questions/4024/10x-illumina-demultiplexing-sample-sheet-issue/4046#4046</a></p>\n\n<p>I am trying to generate sample sheet for my <code>10X</code> single cell data, using the following tool:</p>\n\n<p><a rel=\"nofollow\" href=\"https://support.10xgenomics.com/single-cell-gene-expression/software/pipelines/latest/using/bcl2fastq-direct\">https://support.10xgenomics.com/single-cell-gene-expression/software/pipelines/latest/using/bcl2fastq-direct</a></p>\n\n<p>When I enter a <code>sample_id</code> and <code>sample_index</code> and click <code>add</code> nothing happens either because I need to enter something else or because their tool is not functional. My sample data is shown below:</p>\n\n<pre class=\"pre\"><code class=\"language-bash\">SampleID    Name    Species   Project   NucleicAcid Well    Index1Name  Index1Sequence\nU382_01     17R   Homo sapiens  DSC     DNA          A01    SIGAB401    ACTTCATA\nU382_02     17R   Homo sapiens  DSC     DNA          A02    SIGAB402    GAGATGAC\nU382_03     17R   Homo sapiens  DSC     DNA          A03    SIGAB403    TGCCGTGG\nU382_04     17R   Homo sapiens  DSC     DNA          A04    SIGAB404    CTAGACCT\nU382_05     19RL  Homo sapiens  DSC     DNA          A05    SIGAB501    AATAATGG\nU382_06     19RL  Homo sapiens  DSC     DNA          A06    SIGAB502    CCAGGGCA\nU382_07     19RL  Homo sapiens  DSC     DNA          A07    SIGAB503    TGCCTCAT\nU382_08     19RL  Homo sapiens  DSC     DNA          A08    SIGAB504    GTGTCATC\n</code></pre>\n\n<p>So, I am entering in the first field of their tool, say, for the first sample, <code>U382_01</code> and in the second field - <code>SIGAB401</code>, click <code>add</code>, but nothing happens. I am also not sure which <code>lane</code> should I select, which column in the sample data signifies the <code>lane</code>. Any suggestions would be greatly appreciated.</p>\n"
}