{
    "answer_count": 4,
    "author": "Kumar",
    "author_uid": "51062",
    "book_count": 0,
    "comment_count": 4,
    "content": "Hi\n\nHave anybody used PGAP pangenome pipeline, if it so please help me to fix an issue. I have used both 2012 PGAP version and recent PGAP-X version aswell and both shows error for user input. But works well for the given test data.",
    "creation_date": "2019-12-09T14:12:30.804296+00:00",
    "has_accepted": false,
    "id": 396473,
    "lastedit_date": "2023-06-06T18:03:17.673783+00:00",
    "lastedit_user_uid": "8494",
    "parent_id": 396473,
    "rank": 1575905232.769931,
    "reply_count": 4,
    "root_id": 396473,
    "status": "Open",
    "status_id": 1,
    "subs_count": 1,
    "tag_val": "sequence,genome,sequencing,gene",
    "thread_score": 0,
    "title": "Error in PGAP pangenome pipeline?",
    "type": "Question",
    "type_id": 0,
    "uid": "411609",
    "url": "https://www.biostars.org/p/411609/",
    "view_count": 874,
    "vote_count": 0,
    "xhtml": "<p>Hi</p>\n<p>Have anybody used PGAP pangenome pipeline, if it so please help me to fix an issue. I have used both 2012 PGAP version and recent PGAP-X version aswell and both shows error for user input. But works well for the given test data.</p>\n"
}