{
    "answer_count": 0,
    "author": "phcompeau",
    "author_uid": "20010",
    "book_count": 1,
    "comment_count": 0,
    "content": "The [Bioinformatics Specialization][1] on Coursera is moving to an on-demand format on Monday, May 23. This means that there will always be a session of these courses up and running.\n\nThe Capstone challenge, with support from industry partner Illumina, will launch in July.\n\nThe Specialization features an interactive version of [Bioinformatics Algorithms: An Active Learning Approach][2], along with lecture videos, quizzes, and guided application challenges walking students through standard bioinformatics pipelines.\n\nAn \"Honors Track\" is designed for learners who are interested in implementing standard algorithms in bioinformatics, from read mapping to evolutionary tree construction and HMMs for sequence alignment.  The code challenges encountered on the Honors Track are also hosted at [Rosalind][3].\n\n  [1]: https://www.coursera.org/specializations/bioinformatics\n  [2]: http://bioinformaticsalgorithms.com\n  [3]: http://rosalind.info/problems/list-view/?location=bioinformatics-textbook-track",
    "creation_date": "2016-05-22T20:08:51.851073+00:00",
    "has_accepted": false,
    "id": 184991,
    "lastedit_date": "2023-04-06T17:30:31.575492+00:00",
    "lastedit_user_uid": "8494",
    "parent_id": 184991,
    "rank": 1463947731.851073,
    "reply_count": 0,
    "root_id": 184991,
    "status": "Open",
    "status_id": 1,
    "subs_count": 0,
    "tag_val": "Assembly,education,alignment,sequencing,RNA-Seq",
    "thread_score": 2,
    "title": "Bioinformatics Specialization on Coursera is On Demand",
    "type": "News",
    "type_id": 11,
    "uid": "192873",
    "url": "https://www.biostars.org/p/192873/",
    "view_count": 2477,
    "vote_count": 2,
    "xhtml": "<p>The <a href=\"https://www.coursera.org/specializations/bioinformatics\" rel=\"nofollow\">Bioinformatics Specialization</a> on Coursera is moving to an on-demand format on Monday, May 23. This means that there will always be a session of these courses up and running.</p>\n<p>The Capstone challenge, with support from industry partner Illumina, will launch in July.</p>\n<p>The Specialization features an interactive version of <a href=\"http://bioinformaticsalgorithms.com\" rel=\"nofollow\">Bioinformatics Algorithms: An Active Learning Approach</a>, along with lecture videos, quizzes, and guided application challenges walking students through standard bioinformatics pipelines.</p>\n<p>An \"Honors Track\" is designed for learners who are interested in implementing standard algorithms in bioinformatics, from read mapping to evolutionary tree construction and HMMs for sequence alignment.  The code challenges encountered on the Honors Track are also hosted at <a href=\"http://rosalind.info/problems/list-view/?location=bioinformatics-textbook-track\" rel=\"nofollow\">Rosalind</a>.</p>\n"
}