{
    "answer_count": 1,
    "author": "simon",
    "author_uid": "11894",
    "book_count": 0,
    "comment_count": 0,
    "content": "Hi there\n\nWe have a pipeline that we have developed that currently works on both 454 and Ion Torrent data.\n\nThe pipeline is always run on multiplexed data and the sequence input is currently a fastq file that contains all of the information to undertake the demultiplexing of the data and all subsequent analysis is run on all the data from each MID separately.\n\nCollaborators have now generated similar data using an Illumina MiSeq however when they sent us the data we see that the data is already demultiplexed with tags etc stripped.\n\nWhat I want to know is there anyway that a single fastq/sff/etc file can be created during a MiSeq run from the output data (or during data generation) that contains the MIDs etc still on the data and has all the data together in one file?\n\nI've done extensive reading on this and it seems that the best way to do this is to convert the multiple .bcl files to fastq?\n\nIs there a better/easier way to do this?\n\nThanks!",
    "creation_date": "2014-06-05T12:15:05.986214+00:00",
    "has_accepted": false,
    "id": 96992,
    "lastedit_date": "2021-10-13T19:19:31.059269+00:00",
    "lastedit_user_uid": "8494",
    "parent_id": 96992,
    "rank": 1402095687.255387,
    "reply_count": 1,
    "root_id": 96992,
    "status": "Open",
    "status_id": 1,
    "subs_count": 1,
    "tag_val": "MiSeq,next-gen,Multiplex,fastq,sequencing",
    "thread_score": 0,
    "title": "Retrieve MiSeq Data still containing index primers etc",
    "type": "Question",
    "type_id": 0,
    "uid": "102620",
    "url": "https://www.biostars.org/p/102620/",
    "view_count": 3454,
    "vote_count": 0,
    "xhtml": "<p>Hi there</p>\n<p>We have a pipeline that we have developed that currently works on both 454 and Ion Torrent data.</p>\n<p>The pipeline is always run on multiplexed data and the sequence input is currently a fastq file that contains all of the information to undertake the demultiplexing of the data and all subsequent analysis is run on all the data from each MID separately.</p>\n<p>Collaborators have now generated similar data using an Illumina MiSeq however when they sent us the data we see that the data is already demultiplexed with tags etc stripped.</p>\n<p>What I want to know is there anyway that a single fastq/sff/etc file can be created during a MiSeq run from the output data (or during data generation) that contains the MIDs etc still on the data and has all the data together in one file?</p>\n<p>I've done extensive reading on this and it seems that the best way to do this is to convert the multiple .bcl files to fastq?</p>\n<p>Is there a better/easier way to do this?</p>\n<p>Thanks!</p>\n"
}