{
    "answer_count": 2,
    "author": "cindy.perscheid",
    "author_uid": "41235",
    "book_count": 0,
    "comment_count": 2,
    "content": "Hi there,\r\nI want to use the gene expression data from GDC/TCGA for further analysis, e.g. clustering across multiple cancer types. GDC offers the gene expression data in three versions: counts, FPKM, and FPKM-UQ. I am aware that gene expression data sets need to undergo some preprocessing steps, e.g. filtering for outliers and normalization. I am a newbie to this kind of data processing and analysis.\r\n\r\nNow my question(s):\r\n- What is the state of the art preprocessing pipeline for the raw counts? I have found so many sources in my online search that I am totally unsure of what is best practice. \r\n- Does the data in FPKM-UQ format require any preprocessing? Should I use it at all? On the official documentation web page, it sounds as if they have normalized the data set with the intent for cross-sample comparison, but I have not found any workflow or similar working with this kind of data yet. Also, I most often read that data filtering should be conducted before normalization, which would not be possible here. \r\n\r\nAny suggestion or help would be highly appreciated!\r\n\r\n ",
    "creation_date": "2017-08-16T11:48:57.405111+00:00",
    "has_accepted": false,
    "id": 258265,
    "lastedit_date": "2017-08-16T11:48:57.405111+00:00",
    "lastedit_user_uid": "41235",
    "parent_id": 258265,
    "rank": 1502884137.405111,
    "reply_count": 2,
    "root_id": 258265,
    "status": "Open",
    "status_id": 1,
    "subs_count": 1,
    "tag_val": "RNA-Seq,TCGA,FPKM-UQ,Normalization,Gene Expression",
    "thread_score": 0,
    "title": "What preprocessing steps are required for the different TCGA/GDC Gene Expression Data (Counts, FPKM-UQ)?",
    "type": "Question",
    "type_id": 0,
    "uid": "267759",
    "url": "https://www.biostars.org/p/267759/",
    "view_count": 3214,
    "vote_count": 0,
    "xhtml": "<p>Hi there,\nI want to use the gene expression data from GDC/TCGA for further analysis, e.g. clustering across multiple cancer types. GDC offers the gene expression data in three versions: counts, FPKM, and FPKM-UQ. I am aware that gene expression data sets need to undergo some preprocessing steps, e.g. filtering for outliers and normalization. I am a newbie to this kind of data processing and analysis.</p>\n\n<p>Now my question(s):\n- What is the state of the art preprocessing pipeline for the raw counts? I have found so many sources in my online search that I am totally unsure of what is best practice. \n- Does the data in FPKM-UQ format require any preprocessing? Should I use it at all? On the official documentation web page, it sounds as if they have normalized the data set with the intent for cross-sample comparison, but I have not found any workflow or similar working with this kind of data yet. Also, I most often read that data filtering should be conducted before normalization, which would not be possible here. </p>\n\n<p>Any suggestion or help would be highly appreciated!</p>\n"
}