{
    "answer_count": 7,
    "author": "User 59",
    "author_uid": "59",
    "book_count": 0,
    "comment_count": 3,
    "content": "I do some work for a small diagnostics company that has a requirement for small indel detection in 454 data.  Those of you familiar with Roche's pipeline will be aware that AVA (Amplicon Variant Analyzer) blissfully ignores indels <3bp.  The 454 is also subject to issues with homopolymer runs.\r\n\r\nI'd like to try some alternatives to AVA that focus more on indel than SNP discovery (although SNP discovery is still useful).\r\n\r\nSo far my inexhastive list of possibilities is:\r\n\r\n 1. [VarScan][1]\r\n 2. [VAAL][2]\r\n 3. [GigaBayes][3]\r\n 4. [VARiD][4]\r\n 5. [Variant Identification Pipeline][5]\r\n\r\nDoes anyone have any experience of these packages for indel calling with 454 data?  Or any additional suggestions?  We have looked at certain commercial packages, but they tend to come up slightly short on features, largely ones of scriptability/automation.\r\n\r\n [1]: http://www.ncbi.nlm.nih.gov/pubmed/19542151\r\n [2]: http://www.ncbi.nlm.nih.gov/pubmed/19079253\r\n [3]: http://bioinformatics.bc.edu/marthlab/GigaBayes\r\n [4]: http://www.ncbi.nlm.nih.gov/pubmed/20529926\r\n [5]: http://www.ncbi.nlm.nih.gov/pubmed/20487544",
    "creation_date": "2010-07-13T18:37:40.830000+00:00",
    "has_accepted": false,
    "id": 1655,
    "lastedit_date": "2018-09-10T16:29:21.063274+00:00",
    "lastedit_user_uid": "8494",
    "parent_id": 1655,
    "rank": 1536596961.063274,
    "reply_count": 7,
    "root_id": 1655,
    "status": "Open",
    "status_id": 1,
    "subs_count": 4,
    "tag_val": "indel,next-gen,sequencing",
    "thread_score": 18,
    "title": "Indel Detection For 454 Resequencing",
    "type": "Question",
    "type_id": 0,
    "uid": "1678",
    "url": "https://www.biostars.org/p/1678/",
    "view_count": 5153,
    "vote_count": 7,
    "xhtml": "<p>I do some work for a small diagnostics company that has a requirement for small indel detection in 454 data.  Those of you familiar with Roche's pipeline will be aware that AVA (Amplicon Variant Analyzer) blissfully ignores indels &lt;3bp.  The 454 is also subject to issues with homopolymer runs.</p>\n\n<p>I'd like to try some alternatives to AVA that focus more on indel than SNP discovery (although SNP discovery is still useful).</p>\n\n<p>So far my inexhastive list of possibilities is:</p>\n\n<ol>\n<li><a rel=\"nofollow\" href=\"http://www.ncbi.nlm.nih.gov/pubmed/19542151\">VarScan</a></li>\n<li><a rel=\"nofollow\" href=\"http://www.ncbi.nlm.nih.gov/pubmed/19079253\">VAAL</a></li>\n<li><a rel=\"nofollow\" href=\"http://bioinformatics.bc.edu/marthlab/GigaBayes\">GigaBayes</a></li>\n<li><a rel=\"nofollow\" href=\"http://www.ncbi.nlm.nih.gov/pubmed/20529926\">VARiD</a></li>\n<li><a rel=\"nofollow\" href=\"http://www.ncbi.nlm.nih.gov/pubmed/20487544\">Variant Identification Pipeline</a></li>\n</ol>\n\n<p>Does anyone have any experience of these packages for indel calling with 454 data?  Or any additional suggestions?  We have looked at certain commercial packages, but they tend to come up slightly short on features, largely ones of scriptability/automation.</p>\n"
}