{
    "answer_count": 0,
    "author": "mark.dunning",
    "author_uid": "4688",
    "book_count": 0,
    "comment_count": 0,
    "content": "<p>Hi all,</p>\n\n<p>There is interest in our group for running the Tea pipeline on our cancer dataset</p>\n\n<p><a href=\"http://compbio.med.harvard.edu/Tea/\">http://compbio.med.harvard.edu/Tea/</a></p>\n\n<p>The package download seems to be setup for hg18, but our dataset was aligned to hg19. Has anyone tried running the pipeline on hg19 data? If so, could I get some pointers about how to modify the resources that the package comes bundled with.</p>\n\n<p>Regards,</p>\n\n<p>Mark</p>\n",
    "creation_date": "2012-11-22T12:01:06.153265+00:00",
    "has_accepted": false,
    "id": 55105,
    "lastedit_date": "2015-09-23T20:22:18.025660+00:00",
    "lastedit_user_uid": "20704",
    "parent_id": 55105,
    "rank": 1443039738.02566,
    "reply_count": 0,
    "root_id": 55105,
    "status": "Open",
    "status_id": 1,
    "subs_count": 1,
    "tag_val": "",
    "thread_score": 0,
    "title": "Tea Pipeline For Hg19",
    "type": "Question",
    "type_id": 0,
    "uid": "57582",
    "url": "https://www.biostars.org/p/57582/",
    "view_count": 1881,
    "vote_count": 0,
    "xhtml": "<p>Hi all,</p>\n\n<p>There is interest in our group for running the Tea pipeline on our cancer dataset</p>\n\n<p><a rel=\"nofollow\" href=\"http://compbio.med.harvard.edu/Tea/\">http://compbio.med.harvard.edu/Tea/</a></p>\n\n<p>The package download seems to be setup for hg18, but our dataset was aligned to hg19. Has anyone tried running the pipeline on hg19 data? If so, could I get some pointers about how to modify the resources that the package comes bundled with.</p>\n\n<p>Regards,</p>\n\n<p>Mark</p>\n"
}