{
    "answer_count": 2,
    "author": "Domu",
    "author_uid": "69944",
    "book_count": 0,
    "comment_count": 1,
    "content": "I am analyzing microbial genomes where I need to find out what variants are present in my test samples and not in my control. I called variants in them both using the bcftools mpileup + call pipeline. Now I need to do the following:\r\n\r\n1) Remove variants present in control from my test samples.\r\n\r\n2) Filter variants\r\n\r\nCan someone tell me how to do these? What parameters should I use for filtering? Are there good references out there for this?\r\n\r\nThanks in advance.",
    "creation_date": "2020-06-23T16:25:51.455750+00:00",
    "has_accepted": false,
    "id": 424202,
    "lastedit_date": "2020-06-26T06:52:58.566299+00:00",
    "lastedit_user_uid": "29107",
    "parent_id": 424202,
    "rank": 1593154378.566299,
    "reply_count": 2,
    "root_id": 424202,
    "status": "Open",
    "status_id": 1,
    "subs_count": 1,
    "tag_val": "snp",
    "thread_score": 0,
    "title": "Filtering microbial variants",
    "type": "Question",
    "type_id": 0,
    "uid": "445465",
    "url": "https://www.biostars.org/p/445465/",
    "view_count": 582,
    "vote_count": 0,
    "xhtml": "<p>I am analyzing microbial genomes where I need to find out what variants are present in my test samples and not in my control. I called variants in them both using the bcftools mpileup + call pipeline. Now I need to do the following:</p>\n\n<p>1) Remove variants present in control from my test samples.</p>\n\n<p>2) Filter variants</p>\n\n<p>Can someone tell me how to do these? What parameters should I use for filtering? Are there good references out there for this?</p>\n\n<p>Thanks in advance.</p>\n"
}