{
    "answer_count": 5,
    "author": "saiprabhask4",
    "author_uid": "39449",
    "book_count": 0,
    "comment_count": 4,
    "content": "I want to try DADA2 pipeline for the data analysis, but I got the following error\r\n\r\n     \"Error in mcmapply(fastqPairedFilter, mapply(c, fwd, rev, SIMPLIFY = FALSE),  : \r\n      'mc.cores' > 1 is not supported on Windows\"\r\n\r\nCan anyone please help in resolving this issue. Thanks in advance.\r\n\r\n\r\n\r\n",
    "creation_date": "2017-05-25T16:28:01.359637+00:00",
    "has_accepted": false,
    "id": 245411,
    "lastedit_date": "2017-05-25T16:40:56.274619+00:00",
    "lastedit_user_uid": "18713",
    "parent_id": 245411,
    "rank": 1495730456.274619,
    "reply_count": 5,
    "root_id": 245411,
    "status": "Open",
    "status_id": 1,
    "subs_count": 3,
    "tag_val": "R,RNA-Seq,software error,next-gen,sequencing",
    "thread_score": 0,
    "title": "Error in DADA2",
    "type": "Question",
    "type_id": 0,
    "uid": "254644",
    "url": "https://www.biostars.org/p/254644/",
    "view_count": 2196,
    "vote_count": 0,
    "xhtml": "<p>I want to try DADA2 pipeline for the data analysis, but I got the following error</p>\n\n<pre class=\"pre\"><code class=\"language-bash\"> \"Error in mcmapply(fastqPairedFilter, mapply(c, fwd, rev, SIMPLIFY = FALSE),  : \n  'mc.cores' &gt; 1 is not supported on Windows\"\n</code></pre>\n\n<p>Can anyone please help in resolving this issue. Thanks in advance.</p>\n"
}