{
    "answer_count": 7,
    "author": "NB",
    "author_uid": "4729",
    "book_count": 0,
    "comment_count": 6,
    "content": "Hello,\r\n\r\nI have a CNV pipeline using DeCON(variation of ExomeDepth) for clinical analysis. We now need to validate it and one of the steps is downsampling. \r\n\r\nJust to make sure, what is the best approach/tool for downsampling BAM files (2 runs NextSeq x 48 samples each) and then running the CNV tool to check at what % @ 20x  do the confirmed CNVs (by MLPA) are being picked up or dropped out ?\r\n\r\nMany thanks,",
    "creation_date": "2018-08-24T08:38:22.302900+00:00",
    "has_accepted": false,
    "id": 323465,
    "lastedit_date": "2018-08-24T09:05:21.029585+00:00",
    "lastedit_user_uid": "24526",
    "parent_id": 323465,
    "rank": 1535101521.029585,
    "reply_count": 7,
    "root_id": 323465,
    "status": "Open",
    "status_id": 1,
    "subs_count": 2,
    "tag_val": "dowsampling,BAM,CNV,NGS",
    "thread_score": 8,
    "title": "Down sampling BAM files for CNV detection",
    "type": "Question",
    "type_id": 0,
    "uid": "334464",
    "url": "https://www.biostars.org/p/334464/",
    "view_count": 2702,
    "vote_count": 1,
    "xhtml": "<p>Hello,</p>\n\n<p>I have a CNV pipeline using DeCON(variation of ExomeDepth) for clinical analysis. We now need to validate it and one of the steps is downsampling. </p>\n\n<p>Just to make sure, what is the best approach/tool for downsampling BAM files (2 runs NextSeq x 48 samples each) and then running the CNV tool to check at what % @ 20x  do the confirmed CNVs (by MLPA) are being picked up or dropped out ?</p>\n\n<p>Many thanks,</p>\n"
}