{
    "answer_count": 8,
    "author": "Roman Valls Guimer\u00e0",
    "author_uid": "170",
    "book_count": 1,
    "comment_count": 7,
    "content": "<p>Hello BioStar,</p>\n\n<p>After some time working with Illumina and pipelines, I've identified a bottleneck when getting early \"draft\" results from a run. Figuring out how the sequencing data looks like <strong>in real time</strong>, as opposed to wait for the run to finish after ~11 days. </p>\n\n<p>The goal would be to get an estimate of how many reads one could expect to get for each sample, thereby guiding setup for a subsequent run for topping up the data for those samples that do not reach the required amounts. It would be help a lot if we could reduce the the wall-clock time for reaching a decision on which samples need to be re-run.</p>\n\n<p>When it comes to implementation, I've been thinking on a file status daemon such as Guard[1], coupled with the CASAVA/OLB tools from illumina, performing basecalling and demultiplexing <strong>as soon as the files get written to disk</strong>, without having to wait for the whole run to finish.</p>\n\n<p>Other more high-tech solutions would involve Hadoop Seal[2] and Flume[3] to do the streaming part into Hadoop... but before digging more into this issue I wondered what are you guys doing to get a <strong>draft view on a running sequencing run</strong>.</p>\n\n<p>Cheers &amp; happy new year Bio* !</p>\n\n<p>[1] <a href=\"https://github.com/guard/guard\">https://github.com/guard/guard</a></p>\n\n<p>[2] <a href=\"http://biodoop-seal.sourceforge.net/installation_generic.html\">http://biodoop-seal.sourceforge.net/installation_generic.html</a></p>\n\n<p>[3] <a href=\"http://www.slideshare.net/cloudera/inside-flume\">http://www.slideshare.net/cloudera/inside-flume</a></p>\n",
    "creation_date": "2011-12-22T22:10:28.673000+00:00",
    "has_accepted": true,
    "id": 15411,
    "lastedit_date": "2011-12-25T17:48:25.090000+00:00",
    "lastedit_user_uid": "3553",
    "parent_id": 15411,
    "rank": 1324835305.09,
    "reply_count": 8,
    "root_id": 15411,
    "status": "Open",
    "status_id": 1,
    "subs_count": 3,
    "tag_val": "illumina,analysis,next-gen,sequencing,pipeline",
    "thread_score": 11,
    "title": "Faster Illumina Analysis Pipeline Via Streaming",
    "type": "Question",
    "type_id": 0,
    "uid": "15698",
    "url": "https://www.biostars.org/p/15698/",
    "view_count": 3929,
    "vote_count": 7,
    "xhtml": "<p>Hello BioStar,</p>\n\n<p>After some time working with Illumina and pipelines, I've identified a bottleneck when getting early \"draft\" results from a run. Figuring out how the sequencing data looks like <strong>in real time</strong>, as opposed to wait for the run to finish after ~11 days. </p>\n\n<p>The goal would be to get an estimate of how many reads one could expect to get for each sample, thereby guiding setup for a subsequent run for topping up the data for those samples that do not reach the required amounts. It would be help a lot if we could reduce the the wall-clock time for reaching a decision on which samples need to be re-run.</p>\n\n<p>When it comes to implementation, I've been thinking on a file status daemon such as Guard[1], coupled with the CASAVA/OLB tools from illumina, performing basecalling and demultiplexing <strong>as soon as the files get written to disk</strong>, without having to wait for the whole run to finish.</p>\n\n<p>Other more high-tech solutions would involve Hadoop Seal[2] and Flume[3] to do the streaming part into Hadoop... but before digging more into this issue I wondered what are you guys doing to get a <strong>draft view on a running sequencing run</strong>.</p>\n\n<p>Cheers &amp; happy new year Bio* !</p>\n\n<p>[1] <a rel=\"nofollow\" href=\"https://github.com/guard/guard\">https://github.com/guard/guard</a></p>\n\n<p>[2] <a rel=\"nofollow\" href=\"http://biodoop-seal.sourceforge.net/installation_generic.html\">http://biodoop-seal.sourceforge.net/installation_generic.html</a></p>\n\n<p>[3] <a rel=\"nofollow\" href=\"http://www.slideshare.net/cloudera/inside-flume\">http://www.slideshare.net/cloudera/inside-flume</a></p>\n"
}