{
    "answer_count": 0,
    "author": "Paige Joy",
    "author_uid": "111755",
    "book_count": 0,
    "comment_count": 0,
    "content": "I want to apologize in advance for the extremely long thread, but I am so new and uncertain with all of this that I wanted to make sure everything I've done is crystal clear in case I've made any errors along the way. My project seeks to understand differential gene expression in *Pisaster ochraceus* sea stars. I am attempting to get a pipeline up and running for 90+ tagseq samples with a smaller subset of 3 samples. As I'm not sure where I've gone wrong, I am going to describe every step from the raw reads to where I've hit a roadblock that has completely stopped me in my tracks.\n\nFor reference, I am working on the Sapelo2 Linux cluster at the University of Georgia (homepage [here][1]) and mainly following along with the tutorial posted in the Github repo (that I believe) is associated with a TagSeq methods paper. That tutorial is linked here: [tagSeq_processing_README.txt][2].\n\nHere's what I've done: \n-----------------------------------------------------------------------------------------------\n**STEP 1. Prepare workspace and concatenate raw reads**\n-----------------------------------------------------------------------------------------------\nStep 1A. Copy raw reads into working directory. \nRaw read pairs have been renamed to reflect the following format: sample_[asterisk]_L1.fastq.gz and sample_[asterisk]_L2.fastq.gz.\n\nStep 1B. Unzip raw read files.\n>gunzip sample_*.fastq.gz\n\nStep 1C. Make sure tutorial script ngs_concat.pl is in working directory.\n\nStep 1D. Load perl module, run script to concatenate paired reads\n\n>ml Perl/5.32.1-GCCcore-10.3.0\n\n>perl ngs_concat.pl 'sample' 'sample_(.+)_L'\n\n-----------------------------------------------------------------------------------------------\n**STEP 2. Adaptor trimming**\n-----------------------------------------------------------------------------------------------\nNote: At the time I did not understand \"screen\" + piping to the file named clean, so I wrote each adaptor trimming line manually. (I figured out how to do this for the \"maps\" step later on, so I will do it the \"correct\" way when I scale up to the whole genome.\n\nStep 2A. Make sure tutorial script tagseq_clipper.pl is in working directory.\n\nStep 2B. Run code to trim reads. \nThe three samples I'm working with are named 10.8.fq, 1.15.fq, and 11.4.fq at this stage.\n>ml cutadapt/3.4-GCCcore-8.3.0-Python-3.7.4\n\n>perl tagseq_clipper.pl 10.8.fq | cutadapt - -a AAAAAAAA -a AGATCGG -q 15 -m 25 -o 10.8.trim\n\n>perl tagseq_clipper.pl 1.15.fq | cutadapt - -a AAAAAAAA -a AGATCGG -q 15 -m 25 -o 1.15.trim\n\n>perl tagseq_clipper.pl 11.4.fq | cutadapt - -a AAAAAAAA -a AGATCGG -q 15 -m 25 -o 11.4.trim\n\n-----------------------------------------------------------------------------------------------\n**Step 3. Create transcriptome from reference genome.**\n-----------------------------------------------------------------------------------------------\n\nI am fortunate that I'm working with a species for which there is a published reference genome. After a lot of research on the internet, this is what I came up with to create my in silico transcriptome. I do not know for sure whether or not I've done this correctly- as you'll see, I ran into a few snags.\n\nStep 3A. Download reference genome into working directory.\n\n>wget https://ftp.ncbi.nlm.nih.gov/genomes/all/GCA/010/994/315/GCA_010994315.2_ASM1099431v2/GCA_010994315.2_ASM1099431v2_genomic.fna.gz\n\n>gunzip GCA_010994315.2_ASM1099431v2_genomic.fna.gz\n\n>mv GCA_010994315.2_ASM1099431v2_genomic.fna.gz pisaster_ref_genome.fa # rename file\n\nStep 3B. Get annotation file into working directory.\nDownload annotation file from colleague's Dryad: https://datadryad.org/stash/dataset/doi:10.6071/M3ND50\n\nUpload annotation file to Sapelo2 in working directory, rename genome_annotation.gff3.\n\nStep 3C. Troubleshoot and troubleshoot some more.\nI was getting the same error when I tried many different variations of code that used gffread to create transcriptome from the genome and annotation files. I got involved in a Github issue in the repository for gffread (link [here][3]) that matched the error I was getting\u2026 and it led to me getting my answer: there are spaces in my ref genome sequence names and there should not be.\n\nAn example of what the first and last sequence names in my file look like:\n>CM021546.1 Pisaster ochraceus isolate M0D055189C chromosome XXI, whole genome shotgun sequence\n\n>JAAFGO010000999.1 Pisaster ochraceus isolate M0D055189C Sc28pcJ_999;HRSCAF=1079, whole genome shotgun sequence\n\nSpent an extraordinarily long time trying to figure out some code that could efficiently fix this for me and failed. Shamefully, I instead landed on creating a shell script that renamed each contig individually (eg sed -i 's/CM021526.1/Sc28pcJ_649/g' pisaster_ref_genome_header.mod.fa for contig 1). But hey, it looks like it worked.\n\nThen, I reran my transcriptome building step:\n\n>gffread -F -w pisaster_transcriptome.fa -g pisaster_ref_genome_header.mod.fa ann_simple.gff \n\nand got a new error: \"GffObj::getSpliced() error: improper genomic coordinate 17535992 on Sc28pcJ_1844 for g8980.t1\". I was frustrated so I just deleted that line, and 5 or 6 other lines that gave me similar issues. After that, it finally worked! \n\nAs an example, the first two entries in my new pisaster_transcriptome.fa look like this:\n>g1.t1 CDS=1-277 geneID=g1 atgaactgaG[omitted portion of seq]GAGGCAG\n\n>g2.t1 CDS=1-97 geneID=g2 ATGGCAGGC[omitted portion of seq]CCTGG\n\n-----------------------------------------------------------------------------------------------\n**Step 4. (Back to the tag-based_RNAseq tutorial instructions) Preparing reference transcriptome**\n-----------------------------------------------------------------------------------------------\n\nCreate bowtie2 index for transcriptome.\n\n>ml Bowtie2/2.4.5-GCC-10.2.0\n\n>bowtie2-build pisaster_transcriptome.fa pisaster_transcriptome.fa\n\nI have the text output I was given when I executed the above code and can share it if necessary, but it is pretty long!\n\n-----------------------------------------------------------------------------------------------\nStep 5. Map reads to transcriptome.\n-----------------------------------------------------------------------------------------------\n\nMove relevant perl script to working dir, create maps file as in tutorial (this is where I figured out how to use \"screen\" function).\n\n>ml Perl/5.32.1-GCCcore-10.3.0\n\n>perl tagseq_bowtie2map.pl \"trim$\" pisaster_transcriptome.fa > maps\n\n>screen\n\n>ml Bowtie2/2.4.5-GCC-10.2.0\n\n>. maps\n\nOnce again, I have the text output I was given when I executed the above code and can share it if necessary, but it is pretty long!\n\n-----------------------------------------------------------------------------------------------\nStep 6. (attempt to) generate read counts per gene.\n-----------------------------------------------------------------------------------------------\n\nThis is where my big \"roadblock\" is. At first, I thought I needed to make a true transcriptome_seq2gene.tab table, and was really confused by the instructions, because I didn't use Trinity. So I relied on another Github repo (link [here][4]) that is actually derived from the main one I've been following throughout this pipeline to at least fumble my way through generating a populated seq2iso.tab file without any error messages. The version of that code that I attempted to modify to fit my needs was:\n\n>grep '^>' pisaster_transcriptome.fa |\\ perl -pe 's/>(\\S+)\\s.*gene:(\\S+).*/\\1\\t\\2/g' >\\ pisaster_transcriptome_seq2iso.tab\n\nNOTE: there are asterisks in the above code that I don't know how to properly show and not mark text I want to be italicized; here's a version of the same code where I write out \"[asterisk]\" instead:\n\n>grep '^>' pisaster_transcriptome.fa |\\ perl -pe 's/>(\\S+)\\s.[asterisk]gene:(\\S+).[asterisk]/\\1\\t\\2/g' >\\ pisaster_transcriptome_seq2iso.tab\n\nThe first two lines of this .tab file are:\n>g1.t1 CDS=1-277 geneID=g1\n\n>g2.t1 CDS=1-97 geneID=g2\n\nAs you may already be able to guess, this did not work. After running the following:\n>perl ./samcount_launch_bt2.pl '\\.sam' pisaster_transcriptome_seq2iso.tab > sc\n\n>screen\n\n>ml Bowtie2/2.4.5-GCC-10.2.0\n\n>ml Perl/5.32.1-GCCcore-10.3.0\n\n>. sc\n\n...I received a massive chain of error messages (eg *g19414.t1 has no isogroup designation*) and the .sam.counts files were empty.\n\nFinally, it recently dawned on me that this line in the instructions is (I believe) relevant to me:\n\"if your transcriptome is made in silico from annotated genome data, just use a dummy table in the form: # gene gene\"\n\nI followed these instructions very literally and created a dummy .tab file named \"dummy_seq2iso.tab\" with one line of text \"gene [tab] gene\". \nHowever, when I reran the above code with this new .tab file, I received this error x3 (one for each sample, I presume):\n>disregarding reads mapping to multiple isogroups cannot open dummy_seq2iso.tab\n\nI made sure restrictive file permissions were not the cause of this error and did a lot of sleuthing around on the internet, but I am at a loss on what to do next.\n\nAny insight on this last step specifically, or if you believe the error is in one of these previous steps I've described, would be IMMENSELY appreciated.\n\nThank you so much in advance.\n\n\n  [1]: https://wiki.gacrc.uga.edu/wiki/Systems\n  [2]: https://github.com/z0on/tag-based_RNAseq/blob/master/tagSeq_processing_README.txt\n  [3]: https://github.com/gpertea/gffread/issues/94\n  [4]: https://github.com/sachitsaksena/nfkb-tag-seq",
    "creation_date": "2022-07-19T01:34:10.534628+00:00",
    "has_accepted": false,
    "id": 531383,
    "lastedit_date": "2022-07-19T01:37:45.730121+00:00",
    "lastedit_user_uid": "111755",
    "parent_id": 531383,
    "rank": 1658194450.534639,
    "reply_count": 0,
    "root_id": 531383,
    "status": "Open",
    "status_id": 1,
    "subs_count": 1,
    "tag_val": "Linux",
    "thread_score": 0,
    "title": "Error generating read-counts-per-gene with Tag-Seq data & transcriptome built from ref genome using Github tutorial",
    "type": "Question",
    "type_id": 0,
    "uid": "9531383",
    "url": "https://www.biostars.org/p/9531383/",
    "view_count": 569,
    "vote_count": 0,
    "xhtml": "<p>I want to apologize in advance for the extremely long thread, but I am so new and uncertain with all of this that I wanted to make sure everything I've done is crystal clear in case I've made any errors along the way. My project seeks to understand differential gene expression in <em>Pisaster ochraceus</em> sea stars. I am attempting to get a pipeline up and running for 90+ tagseq samples with a smaller subset of 3 samples. As I'm not sure where I've gone wrong, I am going to describe every step from the raw reads to where I've hit a roadblock that has completely stopped me in my tracks.</p>\n<p>For reference, I am working on the Sapelo2 Linux cluster at the University of Georgia (homepage <a href=\"https://wiki.gacrc.uga.edu/wiki/Systems\" rel=\"nofollow\">here</a>) and mainly following along with the tutorial posted in the Github repo (that I believe) is associated with a TagSeq methods paper. That tutorial is linked here: <a href=\"https://github.com/z0on/tag-based_RNAseq/blob/master/tagSeq_processing_README.txt\" rel=\"nofollow\">tagSeq_processing_README.txt</a>.</p>\n<h2>Here's what I've done: </h2>\n<h2><strong>STEP 1. Prepare workspace and concatenate raw reads</strong></h2>\n<p>Step 1A. Copy raw reads into working directory. \nRaw read pairs have been renamed to reflect the following format: sample_[asterisk]_L1.fastq.gz and sample_[asterisk]_L2.fastq.gz.</p>\n<p>Step 1B. Unzip raw read files.</p>\n<blockquote><p>gunzip sample_*.fastq.gz</p>\n</blockquote>\n<p>Step 1C. Make sure tutorial script ngs_concat.pl is in working directory.</p>\n<p>Step 1D. Load perl module, run script to concatenate paired reads</p>\n<blockquote><p>ml Perl/5.32.1-GCCcore-10.3.0</p>\n<p>perl ngs_concat.pl 'sample' 'sample_(.+)_L'</p>\n</blockquote>\n<hr>\n<h2><strong>STEP 2. Adaptor trimming</strong></h2>\n<p>Note: At the time I did not understand \"screen\" + piping to the file named clean, so I wrote each adaptor trimming line manually. (I figured out how to do this for the \"maps\" step later on, so I will do it the \"correct\" way when I scale up to the whole genome.</p>\n<p>Step 2A. Make sure tutorial script tagseq_clipper.pl is in working directory.</p>\n<p>Step 2B. Run code to trim reads. \nThe three samples I'm working with are named 10.8.fq, 1.15.fq, and 11.4.fq at this stage.</p>\n<blockquote><p>ml cutadapt/3.4-GCCcore-8.3.0-Python-3.7.4</p>\n<p>perl tagseq_clipper.pl 10.8.fq | cutadapt - -a AAAAAAAA -a AGATCGG -q 15 -m 25 -o 10.8.trim</p>\n<p>perl tagseq_clipper.pl 1.15.fq | cutadapt - -a AAAAAAAA -a AGATCGG -q 15 -m 25 -o 1.15.trim</p>\n<p>perl tagseq_clipper.pl 11.4.fq | cutadapt - -a AAAAAAAA -a AGATCGG -q 15 -m 25 -o 11.4.trim</p>\n</blockquote>\n<hr>\n<h2><strong>Step 3. Create transcriptome from reference genome.</strong></h2>\n<p>I am fortunate that I'm working with a species for which there is a published reference genome. After a lot of research on the internet, this is what I came up with to create my in silico transcriptome. I do not know for sure whether or not I've done this correctly- as you'll see, I ran into a few snags.</p>\n<p>Step 3A. Download reference genome into working directory.</p>\n<blockquote><p>wget <a href=\"https://ftp.ncbi.nlm.nih.gov/genomes/all/GCA/010/994/315/GCA_010994315.2_ASM1099431v2/GCA_010994315.2_ASM1099431v2_genomic.fna.gz\" rel=\"nofollow\">https://ftp.ncbi.nlm.nih.gov/genomes/all/GCA/010/994/315/GCA_010994315.2_ASM1099431v2/GCA_010994315.2_ASM1099431v2_genomic.fna.gz</a></p>\n<p>gunzip GCA_010994315.2_ASM1099431v2_genomic.fna.gz</p>\n<p>mv GCA_010994315.2_ASM1099431v2_genomic.fna.gz pisaster_ref_genome.fa # rename file</p>\n</blockquote>\n<p>Step 3B. Get annotation file into working directory.\nDownload annotation file from colleague's Dryad: <a href=\"https://datadryad.org/stash/dataset/doi:10.6071/M3ND50\" rel=\"nofollow\">https://datadryad.org/stash/dataset/doi:10.6071/M3ND50</a></p>\n<p>Upload annotation file to Sapelo2 in working directory, rename genome_annotation.gff3.</p>\n<p>Step 3C. Troubleshoot and troubleshoot some more.\nI was getting the same error when I tried many different variations of code that used gffread to create transcriptome from the genome and annotation files. I got involved in a Github issue in the repository for gffread (link <a href=\"https://github.com/gpertea/gffread/issues/94\" rel=\"nofollow\">here</a>) that matched the error I was getting\u2026 and it led to me getting my answer: there are spaces in my ref genome sequence names and there should not be.</p>\n<p>An example of what the first and last sequence names in my file look like:</p>\n<blockquote><p>CM021546.1 Pisaster ochraceus isolate M0D055189C chromosome XXI, whole genome shotgun sequence</p>\n<p>JAAFGO010000999.1 Pisaster ochraceus isolate M0D055189C Sc28pcJ_999;HRSCAF=1079, whole genome shotgun sequence</p>\n</blockquote>\n<p>Spent an extraordinarily long time trying to figure out some code that could efficiently fix this for me and failed. Shamefully, I instead landed on creating a shell script that renamed each contig individually (eg sed -i 's/CM021526.1/Sc28pcJ_649/g' pisaster_ref_genome_header.mod.fa for contig 1). But hey, it looks like it worked.</p>\n<p>Then, I reran my transcriptome building step:</p>\n<blockquote><p>gffread -F -w pisaster_transcriptome.fa -g pisaster_ref_genome_header.mod.fa ann_simple.gff</p>\n</blockquote>\n<p>and got a new error: \"GffObj::getSpliced() error: improper genomic coordinate 17535992 on Sc28pcJ_1844 for g8980.t1\". I was frustrated so I just deleted that line, and 5 or 6 other lines that gave me similar issues. After that, it finally worked!</p>\n<p>As an example, the first two entries in my new pisaster_transcriptome.fa look like this:</p>\n<blockquote><p>g1.t1 CDS=1-277 geneID=g1 atgaactgaG[omitted portion of seq]GAGGCAG</p>\n<p>g2.t1 CDS=1-97 geneID=g2 ATGGCAGGC[omitted portion of seq]CCTGG</p>\n</blockquote>\n<hr>\n<h2><strong>Step 4. (Back to the tag-based_RNAseq tutorial instructions) Preparing reference transcriptome</strong></h2>\n<p>Create bowtie2 index for transcriptome.</p>\n<blockquote><p>ml Bowtie2/2.4.5-GCC-10.2.0</p>\n<p>bowtie2-build pisaster_transcriptome.fa pisaster_transcriptome.fa</p>\n</blockquote>\n<p>I have the text output I was given when I executed the above code and can share it if necessary, but it is pretty long!</p>\n<hr>\n<h2>Step 5. Map reads to transcriptome.</h2>\n<p>Move relevant perl script to working dir, create maps file as in tutorial (this is where I figured out how to use \"screen\" function).</p>\n<blockquote><p>ml Perl/5.32.1-GCCcore-10.3.0</p>\n<p>perl tagseq_bowtie2map.pl \"trim$\" pisaster_transcriptome.fa &gt; maps</p>\n<p>screen</p>\n<p>ml Bowtie2/2.4.5-GCC-10.2.0</p>\n<p>. maps</p>\n</blockquote>\n<p>Once again, I have the text output I was given when I executed the above code and can share it if necessary, but it is pretty long!</p>\n<hr>\n<h2>Step 6. (attempt to) generate read counts per gene.</h2>\n<p>This is where my big \"roadblock\" is. At first, I thought I needed to make a true transcriptome_seq2gene.tab table, and was really confused by the instructions, because I didn't use Trinity. So I relied on another Github repo (link <a href=\"https://github.com/sachitsaksena/nfkb-tag-seq\" rel=\"nofollow\">here</a>) that is actually derived from the main one I've been following throughout this pipeline to at least fumble my way through generating a populated seq2iso.tab file without any error messages. The version of that code that I attempted to modify to fit my needs was:</p>\n<blockquote><p>grep '^&gt;' pisaster_transcriptome.fa |\\ perl -pe 's/&gt;(\\S+)\\s.<em>gene:(\\S+).</em>/\\1\\t\\2/g' &gt;\\ pisaster_transcriptome_seq2iso.tab</p>\n</blockquote>\n<p>NOTE: there are asterisks in the above code that I don't know how to properly show and not mark text I want to be italicized; here's a version of the same code where I write out \"[asterisk]\" instead:</p>\n<blockquote><p>grep '^&gt;' pisaster_transcriptome.fa |\\ perl -pe 's/&gt;(\\S+)\\s.[asterisk]gene:(\\S+).[asterisk]/\\1\\t\\2/g' &gt;\\ pisaster_transcriptome_seq2iso.tab</p>\n</blockquote>\n<p>The first two lines of this .tab file are:</p>\n<blockquote><p>g1.t1 CDS=1-277 geneID=g1</p>\n<p>g2.t1 CDS=1-97 geneID=g2</p>\n</blockquote>\n<p>As you may already be able to guess, this did not work. After running the following:</p>\n<blockquote><p>perl ./samcount_launch_bt2.pl '.sam' pisaster_transcriptome_seq2iso.tab &gt; sc</p>\n<p>screen</p>\n<p>ml Bowtie2/2.4.5-GCC-10.2.0</p>\n<p>ml Perl/5.32.1-GCCcore-10.3.0</p>\n<p>. sc</p>\n</blockquote>\n<p>...I received a massive chain of error messages (eg <em>g19414.t1 has no isogroup designation</em>) and the .sam.counts files were empty.</p>\n<p>Finally, it recently dawned on me that this line in the instructions is (I believe) relevant to me:\n\"if your transcriptome is made in silico from annotated genome data, just use a dummy table in the form: # gene gene\"</p>\n<p>I followed these instructions very literally and created a dummy .tab file named \"dummy_seq2iso.tab\" with one line of text \"gene [tab] gene\". \nHowever, when I reran the above code with this new .tab file, I received this error x3 (one for each sample, I presume):</p>\n<blockquote><p>disregarding reads mapping to multiple isogroups cannot open dummy_seq2iso.tab</p>\n</blockquote>\n<p>I made sure restrictive file permissions were not the cause of this error and did a lot of sleuthing around on the internet, but I am at a loss on what to do next.</p>\n<p>Any insight on this last step specifically, or if you believe the error is in one of these previous steps I've described, would be IMMENSELY appreciated.</p>\n<p>Thank you so much in advance.</p>\n"
}