{
    "answer_count": 1,
    "author": "B. Arman Aksoy",
    "author_uid": "1912",
    "book_count": 0,
    "comment_count": 0,
    "content": "<p>Let's assume that I have two conditions and I would like to do a differential miRNA expression analysis between these two groups. I have log2 \"reads per million\" (RPM) values as my input data set. Now, I am wondering whether I should test the differential expression between these groups using a Mann-Whitney-U test on log2 RPM values or feed these reads to a edgeR/limma.voom/DESeq and run the regular RNASeq differential gene expression pipeline on them as if they are RSEM values?</p>\n",
    "creation_date": "2014-02-15T19:02:37.673567+00:00",
    "has_accepted": false,
    "id": 87967,
    "lastedit_date": "2014-02-15T20:31:02.429754+00:00",
    "lastedit_user_uid": "7403",
    "parent_id": 87967,
    "rank": 1392496262.429754,
    "reply_count": 1,
    "root_id": 87967,
    "status": "Open",
    "status_id": 1,
    "subs_count": 1,
    "tag_val": "mirna,tcga,differential,expression",
    "thread_score": 2,
    "title": "Tcga Mirnaseq Differential Analysis: U-Test Or Edger-Like Approaches On Rpm Values",
    "type": "Question",
    "type_id": 0,
    "uid": "93266",
    "url": "https://www.biostars.org/p/93266/",
    "view_count": 3963,
    "vote_count": 1,
    "xhtml": "<p>Let's assume that I have two conditions and I would like to do a differential miRNA expression analysis between these two groups. I have log2 \"reads per million\" (RPM) values as my input data set. Now, I am wondering whether I should test the differential expression between these groups using a Mann-Whitney-U test on log2 RPM values or feed these reads to a edgeR/limma.voom/DESeq and run the regular RNASeq differential gene expression pipeline on them as if they are RSEM values?</p>\n"
}