{
    "answer_count": 2,
    "author": "Lauren",
    "author_uid": "142849",
    "book_count": 0,
    "comment_count": 1,
    "content": "Hello! I am brand new to the world of single-cell RNA seq and all of the software that comes along with it so apologies if this is a basic question. I have been working with a data set from a recently published paper and trying to recreate the data analysis in order to create a guide/pipeline for my lab to use for our own scRNAseq experiments. I finally managed to get the sparse matrix and import it to Seurat for further analysis but upon searching for mitochindrial DNA and rRNA for cell filtering discovered that in my output file the features are all gene id's rather than gene names. I know I could probably find another way around this without reanalyzing the data but I'm a bit confused as to why the gene name is not what was output. Any ideas as to what might have happened or how I could fix it? Thanks!",
    "creation_date": "2024-03-04T16:45:48.359418+00:00",
    "has_accepted": false,
    "id": 589048,
    "lastedit_date": "2024-03-04T20:45:57.354999+00:00",
    "lastedit_user_uid": "142849",
    "parent_id": 589048,
    "rank": 1709579071.61772,
    "reply_count": 2,
    "root_id": 589048,
    "status": "Open",
    "status_id": 1,
    "subs_count": 2,
    "tag_val": "STARsolo,RNAseq,Seurat,single-cell",
    "thread_score": 1,
    "title": "scRNAseq output generated using STARsolo has gene_id rather than gene_name",
    "type": "Question",
    "type_id": 0,
    "uid": "9589048",
    "url": "https://www.biostars.org/p/9589048/",
    "view_count": 481,
    "vote_count": 0,
    "xhtml": "<p>Hello! I am brand new to the world of single-cell RNA seq and all of the software that comes along with it so apologies if this is a basic question. I have been working with a data set from a recently published paper and trying to recreate the data analysis in order to create a guide/pipeline for my lab to use for our own scRNAseq experiments. I finally managed to get the sparse matrix and import it to Seurat for further analysis but upon searching for mitochindrial DNA and rRNA for cell filtering discovered that in my output file the features are all gene id's rather than gene names. I know I could probably find another way around this without reanalyzing the data but I'm a bit confused as to why the gene name is not what was output. Any ideas as to what might have happened or how I could fix it? Thanks!</p>\n"
}