{
    "answer_count": 1,
    "author": "soya",
    "author_uid": "47800",
    "book_count": 0,
    "comment_count": 0,
    "content": "I'm wondering about the \"single-end\" single cell ATAC-seq (scATAC-seq) analysis.\r\nThe reads obtained from each cell is at most 1 read at each region, by nature.\r\n\r\nSome paired-end scATAC-seq pipelines execute the peak-calling by MACS2 etc., but it seems to be hard to detect peaks from single-end single cell data.\r\nActually, the sum of obtained peak region was about only 3% of the read coverage simply calculated by bedtools bamtobed when I tried with my sample data.\r\n\r\nThen, how should I treat the \"open chromatin region\" of each single cell?\r\n\r\nCalculate the peak region with the aggregate of single cell, and then consider whether there is a read in each cell by bedtools intersect is the best?",
    "creation_date": "2018-07-12T03:20:20.753012+00:00",
    "has_accepted": false,
    "id": 315584,
    "lastedit_date": "2018-07-28T19:07:00.038079+00:00",
    "lastedit_user_uid": "7403",
    "parent_id": 315584,
    "rank": 1532804820.038079,
    "reply_count": 1,
    "root_id": 315584,
    "status": "Open",
    "status_id": 1,
    "subs_count": 1,
    "tag_val": "ATAC-seq,single cell",
    "thread_score": 0,
    "title": "Peak call? or Just convert to bedfile by bedtools bamtobed? to generate the accessibility matrix of single-end single cell ATAC-seq",
    "type": "Question",
    "type_id": 0,
    "uid": "326398",
    "url": "https://www.biostars.org/p/326398/",
    "view_count": 1692,
    "vote_count": 0,
    "xhtml": "<p>I'm wondering about the \"single-end\" single cell ATAC-seq (scATAC-seq) analysis.\nThe reads obtained from each cell is at most 1 read at each region, by nature.</p>\n\n<p>Some paired-end scATAC-seq pipelines execute the peak-calling by MACS2 etc., but it seems to be hard to detect peaks from single-end single cell data.\nActually, the sum of obtained peak region was about only 3% of the read coverage simply calculated by bedtools bamtobed when I tried with my sample data.</p>\n\n<p>Then, how should I treat the \"open chromatin region\" of each single cell?</p>\n\n<p>Calculate the peak region with the aggregate of single cell, and then consider whether there is a read in each cell by bedtools intersect is the best?</p>\n"
}