{
    "answer_count": 7,
    "author": "Liuyunlong",
    "author_uid": "582",
    "book_count": 0,
    "comment_count": 5,
    "content": "<p><a href=\"http://www.sciencemag.org/content/330/6004/641.full\">Diversity of Human Copy Number Variation and Multicopy Genes</a> ,before mapping reads to reference genome, there is a step in reads preprocessing pipeline\uff1a\n\"All reads exceeding 36 base pairs (bp) in length were truncated to 36 bp, or\ndivided into their constituent nonoverlapping 36-bp sequences to eliminate potential mapping biases\nbetween genomes sequenced at different read lengths.\" \nIs this necessary? and why 36 bp? If I have a dataset that most read's lengths of all sample are about 95~100bp after qc, Can I just trim all reads into  uniform length like 95bp? If I use mrfast and divide longer reads into 36bp\uff0cwhich tools can help me deal with pair-end sequences to keep them pairing after divided\u3002 </p>\n\n<p>or is it necessary just because of limitation of alignment tool,<a href=\"http://mrfast.sourceforge.net/pubs.html\">mrfast</a> ? <a href=\"http://bio-bwa.sourceforge.net/\">bwa</a>, dynamicly handle reads of different length, doesn't have this problem ,right ?\nAny advice will be helpful.thanks</p>\n",
    "creation_date": "2012-01-04T20:57:31.020000+00:00",
    "has_accepted": false,
    "id": 15618,
    "lastedit_date": "2012-01-04T20:57:31.020000+00:00",
    "lastedit_user_uid": "3446",
    "parent_id": 15618,
    "rank": 1325710651.02,
    "reply_count": 7,
    "root_id": 15618,
    "status": "Open",
    "status_id": 1,
    "subs_count": 4,
    "tag_val": "cnv,short,aligner",
    "thread_score": 8,
    "title": "Why Longer Reads Must Be Trimmed Or Divided Into 36Bp ?",
    "type": "Question",
    "type_id": 0,
    "uid": "15909",
    "url": "https://www.biostars.org/p/15909/",
    "view_count": 3193,
    "vote_count": 0,
    "xhtml": "<p><a rel=\"nofollow\" href=\"http://www.sciencemag.org/content/330/6004/641.full\">Diversity of Human Copy Number Variation and Multicopy Genes</a> ,before mapping reads to reference genome, there is a step in reads preprocessing pipeline\uff1a\n\"All reads exceeding 36 base pairs (bp) in length were truncated to 36 bp, or\ndivided into their constituent nonoverlapping 36-bp sequences to eliminate potential mapping biases\nbetween genomes sequenced at different read lengths.\" \nIs this necessary? and why 36 bp? If I have a dataset that most read's lengths of all sample are about 95~100bp after qc, Can I just trim all reads into  uniform length like 95bp? If I use mrfast and divide longer reads into 36bp\uff0cwhich tools can help me deal with pair-end sequences to keep them pairing after divided\u3002 </p>\n\n<p>or is it necessary just because of limitation of alignment tool,<a rel=\"nofollow\" href=\"http://mrfast.sourceforge.net/pubs.html\">mrfast</a> ? <a rel=\"nofollow\" href=\"http://bio-bwa.sourceforge.net/\">bwa</a>, dynamicly handle reads of different length, doesn't have this problem ,right ?\nAny advice will be helpful.thanks</p>\n"
}