{
    "answer_count": 7,
    "author": "Gema Sanz",
    "author_uid": "9135",
    "book_count": 1,
    "comment_count": 4,
    "content": "Hi,\n\nIs there any way to follow a pipeline to analyze bisulfite sequencing data?\n\nI know the alignment is tricky, but I've read some people do it with Bowtie without bisulfite genome conversion but I can't guess how to set the parameters to allow the penalty, as expected, I got 95% unmapped. I've also read about using a peak caller to call methylation \"peaks\".\n\nOf course this is not the best way to do, but after trying a lot, I'm not able to compile any other software in my computer (windows), I'm bench person. I tried to install bismark, bsmooth... but errors everywhere :(\n\n/G",
    "creation_date": "2014-11-18T17:27:32.937425+00:00",
    "has_accepted": false,
    "id": 114203,
    "lastedit_date": "2022-06-16T20:52:06.364060+00:00",
    "lastedit_user_uid": "8494",
    "parent_id": 114203,
    "rank": 1436423712.640786,
    "reply_count": 7,
    "root_id": 114203,
    "status": "Open",
    "status_id": 1,
    "subs_count": 5,
    "tag_val": "Bi-seq,WGBS,Alignment",
    "thread_score": 6,
    "title": "WGBS data analysis in Galaxy?",
    "type": "Question",
    "type_id": 0,
    "uid": "120233",
    "url": "https://www.biostars.org/p/120233/",
    "view_count": 4862,
    "vote_count": 2,
    "xhtml": "<p>Hi,</p>\n<p>Is there any way to follow a pipeline to analyze bisulfite sequencing data?</p>\n<p>I know the alignment is tricky, but I've read some people do it with Bowtie without bisulfite genome conversion but I can't guess how to set the parameters to allow the penalty, as expected, I got 95% unmapped. I've also read about using a peak caller to call methylation \"peaks\".</p>\n<p>Of course this is not the best way to do, but after trying a lot, I'm not able to compile any other software in my computer (windows), I'm bench person. I tried to install bismark, bsmooth... but errors everywhere :(</p>\n<p>/G</p>\n"
}