{
    "answer_count": 0,
    "author": "Pavel",
    "author_uid": "115725",
    "book_count": 0,
    "comment_count": 0,
    "content": "Annual salary: from 36,000 GBP NET\n\nRequired work experience: 3-6 years\n\nLocation: AB318, Biodata Innovation Centre, Wellcome Genome Campus, Hinxton, Cambridgeshire, United Kingdom, CB10 1DR.\nGENXT develops solutions for the secure and privacy-preserving multi-party analysis of genomic and clinical data. We are looking for a Research Scientist to conduct research on Federated Learning, phenotype-from-genotype prediction, HLA imputation, and ancestry prediction.\n\n**Responsibilities** \n- take an active part in research;\n- conduct a comparative analysis of existing approaches and bioinformatics tools;\n- develop and test bioinformatic components;\n- write papers and documentation;\n- work with NGS data of various platforms.\n\n**Requirements**\n- Bachelor's (or higher) degree in computer science, engineering, or a related field;\n- ability to write readable and efficient code in Python;\n- experience in building pipelines with Snakemake, CWL, etc;\n- confident skills in Linux, bash, coreutils, Git, Docker, Virtualenv;\n- relevant publications;\n- Teamwork skills.\n\n**Conditions** \n- full-time, flexible schedule;\n- flexible method of project management;\n- fair salary and bonuses;\n\nContacts: pavel at genxt dot network.\n",
    "creation_date": "2022-11-01T10:41:19.801662+00:00",
    "has_accepted": false,
    "id": 543566,
    "lastedit_date": "2022-12-21T10:02:11.214332+00:00",
    "lastedit_user_uid": "115725",
    "parent_id": 543566,
    "rank": 1667299279.80167,
    "reply_count": 0,
    "root_id": 543566,
    "status": "Open",
    "status_id": 1,
    "subs_count": 1,
    "tag_val": "federeatedlearning",
    "thread_score": 0,
    "title": "Research Scientist [CLOSED]",
    "type": "Job",
    "type_id": 2,
    "uid": "9543566",
    "url": "https://www.biostars.org/p/9543566/",
    "view_count": 1029,
    "vote_count": 0,
    "xhtml": "<p>Annual salary: from 36,000 GBP NET</p>\n<p>Required work experience: 3-6 years</p>\n<p>Location: AB318, Biodata Innovation Centre, Wellcome Genome Campus, Hinxton, Cambridgeshire, United Kingdom, CB10 1DR.\nGENXT develops solutions for the secure and privacy-preserving multi-party analysis of genomic and clinical data. We are looking for a Research Scientist to conduct research on Federated Learning, phenotype-from-genotype prediction, HLA imputation, and ancestry prediction.</p>\n<p><strong>Responsibilities</strong></p>\n<ul>\n<li>take an active part in research;</li>\n<li>conduct a comparative analysis of existing approaches and bioinformatics tools;</li>\n<li>develop and test bioinformatic components;</li>\n<li>write papers and documentation;</li>\n<li>work with NGS data of various platforms.</li>\n</ul>\n<p><strong>Requirements</strong></p>\n<ul>\n<li>Bachelor's (or higher) degree in computer science, engineering, or a related field;</li>\n<li>ability to write readable and efficient code in Python;</li>\n<li>experience in building pipelines with Snakemake, CWL, etc;</li>\n<li>confident skills in Linux, bash, coreutils, Git, Docker, Virtualenv;</li>\n<li>relevant publications;</li>\n<li>Teamwork skills.</li>\n</ul>\n<p><strong>Conditions</strong></p>\n<ul>\n<li>full-time, flexible schedule;</li>\n<li>flexible method of project management;</li>\n<li>fair salary and bonuses;</li>\n</ul>\n<p>Contacts: pavel at genxt dot network.</p>\n"
}