{
    "answer_count": 6,
    "author": "Nai",
    "author_uid": "14412",
    "book_count": 0,
    "comment_count": 5,
    "content": "I am new to learn GeoMX data analysis. To learn this data analysis I am using GeoMX data (.fastq format) of kidney from GeoMX  website. I went through manual but bit confused with quality filtering using GeoMX DSP or GeoMX NGS pipeline...I need help to get detailed guidance for this data analysis. Like Should i go as quality filtering in RNASeq or scRNASeq. There are some DCC file . (Will these file generated by machine or How will I use it in analysis",
    "creation_date": "2022-10-26T08:59:02.002834+00:00",
    "has_accepted": false,
    "id": 542930,
    "lastedit_date": "2022-10-31T18:30:49.092790+00:00",
    "lastedit_user_uid": "8494",
    "parent_id": 542930,
    "rank": 1666783500.647632,
    "reply_count": 6,
    "root_id": 542930,
    "status": "Open",
    "status_id": 1,
    "subs_count": 3,
    "tag_val": "NGS,RNA-Seq,GeoMX",
    "thread_score": 2,
    "title": "GeoMX NGS RNASeq data analysis",
    "type": "Question",
    "type_id": 0,
    "uid": "9542930",
    "url": "https://www.biostars.org/p/9542930/",
    "view_count": 2413,
    "vote_count": 0,
    "xhtml": "<p>I am new to learn GeoMX data analysis. To learn this data analysis I am using GeoMX data (.fastq format) of kidney from GeoMX  website. I went through manual but bit confused with quality filtering using GeoMX DSP or GeoMX NGS pipeline...I need help to get detailed guidance for this data analysis. Like Should i go as quality filtering in RNASeq or scRNASeq. There are some DCC file . (Will these file generated by machine or How will I use it in analysis</p>\n"
}