{
    "answer_count": 3,
    "author": "Kevin",
    "author_uid": "kevin-88831",
    "book_count": 2,
    "comment_count": 2,
    "content": "While they are both currently supported, BCL Convert is illuminas plan to replace bcl2fastq. BCL Convert is supposedly faster, I've seen users report 25-100% speed increases. It was lacking a lot of features when it was released but it looks like most features available to bcl2fastq are now available to BCL Convert as well.\n\nHowever, I have also seen that it makes significant changes to the structure of the run directory and the files produced. If you run an automated pipeline this would likely mean there is a good amount of additional work required to transition.\n\nSome things I'd be interested in hearing from you all are:\n\n- Have you made the switch? Why / Why not?\n- If you did make the switch, have you had any issues with missing features / bugs?\n- If you did make the switch, what kind of performance gains did you see?\n",
    "creation_date": "2022-11-02T16:24:23.649047+00:00",
    "has_accepted": false,
    "id": 543767,
    "lastedit_date": "2022-11-07T15:08:31.656564+00:00",
    "lastedit_user_uid": "18713",
    "parent_id": 543767,
    "rank": 1667407189.969464,
    "reply_count": 3,
    "root_id": 543767,
    "status": "Open",
    "status_id": 1,
    "subs_count": 3,
    "tag_val": "illumina",
    "thread_score": 6,
    "title": "BCL Convert vs bcl2fastq2",
    "type": "Question",
    "type_id": 0,
    "uid": "9543767",
    "url": "https://www.biostars.org/p/9543767/",
    "view_count": 4163,
    "vote_count": 5,
    "xhtml": "<p>While they are both currently supported, BCL Convert is illuminas plan to replace bcl2fastq. BCL Convert is supposedly faster, I've seen users report 25-100% speed increases. It was lacking a lot of features when it was released but it looks like most features available to bcl2fastq are now available to BCL Convert as well.</p>\n<p>However, I have also seen that it makes significant changes to the structure of the run directory and the files produced. If you run an automated pipeline this would likely mean there is a good amount of additional work required to transition.</p>\n<p>Some things I'd be interested in hearing from you all are:</p>\n<ul>\n<li>Have you made the switch? Why / Why not?</li>\n<li>If you did make the switch, have you had any issues with missing features / bugs?</li>\n<li>If you did make the switch, what kind of performance gains did you see?</li>\n</ul>\n"
}