{
    "answer_count": 1,
    "author": "Boboboe",
    "author_uid": "41851",
    "book_count": 0,
    "comment_count": 0,
    "content": "Hello everyone,\r\n\r\nI recently started learning more about sequencing and I'm a little confused about data formats and also how you prepare your input. From my understanding, input is to let you know what the reads would be if you are not enriching for reads that are interacting with your target protein. So for each sample, you'll have a input that's made into a library. After a library is made and you have it sequenced, you get all your reads in .sra file, which then you can process with a chipseq pipeline (what I'm looking into using is the aquas pipeline:https://docs.google.com/document/d/1lG_Rd7fnYgRpSIqrIfuVlAz2dW1VaSQThzk836Db99c/edit#)\r\n\r\nI assume for other chip-seq pipeline you would also need the following:\r\n2 replicates of reads from your experimental library\r\nand 2 replicates of reads from your control library\r\n\r\nthen I was looking at this data set: https://www.ncbi.nlm.nih.gov/geo/query/acc.cgi?acc=GSE59316 and was looking to convert it into the format that is used in roadmap epigenomics (what I thought of as a fold change signal track in a bed file). However, what is provided is what I believed to be 2 separate experimental library that is created using different antibodies, with no control. So here I am ,confused about not finding everything I need on the geo entry. Can someone please help me with processing the data, and explain to me if there's something I'm not understanding correctly?\r\n\r\nThanks everyone!",
    "creation_date": "2017-09-14T20:50:11.085505+00:00",
    "has_accepted": false,
    "id": 263076,
    "lastedit_date": "2017-09-15T00:41:44.162663+00:00",
    "lastedit_user_uid": "41557",
    "parent_id": 263076,
    "rank": 1505436104.162663,
    "reply_count": 1,
    "root_id": 263076,
    "status": "Open",
    "status_id": 1,
    "subs_count": 1,
    "tag_val": "ChIP-Seq,sequencing,alignment,AQUAS",
    "thread_score": 0,
    "title": "Chip seq control library prep?",
    "type": "Question",
    "type_id": 0,
    "uid": "272737",
    "url": "https://www.biostars.org/p/272737/",
    "view_count": 1294,
    "vote_count": 0,
    "xhtml": "<p>Hello everyone,</p>\n\n<p>I recently started learning more about sequencing and I'm a little confused about data formats and also how you prepare your input. From my understanding, input is to let you know what the reads would be if you are not enriching for reads that are interacting with your target protein. So for each sample, you'll have a input that's made into a library. After a library is made and you have it sequenced, you get all your reads in .sra file, which then you can process with a chipseq pipeline (what I'm looking into using is the aquas pipeline:<a rel=\"nofollow\" href=\"https://docs.google.com/document/d/1lG_Rd7fnYgRpSIqrIfuVlAz2dW1VaSQThzk836Db99c/edit#)\">https://docs.google.com/document/d/1lG_Rd7fnYgRpSIqrIfuVlAz2dW1VaSQThzk836Db99c/edit#)</a></p>\n\n<p>I assume for other chip-seq pipeline you would also need the following:\n2 replicates of reads from your experimental library\nand 2 replicates of reads from your control library</p>\n\n<p>then I was looking at this data set: <a rel=\"nofollow\" href=\"https://www.ncbi.nlm.nih.gov/geo/query/acc.cgi?acc=GSE59316\">https://www.ncbi.nlm.nih.gov/geo/query/acc.cgi?acc=GSE59316</a> and was looking to convert it into the format that is used in roadmap epigenomics (what I thought of as a fold change signal track in a bed file). However, what is provided is what I believed to be 2 separate experimental library that is created using different antibodies, with no control. So here I am ,confused about not finding everything I need on the geo entry. Can someone please help me with processing the data, and explain to me if there's something I'm not understanding correctly?</p>\n\n<p>Thanks everyone!</p>\n"
}