{
    "answer_count": 4,
    "author": "ilante",
    "author_uid": "user-88888",
    "book_count": 0,
    "comment_count": 3,
    "content": "I have no experience in annotation RNA seq data (or genome assembly) but I've spent the last weeks ploughing through some papers and looking at manuals. \n\nI am wondering why it seems so common that e.g. proprietary pipelines of sequencers are not used?\n\nE.g. the *de novo* genome assembly pipeline devised by PacBio seems to be cited less than hifiasm or other open source programs. Is this mostly because they are charging a higher price, so people move over to other options, or is it becaue the field is moving at a fast pace and programs are written and benchmarked making the proprietary pipelines obsolete?\n\n1) Is PacBio Iso-Seq annotation a good choice, or is it surpassed by some recently published/improved tool that I haven't read of yet?\n\n2) Using Full-length RNA sequencing to annotate genomes; What are the best performing tools (in terms of speed and accuracy) in 2021 this type of genome annotation?",
    "creation_date": "2021-09-10T09:19:11.359694+00:00",
    "has_accepted": false,
    "id": 488794,
    "lastedit_date": "2021-11-19T20:35:19.715468+00:00",
    "lastedit_user_uid": "35629",
    "parent_id": 488794,
    "rank": 1637354119.851182,
    "reply_count": 4,
    "root_id": 488794,
    "status": "Open",
    "status_id": 1,
    "subs_count": 3,
    "tag_val": "genome-annotation",
    "thread_score": 3,
    "title": "How does PacBio Iso-Seq annotation compare to other pipelines?",
    "type": "Question",
    "type_id": 0,
    "uid": "9488794",
    "url": "https://www.biostars.org/p/9488794/",
    "view_count": 1574,
    "vote_count": 0,
    "xhtml": "<p>I have no experience in annotation RNA seq data (or genome assembly) but I've spent the last weeks ploughing through some papers and looking at manuals.</p>\n<p>I am wondering why it seems so common that e.g. proprietary pipelines of sequencers are not used?</p>\n<p>E.g. the <em>de novo</em> genome assembly pipeline devised by PacBio seems to be cited less than hifiasm or other open source programs. Is this mostly because they are charging a higher price, so people move over to other options, or is it becaue the field is moving at a fast pace and programs are written and benchmarked making the proprietary pipelines obsolete?</p>\n<p>1) Is PacBio Iso-Seq annotation a good choice, or is it surpassed by some recently published/improved tool that I haven't read of yet?</p>\n<p>2) Using Full-length RNA sequencing to annotate genomes; What are the best performing tools (in terms of speed and accuracy) in 2021 this type of genome annotation?</p>\n"
}