{
    "answer_count": 4,
    "author": "shenwei1376",
    "author_uid": "46955",
    "book_count": 0,
    "comment_count": 4,
    "content": "Hi everyone,\n\nI downloaded some single cell RNA-Seq data from SRA sites. Unfortunately, only the R2.reads (~100bps) was uploaded for all the SRR files (SRR11573310...). \n\nI am wondering if anyone would know if it will be ok to align the reads to genome just like regular RNA-Seq pipeline. For example, use hisat2_htseq-count to achieve the gene counts?\n\nThank you very much for any the help!",
    "creation_date": "2020-11-09T09:31:14.200683+00:00",
    "has_accepted": false,
    "id": 443536,
    "lastedit_date": "2023-03-13T22:25:05.349793+00:00",
    "lastedit_user_uid": "8494",
    "parent_id": 443536,
    "rank": 1604915100.306495,
    "reply_count": 4,
    "root_id": 443536,
    "status": "Open",
    "status_id": 1,
    "subs_count": 2,
    "tag_val": "RNA-Seq",
    "thread_score": 0,
    "title": "Single cell RNASeq data with only R2.fastq",
    "type": "Question",
    "type_id": 0,
    "uid": "472147",
    "url": "https://www.biostars.org/p/472147/",
    "view_count": 1026,
    "vote_count": 0,
    "xhtml": "<p>Hi everyone,</p>\n<p>I downloaded some single cell RNA-Seq data from SRA sites. Unfortunately, only the R2.reads (~100bps) was uploaded for all the SRR files (SRR11573310...).</p>\n<p>I am wondering if anyone would know if it will be ok to align the reads to genome just like regular RNA-Seq pipeline. For example, use hisat2_htseq-count to achieve the gene counts?</p>\n<p>Thank you very much for any the help!</p>\n"
}