{
    "answer_count": 2,
    "author": "lawrence.hsu",
    "author_uid": "55954",
    "book_count": 0,
    "comment_count": 2,
    "content": "I've posted on the author's issue page but I wanted to see if anyone else has encountered this problem. The pipeline runs fine locally but as soon as I push it to the cluster an error saying 'sbatch: error: Unable to open RNA Seq file'. I've also attached an image of the error.\r\n\r\n    rule STAR04:\r\n        input:\r\n            \"02-trimmed/{sample}_trimmed.fq\"\r\n        output:\r\n            sam=\"04-aligned-2pass/{sample}_ID/Aligned.out.sam\",\r\n            sum=\"04-aligned-2pass/{sample}_ID/Log.final.out\"\r\n        log:\r\n           \"logs/star/{sample}.log\"\r\n        shell:\r\n            \"/data/p_magnuson_lab/bin/STAR-2.6.0c/bin/Linux_x86_64/STAR \"\r\n            \"--genomeDir /data/p_magnuson_lab/reference/mouse/STAR_index \"\r\n            \"--runThreadN 8 \"\r\n            \"--readFilesCommand zcat \"\r\n            \"--twopassMode Basic \"\r\n            \"--alignEndsType EndToEnd \"\r\n            \"--alignIntronMax 1 \"\r\n            \"--readFilesIn {input} \"\r\n            \"--outFileNamePrefix 04-aligned-2pass/{wildcards.sample}_ID/ \"\r\n    \t\" &> {log}\"\r\n\r\n![enter image description here][1]\r\n\r\n\r\n  [1]: https://i.imgur.com/cruqQ8W.png\r\n  [2]: https://imgur.com/cruqQ8W",
    "creation_date": "2019-09-18T21:31:26.110091+00:00",
    "has_accepted": false,
    "id": 385248,
    "lastedit_date": "2019-09-18T21:32:32.397019+00:00",
    "lastedit_user_uid": "55954",
    "parent_id": 385248,
    "rank": 1568842352.397019,
    "reply_count": 2,
    "root_id": 385248,
    "status": "Open",
    "status_id": 1,
    "subs_count": 2,
    "tag_val": "snakemake,software error",
    "thread_score": 1,
    "title": "Error with running star via snakemake on cluster",
    "type": "Question",
    "type_id": 0,
    "uid": "399368",
    "url": "https://www.biostars.org/p/399368/",
    "view_count": 1347,
    "vote_count": 0,
    "xhtml": "<p>I've posted on the author's issue page but I wanted to see if anyone else has encountered this problem. The pipeline runs fine locally but as soon as I push it to the cluster an error saying 'sbatch: error: Unable to open RNA Seq file'. I've also attached an image of the error.</p>\n\n<pre class=\"pre\"><code class=\"language-bash\">rule STAR04:\n    input:\n        \"02-trimmed/{sample}_trimmed.fq\"\n    output:\n        sam=\"04-aligned-2pass/{sample}_ID/Aligned.out.sam\",\n        sum=\"04-aligned-2pass/{sample}_ID/Log.final.out\"\n    log:\n       \"logs/star/{sample}.log\"\n    shell:\n        \"/data/p_magnuson_lab/bin/STAR-2.6.0c/bin/Linux_x86_64/STAR \"\n        \"--genomeDir /data/p_magnuson_lab/reference/mouse/STAR_index \"\n        \"--runThreadN 8 \"\n        \"--readFilesCommand zcat \"\n        \"--twopassMode Basic \"\n        \"--alignEndsType EndToEnd \"\n        \"--alignIntronMax 1 \"\n        \"--readFilesIn {input} \"\n        \"--outFileNamePrefix 04-aligned-2pass/{wildcards.sample}_ID/ \"\n    \" &amp;&gt; {log}\"\n</code></pre>\n\n<p><img src=\"https://i.imgur.com/cruqQ8W.png\" alt=\"enter image description here\"></p>\n"
}