{
    "answer_count": 9,
    "author": "Clark_BioMorgan",
    "author_uid": "18358",
    "book_count": 0,
    "comment_count": 9,
    "content": "I use GATK 4.0 for the variant calling pipeline. my steps involve MarkDuplicates, BaseRecalibration, ApplyBaseRecalibration and HaplotypeCaller. When I check in a loci there is no mutation in the original BAM file in IGV, but there is a mutation in final VCF and when I check the bamout of the HaplotypeCaller there seems to be a mutation. Then I tried Sanger sequencing and see that there is actually no mutation. So the original Bam file is the right one and bamout is the wrong mutation. \r\n\r\nSo how could I overcome this problem? This is a serious issue and occurs several times. Thanks in advance.\r\n\r\n",
    "creation_date": "2018-04-11T07:09:53.773052+00:00",
    "has_accepted": false,
    "id": 298211,
    "lastedit_date": "2018-04-11T12:13:21.743716+00:00",
    "lastedit_user_uid": "24526",
    "parent_id": 298211,
    "rank": 1523448801.743716,
    "reply_count": 9,
    "root_id": 298211,
    "status": "Open",
    "status_id": 1,
    "subs_count": 3,
    "tag_val": "BAM,IGV,Variant Calling,GATK,HaplotypeCaller",
    "thread_score": 3,
    "title": "No mutations in BAM (IGV) but a mutation in final VCF?",
    "type": "Question",
    "type_id": 0,
    "uid": "308663",
    "url": "https://www.biostars.org/p/308663/",
    "view_count": 2678,
    "vote_count": 0,
    "xhtml": "<p>I use GATK 4.0 for the variant calling pipeline. my steps involve MarkDuplicates, BaseRecalibration, ApplyBaseRecalibration and HaplotypeCaller. When I check in a loci there is no mutation in the original BAM file in IGV, but there is a mutation in final VCF and when I check the bamout of the HaplotypeCaller there seems to be a mutation. Then I tried Sanger sequencing and see that there is actually no mutation. So the original Bam file is the right one and bamout is the wrong mutation. </p>\n\n<p>So how could I overcome this problem? This is a serious issue and occurs several times. Thanks in advance.</p>\n"
}