{
    "answer_count": 0,
    "author": "secretariat-bigcat",
    "author_uid": "99221",
    "book_count": 0,
    "comment_count": 0,
    "content": "**Postdoctoral Researcher in Bioinformatics to make FAIR data analysis real \u2013 FHML/NUTRIM/Department of Bioinformatics (BiGCaT) at Maastricht University.** \n\n**Deadline:** 9 November 2021\n\n**Specifications:** \n\nPostdoc / Natural sciences; Health / 36\u201440 hours per week / \u20ac2790\u2014\u20ac4402 per month\n\nFor more information and to apply, see **Academic Transfer**: [AT2021.264][1]\n\n\n*The department Bioinformatics - BiGCaT at Maastricht looks for a postdoctoral researcher who will work on approaches to reuse already FAIR data. To do that interoperability approaches will have to be developed and integrated that link identical or related data across schema\u2019s, database identifier types, ontologies or for instance between chemical structures. Existing interoperability resources will have to be developed further and need to be integrated in modular pipelines. For all this we will collaborate on FAIR data approaches to make data from the European pharma industry more valuable and to support integration, also with public biological data.*\n\n\n**Job Description:** \n\nA technical postdoctoral position within the Department of Bioinformatics - BiGCaT at Maastricht University in the Netherlands. The main responsibility is to develop methods that support molecular data analysis and application of integrative systems biology approaches. This builds on data science and includes the development and implementation in workflows of interoperability tools that support mappings between different entities in related biomolecular databases and for instance between related ontology terms from different ontologies. Detailed documentation of the work and publication of the results is expected. The candidate will be involved in European projects (especially the IMI project FAIRplus) and interact with a diverse team of international researchers within and outside Maastricht University. Specific projects will be discussed during the interview, but the successful candidate has to be prepared to adapt with flexibility as new projects become available. The candidate will contribute to grant writing activities to bring funding to the lab and take on educational roles at Maastricht University.\n\n**Requirements:** \n\nWe are seeking a highly motivated postdoctoral researcher:\n\n - Who holds, or shortly expects to obtain, a PhD in a field that has given him/her hands-on knowledge of biomedical data analysis and software development.\n - With proficiency in coding/scripting and experience with project management for software projects (version control, issue trackers, documentation, integrated testing).\n - Ideally has experience in ontology development, cheminformatics, data integration, and/or systems biology (pathway and network analysis).\n - Has a proven interest and demonstrable affinity with leading open science projects.\n - Is keen to learn and involve him/herself in the ongoing research at an interdisciplinary and international department.\n - Is proficient at organising and writing scientific documents describing your work.\n - Has proven organisational skills and professional behaviour and is ready to take over administrative and educational tasks.\n\n**Conditions of Employment:** \n\n***Fixed-term*** contract: 12 months, with the possibility of renewal for up to two more years.\n\nWe offer a full-time, one-year term position, with the possibility of renewal for up to two more years depending on the performance. Yearly evaluations will take place. Salary range from \u20ac 2.790,- to \u20ac 4.402,- gross per month (pay scale 10 in accordance with the Collective Labour Agreement for Dutch Universities). \n\nThe terms of employment of Maastricht University are set out in the Collective Labour Agreement of Dutch Universities (CAO). Furthermore, local UM provisions also apply. For more information look at the website www.maastrichtuniversity.nl > Support > [UM employees.][2]\n\n**Employer:** \n\n***Maastricht University***\nMaastricht University is renowned for its unique, innovative, problem-based learning system, which is characterized by a small-scale and student-oriented approach. Research at UM is characterized by a multidisciplinary and thematic approach, and is concentrated in research institutes and schools. Maastricht University has around 20,000 students and 4,700 employees. Reflecting the university's strong international profile, a fair amount of both students and staff are from abroad. The university hosts 6 faculties: Faculty of Health, Medicine and Life Sciences, Faculty of Law, School of Business and Economics, Faculty of Science and Engineering, Faculty of Arts and Social Sciences, Faculty of Psychology and Neuroscience.\n\nFor more information, visit [www.maastrichtuniversity.nl.][3]\n\n**Department:** \n\nThe ***[Department of Bioinformatics (BiGCaT)][4]*** is part of [NUTRIM School of Nutrition and Translational Research in Metabolism][5] at the Faculty of Health, Medicine and Life Sciences. It was founded in 2001 by Prof. dr. Chris Evelo aiming at employing bioinformatics approaches in systems biology to integrate experimental data and data with current knowledge. **Integrative Systems Biology** is being developed and applied in various research fields. The department has four core research areas; 1) metabolic diseases, 2) micronutrients, 3) toxicity and risk assessment and 4) rare diseases. Within these areas, different types of data, like transcriptomics, proteomics, metabolomics and (epi)genomics data, are integrated and combined with existing knowledge.\n\nChris Evelo\u2019s BiGCaT group is involved in (inter)national initiatives to collect, share and integrate biological data. Moreover, in order to perform data analysis in a state-of-the-art manner, novel methods and tools are being developed. These include i) high-throughput data analysis pipelines, ii) semantic Web tools using RDF, ontologies and SPARQL, iii) cheminformatics software, iv) structuring and collecting biological processes in WikiPathways, v) pathway analysis in PathVisio and vi) network analysis in Cytoscape.\n\n**Additional Information:** \n\nFor more information about this vacancy, you can contact:\nDr. Friederike Ehrhart and Dr. Egon Willighagen (***secretariat-bigcat@maastrichtuniversity.nl***).\n\n\n  [1]: https://www.academictransfer.com/en/305768/postdoctoral-researcher-in-bioinformatics-to-make-fair-data-analysis-real-fhmlnutrimdepartment-of-bioinformatics-bigcat/\n  [2]: https://www.maastrichtuniversity.nl/support/um-employees\n  [3]: https://www.maastrichtuniversity.nl/\n  [4]: https://www.maastrichtuniversity.nl/research/bioinformatics\n  [5]: https://www.maastrichtuniversity.nl/research/school-nutrition-and-translational-research-metabolism",
    "creation_date": "2021-10-27T22:35:43.021859+00:00",
    "has_accepted": false,
    "id": 495329,
    "lastedit_date": "2023-02-08T22:19:53.176773+00:00",
    "lastedit_user_uid": "8494",
    "parent_id": 495329,
    "rank": 1635374143.021872,
    "reply_count": 0,
    "root_id": 495329,
    "status": "Open",
    "status_id": 1,
    "subs_count": 1,
    "tag_val": "Health,Postdoc,FAIR-data,Natural-Sciences",
    "thread_score": 0,
    "title": "Postdoctoral Researcher (Maastricht University) in Bioinformatics to make FAIR data analysis real",
    "type": "Job",
    "type_id": 2,
    "uid": "9495329",
    "url": "https://www.biostars.org/p/9495329/",
    "view_count": 819,
    "vote_count": 0,
    "xhtml": "<p><strong>Postdoctoral Researcher in Bioinformatics to make FAIR data analysis real \u2013 FHML/NUTRIM/Department of Bioinformatics (BiGCaT) at Maastricht University.</strong></p>\n<p><strong>Deadline:</strong> 9 November 2021</p>\n<p><strong>Specifications:</strong></p>\n<p>Postdoc / Natural sciences; Health / 36\u201440 hours per week / \u20ac2790\u2014\u20ac4402 per month</p>\n<p>For more information and to apply, see <strong>Academic Transfer</strong>: <a href=\"https://www.academictransfer.com/en/305768/postdoctoral-researcher-in-bioinformatics-to-make-fair-data-analysis-real-fhmlnutrimdepartment-of-bioinformatics-bigcat/\" rel=\"nofollow\">AT2021.264</a></p>\n<p><em>The department Bioinformatics - BiGCaT at Maastricht looks for a postdoctoral researcher who will work on approaches to reuse already FAIR data. To do that interoperability approaches will have to be developed and integrated that link identical or related data across schema\u2019s, database identifier types, ontologies or for instance between chemical structures. Existing interoperability resources will have to be developed further and need to be integrated in modular pipelines. For all this we will collaborate on FAIR data approaches to make data from the European pharma industry more valuable and to support integration, also with public biological data.</em></p>\n<p><strong>Job Description:</strong></p>\n<p>A technical postdoctoral position within the Department of Bioinformatics - BiGCaT at Maastricht University in the Netherlands. The main responsibility is to develop methods that support molecular data analysis and application of integrative systems biology approaches. This builds on data science and includes the development and implementation in workflows of interoperability tools that support mappings between different entities in related biomolecular databases and for instance between related ontology terms from different ontologies. Detailed documentation of the work and publication of the results is expected. The candidate will be involved in European projects (especially the IMI project FAIRplus) and interact with a diverse team of international researchers within and outside Maastricht University. Specific projects will be discussed during the interview, but the successful candidate has to be prepared to adapt with flexibility as new projects become available. The candidate will contribute to grant writing activities to bring funding to the lab and take on educational roles at Maastricht University.</p>\n<p><strong>Requirements:</strong></p>\n<p>We are seeking a highly motivated postdoctoral researcher:</p>\n<ul>\n<li>Who holds, or shortly expects to obtain, a PhD in a field that has given him/her hands-on knowledge of biomedical data analysis and software development.</li>\n<li>With proficiency in coding/scripting and experience with project management for software projects (version control, issue trackers, documentation, integrated testing).</li>\n<li>Ideally has experience in ontology development, cheminformatics, data integration, and/or systems biology (pathway and network analysis).</li>\n<li>Has a proven interest and demonstrable affinity with leading open science projects.</li>\n<li>Is keen to learn and involve him/herself in the ongoing research at an interdisciplinary and international department.</li>\n<li>Is proficient at organising and writing scientific documents describing your work.</li>\n<li>Has proven organisational skills and professional behaviour and is ready to take over administrative and educational tasks.</li>\n</ul>\n<p><strong>Conditions of Employment:</strong></p>\n<p><strong><em>Fixed-term</em></strong> contract: 12 months, with the possibility of renewal for up to two more years.</p>\n<p>We offer a full-time, one-year term position, with the possibility of renewal for up to two more years depending on the performance. Yearly evaluations will take place. Salary range from \u20ac 2.790,- to \u20ac 4.402,- gross per month (pay scale 10 in accordance with the Collective Labour Agreement for Dutch Universities).</p>\n<p>The terms of employment of Maastricht University are set out in the Collective Labour Agreement of Dutch Universities (CAO). Furthermore, local UM provisions also apply. For more information look at the website www.maastrichtuniversity.nl &gt; Support &gt; <a href=\"https://www.maastrichtuniversity.nl/support/um-employees\" rel=\"nofollow\">UM employees.</a></p>\n<p><strong>Employer:</strong></p>\n<p><strong><em>Maastricht University</em></strong>\nMaastricht University is renowned for its unique, innovative, problem-based learning system, which is characterized by a small-scale and student-oriented approach. Research at UM is characterized by a multidisciplinary and thematic approach, and is concentrated in research institutes and schools. Maastricht University has around 20,000 students and 4,700 employees. Reflecting the university's strong international profile, a fair amount of both students and staff are from abroad. The university hosts 6 faculties: Faculty of Health, Medicine and Life Sciences, Faculty of Law, School of Business and Economics, Faculty of Science and Engineering, Faculty of Arts and Social Sciences, Faculty of Psychology and Neuroscience.</p>\n<p>For more information, visit <a href=\"https://www.maastrichtuniversity.nl/\" rel=\"nofollow\">www.maastrichtuniversity.nl.</a></p>\n<p><strong>Department:</strong></p>\n<p>The <strong><em><a href=\"https://www.maastrichtuniversity.nl/research/bioinformatics\" rel=\"nofollow\">Department of Bioinformatics (BiGCaT)</a></em></strong> is part of <a href=\"https://www.maastrichtuniversity.nl/research/school-nutrition-and-translational-research-metabolism\" rel=\"nofollow\">NUTRIM School of Nutrition and Translational Research in Metabolism</a> at the Faculty of Health, Medicine and Life Sciences. It was founded in 2001 by Prof. dr. Chris Evelo aiming at employing bioinformatics approaches in systems biology to integrate experimental data and data with current knowledge. <strong>Integrative Systems Biology</strong> is being developed and applied in various research fields. The department has four core research areas; 1) metabolic diseases, 2) micronutrients, 3) toxicity and risk assessment and 4) rare diseases. Within these areas, different types of data, like transcriptomics, proteomics, metabolomics and (epi)genomics data, are integrated and combined with existing knowledge.</p>\n<p>Chris Evelo\u2019s BiGCaT group is involved in (inter)national initiatives to collect, share and integrate biological data. Moreover, in order to perform data analysis in a state-of-the-art manner, novel methods and tools are being developed. These include i) high-throughput data analysis pipelines, ii) semantic Web tools using RDF, ontologies and SPARQL, iii) cheminformatics software, iv) structuring and collecting biological processes in WikiPathways, v) pathway analysis in PathVisio and vi) network analysis in Cytoscape.</p>\n<p><strong>Additional Information:</strong></p>\n<p>For more information about this vacancy, you can contact:\nDr. Friederike Ehrhart and Dr. Egon Willighagen (<strong><em>secretariat-bigcat@maastrichtuniversity.nl</em></strong>).</p>\n"
}