{
    "answer_count": 5,
    "author": "a.beggs",
    "author_uid": "13787",
    "book_count": 0,
    "comment_count": 4,
    "content": "Hi all\r\n\r\nI have a VCF file with the following lines:\r\n\r\n    #CHROM  POS     ID      REF     ALT     QUAL    FILTER  INFO    FORMAT  SAMPLE\r\n    chr17   23197000        Spectre.DEL.7ROFFYQK    N       LOSS    .       .       END=25683000;SVLEN=2486000;SVTYPE=LOSS;CN=0     GT:HO:GQ        1/1:0.0:60\r\n    chr18   19357000        Spectre.DEL.8B1N5YFJ    N       LOSS    .       .       END=20560000;SVLEN=1203000;SVTYPE=LOSS;CN=0     GT:HO:GQ        1/1:0.0:60\r\n    chr1_KI270709v1_random  2000    Spectre.DUP.Y9R4QQKP    N       GAIN    .       .       END=18000;SVLEN=16000;SVTYPE=GAIN;CN=42 GT:HO:GQ        ./.:0.0:60\r\n    chr2_KI270715v1_random  143000  Spectre.DUP.7IRZ6XDF    N       GAIN    .       .       END=160000;SVLEN=17000;SVTYPE=GAIN;CN=5 GT:HO:GQ        ./.:0.0:60\r\n    chr9_KI270719v1_random  137000  Spectre.DUP.YC1FK3L0    N       GAIN    .       .       END=173000;SVLEN=36000;SVTYPE=GAIN;CN=4 GT:HO:GQ        ./.:0.0:60\r\n    chr11_KI270721v1_random 5000    Spectre.DUP.YB0LB1EU    N       GAIN    .       .       END=18000;SVLEN=13000;SVTYPE=GAIN;CN=4  GT:HO:GQ        ./.:0.0:60\r\n\r\nFor various reasons the tertiary analysis pipeline I am feeding the VCF into is extremely fussy about its input. It wants:\r\n\r\n\r\n- SVTYPE has to be CNV\r\n- ALT allele needs to be <CNV>\r\n- the ID field is used to determine if it is LOSS or GAIN so needs to include this text\r\n- FORMAT/CN field is required for copy number\r\n\r\nI have tried pyVCF, BCFtools and awk to convert it to look like this but can't seem to make it work... has anyone the VCF wizadary to give me any pointers please? The main issue is getting the CN from INFO to FORMAT, and adding the ID field to have LOSS/GAIN",
    "creation_date": "2024-03-22T16:29:59.364543+00:00",
    "has_accepted": false,
    "id": 590750,
    "lastedit_date": "2024-03-22T17:40:41.901501+00:00",
    "lastedit_user_uid": "55",
    "parent_id": 590750,
    "rank": 1711129042.462061,
    "reply_count": 5,
    "root_id": 590750,
    "status": "Open",
    "status_id": 1,
    "subs_count": 3,
    "tag_val": "vcf,bcftools",
    "thread_score": 3,
    "title": "Losing my mind with a VCF problem",
    "type": "Question",
    "type_id": 0,
    "uid": "9590750",
    "url": "https://www.biostars.org/p/9590750/",
    "view_count": 604,
    "vote_count": 0,
    "xhtml": "<p>Hi all</p>\n<p>I have a VCF file with the following lines:</p>\n<pre><code>#CHROM  POS     ID      REF     ALT     QUAL    FILTER  INFO    FORMAT  SAMPLE\nchr17   23197000        Spectre.DEL.7ROFFYQK    N       LOSS    .       .       END=25683000;SVLEN=2486000;SVTYPE=LOSS;CN=0     GT:HO:GQ        1/1:0.0:60\nchr18   19357000        Spectre.DEL.8B1N5YFJ    N       LOSS    .       .       END=20560000;SVLEN=1203000;SVTYPE=LOSS;CN=0     GT:HO:GQ        1/1:0.0:60\nchr1_KI270709v1_random  2000    Spectre.DUP.Y9R4QQKP    N       GAIN    .       .       END=18000;SVLEN=16000;SVTYPE=GAIN;CN=42 GT:HO:GQ        ./.:0.0:60\nchr2_KI270715v1_random  143000  Spectre.DUP.7IRZ6XDF    N       GAIN    .       .       END=160000;SVLEN=17000;SVTYPE=GAIN;CN=5 GT:HO:GQ        ./.:0.0:60\nchr9_KI270719v1_random  137000  Spectre.DUP.YC1FK3L0    N       GAIN    .       .       END=173000;SVLEN=36000;SVTYPE=GAIN;CN=4 GT:HO:GQ        ./.:0.0:60\nchr11_KI270721v1_random 5000    Spectre.DUP.YB0LB1EU    N       GAIN    .       .       END=18000;SVLEN=13000;SVTYPE=GAIN;CN=4  GT:HO:GQ        ./.:0.0:60\n</code></pre>\n<p>For various reasons the tertiary analysis pipeline I am feeding the VCF into is extremely fussy about its input. It wants:</p>\n<ul>\n<li>SVTYPE has to be CNV</li>\n<li>ALT allele needs to be &lt;CNV&gt;</li>\n<li>the ID field is used to determine if it is LOSS or GAIN so needs to include this text</li>\n<li>FORMAT/CN field is required for copy number</li>\n</ul>\n<p>I have tried pyVCF, BCFtools and awk to convert it to look like this but can't seem to make it work... has anyone the VCF wizadary to give me any pointers please? The main issue is getting the CN from INFO to FORMAT, and adding the ID field to have LOSS/GAIN</p>\n"
}