{
    "answer_count": 3,
    "author": "mauribrunner",
    "author_uid": "39672",
    "book_count": 0,
    "comment_count": 2,
    "content": "Hello,\r\n\r\nI downloaded the Clinvar database from here:\r\nftp://ftp.ncbi.nlm.nih.gov/pub/clinvar/\r\n\r\nI need to do very fast searches, integrated in a pipeline. I saw that there are files with different formats and versions, but I do not know exactly where to look for the clinical significance of my variants.\r\n\r\nHas anyone already gone through this?\r\n\r\nthank you.\r\n\r\nregards",
    "creation_date": "2019-06-05T20:53:25.392905+00:00",
    "has_accepted": false,
    "id": 370097,
    "lastedit_date": "2019-06-05T20:53:25.392905+00:00",
    "lastedit_user_uid": "39672",
    "parent_id": 370097,
    "rank": 1559768005.392905,
    "reply_count": 3,
    "root_id": 370097,
    "status": "Open",
    "status_id": 1,
    "subs_count": 2,
    "tag_val": "clinvar,offline",
    "thread_score": 2,
    "title": "how search in clinvar offline",
    "type": "Question",
    "type_id": 0,
    "uid": "383211",
    "url": "https://www.biostars.org/p/383211/",
    "view_count": 1073,
    "vote_count": 0,
    "xhtml": "<p>Hello,</p>\n\n<p>I downloaded the Clinvar database from here:\n<a rel=\"nofollow\" href=\"ftp://ftp.ncbi.nlm.nih.gov/pub/clinvar/\">ftp://ftp.ncbi.nlm.nih.gov/pub/clinvar/</a></p>\n\n<p>I need to do very fast searches, integrated in a pipeline. I saw that there are files with different formats and versions, but I do not know exactly where to look for the clinical significance of my variants.</p>\n\n<p>Has anyone already gone through this?</p>\n\n<p>thank you.</p>\n\n<p>regards</p>\n"
}