{
    "answer_count": 1,
    "author": "PeterC_NCBI",
    "author_uid": "3c7b9391",
    "book_count": 0,
    "comment_count": 2,
    "content": "This is a reminder [(previous Biostars post][1]) that if you rely on ClinVar XML files for your application or analytical pipeline, you may need to make changes to continue to use the ClinVar XML after January 29. We will be modifying the ClinVar XML to provide better support for somatic variants. See our [NCBI Insights post][2] for more details.\r\n\r\n\r\n  [1]: https://www.biostars.org/p/9574774/\r\n  [2]: https://ncbiinsights.ncbi.nlm.nih.gov/2023/09/12/clinvar-somatic-variants-changes-xml/?utm_source=biostars&utm_medium=referral&utm_campaign=clinvar-updates-20240111",
    "creation_date": "2024-01-09T18:42:31.692512+00:00",
    "has_accepted": false,
    "id": 584504,
    "lastedit_date": "2024-01-09T20:17:11.842460+00:00",
    "lastedit_user_uid": "3c7b9391",
    "parent_id": 584504,
    "rank": 1704825751.692519,
    "reply_count": 1,
    "root_id": 584504,
    "status": "Open",
    "status_id": 1,
    "subs_count": 3,
    "tag_val": "SNP,XML,ClinVar,NCBI",
    "thread_score": 0,
    "title": "Reminder: NCBI ClinVar XML update to accommodate somatic variants coming Jan 29, 2024",
    "type": "News",
    "type_id": 11,
    "uid": "9584504",
    "url": "https://www.biostars.org/p/9584504/",
    "view_count": 440,
    "vote_count": 0,
    "xhtml": "<p>This is a reminder <a href=\"https://www.biostars.org/p/9574774/\" rel=\"nofollow\">(previous Biostars post</a>) that if you rely on ClinVar XML files for your application or analytical pipeline, you may need to make changes to continue to use the ClinVar XML after January 29. We will be modifying the ClinVar XML to provide better support for somatic variants. See our <a href=\"https://ncbiinsights.ncbi.nlm.nih.gov/2023/09/12/clinvar-somatic-variants-changes-xml/?utm_source=biostars&amp;utm_medium=referral&amp;utm_campaign=clinvar-updates-20240111\" rel=\"nofollow\">NCBI Insights post</a> for more details.</p>\n"
}