{
    "answer_count": 0,
    "author": "mvab",
    "author_uid": "14466",
    "book_count": 0,
    "comment_count": 0,
    "content": "**About us**\n\nEveryone\u2019s DNA tells a story. The science team at [Living DNA][1] research and develop methods and pipelines to analyse genetic data. Living DNA products include a direct-to-consumer ancestry test based on advanced inference algorithms and a recently developed genetic family matching service. We have designed a bespoke chip and are entering an exciting phase of work to engineer new products in fitness and nutrition.\n\n**About the role**\n\nWe are seeking a candidate with strong quantitative skills and a keen interest in health genetics to join our science team as a Bioinformatician. The role will involve developing and producing genomic pipelines that analyse people\u2019s DNA, giving insight into their well being and fitness-related traits, potential health risks and nutritional opportunities.\n\n**Key responsibilities**\n\n - Identify and benchmark methods for trait prediction as well as contribute to the development of novel strategies for extracting outcomes from genetic and phenotypic data\n - Lead the design and implementation of statistical techniques to analyse and integrate large datasets\n - Build pipelines for processing and analysing genotyping data to provide insight into traits related to health, fitness, and nutrition\n - Work in close collaboration with academic partners, as well as the tech and product teams to facilitate turning science into a Living DNA health product\n - Communicate project results both verbally and in writing to scientists and non-scientists\n - Work with other members of the science team to support the existing ancestry products and operations when required\n\n**Requirements**\n\n - PhD or MSc in bioinformatics, statistical genetics, epidemiology, human population genetics, or a related discipline, or equivalent work experience\n - Data and statistics: strong skills in applied statistics, ideally including experience in some of the following: GWAS, genetic epidemiology, causal inference, machine learning\n - Coding: strong coding experience in Python and/or R. Version control in Git. SQL is a plus. Comfortable in a Unix/Linux environment. AWS/Google Cloud experience is a plus\n - Pipeline development: able to pick up the development and validation of internal pipelines\n - Product focus: passionate about consumer health and building innovative products. Experience generating and executing novel ideas\n - Culture: a history of being proactive, thorough. Able to work independently and as a part of the team\n\n**Benefits**\n\nAs part of the Living DNA family not only will you be working with amazing people who are passionate about bringing cutting edge science to people, but you will also benefit from:\n\n - Flexible working, including remote working\n - 25 days holiday per annum plus bank holidays\n - Brand new purpose built offices with on-site gym, showers and cafe (subsidised)\n - Cycle to work scheme\n - Matched pension contribution (4%)\n - Health care (cash plan after 1 year)\n\n**Getting to know us**\n\nLiving DNA is part of DNA Worldwide Group, founded in 2004, to take the complex world of science and make it understandable. Living DNA, which launched in 2016, provides direct to consumer DNA testing with a focus on helping you understand more about your ancestry and health. The purpose of the company is to help dissolve the notion of race and for society to work together as one. The company is headquartered in Frome, Somerset, UK.\n\n**Apply [HERE][2]**\n\n  [1]: https://livingdna.com/ancestry\n  [2]: https://dna-worldwide-group.workable.com/jobs/1043109",
    "creation_date": "2019-06-13T12:48:44.814646+00:00",
    "has_accepted": false,
    "id": 371272,
    "lastedit_date": "2022-12-08T20:53:34.149626+00:00",
    "lastedit_user_uid": "8494",
    "parent_id": 371272,
    "rank": 1560431061.427255,
    "reply_count": 0,
    "root_id": 371272,
    "status": "Open",
    "status_id": 1,
    "subs_count": 1,
    "tag_val": "personal-genomics,DTC",
    "thread_score": 0,
    "title": "Bioinformatician - Human Statistical Genetics",
    "type": "Job",
    "type_id": 2,
    "uid": "384491",
    "url": "https://www.biostars.org/p/384491/",
    "view_count": 2050,
    "vote_count": 0,
    "xhtml": "<p><strong>About us</strong></p>\n<p>Everyone\u2019s DNA tells a story. The science team at <a href=\"https://livingdna.com/ancestry\" rel=\"nofollow\">Living DNA</a> research and develop methods and pipelines to analyse genetic data. Living DNA products include a direct-to-consumer ancestry test based on advanced inference algorithms and a recently developed genetic family matching service. We have designed a bespoke chip and are entering an exciting phase of work to engineer new products in fitness and nutrition.</p>\n<p><strong>About the role</strong></p>\n<p>We are seeking a candidate with strong quantitative skills and a keen interest in health genetics to join our science team as a Bioinformatician. The role will involve developing and producing genomic pipelines that analyse people\u2019s DNA, giving insight into their well being and fitness-related traits, potential health risks and nutritional opportunities.</p>\n<p><strong>Key responsibilities</strong></p>\n<ul>\n<li>Identify and benchmark methods for trait prediction as well as contribute to the development of novel strategies for extracting outcomes from genetic and phenotypic data</li>\n<li>Lead the design and implementation of statistical techniques to analyse and integrate large datasets</li>\n<li>Build pipelines for processing and analysing genotyping data to provide insight into traits related to health, fitness, and nutrition</li>\n<li>Work in close collaboration with academic partners, as well as the tech and product teams to facilitate turning science into a Living DNA health product</li>\n<li>Communicate project results both verbally and in writing to scientists and non-scientists</li>\n<li>Work with other members of the science team to support the existing ancestry products and operations when required</li>\n</ul>\n<p><strong>Requirements</strong></p>\n<ul>\n<li>PhD or MSc in bioinformatics, statistical genetics, epidemiology, human population genetics, or a related discipline, or equivalent work experience</li>\n<li>Data and statistics: strong skills in applied statistics, ideally including experience in some of the following: GWAS, genetic epidemiology, causal inference, machine learning</li>\n<li>Coding: strong coding experience in Python and/or R. Version control in Git. SQL is a plus. Comfortable in a Unix/Linux environment. AWS/Google Cloud experience is a plus</li>\n<li>Pipeline development: able to pick up the development and validation of internal pipelines</li>\n<li>Product focus: passionate about consumer health and building innovative products. Experience generating and executing novel ideas</li>\n<li>Culture: a history of being proactive, thorough. Able to work independently and as a part of the team</li>\n</ul>\n<p><strong>Benefits</strong></p>\n<p>As part of the Living DNA family not only will you be working with amazing people who are passionate about bringing cutting edge science to people, but you will also benefit from:</p>\n<ul>\n<li>Flexible working, including remote working</li>\n<li>25 days holiday per annum plus bank holidays</li>\n<li>Brand new purpose built offices with on-site gym, showers and cafe (subsidised)</li>\n<li>Cycle to work scheme</li>\n<li>Matched pension contribution (4%)</li>\n<li>Health care (cash plan after 1 year)</li>\n</ul>\n<p><strong>Getting to know us</strong></p>\n<p>Living DNA is part of DNA Worldwide Group, founded in 2004, to take the complex world of science and make it understandable. Living DNA, which launched in 2016, provides direct to consumer DNA testing with a focus on helping you understand more about your ancestry and health. The purpose of the company is to help dissolve the notion of race and for society to work together as one. The company is headquartered in Frome, Somerset, UK.</p>\n<p><strong>Apply <a href=\"https://dna-worldwide-group.workable.com/jobs/1043109\" rel=\"nofollow\">HERE</a></strong></p>\n"
}