{
    "answer_count": 2,
    "author": "erik.kastman",
    "author_uid": "19717",
    "book_count": 0,
    "comment_count": 2,
    "content": "<p>I&#39;m trying to transfer annotations from an ancestral fungal genome to newly sequenced mutants, and for both speed and consistency I&#39;d like to be able to transfer annotations from the ancestor to syntenic regions on the mutants. I&#39;ve looked at Rapid Annotation Transfer Tool (<a href=\"http://ratt.sourceforge.net\">RATT</a>) and tried using their eukaryotic codon settings, but the coverage on each of the contigs is spotty - it seems to work well for the first 3rd of each contig and then fail for the remaining 2/3&#39;s, while claiming to complete successfully without any errors.</p>\r\n\r\n<p>Does anyone have suggestions on other tools for annotation transfer / liftover that are explicitly designed to be used for eukaryotic genomes? At current the <a href=\"http://omictools.com/genome-annotation-category\">omictools directory</a> only lists new annotation pipelines and not transfers. Thanks in advance,</p>\r\n\r\n<p>Erik</p>\r\n",
    "creation_date": "2016-02-11T20:41:27.908170+00:00",
    "has_accepted": false,
    "id": 169117,
    "lastedit_date": "2016-02-11T20:41:27.908170+00:00",
    "lastedit_user_uid": "19717",
    "parent_id": 169117,
    "rank": 1455223287.90817,
    "reply_count": 2,
    "root_id": 169117,
    "status": "Open",
    "status_id": 1,
    "subs_count": 1,
    "tag_val": "annotation,eukaryotic,transfer",
    "thread_score": 1,
    "title": "Eukaryotic gene annotation transfer tools",
    "type": "Question",
    "type_id": 0,
    "uid": "176664",
    "url": "https://www.biostars.org/p/176664/",
    "view_count": 2437,
    "vote_count": 1,
    "xhtml": "<p>I'm trying to transfer annotations from an ancestral fungal genome to newly sequenced mutants, and for both speed and consistency I'd like to be able to transfer annotations from the ancestor to syntenic regions on the mutants. I've looked at Rapid Annotation Transfer Tool (<a rel=\"nofollow\" href=\"http://ratt.sourceforge.net\">RATT</a>) and tried using their eukaryotic codon settings, but the coverage on each of the contigs is spotty - it seems to work well for the first 3rd of each contig and then fail for the remaining 2/3's, while claiming to complete successfully without any errors.</p>\n\n<p>Does anyone have suggestions on other tools for annotation transfer / liftover that are explicitly designed to be used for eukaryotic genomes? At current the <a rel=\"nofollow\" href=\"http://omictools.com/genome-annotation-category\">omictools directory</a> only lists new annotation pipelines and not transfers. Thanks in advance,</p>\n\n<p>Erik</p>\n"
}