{
    "answer_count": 5,
    "author": "voidnyx",
    "author_uid": "18978",
    "book_count": 1,
    "comment_count": 3,
    "content": "Hi,\n\nI was using the MAKER pipeline for gene prediction on my RNA-seq data and the pipeline worked fine. Now the output it generated is named like this:\n\n    >maker-contig-dpp-500-500-exonerate_est2genome-gene-0.0-mRNA-3 protein AED:0.24 eAED:0.24 QI:184|1|1|1|0|0|3|1049|588\n\nAs you can see its not possible to really see what gene/protein this might be. So is there an easy way to get some info for my predicted genes which existing ones they might be? Any existing program or script?\n\nThis has to be a common problem, so there have to be solutions available right?",
    "creation_date": "2015-12-09T10:23:41.642838+00:00",
    "has_accepted": false,
    "id": 161652,
    "lastedit_date": "2022-08-08T14:59:36.014936+00:00",
    "lastedit_user_uid": "8494",
    "parent_id": 161652,
    "rank": 1449700576.666577,
    "reply_count": 5,
    "root_id": 161652,
    "status": "Open",
    "status_id": 1,
    "subs_count": 4,
    "tag_val": "maker,gene-prediction",
    "thread_score": 7,
    "title": "Maker output - Easy way to find actual gene names?",
    "type": "Question",
    "type_id": 0,
    "uid": "168953",
    "url": "https://www.biostars.org/p/168953/",
    "view_count": 5061,
    "vote_count": 1,
    "xhtml": "<p>Hi,</p>\n<p>I was using the MAKER pipeline for gene prediction on my RNA-seq data and the pipeline worked fine. Now the output it generated is named like this:</p>\n<pre><code>&gt;maker-contig-dpp-500-500-exonerate_est2genome-gene-0.0-mRNA-3 protein AED:0.24 eAED:0.24 QI:184|1|1|1|0|0|3|1049|588\n</code></pre>\n<p>As you can see its not possible to really see what gene/protein this might be. So is there an easy way to get some info for my predicted genes which existing ones they might be? Any existing program or script?</p>\n<p>This has to be a common problem, so there have to be solutions available right?</p>\n"
}