{
    "answer_count": 5,
    "author": "jobinv",
    "author_uid": "5145",
    "book_count": 0,
    "comment_count": 4,
    "content": "<p>Our research facility is heading towards using more exome sequencing and RNA-sequencing in our work, i.e. stepping up to more data-intensive areas as compared to our previous focus on microarray data and primarily wet lab research. We would not be doing the sequencing itself (we would use commercial partners for this), but the analysis and interpretation would be on our table. </p>\n\n<p>However, while this is the ambition, my superiors are a bit new to this area themselves, and potentially do not have a full understanding of the demands of such an ambition; for one, on the analysis side, I am the only person working with the bioinformatics in our group, and even I have quite limited experience within the field, mainly learning as I go. This is however not all too problematic; the volume that we produce is not so very high, and I am able to get by by consulting more experienced bioinformaticians, including of course the Biostar community. </p>\n\n<p>Secondly, in terms of computational power, we have a single, humble machine for the computational work (quad core 3.30 GHz with 64 GB RAM). This also seems to be sufficient for the work that we are doing; after all, I have been able to perform complete pipelines of exome sequencing analysis, RNA-Seq analysis and microarray analysis on this computer. </p>\n\n<p>Thirdly, in terms of storage capacity, we currently have a 3 TB drive on this computer, which is rapidly filling up. This is quite obviously not enough in the long run, but my supervisor seems to be inclined towards buying new external hard drives as we need them. Based on impressions that I've picked up, I am trying to convince him that it would be much better to have an operational server. However, this would entail that we would need additional staff to be in charge of the server maintenance and regular backups. Hiring additional staff is of course very expensive, and I would need convincing arguments to present this.</p>\n\n<p>Fourthly, in terms of data management, we're currently keeping everything the old-fashioned way, with a bunch of files lying around in a bunch of folders. I would imagine that the ideal situation would be to have our data stored as a queriable database. Admittedly, I have so little knowledge with databases that I can't really make solid arguments for this position, but I do believe that such a setup would facilitate easier access and flexibility, without being able to concretely detail what I mean by that. </p>\n\n<p>My question (we finally get to this) is as follows: in what areas should we really aim to step up our game? Also, what would be convincing arguments to invest money (and effort) into doing that? Keep in mind that I have to convey these arguments to biologists, who are in charge of the big money bag.</p>\n",
    "creation_date": "2013-10-12T09:01:00.064492+00:00",
    "has_accepted": false,
    "id": 78744,
    "lastedit_date": "2013-10-12T15:01:34.531709+00:00",
    "lastedit_user_uid": "2",
    "parent_id": 78744,
    "rank": 1381590094.531709,
    "reply_count": 5,
    "root_id": 78744,
    "status": "Open",
    "status_id": 1,
    "subs_count": 2,
    "tag_val": "",
    "thread_score": 11,
    "title": "We Have The Minimum Of Everything Required For Bioinformatics Analysis; Why Do We Need More?",
    "type": "Question",
    "type_id": 0,
    "uid": "83476",
    "url": "https://www.biostars.org/p/83476/",
    "view_count": 5439,
    "vote_count": 5,
    "xhtml": "<p>Our research facility is heading towards using more exome sequencing and RNA-sequencing in our work, i.e. stepping up to more data-intensive areas as compared to our previous focus on microarray data and primarily wet lab research. We would not be doing the sequencing itself (we would use commercial partners for this), but the analysis and interpretation would be on our table. </p>\n\n<p>However, while this is the ambition, my superiors are a bit new to this area themselves, and potentially do not have a full understanding of the demands of such an ambition; for one, on the analysis side, I am the only person working with the bioinformatics in our group, and even I have quite limited experience within the field, mainly learning as I go. This is however not all too problematic; the volume that we produce is not so very high, and I am able to get by by consulting more experienced bioinformaticians, including of course the Biostar community. </p>\n\n<p>Secondly, in terms of computational power, we have a single, humble machine for the computational work (quad core 3.30 GHz with 64 GB RAM). This also seems to be sufficient for the work that we are doing; after all, I have been able to perform complete pipelines of exome sequencing analysis, RNA-Seq analysis and microarray analysis on this computer. </p>\n\n<p>Thirdly, in terms of storage capacity, we currently have a 3 TB drive on this computer, which is rapidly filling up. This is quite obviously not enough in the long run, but my supervisor seems to be inclined towards buying new external hard drives as we need them. Based on impressions that I've picked up, I am trying to convince him that it would be much better to have an operational server. However, this would entail that we would need additional staff to be in charge of the server maintenance and regular backups. Hiring additional staff is of course very expensive, and I would need convincing arguments to present this.</p>\n\n<p>Fourthly, in terms of data management, we're currently keeping everything the old-fashioned way, with a bunch of files lying around in a bunch of folders. I would imagine that the ideal situation would be to have our data stored as a queriable database. Admittedly, I have so little knowledge with databases that I can't really make solid arguments for this position, but I do believe that such a setup would facilitate easier access and flexibility, without being able to concretely detail what I mean by that. </p>\n\n<p>My question (we finally get to this) is as follows: in what areas should we really aim to step up our game? Also, what would be convincing arguments to invest money (and effort) into doing that? Keep in mind that I have to convey these arguments to biologists, who are in charge of the big money bag.</p>\n"
}