{
    "answer_count": 1,
    "author": "Julia Ma",
    "author_uid": "141610",
    "book_count": 1,
    "comment_count": 2,
    "content": "Content taken verbatim from: https://omicverse.readthedocs.io/en/latest/Tutorials-bulk/t_deg/\n\nAn important task of bulk rna-seq analysis is the different expression, which we can perform with omicverse. For different expression analysis, ov change the gene_id to gene_name of matrix first. When our dataset existed the batch effect, we can use the SizeFactors of DEseq2 to normalize it, and use t-test of wilcoxon to calculate the p-value of genes. Here we demonstrate this pipeline with a matrix from featureCounts. The same pipeline would generally be used to analyze any collection of RNA-seq tasks. \n\nColab_Reproducibility: https://colab.research.google.com/drive/1q5lDfJepbtvNtc1TKz-h4wGUifTZ3i0_?usp=sharing\n\n```py\nimport omicverse as ov\nimport pandas as pd\nimport numpy as np\nimport scanpy as sc\nimport matplotlib.pyplot as plt\nimport seaborn as sns\n\nsc.settings.verbosity = 3             # verbosity: errors (0), warnings (1), info (2), hints (3)\nsc.settings.set_figure_params(dpi=80, facecolor='white')\n```\n\n**Geneset Download**\n\nWhen we need to convert a gene id, we need to prepare a mapping pair file. Here we have pre-processed 6 genome gtf files and generated mapping pairs including T2T-CHM13, GRCh38, GRCh37, GRCm39, danRer7, and danRer11. If you need to convert other id_mapping, you can generate your own mapping using gtf Place the files in the genesets directory.\n\n```py\nov.utils.download_geneid_annotation_pair()\n\n......Geneid Annotation Pair download start: pair_GRCm39\n......Loading dataset from genesets/pair_GRCm39.tsv\n......Geneid Annotation Pair download start: pair_T2TCHM13\n......Loading dataset from genesets/pair_T2TCHM13.tsv\n......Geneid Annotation Pair download start: pair_GRCh38\n......Loading dataset from genesets/pair_GRCh38.tsv\n......Geneid Annotation Pair download start: pair_GRCh37\n......Loading dataset from genesets/pair_GRCh37.tsv\n......Geneid Annotation Pair download start: pair_danRer11\n......Loading dataset from genesets/pair_danRer11.tsv\n......Geneid Annotation Pair download start: pair_danRer7\n......Loading dataset from genesets/pair_danRer7.tsv\n......Geneid Annotation Pair download finished!\n```\n\nNote that this dataset has not been processed in any way and is only exported by featureCounts, and Sequence alignment was performed from the genome file of CRCm39\n\n```py\ndata=pd.read_csv('https://raw.githubusercontent.com/Starlitnightly/omicverse/master/sample/counts.txt',index_col=0,sep='\\t',header=1)\n#replace the columns `.bam` to `` \ndata.columns=[i.split('/')[-1].replace('.bam','') for i in data.columns]\ndata.head()\n```\n\n<!-- <style scoped=\"\">.dataframe tbody tr th:only-of-type { vertical-align: middle; } .dataframe tbody tr th { vertical-align: top; } .dataframe thead th { text-align: right; }</style> -->\n\n|  | 1--1 | 1--2 | 2--1 | 2--2 | 3--1 | 3--2 | 4--1 | 4--2 | 4-3 | 4-4 | Blank-1 | Blank-2 |\n| --- | --- | --- | --- | --- | --- | --- | --- | --- | --- | --- | --- | --- |\n| Geneid |  |  |  |  |  |  |  |  |  |  |  |  |\n| --- | --- | --- | --- | --- | --- | --- | --- | --- | --- | --- | --- | --- |\n| ENSMUSG00000102628 | 0 | 0 | 0 | 0 | 5 | 0 | 0 | 0 | 0 | 0 | 0 | 9 |\n| ENSMUSG00000100595 | 0 | 0 | 0 | 0 | 0 | 0 | 0 | 0 | 0 | 0 | 0 | 0 |\n| ENSMUSG00000097426 | 5 | 0 | 0 | 0 | 0 | 0 | 0 | 1 | 0 | 0 | 0 | 0 |\n| ENSMUSG00000104478 | 0 | 0 | 0 | 0 | 0 | 0 | 0 | 0 | 0 | 0 | 0 | 0 |\n| ENSMUSG00000104385 | 0 | 0 | 0 | 0 | 0 | 0 | 0 | 0 | 0 | 0 | 0 | 0 |\n\n\n**ID mapping**\n\nWe performed the gene_id mapping by the mapping pair file GRCm39 downloaded before.\n\n```py\ndata=ov.bulk.Matrix_ID_mapping(data,'genesets/pair_GRCm39.tsv')\ndata.head()\n```\n\n<!-- <style scoped=\"\">.dataframe tbody tr th:only-of-type { vertical-align: middle; } .dataframe tbody tr th { vertical-align: top; } .dataframe thead th { text-align: right; }</style> -->\n\n|  | 1--1 | 1--2 | 2--1 | 2--2 | 3--1 | 3--2 | 4--1 | 4--2 | 4-3 | 4-4 | Blank-1 | Blank-2 |\n| --- | --- | --- | --- | --- | --- | --- | --- | --- | --- | --- | --- | --- |\n| U1 | 0 | 0 | 0 | 0 | 0 | 0 | 0 | 0 | 0 | 0 | 0 | 0 |\n| Gm36814 | 0 | 0 | 0 | 0 | 0 | 0 | 0 | 0 | 0 | 0 | 0 | 0 |\n| 1700030A11Rik | 0 | 0 | 0 | 0 | 0 | 0 | 0 | 0 | 0 | 0 | 0 | 0 |\n| Gm3667 | 0 | 0 | 0 | 1 | 0 | 1 | 0 | 0 | 3 | 0 | 12 | 1 |\n| Gm9045 | 10 | 6 | 5 | 0 | 4 | 11 | 7 | 8 | 13 | 7 | 2 | 0 |\n\n**Different expression analysis with ov**\n\nWe can do differential expression analysis very simply by ov, simply by providing an expression matrix. To run DEG, we simply need to:\n\n- Read the raw count by featureCount or any other qualify methods.\n- Create an ov DEseq object.\n\n```py\ndds=ov.bulk.pyDEG(data)\n```\n\nWe note that the gene_name mapping before exist some duplicates, we will process the duplicate indexes to retain only the highest expressed genes\n\n```py\ndds.drop_duplicates_index()\nprint('... drop_duplicates_index success')\n\n... drop_duplicates_index success\n```\n\nWe also need to remove the batch effect of the expression matrix, estimateSizeFactors of DEseq2 to be used to normalize our matrix\n\n```py\ndds.normalize()\nprint('... estimateSizeFactors and normalize success')\n\n... estimateSizeFactors and normalize success\n```\n\nNow we can calculate the different expression gene from matrix, we need to input the treatment and control groups\n\n```py\ntreatment_groups=['4-3','4-4']\ncontrol_groups=['1--1','1--2']\nresult=dds.deg_analysis(treatment_groups,control_groups,method='ttest')\nresult.head()\n```\n\n<!-- <style scoped=\"\">.dataframe tbody tr th:only-of-type { vertical-align: middle; } .dataframe tbody tr th { vertical-align: top; } .dataframe thead th { text-align: right; }</style> -->\n\n|  | pvalue | qvalue | FoldChange | \\-log\\(pvalue\\) | \\-log\\(qvalue\\) | BaseMean | log2\\(BaseMean\\) | log2FC | abs\\(log2FC\\) | size | sig |\n| --- | --- | --- | --- | --- | --- | --- | --- | --- | --- | --- | --- |\n| U1 | NaN | 0.000000 | 1.000000 | NaN | inf | 0.000000 | \\-inf | 0.000000 | 0.000000 | 0.100000 | sig |\n| Gm36814 | NaN | 0.000000 | 1.000000 | NaN | inf | 0.000000 | \\-inf | 0.000000 | 0.000000 | 0.100000 | sig |\n| 1700030A11Rik | NaN | 0.000000 | 1.000000 | NaN | inf | 0.000000 | \\-inf | 0.000000 | 0.000000 | 0.100000 | sig |\n| Gm3667 | 0.422650 | 0.516157 | 7.290929 | 0.374019 | 0.287218 | 1.486841 | \\-0.427749 | 2.866103 | 2.866103 | 0.729093 | normal |\n| Gm9045 | 0.594931 | 0.674280 | 1.281838 | 0.225533 | 0.171160 | 17.658883 | 3.142322 | 0.358214 | 0.358214 | 0.128184 | normal |\n\n\nOne important thing is that we do not filter out low expression genes when processing DEGs, and in future versions I will consider building in the corresponding processing.\n\n```py\nprint(result.shape)\nresult=result.loc[result['log2(BaseMean)']>1]\nprint(result.shape)\n\n(54504, 11)\n(21271, 11)\n```\n\nWe also need to set the threshold of Foldchange, we prepare a method named `foldchange_set` to finish. This function automatically calculates the appropriate threshold based on the log2FC distribution, but you can also enter it manually.\n\n```py\n# -1 means automatically calculates\ndds.foldchange_set(fc_threshold=-1,\n                   pval_threshold=0.05,\n                   logp_max=6)\n\n... Fold change threshold: 1.5699872300836342\n```\n\n**Visualize the DEG result and specific genes**\n\nTo visualize the DEG result, we use plot_volcano to do it. This fuction can visualize the gene interested or high different expression genes. There are some parameters you need to input:\n\n- `title`: The title of volcano\n- `figsize`: The size of figure\n- `plot_genes`: The genes you interested\n- `plot_genes_num`: If you don't have interested genes, you can auto plot it.\n\n```py\ndds.plot_volcano(title='DEG Analysis',figsize=(4,4),\n                 plot_genes_num=8,plot_genes_fontsize=12,)\n\n<AxesSubplot: title={'center': 'DEG Analysis'}, xlabel='$log_{2}FC$', ylabel='$-log_{10}(qvalue)$'>\n```\n\n![enter image description here][1]\n\nTo visualize the specific genes, we only need to use the dds.plot_boxplot function to finish it.\n\n```py\ndds.plot_boxplot(genes=['Ckap2','Lef1'],treatment_groups=treatment_groups,\n                control_groups=control_groups,figsize=(2,3),fontsize=12,\n                 legend_bbox=(2,0.55))\n\n\n\n(<Figure size 160x240 with 1 Axes>,\n <AxesSubplot: title={'center': 'Gene Expression'}>)\n```\n\n![enter image description here][2]\n\n\n```py\ndds.plot_boxplot(genes=['Ckap2'],treatment_groups=treatment_groups,\n                control_groups=control_groups,figsize=(2,3),fontsize=12,\n                 legend_bbox=(2,0.55))\n\n(<Figure size 160x240 with 1 Axes>,\n <AxesSubplot: title={'center': 'Gene Expression'}>)\n```\n\n![enter image description here][3]\n\n**Pathway enrichment analysis by ov**\n\nHere we use the gseapy package, which included the GSEA analysis and Enrichment. We have optimised the output of the package and given some better looking graph drawing functions\n\nSimilarly, we need to download the pathway/genesets first. Five genesets we prepare previously, you can use `ov.utils.download_pathway_database()` to download automatically. Besides, you can download the pathway you interested from enrichr: [https://maayanlab.cloud/Enrichr/#libraries][4]\n\n```py\nov.utils.download_pathway_database()\n\n......Pathway Geneset download start: GO_Biological_Process_2021\n......Loading dataset from genesets/GO_Biological_Process_2021.txt\n......Pathway Geneset download start: GO_Cellular_Component_2021\n......Loading dataset from genesets/GO_Cellular_Component_2021.txt\n......Pathway Geneset download start: GO_Molecular_Function_2021\n......Loading dataset from genesets/GO_Molecular_Function_2021.txt\n......Pathway Geneset download start: WikiPathway_2021_Human\n......Loading dataset from genesets/WikiPathway_2021_Human.txt\n......Pathway Geneset download start: WikiPathways_2019_Mouse\n......Loading dataset from genesets/WikiPathways_2019_Mouse.txt\n......Pathway Geneset download start: Reactome_2022\n......Loading dataset from genesets/Reactome_2022.txt\n......Pathway Geneset download finished!\n\npathway_dict=ov.utils.geneset_prepare('genesets/WikiPathways_2019_Mouse.txt',organism='Mouse')\n```\n\nNote that the `pvalue_type` we set to auto, this is because when the genesets we enrichment if too small, use the adjusted pvalue we can't get the correct result. So you can set adjust or raw to get the significant geneset.\n\n```py\ndeg_genes=dds.result.loc[dds.result['sig']!='normal'].index.tolist()\nenr=ov.bulk.geneset_enrichment(gene_list=deg_genes,\n                                pathways_dict=pathway_dict,\n                                pvalue_type='auto',\n                                organism='mouse')\n```\n\nTo visualize the enrichment, we use `geneset_plot` to finish it\n\n```py\nov.bulk.geneset_plot(enr,figsize=(2,5),fig_title='Wiki Pathway enrichment',\n                        cmap='Reds')\n\n\n\n<AxesSubplot: title={'center': 'Wiki Pathway enrichment'}, xlabel='Fractions of genes'>\n```\n![enter image description here][5]\n\n\n  [1]: /media/images/a608e95d-521e-48ef-96fc-883f9af4\n  [2]: /media/images/47b56d84-50bc-4365-b1cc-f49274f3\n  [3]: /media/images/5b08b841-1d39-4b4b-9364-ebc1c5f7\n  [4]: https://maayanlab.cloud/Enrichr/#libraries\n  [5]: /media/images/51c35050-8507-407f-859e-b63275bf",
    "creation_date": "2024-01-10T14:59:51.081869+00:00",
    "has_accepted": false,
    "id": 584586,
    "lastedit_date": "2024-01-17T16:36:30.260461+00:00",
    "lastedit_user_uid": "8494",
    "parent_id": 584586,
    "rank": 1704898791.081877,
    "reply_count": 1,
    "root_id": 584586,
    "status": "Open",
    "status_id": 1,
    "subs_count": 2,
    "tag_val": "differential-expression,RNA-seq",
    "thread_score": 6,
    "title": "Bulk RNA-seq: Different Expression Analysis",
    "type": "Tutorial",
    "type_id": 8,
    "uid": "9584586",
    "url": "https://www.biostars.org/p/9584586/",
    "view_count": 642,
    "vote_count": 2,
    "xhtml": "<p>Content taken verbatim from: <a href=\"https://omicverse.readthedocs.io/en/latest/Tutorials-bulk/t_deg/\" rel=\"nofollow\">https://omicverse.readthedocs.io/en/latest/Tutorials-bulk/t_deg/</a></p>\n<p>An important task of bulk rna-seq analysis is the different expression, which we can perform with omicverse. For different expression analysis, ov change the gene_id to gene_name of matrix first. When our dataset existed the batch effect, we can use the SizeFactors of DEseq2 to normalize it, and use t-test of wilcoxon to calculate the p-value of genes. Here we demonstrate this pipeline with a matrix from featureCounts. The same pipeline would generally be used to analyze any collection of RNA-seq tasks.</p>\n<p>Colab_Reproducibility: <a href=\"https://colab.research.google.com/drive/1q5lDfJepbtvNtc1TKz-h4wGUifTZ3i0_?usp=sharing\" rel=\"nofollow\">https://colab.research.google.com/drive/1q5lDfJepbtvNtc1TKz-h4wGUifTZ3i0_?usp=sharing</a></p>\n<pre><code class=\"lang-py\">import omicverse as ov\nimport pandas as pd\nimport numpy as np\nimport scanpy as sc\nimport matplotlib.pyplot as plt\nimport seaborn as sns\n\nsc.settings.verbosity = 3             # verbosity: errors (0), warnings (1), info (2), hints (3)\nsc.settings.set_figure_params(dpi=80, facecolor='white')\n</code></pre>\n<p><strong>Geneset Download</strong></p>\n<p>When we need to convert a gene id, we need to prepare a mapping pair file. Here we have pre-processed 6 genome gtf files and generated mapping pairs including T2T-CHM13, GRCh38, GRCh37, GRCm39, danRer7, and danRer11. If you need to convert other id_mapping, you can generate your own mapping using gtf Place the files in the genesets directory.</p>\n<pre><code class=\"lang-py\">ov.utils.download_geneid_annotation_pair()\n\n......Geneid Annotation Pair download start: pair_GRCm39\n......Loading dataset from genesets/pair_GRCm39.tsv\n......Geneid Annotation Pair download start: pair_T2TCHM13\n......Loading dataset from genesets/pair_T2TCHM13.tsv\n......Geneid Annotation Pair download start: pair_GRCh38\n......Loading dataset from genesets/pair_GRCh38.tsv\n......Geneid Annotation Pair download start: pair_GRCh37\n......Loading dataset from genesets/pair_GRCh37.tsv\n......Geneid Annotation Pair download start: pair_danRer11\n......Loading dataset from genesets/pair_danRer11.tsv\n......Geneid Annotation Pair download start: pair_danRer7\n......Loading dataset from genesets/pair_danRer7.tsv\n......Geneid Annotation Pair download finished!\n</code></pre>\n<p>Note that this dataset has not been processed in any way and is only exported by featureCounts, and Sequence alignment was performed from the genome file of CRCm39</p>\n<pre><code class=\"lang-py\">data=pd.read_csv('https://raw.githubusercontent.com/Starlitnightly/omicverse/master/sample/counts.txt',index_col=0,sep='\\t',header=1)\n#replace the columns `.bam` to `` \ndata.columns=[i.split('/')[-1].replace('.bam','') for i in data.columns]\ndata.head()\n</code></pre>\n\n\n<table>\n<thead><tr>\n<th></th>\n<th>1--1</th>\n<th>1--2</th>\n<th>2--1</th>\n<th>2--2</th>\n<th>3--1</th>\n<th>3--2</th>\n<th>4--1</th>\n<th>4--2</th>\n<th>4-3</th>\n<th>4-4</th>\n<th>Blank-1</th>\n<th>Blank-2</th>\n</tr>\n</thead>\n<tbody>\n<tr>\n<td>Geneid</td>\n<td></td>\n<td></td>\n<td></td>\n<td></td>\n<td></td>\n<td></td>\n<td></td>\n<td></td>\n<td></td>\n<td></td>\n<td></td>\n<td></td>\n</tr>\n<tr>\n<td>---</td>\n<td>---</td>\n<td>---</td>\n<td>---</td>\n<td>---</td>\n<td>---</td>\n<td>---</td>\n<td>---</td>\n<td>---</td>\n<td>---</td>\n<td>---</td>\n<td>---</td>\n<td>---</td>\n</tr>\n<tr>\n<td>ENSMUSG00000102628</td>\n<td>0</td>\n<td>0</td>\n<td>0</td>\n<td>0</td>\n<td>5</td>\n<td>0</td>\n<td>0</td>\n<td>0</td>\n<td>0</td>\n<td>0</td>\n<td>0</td>\n<td>9</td>\n</tr>\n<tr>\n<td>ENSMUSG00000100595</td>\n<td>0</td>\n<td>0</td>\n<td>0</td>\n<td>0</td>\n<td>0</td>\n<td>0</td>\n<td>0</td>\n<td>0</td>\n<td>0</td>\n<td>0</td>\n<td>0</td>\n<td>0</td>\n</tr>\n<tr>\n<td>ENSMUSG00000097426</td>\n<td>5</td>\n<td>0</td>\n<td>0</td>\n<td>0</td>\n<td>0</td>\n<td>0</td>\n<td>0</td>\n<td>1</td>\n<td>0</td>\n<td>0</td>\n<td>0</td>\n<td>0</td>\n</tr>\n<tr>\n<td>ENSMUSG00000104478</td>\n<td>0</td>\n<td>0</td>\n<td>0</td>\n<td>0</td>\n<td>0</td>\n<td>0</td>\n<td>0</td>\n<td>0</td>\n<td>0</td>\n<td>0</td>\n<td>0</td>\n<td>0</td>\n</tr>\n<tr>\n<td>ENSMUSG00000104385</td>\n<td>0</td>\n<td>0</td>\n<td>0</td>\n<td>0</td>\n<td>0</td>\n<td>0</td>\n<td>0</td>\n<td>0</td>\n<td>0</td>\n<td>0</td>\n<td>0</td>\n<td>0</td>\n</tr>\n</tbody>\n</table>\n<p><strong>ID mapping</strong></p>\n<p>We performed the gene_id mapping by the mapping pair file GRCm39 downloaded before.</p>\n<pre><code class=\"lang-py\">data=ov.bulk.Matrix_ID_mapping(data,'genesets/pair_GRCm39.tsv')\ndata.head()\n</code></pre>\n\n\n<table>\n<thead><tr>\n<th></th>\n<th>1--1</th>\n<th>1--2</th>\n<th>2--1</th>\n<th>2--2</th>\n<th>3--1</th>\n<th>3--2</th>\n<th>4--1</th>\n<th>4--2</th>\n<th>4-3</th>\n<th>4-4</th>\n<th>Blank-1</th>\n<th>Blank-2</th>\n</tr>\n</thead>\n<tbody>\n<tr>\n<td>U1</td>\n<td>0</td>\n<td>0</td>\n<td>0</td>\n<td>0</td>\n<td>0</td>\n<td>0</td>\n<td>0</td>\n<td>0</td>\n<td>0</td>\n<td>0</td>\n<td>0</td>\n<td>0</td>\n</tr>\n<tr>\n<td>Gm36814</td>\n<td>0</td>\n<td>0</td>\n<td>0</td>\n<td>0</td>\n<td>0</td>\n<td>0</td>\n<td>0</td>\n<td>0</td>\n<td>0</td>\n<td>0</td>\n<td>0</td>\n<td>0</td>\n</tr>\n<tr>\n<td>1700030A11Rik</td>\n<td>0</td>\n<td>0</td>\n<td>0</td>\n<td>0</td>\n<td>0</td>\n<td>0</td>\n<td>0</td>\n<td>0</td>\n<td>0</td>\n<td>0</td>\n<td>0</td>\n<td>0</td>\n</tr>\n<tr>\n<td>Gm3667</td>\n<td>0</td>\n<td>0</td>\n<td>0</td>\n<td>1</td>\n<td>0</td>\n<td>1</td>\n<td>0</td>\n<td>0</td>\n<td>3</td>\n<td>0</td>\n<td>12</td>\n<td>1</td>\n</tr>\n<tr>\n<td>Gm9045</td>\n<td>10</td>\n<td>6</td>\n<td>5</td>\n<td>0</td>\n<td>4</td>\n<td>11</td>\n<td>7</td>\n<td>8</td>\n<td>13</td>\n<td>7</td>\n<td>2</td>\n<td>0</td>\n</tr>\n</tbody>\n</table>\n<p><strong>Different expression analysis with ov</strong></p>\n<p>We can do differential expression analysis very simply by ov, simply by providing an expression matrix. To run DEG, we simply need to:</p>\n<ul>\n<li>Read the raw count by featureCount or any other qualify methods.</li>\n<li>Create an ov DEseq object.</li>\n</ul>\n<pre><code class=\"lang-py\">dds=ov.bulk.pyDEG(data)\n</code></pre>\n<p>We note that the gene_name mapping before exist some duplicates, we will process the duplicate indexes to retain only the highest expressed genes</p>\n<pre><code class=\"lang-py\">dds.drop_duplicates_index()\nprint('... drop_duplicates_index success')\n\n... drop_duplicates_index success\n</code></pre>\n<p>We also need to remove the batch effect of the expression matrix, estimateSizeFactors of DEseq2 to be used to normalize our matrix</p>\n<pre><code class=\"lang-py\">dds.normalize()\nprint('... estimateSizeFactors and normalize success')\n\n... estimateSizeFactors and normalize success\n</code></pre>\n<p>Now we can calculate the different expression gene from matrix, we need to input the treatment and control groups</p>\n<pre><code class=\"lang-py\">treatment_groups=['4-3','4-4']\ncontrol_groups=['1--1','1--2']\nresult=dds.deg_analysis(treatment_groups,control_groups,method='ttest')\nresult.head()\n</code></pre>\n\n\n<table>\n<thead><tr>\n<th></th>\n<th>pvalue</th>\n<th>qvalue</th>\n<th>FoldChange</th>\n<th>-log(pvalue)</th>\n<th>-log(qvalue)</th>\n<th>BaseMean</th>\n<th>log2(BaseMean)</th>\n<th>log2FC</th>\n<th>abs(log2FC)</th>\n<th>size</th>\n<th>sig</th>\n</tr>\n</thead>\n<tbody>\n<tr>\n<td>U1</td>\n<td>NaN</td>\n<td>0.000000</td>\n<td>1.000000</td>\n<td>NaN</td>\n<td>inf</td>\n<td>0.000000</td>\n<td>-inf</td>\n<td>0.000000</td>\n<td>0.000000</td>\n<td>0.100000</td>\n<td>sig</td>\n</tr>\n<tr>\n<td>Gm36814</td>\n<td>NaN</td>\n<td>0.000000</td>\n<td>1.000000</td>\n<td>NaN</td>\n<td>inf</td>\n<td>0.000000</td>\n<td>-inf</td>\n<td>0.000000</td>\n<td>0.000000</td>\n<td>0.100000</td>\n<td>sig</td>\n</tr>\n<tr>\n<td>1700030A11Rik</td>\n<td>NaN</td>\n<td>0.000000</td>\n<td>1.000000</td>\n<td>NaN</td>\n<td>inf</td>\n<td>0.000000</td>\n<td>-inf</td>\n<td>0.000000</td>\n<td>0.000000</td>\n<td>0.100000</td>\n<td>sig</td>\n</tr>\n<tr>\n<td>Gm3667</td>\n<td>0.422650</td>\n<td>0.516157</td>\n<td>7.290929</td>\n<td>0.374019</td>\n<td>0.287218</td>\n<td>1.486841</td>\n<td>-0.427749</td>\n<td>2.866103</td>\n<td>2.866103</td>\n<td>0.729093</td>\n<td>normal</td>\n</tr>\n<tr>\n<td>Gm9045</td>\n<td>0.594931</td>\n<td>0.674280</td>\n<td>1.281838</td>\n<td>0.225533</td>\n<td>0.171160</td>\n<td>17.658883</td>\n<td>3.142322</td>\n<td>0.358214</td>\n<td>0.358214</td>\n<td>0.128184</td>\n<td>normal</td>\n</tr>\n</tbody>\n</table>\n<p>One important thing is that we do not filter out low expression genes when processing DEGs, and in future versions I will consider building in the corresponding processing.</p>\n<pre><code class=\"lang-py\">print(result.shape)\nresult=result.loc[result['log2(BaseMean)']&gt;1]\nprint(result.shape)\n\n(54504, 11)\n(21271, 11)\n</code></pre>\n<p>We also need to set the threshold of Foldchange, we prepare a method named <code>foldchange_set</code> to finish. This function automatically calculates the appropriate threshold based on the log2FC distribution, but you can also enter it manually.</p>\n<pre><code class=\"lang-py\"># -1 means automatically calculates\ndds.foldchange_set(fc_threshold=-1,\n                   pval_threshold=0.05,\n                   logp_max=6)\n\n... Fold change threshold: 1.5699872300836342\n</code></pre>\n<p><strong>Visualize the DEG result and specific genes</strong></p>\n<p>To visualize the DEG result, we use plot_volcano to do it. This fuction can visualize the gene interested or high different expression genes. There are some parameters you need to input:</p>\n<ul>\n<li><code>title</code>: The title of volcano</li>\n<li><code>figsize</code>: The size of figure</li>\n<li><code>plot_genes</code>: The genes you interested</li>\n<li><code>plot_genes_num</code>: If you don't have interested genes, you can auto plot it.</li>\n</ul>\n<pre><code class=\"lang-py\">dds.plot_volcano(title='DEG Analysis',figsize=(4,4),\n                 plot_genes_num=8,plot_genes_fontsize=12,)\n\n&lt;AxesSubplot: title={'center': 'DEG Analysis'}, xlabel='$log_{2}FC$', ylabel='$-log_{10}(qvalue)$'&gt;\n</code></pre>\n<p><img alt=\"enter image description here\" src=\"/media/images/a608e95d-521e-48ef-96fc-883f9af4\"></p>\n<p>To visualize the specific genes, we only need to use the dds.plot_boxplot function to finish it.</p>\n<pre><code class=\"lang-py\">dds.plot_boxplot(genes=['Ckap2','Lef1'],treatment_groups=treatment_groups,\n                control_groups=control_groups,figsize=(2,3),fontsize=12,\n                 legend_bbox=(2,0.55))\n\n\n\n(&lt;Figure size 160x240 with 1 Axes&gt;,\n &lt;AxesSubplot: title={'center': 'Gene Expression'}&gt;)\n</code></pre>\n<p><img alt=\"enter image description here\" src=\"/media/images/47b56d84-50bc-4365-b1cc-f49274f3\"></p>\n<pre><code class=\"lang-py\">dds.plot_boxplot(genes=['Ckap2'],treatment_groups=treatment_groups,\n                control_groups=control_groups,figsize=(2,3),fontsize=12,\n                 legend_bbox=(2,0.55))\n\n(&lt;Figure size 160x240 with 1 Axes&gt;,\n &lt;AxesSubplot: title={'center': 'Gene Expression'}&gt;)\n</code></pre>\n<p><img alt=\"enter image description here\" src=\"/media/images/5b08b841-1d39-4b4b-9364-ebc1c5f7\"></p>\n<p><strong>Pathway enrichment analysis by ov</strong></p>\n<p>Here we use the gseapy package, which included the GSEA analysis and Enrichment. We have optimised the output of the package and given some better looking graph drawing functions</p>\n<p>Similarly, we need to download the pathway/genesets first. Five genesets we prepare previously, you can use <code>ov.utils.download_pathway_database()</code> to download automatically. Besides, you can download the pathway you interested from enrichr: <a href=\"https://maayanlab.cloud/Enrichr/#libraries\" rel=\"nofollow\">https://maayanlab.cloud/Enrichr/#libraries</a></p>\n<pre><code class=\"lang-py\">ov.utils.download_pathway_database()\n\n......Pathway Geneset download start: GO_Biological_Process_2021\n......Loading dataset from genesets/GO_Biological_Process_2021.txt\n......Pathway Geneset download start: GO_Cellular_Component_2021\n......Loading dataset from genesets/GO_Cellular_Component_2021.txt\n......Pathway Geneset download start: GO_Molecular_Function_2021\n......Loading dataset from genesets/GO_Molecular_Function_2021.txt\n......Pathway Geneset download start: WikiPathway_2021_Human\n......Loading dataset from genesets/WikiPathway_2021_Human.txt\n......Pathway Geneset download start: WikiPathways_2019_Mouse\n......Loading dataset from genesets/WikiPathways_2019_Mouse.txt\n......Pathway Geneset download start: Reactome_2022\n......Loading dataset from genesets/Reactome_2022.txt\n......Pathway Geneset download finished!\n\npathway_dict=ov.utils.geneset_prepare('genesets/WikiPathways_2019_Mouse.txt',organism='Mouse')\n</code></pre>\n<p>Note that the <code>pvalue_type</code> we set to auto, this is because when the genesets we enrichment if too small, use the adjusted pvalue we can't get the correct result. So you can set adjust or raw to get the significant geneset.</p>\n<pre><code class=\"lang-py\">deg_genes=dds.result.loc[dds.result['sig']!='normal'].index.tolist()\nenr=ov.bulk.geneset_enrichment(gene_list=deg_genes,\n                                pathways_dict=pathway_dict,\n                                pvalue_type='auto',\n                                organism='mouse')\n</code></pre>\n<p>To visualize the enrichment, we use <code>geneset_plot</code> to finish it</p>\n<pre><code class=\"lang-py\">ov.bulk.geneset_plot(enr,figsize=(2,5),fig_title='Wiki Pathway enrichment',\n                        cmap='Reds')\n\n\n\n&lt;AxesSubplot: title={'center': 'Wiki Pathway enrichment'}, xlabel='Fractions of genes'&gt;\n</code></pre>\n<p><img alt=\"enter image description here\" src=\"/media/images/51c35050-8507-407f-859e-b63275bf\"></p>\n"
}