{
    "answer_count": 1,
    "author": "colindaven",
    "author_uid": "29107",
    "book_count": 0,
    "comment_count": 1,
    "content": "As a user and developer I am grateful for all the efficient, clever and really helpful tools and pipelines put out there by the community. I'd like to use this page to suggest any open questions from my point of view, i.e **gaps in the field** where talented developers might want to try their hand and build something new. We have enough short read aligners for example, and don't really need more.\n\nIt would be interesting to see what others think, so please contribute - this is an incomplete list.\n\n**Pangenomes**\n\n**Pangenome short read alignment vs pangenomic reference sequences constructed by PGGB**\n\nProblem : the most typical use case for pangenomics is to build a pangenome from finished high quality ref sequences with a tool like PGGB, and then map reads against it and call SNPs. This is not too well developed yet - I struggle to map 2 million reads against a complex GFA file from Arabidopsis over 24+ hours. Which vg giraffe (short reads only) and GraphAligner (long and short reads) do exist, especially vg giraffe is too inefficient against these complex graphs. The read mapping is necessary if I want to genotype (or even call new SNPs, SVs) short read datasets against a pangenome.\n\n\n**Pangenome SNP and indel calling**\n\nAFAIK only vg call, Paragraph and GraphTyper exist (please add more). vg call is the most popular to my knowledge, but cannot perform multi-sample SNP calling. There is a big gap for potential new tools here.\n\n\n**Genomes**\n\n**Short read alignments vs multiple haplotypes/different genomes**\n\nAFAIK there are no linear reference mapping tools and concepts which can map to a diploid genome (human 6 GB, not 3GB) with both haplotypes included in the fasta reference. In future, are we going to have to map everything to pangenomes? \n\nbwa mem is \"Alt-aware\" for patched regions of the human genome only, where variant calling performance can be improved by using the patched version. However, mapping quality filters lead to major problems due to ignored/masked reads from whole regions when using these patches/alts for other applications, such as chip-seq, rna-seq etc.\n\n",
    "creation_date": "2023-03-09T14:07:00.236344+00:00",
    "has_accepted": false,
    "id": 556861,
    "lastedit_date": "2023-03-09T14:34:37.164297+00:00",
    "lastedit_user_uid": "18713",
    "parent_id": 556861,
    "rank": 1678370820.236354,
    "reply_count": 1,
    "root_id": 556861,
    "status": "Open",
    "status_id": 1,
    "subs_count": 2,
    "tag_val": "genomics,pangenomics",
    "thread_score": 4,
    "title": "Open problems in genomics 2023",
    "type": "Forum",
    "type_id": 3,
    "uid": "9556861",
    "url": "https://www.biostars.org/p/9556861/",
    "view_count": 910,
    "vote_count": 2,
    "xhtml": "<p>As a user and developer I am grateful for all the efficient, clever and really helpful tools and pipelines put out there by the community. I'd like to use this page to suggest any open questions from my point of view, i.e <strong>gaps in the field</strong> where talented developers might want to try their hand and build something new. We have enough short read aligners for example, and don't really need more.</p>\n<p>It would be interesting to see what others think, so please contribute - this is an incomplete list.</p>\n<p><strong>Pangenomes</strong></p>\n<p><strong>Pangenome short read alignment vs pangenomic reference sequences constructed by PGGB</strong></p>\n<p>Problem : the most typical use case for pangenomics is to build a pangenome from finished high quality ref sequences with a tool like PGGB, and then map reads against it and call SNPs. This is not too well developed yet - I struggle to map 2 million reads against a complex GFA file from Arabidopsis over 24+ hours. Which vg giraffe (short reads only) and GraphAligner (long and short reads) do exist, especially vg giraffe is too inefficient against these complex graphs. The read mapping is necessary if I want to genotype (or even call new SNPs, SVs) short read datasets against a pangenome.</p>\n<p><strong>Pangenome SNP and indel calling</strong></p>\n<p>AFAIK only vg call, Paragraph and GraphTyper exist (please add more). vg call is the most popular to my knowledge, but cannot perform multi-sample SNP calling. There is a big gap for potential new tools here.</p>\n<p><strong>Genomes</strong></p>\n<p><strong>Short read alignments vs multiple haplotypes/different genomes</strong></p>\n<p>AFAIK there are no linear reference mapping tools and concepts which can map to a diploid genome (human 6 GB, not 3GB) with both haplotypes included in the fasta reference. In future, are we going to have to map everything to pangenomes?</p>\n<p>bwa mem is \"Alt-aware\" for patched regions of the human genome only, where variant calling performance can be improved by using the patched version. However, mapping quality filters lead to major problems due to ignored/masked reads from whole regions when using these patches/alts for other applications, such as chip-seq, rna-seq etc.</p>\n"
}