{
    "answer_count": 0,
    "author": "Richard",
    "author_uid": "4015",
    "book_count": 0,
    "comment_count": 0,
    "content": "Hi all,\n\nI've seen that BWA now provides some analysis tools to help take advantage of alt contigs in the the human reference.\n\nIf one was interested in including the alt contigs in analysis, are there any other aligners/variant callers that could be collected into an alt-aware pipeline?\n\nFrom what I can tell, BWA seems to be the only tool to deal the presence of alt contigs specifically, though I'm hoping there are others out there that I'm missing.",
    "creation_date": "2015-05-26T15:43:04.950184+00:00",
    "has_accepted": false,
    "id": 137314,
    "lastedit_date": "2023-01-09T18:47:27.136014+00:00",
    "lastedit_user_uid": "8494",
    "parent_id": 137314,
    "rank": 1432654984.950184,
    "reply_count": 0,
    "root_id": 137314,
    "status": "Open",
    "status_id": 1,
    "subs_count": 1,
    "tag_val": "alt-contigs",
    "thread_score": 0,
    "title": "alt aware analysis tools?",
    "type": "Question",
    "type_id": 0,
    "uid": "143951",
    "url": "https://www.biostars.org/p/143951/",
    "view_count": 2094,
    "vote_count": 0,
    "xhtml": "<p>Hi all,</p>\n<p>I've seen that BWA now provides some analysis tools to help take advantage of alt contigs in the the human reference.</p>\n<p>If one was interested in including the alt contigs in analysis, are there any other aligners/variant callers that could be collected into an alt-aware pipeline?</p>\n<p>From what I can tell, BWA seems to be the only tool to deal the presence of alt contigs specifically, though I'm hoping there are others out there that I'm missing.</p>\n"
}