{
    "answer_count": 2,
    "author": "Sudhir Jadhao",
    "author_uid": "14878",
    "book_count": 0,
    "comment_count": 2,
    "content": "Hello Everyone,\r\n\r\nI am calling germline mutation using BWA and GATK pipeline.\r\n\r\nRHD and RHCE gene share 97% homology.\r\n\r\nThe exon2 and exon8 of these genes are identical. So there is a high chance that the reads from these regions may map to each other and call false negative SNPs\r\n\r\nHow can I differentiate the true mapping read for each gene? \r\n\r\nHow to deal with identical exon region of Homologs gene for variant calling?\r\n\r\nOR\r\n\r\nAre these things taken care of by BWA and GATK pipeline\r\n\r\nThank you in advance\r\n\r\n\r\n\r\n",
    "creation_date": "2019-02-11T09:27:02.466099+00:00",
    "has_accepted": false,
    "id": 351332,
    "lastedit_date": "2019-02-11T09:32:04.872563+00:00",
    "lastedit_user_uid": "14878",
    "parent_id": 351332,
    "rank": 1549877524.872563,
    "reply_count": 2,
    "root_id": 351332,
    "status": "Open",
    "status_id": 1,
    "subs_count": 1,
    "tag_val": "genome,alignment,SNP,homolog,identical exon",
    "thread_score": 0,
    "title": "SNP calling in Identical exons of two different genes",
    "type": "Question",
    "type_id": 0,
    "uid": "363213",
    "url": "https://www.biostars.org/p/363213/",
    "view_count": 1028,
    "vote_count": 0,
    "xhtml": "<p>Hello Everyone,</p>\n\n<p>I am calling germline mutation using BWA and GATK pipeline.</p>\n\n<p>RHD and RHCE gene share 97% homology.</p>\n\n<p>The exon2 and exon8 of these genes are identical. So there is a high chance that the reads from these regions may map to each other and call false negative SNPs</p>\n\n<p>How can I differentiate the true mapping read for each gene? </p>\n\n<p>How to deal with identical exon region of Homologs gene for variant calling?</p>\n\n<p>OR</p>\n\n<p>Are these things taken care of by BWA and GATK pipeline</p>\n\n<p>Thank you in advance</p>\n"
}