{
    "answer_count": 0,
    "author": "jmnz22",
    "author_uid": "107817",
    "book_count": 0,
    "comment_count": 0,
    "content": "Hi! does anyone know any pipeline to perform SV to detect translocations from a scDNA-seq bam file?\r\n\r\nThanks!\r\n",
    "creation_date": "2022-04-13T13:56:30.746844+00:00",
    "has_accepted": false,
    "id": 518955,
    "lastedit_date": "2022-04-13T13:56:30.746859+00:00",
    "lastedit_user_uid": "107817",
    "parent_id": 518955,
    "rank": 1649858190.746859,
    "reply_count": 0,
    "root_id": 518955,
    "status": "Open",
    "status_id": 1,
    "subs_count": 1,
    "tag_val": "targeted,scDNA-seq,tapestry,genomics,single-cell,mosaic",
    "thread_score": 0,
    "title": "pipeline for structuctural variants on targeted single-cell DNA-seq",
    "type": "Question",
    "type_id": 0,
    "uid": "9518955",
    "url": "https://www.biostars.org/p/9518955/",
    "view_count": 320,
    "vote_count": 0,
    "xhtml": "<p>Hi! does anyone know any pipeline to perform SV to detect translocations from a scDNA-seq bam file?</p>\n<p>Thanks!</p>\n"
}