{
    "answer_count": 0,
    "author": "nankos77",
    "author_uid": "115378",
    "book_count": 0,
    "comment_count": 0,
    "content": "I need to set up a pipeline using https://pgsc-calc.readthedocs.io/en/latest/#\r\n",
    "creation_date": "2022-10-24T13:11:09.409926+00:00",
    "has_accepted": false,
    "id": 542674,
    "lastedit_date": "2022-10-24T13:11:09.409937+00:00",
    "lastedit_user_uid": "115378",
    "parent_id": 542674,
    "rank": 1666617069.409937,
    "reply_count": 0,
    "root_id": 542674,
    "status": "Deleted",
    "status_id": 4,
    "subs_count": 1,
    "tag_val": "PGSCatalog,nexflow",
    "thread_score": 0,
    "title": "Set up bioinformatic pipeline",
    "type": "Job",
    "type_id": 2,
    "uid": "9542674",
    "url": "https://www.biostars.org/p/9542674/",
    "view_count": 97,
    "vote_count": 0,
    "xhtml": "<p>I need to set up a pipeline using <a href=\"https://pgsc-calc.readthedocs.io/en/latest/#\" rel=\"nofollow\">https://pgsc-calc.readthedocs.io/en/latest/#</a></p>\n"
}