{
    "answer_count": 7,
    "author": "reany",
    "author_uid": "31144",
    "book_count": 0,
    "comment_count": 7,
    "content": "I get an error when i run cnvkit from bam file, but run successfully from fastq file in virtual machine. Hoping someone will give a hand, thankx.The error and script like blow:\r\n\r\n    cnvkit.py batch RNDHD701_180904_041701.bam -r  my.reference.cnn -d RNDHD701P04_180904_041701_ANALYSIS/cnv -p 16\r\n\r\n---\r\n    Exception in thread Thread-2: Traceback (most recent call last):   File \"/usr/lib64/python2.7/threading.py\", line 812, in\r\n    __bootstrap_inner\r\n        self.run()   File \"/usr/lib64/python2.7/threading.py\", line 765, in run\r\n        self.__target(*self.__args, **self.__kwargs)   File \"/mnt/pipeline-programs/Python_packages/python/lib/python2.7/site-packages/concurrent/futures/process.py\", line 208, in _queue_management_worker\r\n        result_item = result_queue.get(block=True)   File \"/usr/lib64/python2.7/multiprocessing/queues.py\", line 117, in get\r\n        res = self._recv() TypeError: ('__init__() takes exactly 2 arguments (1 given)', <class 'pysam.utils.SamtoolsError'>, ())\r\n\r\n\r\n----------\r\n\r\n\r\n\r\n",
    "creation_date": "2018-09-04T09:56:43.151840+00:00",
    "has_accepted": false,
    "id": 325002,
    "lastedit_date": "2018-09-04T10:41:27.157703+00:00",
    "lastedit_user_uid": "37605",
    "parent_id": 325002,
    "rank": 1536057687.157703,
    "reply_count": 7,
    "root_id": 325002,
    "status": "Open",
    "status_id": 1,
    "subs_count": 1,
    "tag_val": "software error,cnvkit",
    "thread_score": 1,
    "title": "Error : run cnvkit from bam",
    "type": "Question",
    "type_id": 0,
    "uid": "336033",
    "url": "https://www.biostars.org/p/336033/",
    "view_count": 1886,
    "vote_count": 0,
    "xhtml": "<p>I get an error when i run cnvkit from bam file, but run successfully from fastq file in virtual machine. Hoping someone will give a hand, thankx.The error and script like blow:</p>\n\n<pre class=\"pre\"><code class=\"language-bash\">cnvkit.py batch RNDHD701_180904_041701.bam -r  my.reference.cnn -d RNDHD701P04_180904_041701_ANALYSIS/cnv -p 16\n</code></pre>\n\n<hr>\n\n<pre class=\"pre\"><code class=\"language-bash\">Exception in thread Thread-2: Traceback (most recent call last):   File \"/usr/lib64/python2.7/threading.py\", line 812, in\n__bootstrap_inner\n    self.run()   File \"/usr/lib64/python2.7/threading.py\", line 765, in run\n    self.__target(*self.__args, **self.__kwargs)   File \"/mnt/pipeline-programs/Python_packages/python/lib/python2.7/site-packages/concurrent/futures/process.py\", line 208, in _queue_management_worker\n    result_item = result_queue.get(block=True)   File \"/usr/lib64/python2.7/multiprocessing/queues.py\", line 117, in get\n    res = self._recv() TypeError: ('__init__() takes exactly 2 arguments (1 given)', &lt;class 'pysam.utils.SamtoolsError'&gt;, ())\n</code></pre>\n\n<hr>\n"
}