{
    "answer_count": 1,
    "author": "jose.wo",
    "author_uid": "65390",
    "book_count": 0,
    "comment_count": 0,
    "content": "Hello all,\r\n\r\nI've been using the topGO package from the bioconductor to do GSEA. Today I compared the results of topGO with those using panther with defaults. I general they are more or less the same but some of the GOTerms from panther GSEA are more meaningful for my analysis. I could use panther but I would prefer to use R/Bioconductor so I can pipeline my analysis more easily.\r\n\r\nThis is the code I used in R:\r\n\r\n    selection <- function(allScore){return(allScore < 0.05)}\r\n    \r\n    GOdata <- new(\"topGOdata\",\r\n                   ontology      = \"BP\",\r\n                   allGenes      = IdentifiedGenesVector, \r\n                   geneSel       = selection,\r\n                   nodeSize      = 5,\r\n                   annotationFun = annFUN.org,\r\n                   mapping       = \"org.Hs.eg.db\",\r\n                   ID            = \"symbol\")\r\n\r\nAnd this are the first few genes I want to analyze:\r\n\r\n    head(IdentifiedGenesVector)\r\n    RP11-27K13.3   AC021224.1        ALCAM      ALDH1A1        DHRS9        IFI27\r\n             0.04         0.04         0.04         0.04         0.04         0.04\r\n\r\nCan I use panther's mapping in topGO?\r\n\r\nIs there any other gene-to-GO mapping that I could try? \r\n\r\nIs there a generally accepted mapping to use?\r\n\r\nI have seen in many posts that many people cast their own mapping list but I'm not sure how I would do this.\r\n\r\nThanks a lot, Jose.",
    "creation_date": "2020-05-14T14:27:21.418366+00:00",
    "has_accepted": false,
    "id": 418398,
    "lastedit_date": "2020-05-30T19:39:35.583626+00:00",
    "lastedit_user_uid": "41557",
    "parent_id": 418398,
    "rank": 1590867575.583626,
    "reply_count": 1,
    "root_id": 418398,
    "status": "Open",
    "status_id": 1,
    "subs_count": 1,
    "tag_val": "topGO,GSEA,R,gen to GO mapping",
    "thread_score": 0,
    "title": "gene-to-GO mappings with topGO gene set enrichment analysis",
    "type": "Question",
    "type_id": 0,
    "uid": "438143",
    "url": "https://www.biostars.org/p/438143/",
    "view_count": 1868,
    "vote_count": 0,
    "xhtml": "<p>Hello all,</p>\n\n<p>I've been using the topGO package from the bioconductor to do GSEA. Today I compared the results of topGO with those using panther with defaults. I general they are more or less the same but some of the GOTerms from panther GSEA are more meaningful for my analysis. I could use panther but I would prefer to use R/Bioconductor so I can pipeline my analysis more easily.</p>\n\n<p>This is the code I used in R:</p>\n\n<pre class=\"pre\"><code class=\"language-bash\">selection &lt;- function(allScore){return(allScore &lt; 0.05)}\n\nGOdata &lt;- new(\"topGOdata\",\n               ontology      = \"BP\",\n               allGenes      = IdentifiedGenesVector, \n               geneSel       = selection,\n               nodeSize      = 5,\n               annotationFun = annFUN.org,\n               mapping       = \"org.Hs.eg.db\",\n               ID            = \"symbol\")\n</code></pre>\n\n<p>And this are the first few genes I want to analyze:</p>\n\n<pre class=\"pre\"><code class=\"language-bash\">head(IdentifiedGenesVector)\nRP11-27K13.3   AC021224.1        ALCAM      ALDH1A1        DHRS9        IFI27\n         0.04         0.04         0.04         0.04         0.04         0.04\n</code></pre>\n\n<p>Can I use panther's mapping in topGO?</p>\n\n<p>Is there any other gene-to-GO mapping that I could try? </p>\n\n<p>Is there a generally accepted mapping to use?</p>\n\n<p>I have seen in many posts that many people cast their own mapping list but I'm not sure how I would do this.</p>\n\n<p>Thanks a lot, Jose.</p>\n"
}