{
    "answer_count": 1,
    "author": "david.hidalgo",
    "author_uid": "79332",
    "book_count": 0,
    "comment_count": 1,
    "content": "CITRE, based in Seville, Spain, is Bristol-Myers Squibb\u2019s research institute in Europe, and link to the European research community. Informatics & Predictive Sciences at CITRE performs innovative computational research to inform decisions across all stages of drug development. Areas of research include computational and network biology, machine/deep learning, cheminformatics, predictive modeling, patient stratification, and method development for analysis and interpretation of biological and real-world data. In close collaboration with our in-house laboratory, we look to set a new standard in rational design of novel targeted therapies for well-defined patient segments.\n\nWe are looking for an enthusiastic, creative and collaborative Research Scientist, Computational Biology Methods to join a multi-disciplinary team to:\n\n - Develop and apply innovative computational approaches to gain insights from complex and multidimensional large-scale biological datasets in cancer and other disease areas.\n - Identify and adapt optimal analysis methods for studies into target identification, elucidation of mechanisms, patient selection and patient stratification\n - Implement statistical frameworks for e.g. integrative analysis of varied data, network-based inference, interrogating single cell data\n - Apply the methods to inform the clinical development of pipeline compounds and the discovery of novel therapies\n\n**Requirements**:\n\n - PhD in a relevant discipline, accompanied by original research publications.\n - Expertise in scripting/programming (e.g. R, Matlab, Python or others) and relevant libraries and software (e.g. Bioconductor).\n - Advanced mathematical and statistical skills. Machine learning expertise a plus.\n - Familiarity with methods for high-throughput biological data, e.g. RNA-seq, WGS/WES, ChIP-seq, proteomics, etc\n - Experience with high-performance computing, including cloud computing, would be advantageous\n - Attention to detail and capacity to communicate technical/scientific concepts clearly and concisely to audiences of varied backgrounds.\n - Verbal and written English language fluency.\n\nPlease, attach a cover letter with your motivation for applying to this role, this would be highly appreciated in order to consider your profile for this opportunity.\n\nThe position advertised is fixed-term (24 months) and based in Seville, Spain. These positions present a unique opportunity to experience research in an industry setting and to contribute to helping patients with unmet medical need, while performing cutting-edge research and maintaining close ties to academia.",
    "creation_date": "2020-10-29T15:26:47.859261+00:00",
    "has_accepted": false,
    "id": 442326,
    "lastedit_date": "2023-06-13T15:03:15.002431+00:00",
    "lastedit_user_uid": "8494",
    "parent_id": 442326,
    "rank": 1603985293.871808,
    "reply_count": 1,
    "root_id": 442326,
    "status": "Open",
    "status_id": 1,
    "subs_count": 1,
    "tag_val": "Computational-Biology-Methods",
    "thread_score": 1,
    "title": "Research Scientist, Computational Biology Methods (Seville, Spain)",
    "type": "Job",
    "type_id": 2,
    "uid": "470199",
    "url": "https://www.biostars.org/p/470199/",
    "view_count": 664,
    "vote_count": 1,
    "xhtml": "<p>CITRE, based in Seville, Spain, is Bristol-Myers Squibb\u2019s research institute in Europe, and link to the European research community. Informatics &amp; Predictive Sciences at CITRE performs innovative computational research to inform decisions across all stages of drug development. Areas of research include computational and network biology, machine/deep learning, cheminformatics, predictive modeling, patient stratification, and method development for analysis and interpretation of biological and real-world data. In close collaboration with our in-house laboratory, we look to set a new standard in rational design of novel targeted therapies for well-defined patient segments.</p>\n<p>We are looking for an enthusiastic, creative and collaborative Research Scientist, Computational Biology Methods to join a multi-disciplinary team to:</p>\n<ul>\n<li>Develop and apply innovative computational approaches to gain insights from complex and multidimensional large-scale biological datasets in cancer and other disease areas.</li>\n<li>Identify and adapt optimal analysis methods for studies into target identification, elucidation of mechanisms, patient selection and patient stratification</li>\n<li>Implement statistical frameworks for e.g. integrative analysis of varied data, network-based inference, interrogating single cell data</li>\n<li>Apply the methods to inform the clinical development of pipeline compounds and the discovery of novel therapies</li>\n</ul>\n<p><strong>Requirements</strong>:</p>\n<ul>\n<li>PhD in a relevant discipline, accompanied by original research publications.</li>\n<li>Expertise in scripting/programming (e.g. R, Matlab, Python or others) and relevant libraries and software (e.g. Bioconductor).</li>\n<li>Advanced mathematical and statistical skills. Machine learning expertise a plus.</li>\n<li>Familiarity with methods for high-throughput biological data, e.g. RNA-seq, WGS/WES, ChIP-seq, proteomics, etc</li>\n<li>Experience with high-performance computing, including cloud computing, would be advantageous</li>\n<li>Attention to detail and capacity to communicate technical/scientific concepts clearly and concisely to audiences of varied backgrounds.</li>\n<li>Verbal and written English language fluency.</li>\n</ul>\n<p>Please, attach a cover letter with your motivation for applying to this role, this would be highly appreciated in order to consider your profile for this opportunity.</p>\n<p>The position advertised is fixed-term (24 months) and based in Seville, Spain. These positions present a unique opportunity to experience research in an industry setting and to contribute to helping patients with unmet medical need, while performing cutting-edge research and maintaining close ties to academia.</p>\n"
}