{
    "answer_count": 0,
    "author": "tarekzakaria.badr",
    "author_uid": "46277",
    "book_count": 0,
    "comment_count": 0,
    "content": "Hi everyone,\r\n\r\ni have data from a Rip-seq experiment between two samples from two different genotypes, and for each sample they did the sequencing for both the footprint (ribosomal protected fragments) and cytoplasmic input RNA and i am trying to estimate the ribosome density and perform Peak Calling on both but not sure where to start. The fastq files are already trimmed and aligned so i ended up with bam files but stuck on the next step. I did some research here and in other platforms and checked Piranah and the ripseeker R package but i couldn't find there an argument to include the input RNA to the Rip-seq data. \r\nMy end goal is to compare the peaks of the ribosome-protected fragments of each genotype and to plot them against each other ( i would like to calculate the peaks based on the ratio of the ribosome-protected fragments to the fragments obtained by random fragmentation from the input RNA). \r\n\r\nCan someone help me by pointing to a pipeline or a workflow with a similar sitting?\r\nMany thanks in advance",
    "creation_date": "2019-10-28T18:22:09.448658+00:00",
    "has_accepted": false,
    "id": 390615,
    "lastedit_date": "2019-10-28T18:22:51.707188+00:00",
    "lastedit_user_uid": "46277",
    "parent_id": 390615,
    "rank": 1572286971.707188,
    "reply_count": 0,
    "root_id": 390615,
    "status": "Open",
    "status_id": 1,
    "subs_count": 0,
    "tag_val": "RNA-Seq,ribosome density,rip-seq",
    "thread_score": 0,
    "title": "Calculating the ribosome density between footprint and cytoplasmic input RNA (Rip-seq)",
    "type": "Question",
    "type_id": 0,
    "uid": "405056",
    "url": "https://www.biostars.org/p/405056/",
    "view_count": 700,
    "vote_count": 0,
    "xhtml": "<p>Hi everyone,</p>\n\n<p>i have data from a Rip-seq experiment between two samples from two different genotypes, and for each sample they did the sequencing for both the footprint (ribosomal protected fragments) and cytoplasmic input RNA and i am trying to estimate the ribosome density and perform Peak Calling on both but not sure where to start. The fastq files are already trimmed and aligned so i ended up with bam files but stuck on the next step. I did some research here and in other platforms and checked Piranah and the ripseeker R package but i couldn't find there an argument to include the input RNA to the Rip-seq data. \nMy end goal is to compare the peaks of the ribosome-protected fragments of each genotype and to plot them against each other ( i would like to calculate the peaks based on the ratio of the ribosome-protected fragments to the fragments obtained by random fragmentation from the input RNA). </p>\n\n<p>Can someone help me by pointing to a pipeline or a workflow with a similar sitting?\nMany thanks in advance</p>\n"
}