{
    "answer_count": 0,
    "author": "Markus",
    "author_uid": "markus-89127",
    "book_count": 0,
    "comment_count": 0,
    "content": "Are you a bioinformatician or data analyst and keen on contributing to cutting-edge biomedical research?  \n\nWe are recruiting a\n\nStaff Data Scientist in Proteomics (40 hours)\n---------------------------------------------\n\n  \nOur Mass Spectrometry Facility performs state-of-the-art proteomics analyses for more than 30 research groups on campus and beyond. You will support our team in conducting advanced data analyses of proteomics datasets, test and implement new analysis pipelines, help optimizing the existing workflows, and surprise us with your innovative ideas for the exciting challenges that our team meets every day.\n\n \n**Your responsibilities**\n\n- Data analysis of discovery and targeted proteomics LC-MS/MS data to\n   help our customers answer their biological questions \n- Develop or implement new standard procedures for data analysis & presentation\n- Keep up-to-date with current developments in the field \n- Document all procedures reliably and communicate results to customers \n- Take responsibility for projects and report to Facility-head\n\n \n**Your requirements**\n\n - Education: Master (or PhD) in Bioinformatics, Data Science or similar, or a proven track record in the field \n - Documented hands-on experience in the analysis of biomedical omics data \n - Solid  bioinformatics skills, fluent in programming languages required for\n   data analysis (R and/or Python), and experienced in data\n   visualization \n - A solid foundation in statistics and experience with HPC is of advantage \n - Interest in mass spectrometry and proteomics, curiosity for new approaches \n - Good communication skills, fluent in English (oral and written)\n \n**Our offer**\n- Stimulating, supportive, and friendly environment in which you can further develop your skills and greatly expand your expertise\n- Contribute to the exciting research at the Max Perutz Labs\n- Be a part of the vibrant community of researchers and bioinformaticians at the Vienna BioCenter\n- At MSc level we offer a minimum salary of EUR 2.971,50 (gross per month) for 40h with possible overpayment depending on qualification and work experience\n- The position is available from June 1st, 2021 onwards and limited to two years with a possible extension after evaluation\n \n**Application and contact**\n\nTo apply, please send your application (incl. a motivation letter, your CV, certificates and if available contact details of a reference) in pdf format to claudia.graf@maxperutzlabs.ac.at until April 25th, 2021.",
    "creation_date": "2021-03-26T12:21:16.863654+00:00",
    "has_accepted": false,
    "id": 461974,
    "lastedit_date": "2021-03-26T12:22:11.309762+00:00",
    "lastedit_user_uid": "markus-89127",
    "parent_id": 461974,
    "rank": 1616761276.863681,
    "reply_count": 0,
    "root_id": 461974,
    "status": "Open",
    "status_id": 1,
    "subs_count": 1,
    "tag_val": "proteomics,massspectrometry",
    "thread_score": 0,
    "title": "Staff Data Scientist / Bioinformatician in Proteomics at Max Perutz Labs Vienna",
    "type": "Job",
    "type_id": 2,
    "uid": "9461974",
    "url": "https://www.biostars.org/p/9461974/",
    "view_count": 1215,
    "vote_count": 0,
    "xhtml": "<p>Are you a bioinformatician or data analyst and keen on contributing to cutting-edge biomedical research?</p>\n<p>We are recruiting a</p>\n<h2>Staff Data Scientist in Proteomics (40 hours)</h2>\n<p>Our Mass Spectrometry Facility performs state-of-the-art proteomics analyses for more than 30 research groups on campus and beyond. You will support our team in conducting advanced data analyses of proteomics datasets, test and implement new analysis pipelines, help optimizing the existing workflows, and surprise us with your innovative ideas for the exciting challenges that our team meets every day.</p>\n<p><strong>Your responsibilities</strong></p>\n<ul>\n<li>Data analysis of discovery and targeted proteomics LC-MS/MS data to\n help our customers answer their biological questions </li>\n<li>Develop or implement new standard procedures for data analysis &amp; presentation</li>\n<li>Keep up-to-date with current developments in the field </li>\n<li>Document all procedures reliably and communicate results to customers </li>\n<li>Take responsibility for projects and report to Facility-head</li>\n</ul>\n<p><strong>Your requirements</strong></p>\n<ul>\n<li>Education: Master (or PhD) in Bioinformatics, Data Science or similar, or a proven track record in the field </li>\n<li>Documented hands-on experience in the analysis of biomedical omics data </li>\n<li>Solid  bioinformatics skills, fluent in programming languages required for\ndata analysis (R and/or Python), and experienced in data\nvisualization </li>\n<li>A solid foundation in statistics and experience with HPC is of advantage </li>\n<li>Interest in mass spectrometry and proteomics, curiosity for new approaches </li>\n<li>Good communication skills, fluent in English (oral and written)</li>\n</ul>\n<p><strong>Our offer</strong></p>\n<ul>\n<li>Stimulating, supportive, and friendly environment in which you can further develop your skills and greatly expand your expertise</li>\n<li>Contribute to the exciting research at the Max Perutz Labs</li>\n<li>Be a part of the vibrant community of researchers and bioinformaticians at the Vienna BioCenter</li>\n<li>At MSc level we offer a minimum salary of EUR 2.971,50 (gross per month) for 40h with possible overpayment depending on qualification and work experience</li>\n<li>The position is available from June 1st, 2021 onwards and limited to two years with a possible extension after evaluation</li>\n</ul>\n<p><strong>Application and contact</strong></p>\n<p>To apply, please send your application (incl. a motivation letter, your CV, certificates and if available contact details of a reference) in pdf format to claudia.graf@maxperutzlabs.ac.at until April 25th, 2021.</p>\n"
}