{
    "answer_count": 10,
    "author": "aberry814",
    "author_uid": "18655",
    "book_count": 0,
    "comment_count": 7,
    "content": "<p>I have a fasta file containing millions of sequences and I want a simple script to convert this file into one long sequence. ie delete all headers and remove any spaces and line breaks. I can always add a &quot;&gt;seq_name&quot; to the first line afterwards, so maintaining the top header is not necessary.</p>\r\n\r\n<p>I&#39;ve searched the forums but can only find scripts that do the reverse. I&#39;m using millions of reads as a substitute for a complete genome, and my current pipeline cannot reconcile this, so I want to trick it into thinking that this is one long genome sequence.</p>\r\n\r\n<p>Thanks for any help!!!</p>\r\n",
    "creation_date": "2015-08-03T14:44:28.029622+00:00",
    "has_accepted": true,
    "id": 146114,
    "lastedit_date": "2017-12-09T12:23:18.298336+00:00",
    "lastedit_user_uid": "43601",
    "parent_id": 146114,
    "rank": 1512822198.298336,
    "reply_count": 10,
    "root_id": 146114,
    "status": "Open",
    "status_id": 1,
    "subs_count": 6,
    "tag_val": "sequence",
    "thread_score": 14,
    "title": "Convert multiple-sequence fasta file to single long sequence",
    "type": "Question",
    "type_id": 0,
    "uid": "153087",
    "url": "https://www.biostars.org/p/153087/",
    "view_count": 13046,
    "vote_count": 0,
    "xhtml": "<p>I have a fasta file containing millions of sequences and I want a simple script to convert this file into one long sequence. ie delete all headers and remove any spaces and line breaks. I can always add a \"&gt;seq_name\" to the first line afterwards, so maintaining the top header is not necessary.</p>\n\n<p>I've searched the forums but can only find scripts that do the reverse. I'm using millions of reads as a substitute for a complete genome, and my current pipeline cannot reconcile this, so I want to trick it into thinking that this is one long genome sequence.</p>\n\n<p>Thanks for any help!!!</p>\n"
}