{
    "answer_count": 1,
    "author": "nazmul.hoque90",
    "author_uid": "44811",
    "book_count": 0,
    "comment_count": 1,
    "content": "We did Whole Genome Sequencing (WGS) of Cows milk DNA samples for a microbiome study under Illumina (Nextera (550) DNA Library Preparation Kits) platform. Now looking for a user friendly tools that I can use for this purpose- (Microbiome interaction, Protein annotation, LEfSe analysis, KEGG Mapping). \r\n\r\nWhich Bioinformatics tool or pipeline is suitable for WGS data analysis (particularly protein translation/annotation)?",
    "creation_date": "2018-07-08T09:35:15.769046+00:00",
    "has_accepted": false,
    "id": 314635,
    "lastedit_date": "2018-07-08T09:35:15.769046+00:00",
    "lastedit_user_uid": "44811",
    "parent_id": 314635,
    "rank": 1531042515.769046,
    "reply_count": 1,
    "root_id": 314635,
    "status": "Open",
    "status_id": 1,
    "subs_count": 1,
    "tag_val": "next-gen",
    "thread_score": 0,
    "title": "Bovine Mastitis Microbiome",
    "type": "Question",
    "type_id": 0,
    "uid": "325428",
    "url": "https://www.biostars.org/p/325428/",
    "view_count": 855,
    "vote_count": 0,
    "xhtml": "<p>We did Whole Genome Sequencing (WGS) of Cows milk DNA samples for a microbiome study under Illumina (Nextera (550) DNA Library Preparation Kits) platform. Now looking for a user friendly tools that I can use for this purpose- (Microbiome interaction, Protein annotation, LEfSe analysis, KEGG Mapping). </p>\n\n<p>Which Bioinformatics tool or pipeline is suitable for WGS data analysis (particularly protein translation/annotation)?</p>\n"
}