{
    "answer_count": 1,
    "author": "jolin0701-dy",
    "author_uid": "24753",
    "book_count": 0,
    "comment_count": 0,
    "content": "Can I use the same pipeline for ChIP seq and RIP seq?\r\n\r\nfasts-tools to do quality control\r\n\r\nbowtie or tophat to do mapping\r\n\r\nmacs to do peaking calling.\r\n\r\nI thinks they can be analyzed in the same pipeline but for the downstream analysis is different..\r\n\r\nThanks...",
    "creation_date": "2016-04-27T17:45:32.728784+00:00",
    "has_accepted": false,
    "id": 181200,
    "lastedit_date": "2016-04-27T18:05:05.170483+00:00",
    "lastedit_user_uid": "8620",
    "parent_id": 181200,
    "rank": 1461780305.170483,
    "reply_count": 1,
    "root_id": 181200,
    "status": "Open",
    "status_id": 1,
    "subs_count": 1,
    "tag_val": "ChIP-Seq",
    "thread_score": 2,
    "title": "The pipeline for analysis ChIP seq and RIP seq",
    "type": "Question",
    "type_id": 0,
    "uid": "188992",
    "url": "https://www.biostars.org/p/188992/",
    "view_count": 3759,
    "vote_count": 1,
    "xhtml": "<p>Can I use the same pipeline for ChIP seq and RIP seq?</p>\n\n<p>fasts-tools to do quality control</p>\n\n<p>bowtie or tophat to do mapping</p>\n\n<p>macs to do peaking calling.</p>\n\n<p>I thinks they can be analyzed in the same pipeline but for the downstream analysis is different..</p>\n\n<p>Thanks...</p>\n"
}