{
    "answer_count": 4,
    "author": "DdogBoss",
    "author_uid": "87209",
    "book_count": 1,
    "comment_count": 3,
    "content": "I am looking to get into bioinformatics, but am having a hard time getting hired.  I find that employers prefer people who have a computational degree (computer science, data science, etc) relative to people who have a life science degree with computational experience. \n\nI fall into the latter group. I have a BS in biochemistry and picked up programming skills along the way to even land some publications.  I thought about investing time and money into a certificate, but am not sure employers will be convinced of technical capability. \n\nFor context, most of my experience comes from building databases and genomic analysis pipelines and everything that comes along with it: data cleaning and preparation, standardization, working with various file formats, etc. \n\nWhat are some projects that one could do to showcase value? Thanks in advance. ",
    "creation_date": "2024-07-10T05:12:31.483897+00:00",
    "has_accepted": true,
    "id": 598679,
    "lastedit_date": "2024-09-04T17:19:48.196478+00:00",
    "lastedit_user_uid": "28933",
    "parent_id": 598679,
    "rank": 1720588351.483906,
    "reply_count": 4,
    "root_id": 598679,
    "status": "Open",
    "status_id": 1,
    "subs_count": 2,
    "tag_val": "job-hunting,career-change",
    "thread_score": 6,
    "title": "Resume building projects to break into bioinformatics?",
    "type": "Forum",
    "type_id": 3,
    "uid": "9598679",
    "url": "https://www.biostars.org/p/9598679/",
    "view_count": 409,
    "vote_count": 2,
    "xhtml": "<p>I am looking to get into bioinformatics, but am having a hard time getting hired.  I find that employers prefer people who have a computational degree (computer science, data science, etc) relative to people who have a life science degree with computational experience.</p>\n<p>I fall into the latter group. I have a BS in biochemistry and picked up programming skills along the way to even land some publications.  I thought about investing time and money into a certificate, but am not sure employers will be convinced of technical capability.</p>\n<p>For context, most of my experience comes from building databases and genomic analysis pipelines and everything that comes along with it: data cleaning and preparation, standardization, working with various file formats, etc.</p>\n<p>What are some projects that one could do to showcase value? Thanks in advance.</p>\n"
}