{
    "answer_count": 6,
    "author": "ww22runner",
    "author_uid": "44640",
    "book_count": 0,
    "comment_count": 6,
    "content": "Hello everyone.\r\n\r\n- I am currently running a umi-based NGS workflow and notice that the reduction of bam size after consensus reads is almost 18 fold.\r\n-  Moreover, downstream tools such as Pindel show almost 50 times fewer results in variants when compared to the results obtained when bams are subject to a non-umi pipeline. \r\n-  When the bams are analyzed using IGV, we see that multiple unique reads share the same umi barcode and that after the consensus call, only 1 read is chosen to represent all the reads that have the same barcode. I wonder if this has led to loss of data from the bam. \r\n\r\nDoes anyone have experience with this issue?\r\n\r\nThanks.",
    "creation_date": "2024-02-23T18:37:06.075117+00:00",
    "has_accepted": false,
    "id": 588415,
    "lastedit_date": "2024-02-26T09:25:08.655382+00:00",
    "lastedit_user_uid": "16790",
    "parent_id": 588415,
    "rank": 1708720853.437764,
    "reply_count": 6,
    "root_id": 588415,
    "status": "Open",
    "status_id": 1,
    "subs_count": 4,
    "tag_val": "umi,ngs",
    "thread_score": 0,
    "title": "Multiple unique reads sharing same UMI barcode",
    "type": "Question",
    "type_id": 0,
    "uid": "9588415",
    "url": "https://www.biostars.org/p/9588415/",
    "view_count": 811,
    "vote_count": 0,
    "xhtml": "<p>Hello everyone.</p>\n<ul>\n<li>I am currently running a umi-based NGS workflow and notice that the reduction of bam size after consensus reads is almost 18 fold.</li>\n<li>Moreover, downstream tools such as Pindel show almost 50 times fewer results in variants when compared to the results obtained when bams are subject to a non-umi pipeline. </li>\n<li>When the bams are analyzed using IGV, we see that multiple unique reads share the same umi barcode and that after the consensus call, only 1 read is chosen to represent all the reads that have the same barcode. I wonder if this has led to loss of data from the bam. </li>\n</ul>\n<p>Does anyone have experience with this issue?</p>\n<p>Thanks.</p>\n"
}