{
    "answer_count": 10,
    "author": "User 1933",
    "author_uid": "1804",
    "book_count": 1,
    "comment_count": 9,
    "content": "<p>So basically, I wonder if there is any API for working with 1000 genome data - to makes it easier to parse the VCF file. For example, I would like to see how many people have variants in gene \"CHAT\", and then generate the corresponding VCF file, and running variant effect predictor on that vcf file.</p>\n\n<p>I am fine to make my own pipeline to some extend, but I could not discover how to get the VCF file with individual information for a given gene automatically.</p>\n",
    "creation_date": "2013-11-08T21:55:53.403881+00:00",
    "has_accepted": false,
    "id": 81078,
    "lastedit_date": "2013-11-08T22:38:37.270206+00:00",
    "lastedit_user_uid": "30",
    "parent_id": 81078,
    "rank": 1383950317.270206,
    "reply_count": 10,
    "root_id": 81078,
    "status": "Open",
    "status_id": 1,
    "subs_count": 2,
    "tag_val": "1000genomes,vcf,parsing",
    "thread_score": 7,
    "title": "1000 Genomes Api",
    "type": "Question",
    "type_id": 0,
    "uid": "85994",
    "url": "https://www.biostars.org/p/85994/",
    "view_count": 3956,
    "vote_count": 1,
    "xhtml": "<p>So basically, I wonder if there is any API for working with 1000 genome data - to makes it easier to parse the VCF file. For example, I would like to see how many people have variants in gene \"CHAT\", and then generate the corresponding VCF file, and running variant effect predictor on that vcf file.</p>\n\n<p>I am fine to make my own pipeline to some extend, but I could not discover how to get the VCF file with individual information for a given gene automatically.</p>\n"
}