{
    "answer_count": 1,
    "author": "Damian Kao",
    "author_uid": "3226",
    "book_count": 0,
    "comment_count": 0,
    "content": "Recent article on code sharing in publications:\n\nhttp://www.sciencemag.org/content/336/6078/159\n\nI agree with the article that scripts/software should be open sourced. But I also wonder how the journals will determine if a script is acceptable for publication. Are bioinformaticians going to have to spend extra time making scripts into a pipeline? Are all analytical scripts going to have to be curated and packaged? Do we run in to the danger of turning the biology source code landscape into a mess of spaghetti code by mandating everyone submitting their own version of even simple operations?",
    "creation_date": "2012-04-17T11:31:55.879818+00:00",
    "has_accepted": false,
    "id": 42107,
    "lastedit_date": "2023-02-20T15:51:40.395436+00:00",
    "lastedit_user_uid": "8494",
    "parent_id": 42107,
    "rank": 1334662315.879818,
    "reply_count": 1,
    "root_id": 42107,
    "status": "Open",
    "status_id": 1,
    "subs_count": 1,
    "tag_val": "publication,code",
    "thread_score": 1,
    "title": "Code Sharing And Publications",
    "type": "Forum",
    "type_id": 3,
    "uid": "42846",
    "url": "https://www.biostars.org/p/42846/",
    "view_count": 1836,
    "vote_count": 1,
    "xhtml": "<p>Recent article on code sharing in publications:</p>\n<p><a href=\"http://www.sciencemag.org/content/336/6078/159\" rel=\"nofollow\">http://www.sciencemag.org/content/336/6078/159</a></p>\n<p>I agree with the article that scripts/software should be open sourced. But I also wonder how the journals will determine if a script is acceptable for publication. Are bioinformaticians going to have to spend extra time making scripts into a pipeline? Are all analytical scripts going to have to be curated and packaged? Do we run in to the danger of turning the biology source code landscape into a mess of spaghetti code by mandating everyone submitting their own version of even simple operations?</p>\n"
}