{
    "answer_count": 1,
    "author": "jsr8ac",
    "author_uid": "66720",
    "book_count": 0,
    "comment_count": 1,
    "content": "Hello, I am trying to do microRNA-seq for the first time.  I am starting with the raw .fastq files for my samples.  We were having some trouble establishing database access to miRBase, a reference library for known microRNAs.  We were able to find a workaround with another pipeline for now, but we would prefer to use this one.\r\n\r\nWe have to edit the configuration file (code below) with credentials in order for our institution's high performance computational cluster (a Unix-based cluster) to have access to miRBase.  It wants a host name, username, and password (miRBase is also open to the public, which further confuses me as to why it wants credentials).  We were able to find this info for the UCSC database but nowhere could we find this info for miRBase.  Also if we could get some guidance for how to use mySQL client in Unix to establish database connection, that would be nice.  Any help would be appreciated.  Thank you.\r\n\r\n    #This file stores information about databases to connect to.\r\n    #File format is <db_name> <host> <user> <password>\r\n    #Some examples: UCSC\r\n    #hg18 my_host my_user my_password\r\n    #hg19 my_host my_user my_password\r\n    #mm9 my_host my_user my_password\r\n    #Some examples: mirBase\r\n    #mirna_13_0 my_host my_user my_password (uses hg18 coordinates)\r\n    #mirna_15 my_host my_user my_password (mirbase 15 through 20 use GRCh37 coordinates) \r\n    #mirna_16 my_host my_user my_password\r\n    #mirna_19 my_host my_user my_password\r\n    #mirna_20 my_host my_user my_password\r\n\r\nLink to the pipeline we are using: https://github.com/bcgsc/mirna",
    "creation_date": "2020-04-11T20:38:05.710332+00:00",
    "has_accepted": false,
    "id": 413061,
    "lastedit_date": "2020-04-17T00:29:31.636328+00:00",
    "lastedit_user_uid": "1",
    "parent_id": 413061,
    "rank": 1587083371.636328,
    "reply_count": 1,
    "root_id": 413061,
    "status": "Open",
    "status_id": 1,
    "subs_count": 1,
    "tag_val": "microRNA-seq,database,miRBase,miRNA-seq",
    "thread_score": 0,
    "title": "Establishing connection and credential info for miRBase?",
    "type": "Question",
    "type_id": 0,
    "uid": "431968",
    "url": "https://www.biostars.org/p/431968/",
    "view_count": 867,
    "vote_count": 0,
    "xhtml": "<p>Hello, I am trying to do microRNA-seq for the first time.  I am starting with the raw .fastq files for my samples.  We were having some trouble establishing database access to miRBase, a reference library for known microRNAs.  We were able to find a workaround with another pipeline for now, but we would prefer to use this one.</p>\n\n<p>We have to edit the configuration file (code below) with credentials in order for our institution's high performance computational cluster (a Unix-based cluster) to have access to miRBase.  It wants a host name, username, and password (miRBase is also open to the public, which further confuses me as to why it wants credentials).  We were able to find this info for the UCSC database but nowhere could we find this info for miRBase.  Also if we could get some guidance for how to use mySQL client in Unix to establish database connection, that would be nice.  Any help would be appreciated.  Thank you.</p>\n\n<pre class=\"pre\"><code class=\"language-bash\">#This file stores information about databases to connect to.\n#File format is &lt;db_name&gt; &lt;host&gt; &lt;user&gt; &lt;password&gt;\n#Some examples: UCSC\n#hg18 my_host my_user my_password\n#hg19 my_host my_user my_password\n#mm9 my_host my_user my_password\n#Some examples: mirBase\n#mirna_13_0 my_host my_user my_password (uses hg18 coordinates)\n#mirna_15 my_host my_user my_password (mirbase 15 through 20 use GRCh37 coordinates) \n#mirna_16 my_host my_user my_password\n#mirna_19 my_host my_user my_password\n#mirna_20 my_host my_user my_password\n</code></pre>\n\n<p>Link to the pipeline we are using: <a rel=\"nofollow\" href=\"https://github.com/bcgsc/mirna\">https://github.com/bcgsc/mirna</a></p>\n"
}