{
    "answer_count": 0,
    "author": "Recruit",
    "author_uid": "19490",
    "book_count": 0,
    "comment_count": 0,
    "content": "**Salary Range: \u00a331,498 to \u00a339,729 plus excellent benefits. Fixed Term Contract for 3 years**\n\nDo you want to fight malaria from your computer? Are you a motivated bioinformatician and want to work with the latest sequencing technologies and single cell sequencing?\n\nThe Wellcome Trust Sanger Institute is taking on some of the most difficult challenges in genomic research, to push the boundaries of our understanding of life in ever new and exciting ways. We have an exciting opportunity for you to work within a team of bioinformaticians and biologists to use state-of-the-art genomic and transcriptomic datasets to understand the biology and evolution of malaria parasites.\n\nIn the Parasite Genomics group we produce and analyse DNA sequence data to gain insights into parasite biology and to generate resources of lasting value to the Research community. We use the latest sequence technologies, like Oxford Nanopore, 10X to push the limits of single-cell analysis for parasite genomes.\n\n We seek to recruit a senior bioinformatician in to our malaria genomics team, to work with DNA and RNA sequencing data. The position would be ideal for an individual to gain valuable experience in using third generation sequencing data, as well as cutting edge single-cell approaches.\n\n**Key responsibilities**\n\n - Analyse and evaluate 3rd generation sequencing data with existing tools, and with new tools generated in house.\n - Analyse single-cell datasets\n - Generate programs and pipelines to generate hundreds of high quality malaria-parasite genomes\n\nEssential Skills\n\n - The position will involve both data analysis and programming.\n - Good knowledge of programming, demonstrated by a Masters or PhD degree in Computer Science or Bioinformatics, or PhD in another discipline (such as physics, maths or biology) with a large component of computational work.\n - Must have experience in Java, Perl or Python programming and driving projects to completion\n\n**Ideal Skills**\n\nExperience with genome and next generation sequencing analysis or a background in malaria biology.\n\n**Other information**\n\nThe Sanger Institute is a charitably funded research centre focused on understanding the role of genetics in health and disease. We use state of the art large-scale genomic approaches to drive world-leading projects to uncover the basis of genetic and infectious disease. Our goal is to provide results that can be translated into diagnostics, treatments or therapies that reduce global health burdens. The Institute is located near Cambridge, UK on the stunning Wellcome Genome Campus. This growing and dynamic site is the British hub of genomic science. It hosts the European Bioinformatics Institute (EBI), Open Targets, a Biodata Innovation Centre and host Genomics England Limited's 100,000 Genomes Sequencing Centre. The Campus is also home to Wellcome Genome Campus Connecting Science. Connecting Science inspires new thinking, sparks conversation and supports learning by drawing on the ground-breaking research taking place on the Campus. Its mission is to enable everyone to explore genomic science and its impact on research, health and society. To help researchers to develop their skills and networks, the Institute hosts a range of scientific seminars with internal and invited speakers, scientific group meetings and skills development workshops. Our Benefits include: Defined Contribution Pension Scheme, Group Income Protection, Healthcare scheme, Childcare Vouchers, Workplace Nursery and 25 days Annual Leave, increasing by one day per year up to a maximum of 30, plus Bank Holidays. We also have a gym, two cafes, dining facilities, and a free campus bus service. Our thriving Sports and Social Club provides many opportunities to meet with people working across the campus. Wellcome Trust Sanger Institute welcomes applications from all candidates irrespective of age, disability, gender, gender identity, sexual orientation, race, religion or belief, or marital or civil partnership status. Closing date for applications: 16th June 2017, however applications will be considered and reviewed on an on-going basis.\n\nApplication link: https://jobs.sanger.ac.uk/wd/plsql/wd_portal.show_job?p_web_site_id=1764&p_web_page_id=314748",
    "creation_date": "2017-05-16T14:45:30.255255+00:00",
    "has_accepted": false,
    "id": 243856,
    "lastedit_date": "2023-05-12T16:58:39.300676+00:00",
    "lastedit_user_uid": "8494",
    "parent_id": 243856,
    "rank": 1494945930.255255,
    "reply_count": 0,
    "root_id": 243856,
    "status": "Open",
    "status_id": 1,
    "subs_count": 0,
    "tag_val": "Perl,Python,Java",
    "thread_score": 0,
    "title": "Senior Bioinformatician-Malaria Genomics",
    "type": "Job",
    "type_id": 2,
    "uid": "253066",
    "url": "https://www.biostars.org/p/253066/",
    "view_count": 1656,
    "vote_count": 0,
    "xhtml": "<p><strong>Salary Range: \u00a331,498 to \u00a339,729 plus excellent benefits. Fixed Term Contract for 3 years</strong></p>\n<p>Do you want to fight malaria from your computer? Are you a motivated bioinformatician and want to work with the latest sequencing technologies and single cell sequencing?</p>\n<p>The Wellcome Trust Sanger Institute is taking on some of the most difficult challenges in genomic research, to push the boundaries of our understanding of life in ever new and exciting ways. We have an exciting opportunity for you to work within a team of bioinformaticians and biologists to use state-of-the-art genomic and transcriptomic datasets to understand the biology and evolution of malaria parasites.</p>\n<p>In the Parasite Genomics group we produce and analyse DNA sequence data to gain insights into parasite biology and to generate resources of lasting value to the Research community. We use the latest sequence technologies, like Oxford Nanopore, 10X to push the limits of single-cell analysis for parasite genomes.</p>\n<p>We seek to recruit a senior bioinformatician in to our malaria genomics team, to work with DNA and RNA sequencing data. The position would be ideal for an individual to gain valuable experience in using third generation sequencing data, as well as cutting edge single-cell approaches.</p>\n<p><strong>Key responsibilities</strong></p>\n<ul>\n<li>Analyse and evaluate 3rd generation sequencing data with existing tools, and with new tools generated in house.</li>\n<li>Analyse single-cell datasets</li>\n<li>Generate programs and pipelines to generate hundreds of high quality malaria-parasite genomes</li>\n</ul>\n<p>Essential Skills</p>\n<ul>\n<li>The position will involve both data analysis and programming.</li>\n<li>Good knowledge of programming, demonstrated by a Masters or PhD degree in Computer Science or Bioinformatics, or PhD in another discipline (such as physics, maths or biology) with a large component of computational work.</li>\n<li>Must have experience in Java, Perl or Python programming and driving projects to completion</li>\n</ul>\n<p><strong>Ideal Skills</strong></p>\n<p>Experience with genome and next generation sequencing analysis or a background in malaria biology.</p>\n<p><strong>Other information</strong></p>\n<p>The Sanger Institute is a charitably funded research centre focused on understanding the role of genetics in health and disease. We use state of the art large-scale genomic approaches to drive world-leading projects to uncover the basis of genetic and infectious disease. Our goal is to provide results that can be translated into diagnostics, treatments or therapies that reduce global health burdens. The Institute is located near Cambridge, UK on the stunning Wellcome Genome Campus. This growing and dynamic site is the British hub of genomic science. It hosts the European Bioinformatics Institute (EBI), Open Targets, a Biodata Innovation Centre and host Genomics England Limited's 100,000 Genomes Sequencing Centre. The Campus is also home to Wellcome Genome Campus Connecting Science. Connecting Science inspires new thinking, sparks conversation and supports learning by drawing on the ground-breaking research taking place on the Campus. Its mission is to enable everyone to explore genomic science and its impact on research, health and society. To help researchers to develop their skills and networks, the Institute hosts a range of scientific seminars with internal and invited speakers, scientific group meetings and skills development workshops. Our Benefits include: Defined Contribution Pension Scheme, Group Income Protection, Healthcare scheme, Childcare Vouchers, Workplace Nursery and 25 days Annual Leave, increasing by one day per year up to a maximum of 30, plus Bank Holidays. We also have a gym, two cafes, dining facilities, and a free campus bus service. Our thriving Sports and Social Club provides many opportunities to meet with people working across the campus. Wellcome Trust Sanger Institute welcomes applications from all candidates irrespective of age, disability, gender, gender identity, sexual orientation, race, religion or belief, or marital or civil partnership status. Closing date for applications: 16th June 2017, however applications will be considered and reviewed on an on-going basis.</p>\n<p>Application link: <a href=\"https://jobs.sanger.ac.uk/wd/plsql/wd_portal.show_job?p_web_site_id=1764&amp;p_web_page_id=314748\" rel=\"nofollow\">https://jobs.sanger.ac.uk/wd/plsql/wd_portal.show_job?p_web_site_id=1764&amp;p_web_page_id=314748</a></p>\n"
}