{
    "answer_count": 11,
    "author": "mdelow",
    "author_uid": "18719",
    "book_count": 1,
    "comment_count": 10,
    "content": "Hello!\n\nI am very new to the world of python (or any coding), but have installed biopython which I believe will help me do what I am trying to accomplish. I am working with RNAseq data for my project, and wanting to run my genelists through DAVID to look at enrichment. The output of the RNAseq pipeline thru bowtie/tophat/cuffdiff, gives me log fold increases for each gene, with the chromosome identifier of SMaxxxxx. That would be fine, but DAVID does not seem to be able to handle the fact that my organism has 3 replicons (1 chromosome and 2 megaplasmids), that are SMa, SMb and SMc. When I try to use these identifiers as the gene list, DAVID is only able to find 1/3 (ie. one replicon) and identify them as genes. I was playing around and it seems like it can identify genes from all replicons if I use the gene identifier such as lacI, manB, etc. In the genbank file the gene notation I want is labelled: gene=\"xxxX\"\n\nI want to do two things:\n\n1. Go through each replicons genbank file and pull out the gene identifier for each gene in the 4 letter format\n2. Feed in a list of 150 genes in the SMaxxxx format, and have it output the 4 letter gene identifier for each gene\n\nSo far I have been able to read in a genbank file, but not pull out the information I want.\n\n```py\n#to read in list of genes I want to pull out\nwith open('synthgenelistfordavid.txt') as f:\n    content = f.readlines()\n\nwanted = [line.rstrip('\\n') for line in open('synthgenelistfordavid.txt')]\n\n#then I've gotten this far, import file and set up a for loop\n\nfrom Bio import SeqIO\ngenbank_file = \"sma.gbk\"\n\nfor record in SeqIO.parse(\"sma.gbk\", \"genbank\"):\n```",
    "creation_date": "2015-08-20T23:00:51.240988+00:00",
    "has_accepted": false,
    "id": 148174,
    "lastedit_date": "2022-10-03T18:44:43.284747+00:00",
    "lastedit_user_uid": "8494",
    "parent_id": 148174,
    "rank": 1440157034.926241,
    "reply_count": 11,
    "root_id": 148174,
    "status": "Open",
    "status_id": 1,
    "subs_count": 3,
    "tag_val": "genbank,parsing,biopython",
    "thread_score": 1,
    "title": "How to pull gene identifier from genbank file in Biopython",
    "type": "Question",
    "type_id": 0,
    "uid": "155186",
    "url": "https://www.biostars.org/p/155186/",
    "view_count": 8936,
    "vote_count": 1,
    "xhtml": "<p>Hello!</p>\n<p>I am very new to the world of python (or any coding), but have installed biopython which I believe will help me do what I am trying to accomplish. I am working with RNAseq data for my project, and wanting to run my genelists through DAVID to look at enrichment. The output of the RNAseq pipeline thru bowtie/tophat/cuffdiff, gives me log fold increases for each gene, with the chromosome identifier of SMaxxxxx. That would be fine, but DAVID does not seem to be able to handle the fact that my organism has 3 replicons (1 chromosome and 2 megaplasmids), that are SMa, SMb and SMc. When I try to use these identifiers as the gene list, DAVID is only able to find 1/3 (ie. one replicon) and identify them as genes. I was playing around and it seems like it can identify genes from all replicons if I use the gene identifier such as lacI, manB, etc. In the genbank file the gene notation I want is labelled: gene=\"xxxX\"</p>\n<p>I want to do two things:</p>\n<ol>\n<li>Go through each replicons genbank file and pull out the gene identifier for each gene in the 4 letter format</li>\n<li>Feed in a list of 150 genes in the SMaxxxx format, and have it output the 4 letter gene identifier for each gene</li>\n</ol>\n<p>So far I have been able to read in a genbank file, but not pull out the information I want.</p>\n<pre><code class=\"lang-py\">#to read in list of genes I want to pull out\nwith open('synthgenelistfordavid.txt') as f:\n    content = f.readlines()\n\nwanted = [line.rstrip('\\n') for line in open('synthgenelistfordavid.txt')]\n\n#then I've gotten this far, import file and set up a for loop\n\nfrom Bio import SeqIO\ngenbank_file = \"sma.gbk\"\n\nfor record in SeqIO.parse(\"sma.gbk\", \"genbank\"):\n</code></pre>\n"
}