{
    "answer_count": 6,
    "author": "Roman Valls Guimer\u00e0",
    "author_uid": "170",
    "book_count": 1,
    "comment_count": 3,
    "content": "<p>There's a seemingly trivial question that has been floating around in our lab for quite some time now, and it relates to proper LIMS sample tracking. Namely:</p>\n\n<p>Is there any consensus within the LIMS/bioinformatics community regarding the identification and phyisical labeling of biological samples ?</p>\n\n<p>The requirements may appear obvious but need mentioning:</p>\n\n<p>1) Unique identifiers: We don't want any ID collisions downstream.</p>\n\n<p>2) Physical barcoding (if any) should fit on all tube shapes.</p>\n\n<p>3) Informative labels vs simplicity:</p>\n\n<pre><code>     3.1) Is it advisable or useful to add metadata on the Unique identifier such as RNA/DNA/other sample ?\n     3.2) Or just a straight random but human-readable string ?\n     3.3) Which is the optimal length for those ?\n</code></pre>\n\n<p>4) Easiest input for lab people: administrative burden such as relabeling or misreadings should be reduced to the minimum expression.</p>\n\n<p>Alternatives we've been looking for are:</p>\n\n<p><a href='http://www.bradyid.com/bradyid/scpv/Labels,-Markers-and-Tapes~Laboratory-Labels.html'>http://www.bradyid.com/bradyid/scpv/Labels,-Markers-and-Tapes~Laboratory-Labels.html</a></p>\n\n<p>Or, against the non-adhoc mantras (which I agree to the fullest):</p>\n\n<p><a href='http://biostar.stackexchange.com/questions/4622/how-do-we-discourage-ad-hoc-bioinformatic-analyses'>http://biostar.stackexchange.com/questions/4622/how-do-we-discourage-ad-hoc-bioinformatic-analyses</a></p>\n\n<p>A DIY labeling schema using standard UPC/EAN barcoding systems:</p>\n\n<p><a href='http://www.barcodesinc.com/generator/index.php'>http://www.barcodesinc.com/generator/index.php</a></p>\n\n<p>So what's the chosen system on your facility ? Any regrets or suggestions ?</p>\n",
    "creation_date": "2011-04-14T21:42:28.583000+00:00",
    "has_accepted": false,
    "id": 7403,
    "lastedit_date": "2013-10-26T07:49:45.164518+00:00",
    "lastedit_user_uid": "9219",
    "parent_id": 7403,
    "rank": 1382773785.164518,
    "reply_count": 6,
    "root_id": 7403,
    "status": "Open",
    "status_id": 1,
    "subs_count": 2,
    "tag_val": "pipeline,barcode",
    "thread_score": 12,
    "title": "Sample Identifier Standard For Lims Systems ?",
    "type": "Question",
    "type_id": 0,
    "uid": "7542",
    "url": "https://www.biostars.org/p/7542/",
    "view_count": 6242,
    "vote_count": 7,
    "xhtml": "<p>There's a seemingly trivial question that has been floating around in our lab for quite some time now, and it relates to proper LIMS sample tracking. Namely:</p>\n\n<p>Is there any consensus within the LIMS/bioinformatics community regarding the identification and phyisical labeling of biological samples ?</p>\n\n<p>The requirements may appear obvious but need mentioning:</p>\n\n<p>1) Unique identifiers: We don't want any ID collisions downstream.</p>\n\n<p>2) Physical barcoding (if any) should fit on all tube shapes.</p>\n\n<p>3) Informative labels vs simplicity:</p>\n\n<pre><code>     3.1) Is it advisable or useful to add metadata on the Unique identifier such as RNA/DNA/other sample ?\n     3.2) Or just a straight random but human-readable string ?\n     3.3) Which is the optimal length for those ?\n</code></pre>\n\n<p>4) Easiest input for lab people: administrative burden such as relabeling or misreadings should be reduced to the minimum expression.</p>\n\n<p>Alternatives we've been looking for are:</p>\n\n<p><a rel=\"nofollow\" href=\"http://www.bradyid.com/bradyid/scpv/Labels,-Markers-and-Tapes~Laboratory-Labels.html\">http://www.bradyid.com/bradyid/scpv/Labels,-Markers-and-Tapes~Laboratory-Labels.html</a></p>\n\n<p>Or, against the non-adhoc mantras (which I agree to the fullest):</p>\n\n<p><a rel=\"nofollow\" href=\"http://biostar.stackexchange.com/questions/4622/how-do-we-discourage-ad-hoc-bioinformatic-analyses\">http://biostar.stackexchange.com/questions/4622/how-do-we-discourage-ad-hoc-bioinformatic-analyses</a></p>\n\n<p>A DIY labeling schema using standard UPC/EAN barcoding systems:</p>\n\n<p><a rel=\"nofollow\" href=\"http://www.barcodesinc.com/generator/index.php\">http://www.barcodesinc.com/generator/index.php</a></p>\n\n<p>So what's the chosen system on your facility ? Any regrets or suggestions ?</p>\n"
}