{
    "answer_count": 3,
    "author": "\u0648\u0641\u0627\u0621",
    "author_uid": "103567",
    "book_count": 0,
    "comment_count": 3,
    "content": "Hi all,\n\nI use the nf-core/rnaseq pipeline in the cluster, which results in the following error:\n\n```\nError: r2-scr unexpectedly ended before r1-src \ncaused by:\nunexpected end of file.\n```",
    "creation_date": "2023-06-20T20:08:29.037057+00:00",
    "has_accepted": false,
    "id": 566983,
    "lastedit_date": "2023-06-21T07:01:23.137722+00:00",
    "lastedit_user_uid": "1767",
    "parent_id": 566983,
    "rank": 1687291709.037067,
    "reply_count": 3,
    "root_id": 566983,
    "status": "Open",
    "status_id": 1,
    "subs_count": 3,
    "tag_val": "rnaseq,pipeline,nf-core",
    "thread_score": 1,
    "title": "nf-core/rnaseq pipeline",
    "type": "Question",
    "type_id": 0,
    "uid": "9566983",
    "url": "https://www.biostars.org/p/9566983/",
    "view_count": 883,
    "vote_count": 0,
    "xhtml": "<p>Hi all,</p>\n<p>I use the nf-core/rnaseq pipeline in the cluster, which results in the following error:</p>\n<pre><code>Error: r2-scr unexpectedly ended before r1-src \ncaused by:\nunexpected end of file.\n</code></pre>\n"
}