{
    "answer_count": 3,
    "author": "gtasource",
    "author_uid": "35068",
    "book_count": 0,
    "comment_count": 1,
    "content": "Howdy folks,\r\n\r\nI just finished up a pipeline that involved differential expression of some RNA-Seq mouse files. Using the latest refseq assembly, I aligned the files, and used featureCount to generate counts (with the plan of using this output in DeSeq2.) \r\n\r\nAnyway, I've been doing some checking out of the output file from featureCount, and when I looked at the number of rows in the file, there were close to 40,000.  \r\n\r\nHere's my featureCount command for starters:\r\n\r\n    featureCounts -t exon -g gene -a GCF_000001635.26_GRCm38.p6_genomic.gtf -o counts.txt -M bam1 bam2 bam3 bam4\r\n\r\nSo I'm curious.  Are these extra genes redundant? Are there some pseudogenes in the list? What accounts for the large amount of genes.  \r\n\r\nThanks! \r\n",
    "creation_date": "2019-07-31T16:13:06.266761+00:00",
    "has_accepted": true,
    "id": 378823,
    "lastedit_date": "2019-07-31T17:12:18.258228+00:00",
    "lastedit_user_uid": "24526",
    "parent_id": 378823,
    "rank": 1564593138.258228,
    "reply_count": 3,
    "root_id": 378823,
    "status": "Open",
    "status_id": 1,
    "subs_count": 2,
    "tag_val": "featureCount,differential expression",
    "thread_score": 4,
    "title": "featureCount Too Many Genes",
    "type": "Question",
    "type_id": 0,
    "uid": "392494",
    "url": "https://www.biostars.org/p/392494/",
    "view_count": 1769,
    "vote_count": 0,
    "xhtml": "<p>Howdy folks,</p>\n\n<p>I just finished up a pipeline that involved differential expression of some RNA-Seq mouse files. Using the latest refseq assembly, I aligned the files, and used featureCount to generate counts (with the plan of using this output in DeSeq2.) </p>\n\n<p>Anyway, I've been doing some checking out of the output file from featureCount, and when I looked at the number of rows in the file, there were close to 40,000.  </p>\n\n<p>Here's my featureCount command for starters:</p>\n\n<pre class=\"pre\"><code class=\"language-bash\">featureCounts -t exon -g gene -a GCF_000001635.26_GRCm38.p6_genomic.gtf -o counts.txt -M bam1 bam2 bam3 bam4\n</code></pre>\n\n<p>So I'm curious.  Are these extra genes redundant? Are there some pseudogenes in the list? What accounts for the large amount of genes.  </p>\n\n<p>Thanks! </p>\n"
}