{
    "answer_count": 6,
    "author": "juan.crescente",
    "author_uid": "15783",
    "book_count": 0,
    "comment_count": 6,
    "content": "I'm using DESeq2 for a differential expression analysis of sRNA data. The R code looks like this:\r\n\r\n    library(\"DESeq2\")\r\n    alpha <- 0.05\r\n    setwd(dirname(rstudioapi::getActiveDocumentContext()$path));\r\n    getwd()\r\n    data_path <- \"/home/juan/Desktop/juan/bio/mirna_mrcv/data/counts.valid.csv\"\r\n    result_path <- \"/home/juan/Desktop/juan/bio/mirna_mrcv/data/\"\r\n    # Load data\r\n    countdata <- read.table(data_path,header=TRUE,sep=\"\\t\")\r\n    result_file = paste(result_path,\"mirna.deg.csv\",sep=\"\");\r\n    #DROP unique miRNA clusters\r\n    # I don't know why I have to do this first, otherwise RStudio hangs\r\n    countdata <- countdata[!is.na(countdata$Name),]\r\n    row.names(countdata) <- countdata$Name\r\n    countdata <- subset(countdata, select = -c(main))\r\n    countdata <- subset(countdata, select = -c(Name))\r\n    countdata <- subset(countdata, select = -c(Locus))\r\n    countdata <- as.matrix(countdata)\r\n    head(countdata)\r\n    # Assign condition (first four are controls, second four contain the expansion)\r\n    (condition <- factor(c(\"control\",\"control\",\"treatment\",\"treatment\")))\r\n    # Analysis with DESeq2 ----------------------------------------------------\r\n    # Create a coldata frame and instantiate the DESeqDataSet. See ?DESeqDataSetFromMatrix\r\n    (coldata <- data.frame(row.names=colnames(countdata), condition))\r\n    levels(coldata$condition)\r\n    coldata\r\n    dds_m <- DESeqDataSetFromMatrix(countData=countdata, colData=coldata, design=~condition)\r\n    # Run the DESeq pipeline\r\n    dds <- DESeq(dds_m)\r\n    \r\n    res <- results(dds, alpha=alpha)\r\n    res <- res[!is.na(res$padj), ]\r\n    res <- res[res$padj <= alpha, ]\r\n    table(res$padj <= alpha)\r\n    ## Order by adjusted p-value\r\n    res <- res[order(res$padj), ]\r\n    ## Merge with normalized count data\r\n    resdata <- merge(as.data.frame(res), as.data.frame(counts(dds, normalized=TRUE)), by=\"row.names\", sort=FALSE)\r\n    resdata\r\n    names(resdata)[1] <- \"Name\"\r\n    head(resdata)\r\n    ## Write results\r\n    write.csv(resdata, file=result_file, row.names=FALSE)\r\n    result_file\r\n\r\n\r\nFor this, I'm filtering using padj < 0.05, which gives me 11 results. \r\n\r\nWhen I create the volcano plot using EnhancedVolcano, I use padj in y axis and filter by 0.05\r\nWhich is supposed to filter with pCutOff (\"In this case, the cutoff for the P value then relates to the adjusted P value\")\r\n\r\n    library(EnhancedVolcano)\r\n    dds <- DESeq(dds_m, betaPrior=FALSE)\r\n    res1 <- results(dds)\r\n    res1\r\n    EnhancedVolcano(res1,\r\n                    lab = rownames(res1),\r\n                    x = 'log2FoldChange',\r\n                    y = 'padj',\r\n                    pCutoff = 0.05)\r\n\r\nBut I'm not undestanding where my 11 elements should be, I guess from the horizontal line but how is DESeq2 filtering by log 2 fold change, how is it selecting where to cut?\r\n\r\n![enter image description here][1]\r\n\r\n\r\n  [1]: https://i.ibb.co/MSdpf34/Rplot.png",
    "creation_date": "2019-09-02T19:12:19.194134+00:00",
    "has_accepted": false,
    "id": 382935,
    "lastedit_date": "2019-09-02T19:14:07.278144+00:00",
    "lastedit_user_uid": "15783",
    "parent_id": 382935,
    "rank": 1567451647.278144,
    "reply_count": 6,
    "root_id": 382935,
    "status": "Open",
    "status_id": 1,
    "subs_count": 1,
    "tag_val": "volcano,deseq2,RNA-Seq,deg,expression",
    "thread_score": 0,
    "title": "Understanding DESeq2 padj and Volcano Plot",
    "type": "Question",
    "type_id": 0,
    "uid": "396906",
    "url": "https://www.biostars.org/p/396906/",
    "view_count": 6028,
    "vote_count": 0,
    "xhtml": "<p>I'm using DESeq2 for a differential expression analysis of sRNA data. The R code looks like this:</p>\n\n<pre class=\"pre\"><code class=\"language-bash\">library(\"DESeq2\")\nalpha &lt;- 0.05\nsetwd(dirname(rstudioapi::getActiveDocumentContext()$path));\ngetwd()\ndata_path &lt;- \"/home/juan/Desktop/juan/bio/mirna_mrcv/data/counts.valid.csv\"\nresult_path &lt;- \"/home/juan/Desktop/juan/bio/mirna_mrcv/data/\"\n# Load data\ncountdata &lt;- read.table(data_path,header=TRUE,sep=\"\\t\")\nresult_file = paste(result_path,\"mirna.deg.csv\",sep=\"\");\n#DROP unique miRNA clusters\n# I don't know why I have to do this first, otherwise RStudio hangs\ncountdata &lt;- countdata[!is.na(countdata$Name),]\nrow.names(countdata) &lt;- countdata$Name\ncountdata &lt;- subset(countdata, select = -c(main))\ncountdata &lt;- subset(countdata, select = -c(Name))\ncountdata &lt;- subset(countdata, select = -c(Locus))\ncountdata &lt;- as.matrix(countdata)\nhead(countdata)\n# Assign condition (first four are controls, second four contain the expansion)\n(condition &lt;- factor(c(\"control\",\"control\",\"treatment\",\"treatment\")))\n# Analysis with DESeq2 ----------------------------------------------------\n# Create a coldata frame and instantiate the DESeqDataSet. See ?DESeqDataSetFromMatrix\n(coldata &lt;- data.frame(row.names=colnames(countdata), condition))\nlevels(coldata$condition)\ncoldata\ndds_m &lt;- DESeqDataSetFromMatrix(countData=countdata, colData=coldata, design=~condition)\n# Run the DESeq pipeline\ndds &lt;- DESeq(dds_m)\n\nres &lt;- results(dds, alpha=alpha)\nres &lt;- res[!is.na(res$padj), ]\nres &lt;- res[res$padj &lt;= alpha, ]\ntable(res$padj &lt;= alpha)\n## Order by adjusted p-value\nres &lt;- res[order(res$padj), ]\n## Merge with normalized count data\nresdata &lt;- merge(as.data.frame(res), as.data.frame(counts(dds, normalized=TRUE)), by=\"row.names\", sort=FALSE)\nresdata\nnames(resdata)[1] &lt;- \"Name\"\nhead(resdata)\n## Write results\nwrite.csv(resdata, file=result_file, row.names=FALSE)\nresult_file\n</code></pre>\n\n<p>For this, I'm filtering using padj &lt; 0.05, which gives me 11 results. </p>\n\n<p>When I create the volcano plot using EnhancedVolcano, I use padj in y axis and filter by 0.05\nWhich is supposed to filter with pCutOff (\"In this case, the cutoff for the P value then relates to the adjusted P value\")</p>\n\n<pre class=\"pre\"><code class=\"language-bash\">library(EnhancedVolcano)\ndds &lt;- DESeq(dds_m, betaPrior=FALSE)\nres1 &lt;- results(dds)\nres1\nEnhancedVolcano(res1,\n                lab = rownames(res1),\n                x = 'log2FoldChange',\n                y = 'padj',\n                pCutoff = 0.05)\n</code></pre>\n\n<p>But I'm not undestanding where my 11 elements should be, I guess from the horizontal line but how is DESeq2 filtering by log 2 fold change, how is it selecting where to cut?</p>\n\n<p><img src=\"https://i.ibb.co/MSdpf34/Rplot.png\" alt=\"enter image description here\"></p>\n"
}