{
    "answer_count": 1,
    "author": "Eleanor Howe",
    "author_uid": "77",
    "book_count": 0,
    "comment_count": 1,
    "content": "Diamond Age Data Science helps fast-moving biotech and small pharmaceutical companies make the best use of publicly-available and private data by creating robust informatics systems and analyzing complex biological datasets. For fledgling companies, Diamond Age can function as a one-stop bioinformatics department, helping to answer both scientific and strategic questions (e.g., how to precisely identify mechanisms of action, where and how to store large/complex datasets, build vs. buy). For more mature companies, Diamond Age provides targeted bioinformatics services designed to fit into existing scientific strategies, with special expertise in transcriptional profiling and sequencing.\n\nIt turns out many companies need services like these, so Diamond Age is hiring. We\u2019re looking for experienced computational biologists, whether formally trained in a MS or PhD Bioinformatics program or informally trained by extensive experience doing computational science and engineering. We offer a flexible work schedule, exciting scientific and engineering projects, and a work environment of respect and mutual support.\n\nWe\u2019re open to remote work: You\u2019ll be expected to participate in teleconferences and attend virtual meetings on a schedule compatible with the Eastern US time zone.\n\nWe are also hiring at multiple levels. Please see the two lists of requirements below to get a feel for what we\u2019re looking for. We would love to speak to anyone who falls between these two sets of requirements as well. Pay is commensurate with experience.\n\nBioinformatics Consultant Requirements\n\n - PhD or MS in a scientific field, such as Bioinformatics, Biology, Chemistry, Math or Physics.\n - If formal training is not in bioinformatics / computational biology / systems biology, then extensive on-the-job experience in one of those fields.\n - R or Python programming experience and experience with reproducible research.\n - Excellent scientific communication and interpersonal skills, both verbal and written.\n - Experience with one or more of the following: NGS pipeline building, transcriptional profiling analysis for drug discovery, statistical modeling, human genetics and GWAS, variant analysis, cancer genomics.\n - Software development skills: version control, code documentation, software development cycle.\n - Authorization to work in the US.\n\nSenior Bioinformatics Consultant Requirements\n\n - PhD or MS in a scientific field, such as Bioinformatics, Biology, Chemistry, Math or Physics.\n - If formal training is not in bioinformatics / computational biology / systems biology, then extensive on-the-job experience in one of those fields.\n - Extensive programming experience and experience with reproducible research. A track record of managing large, long-running scientific projects.\n - Excellent scientific communication and interpersonal skills, both verbal and written.\n - Demonstrated project management skills, whether in a formal project management role, as a team lead, or in an informal role where you were responsible for a project\u2019s successful completion.\n - Experience with several of the following: NGS pipeline building, transcriptional profiling analysis for drug discovery, statistical modeling, human genetics and GWAS, variant analysis, cancer genomics.\n - Software development skills: version control, code documentation, software development cycle. Experience in designing, developing, deploying and maintaining production data analysis pipelines or software tools.\n - Authorization to work in the US.\n\nWe are committed to fairness in hiring and to a diverse and inclusive workplace. We encourage women and members of other underrepresented groups to apply.\n\nJob Type: Full-time\n\n[Apply Here][1]\n\n  [1]: https://employers.indeed.com/j#jobs/view?id=5902a7621c48",
    "creation_date": "2019-06-11T13:34:15.248641+00:00",
    "has_accepted": false,
    "id": 370882,
    "lastedit_date": "2023-05-31T17:29:59.752793+00:00",
    "lastedit_user_uid": "8494",
    "parent_id": 370882,
    "rank": 1576601625.533142,
    "reply_count": 1,
    "root_id": 370882,
    "status": "Open",
    "status_id": 1,
    "subs_count": 2,
    "tag_val": "bioinformatics-consultant",
    "thread_score": 2,
    "title": "Bioinformatics Consultant: flexible hours, exciting science: Diamond Age Data Science, Boston, USA (open to remote working)",
    "type": "Job",
    "type_id": 2,
    "uid": "384043",
    "url": "https://www.biostars.org/p/384043/",
    "view_count": 3206,
    "vote_count": 2,
    "xhtml": "<p>Diamond Age Data Science helps fast-moving biotech and small pharmaceutical companies make the best use of publicly-available and private data by creating robust informatics systems and analyzing complex biological datasets. For fledgling companies, Diamond Age can function as a one-stop bioinformatics department, helping to answer both scientific and strategic questions (e.g., how to precisely identify mechanisms of action, where and how to store large/complex datasets, build vs. buy). For more mature companies, Diamond Age provides targeted bioinformatics services designed to fit into existing scientific strategies, with special expertise in transcriptional profiling and sequencing.</p>\n<p>It turns out many companies need services like these, so Diamond Age is hiring. We\u2019re looking for experienced computational biologists, whether formally trained in a MS or PhD Bioinformatics program or informally trained by extensive experience doing computational science and engineering. We offer a flexible work schedule, exciting scientific and engineering projects, and a work environment of respect and mutual support.</p>\n<p>We\u2019re open to remote work: You\u2019ll be expected to participate in teleconferences and attend virtual meetings on a schedule compatible with the Eastern US time zone.</p>\n<p>We are also hiring at multiple levels. Please see the two lists of requirements below to get a feel for what we\u2019re looking for. We would love to speak to anyone who falls between these two sets of requirements as well. Pay is commensurate with experience.</p>\n<p>Bioinformatics Consultant Requirements</p>\n<ul>\n<li>PhD or MS in a scientific field, such as Bioinformatics, Biology, Chemistry, Math or Physics.</li>\n<li>If formal training is not in bioinformatics / computational biology / systems biology, then extensive on-the-job experience in one of those fields.</li>\n<li>R or Python programming experience and experience with reproducible research.</li>\n<li>Excellent scientific communication and interpersonal skills, both verbal and written.</li>\n<li>Experience with one or more of the following: NGS pipeline building, transcriptional profiling analysis for drug discovery, statistical modeling, human genetics and GWAS, variant analysis, cancer genomics.</li>\n<li>Software development skills: version control, code documentation, software development cycle.</li>\n<li>Authorization to work in the US.</li>\n</ul>\n<p>Senior Bioinformatics Consultant Requirements</p>\n<ul>\n<li>PhD or MS in a scientific field, such as Bioinformatics, Biology, Chemistry, Math or Physics.</li>\n<li>If formal training is not in bioinformatics / computational biology / systems biology, then extensive on-the-job experience in one of those fields.</li>\n<li>Extensive programming experience and experience with reproducible research. A track record of managing large, long-running scientific projects.</li>\n<li>Excellent scientific communication and interpersonal skills, both verbal and written.</li>\n<li>Demonstrated project management skills, whether in a formal project management role, as a team lead, or in an informal role where you were responsible for a project\u2019s successful completion.</li>\n<li>Experience with several of the following: NGS pipeline building, transcriptional profiling analysis for drug discovery, statistical modeling, human genetics and GWAS, variant analysis, cancer genomics.</li>\n<li>Software development skills: version control, code documentation, software development cycle. Experience in designing, developing, deploying and maintaining production data analysis pipelines or software tools.</li>\n<li>Authorization to work in the US.</li>\n</ul>\n<p>We are committed to fairness in hiring and to a diverse and inclusive workplace. We encourage women and members of other underrepresented groups to apply.</p>\n<p>Job Type: Full-time</p>\n<p><a href=\"https://employers.indeed.com/j#jobs/view?id=5902a7621c48\" rel=\"nofollow\">Apply Here</a></p>\n"
}