{
    "answer_count": 0,
    "author": "snakelake",
    "author_uid": "114286",
    "book_count": 0,
    "comment_count": 0,
    "content": "Hello :)\r\n\r\nI\u00b4m trying to build an assembly pipeline that utilizes Bionanos HybridScaffolding. After researching it seems that the only way I can access that tool is by downloading the whole Bionano Solve Software and installing it manually. That is quite a bummer since I want the pipeline to be accessible easily for others without a manual installation process. Furthermore, I would need root access to my institute's server to install Bionano Solve, which probably won\u00b4t be an option. \r\n\r\nHas anyone found themselves in the same situation and has figured out a workaround?\r\n\r\nI was thinking about just extracting the HybridScaffolding.pl script from the software package, but that does not seem to work for me without console errors. \r\n\r\nThanks in Advance! \r\n\r\nMy pipeline is built in snakemake and therefore uses conda environments for dependency management.  \r\n",
    "creation_date": "2022-09-24T09:57:53.365468+00:00",
    "has_accepted": false,
    "id": 539506,
    "lastedit_date": "2022-09-24T09:57:53.365478+00:00",
    "lastedit_user_uid": "114286",
    "parent_id": 539506,
    "rank": 1664013473.365478,
    "reply_count": 0,
    "root_id": 539506,
    "status": "Deleted",
    "status_id": 4,
    "subs_count": 1,
    "tag_val": "snakemake,bionano,linux,conda",
    "thread_score": 0,
    "title": "How to run Bionano Hybrid Scaffolding without root and Solve tool",
    "type": "Question",
    "type_id": 0,
    "uid": "9539506",
    "url": "https://www.biostars.org/p/9539506/",
    "view_count": 381,
    "vote_count": 0,
    "xhtml": "<p>Hello :)</p>\n<p>I\u00b4m trying to build an assembly pipeline that utilizes Bionanos HybridScaffolding. After researching it seems that the only way I can access that tool is by downloading the whole Bionano Solve Software and installing it manually. That is quite a bummer since I want the pipeline to be accessible easily for others without a manual installation process. Furthermore, I would need root access to my institute's server to install Bionano Solve, which probably won\u00b4t be an option.</p>\n<p>Has anyone found themselves in the same situation and has figured out a workaround?</p>\n<p>I was thinking about just extracting the HybridScaffolding.pl script from the software package, but that does not seem to work for me without console errors.</p>\n<p>Thanks in Advance!</p>\n<p>My pipeline is built in snakemake and therefore uses conda environments for dependency management.</p>\n"
}