{
    "answer_count": 10,
    "author": "Eric Fournier",
    "author_uid": "2263",
    "book_count": 2,
    "comment_count": 7,
    "content": "<p><b>Short version</b>: How would you go about generating multiple species alignments of novel transcripts from bos taurus (assembly UMD3.1) with human/mouse/dog for use with PhyloCSF?</p>\n\n<p><b>Context and what I've tried so far</b>:</p>\n\n<p>Through a sequencing experiment, our lab has identified a large set of new transcripts in Bos taurus. We want to determine if those transcripts are coding or non-coding. To do so, we thought of using the <a href='https://github.com/mlin/PhyloCSF/wiki'>PhyloCSF</a> software, as was done in <a href='http://www.ncbi.nlm.nih.gov/pmc/articles/PMC3185964/?tool=pubmed'>Cabili et al, 2011</a>.</p>\n\n<p>To use PhyloCSF, we need to generate a multiple species alignment of our transcripts. However, since these are unknown transcripts, it is impossible to find their inter-species homologs directly. Instead, we set out to generate genomic multi-species alignment, from which we aimed to extract our regions of interest.</p>\n\n<p>However, I've now spent most of the week banging my head trying to figure out the best way to do this. So far I have:</p>\n\n<ol>\n<li>Obtained pairwise alignment of the bosTau6 assembly of the cow genome to hg19, mm9 and canFam2 from the <a href='http://hgdownload.cse.ucsc.edu/downloads.html'>UCSC Genome Browser download page</a></li>\n<li>Converted those to MAF format</li>\n<li>Stitched those pairwise MAF together using <a href='http://www.bx.psu.edu/miller_lab/'>TBA</a></li>\n<li>Tried to extract regions of interest using <a href='https://bitbucket.org/james_taylor/bx-python/wiki/Home'>bx_python</a></li>\n</ol>\n\n<p>Currently, bx_python crashes when I try to index my MAF file saying it cannot fit a range of 0..148,823,899 into a bin of 4681. This is the length of a whole chromosome, so I'm guessing my MAF file must be broken. wc -L gives me a maximum line size of 158,337,101, which I am pretty sure isn't normal.</p>\n\n<p>I'm going to keep trying to figure out where I went wrong, but I would be grateful for any suggestions of alternative data sources, tools or pipelines for generating my multi species alignments.</p>\n",
    "creation_date": "2012-01-19T23:02:07.537000+00:00",
    "has_accepted": false,
    "id": 16174,
    "lastedit_date": "2022-01-23T19:34:48.099139+00:00",
    "lastedit_user_uid": "67462",
    "parent_id": 16174,
    "rank": 1642966488.421306,
    "reply_count": 10,
    "root_id": 16174,
    "status": "Open",
    "status_id": 1,
    "subs_count": 4,
    "tag_val": "multiple,genome,non",
    "thread_score": 6,
    "title": "Generating Multiple Species Alignment Of Novel Transcripts For Phylocsf",
    "type": "Question",
    "type_id": 0,
    "uid": "16470",
    "url": "https://www.biostars.org/p/16470/",
    "view_count": 7005,
    "vote_count": 3,
    "xhtml": "<p><b>Short version</b>: How would you go about generating multiple species alignments of novel transcripts from bos taurus (assembly UMD3.1) with human/mouse/dog for use with PhyloCSF?</p>\n\n<p><b>Context and what I've tried so far</b>:</p>\n\n<p>Through a sequencing experiment, our lab has identified a large set of new transcripts in Bos taurus. We want to determine if those transcripts are coding or non-coding. To do so, we thought of using the <a rel=\"nofollow\" href=\"https://github.com/mlin/PhyloCSF/wiki\">PhyloCSF</a> software, as was done in <a rel=\"nofollow\" href=\"http://www.ncbi.nlm.nih.gov/pmc/articles/PMC3185964/?tool=pubmed\">Cabili et al, 2011</a>.</p>\n\n<p>To use PhyloCSF, we need to generate a multiple species alignment of our transcripts. However, since these are unknown transcripts, it is impossible to find their inter-species homologs directly. Instead, we set out to generate genomic multi-species alignment, from which we aimed to extract our regions of interest.</p>\n\n<p>However, I've now spent most of the week banging my head trying to figure out the best way to do this. So far I have:</p>\n\n<ol>\n<li>Obtained pairwise alignment of the bosTau6 assembly of the cow genome to hg19, mm9 and canFam2 from the <a rel=\"nofollow\" href=\"http://hgdownload.cse.ucsc.edu/downloads.html\">UCSC Genome Browser download page</a></li>\n<li>Converted those to MAF format</li>\n<li>Stitched those pairwise MAF together using <a rel=\"nofollow\" href=\"http://www.bx.psu.edu/miller_lab/\">TBA</a></li>\n<li>Tried to extract regions of interest using <a rel=\"nofollow\" href=\"https://bitbucket.org/james_taylor/bx-python/wiki/Home\">bx_python</a></li>\n</ol>\n\n<p>Currently, bx_python crashes when I try to index my MAF file saying it cannot fit a range of 0..148,823,899 into a bin of 4681. This is the length of a whole chromosome, so I'm guessing my MAF file must be broken. wc -L gives me a maximum line size of 158,337,101, which I am pretty sure isn't normal.</p>\n\n<p>I'm going to keep trying to figure out where I went wrong, but I would be grateful for any suggestions of alternative data sources, tools or pipelines for generating my multi species alignments.</p>\n"
}