{
    "answer_count": 8,
    "author": "eesha28112001",
    "author_uid": "113149",
    "book_count": 0,
    "comment_count": 8,
    "content": "I ran the following command:\n\n```\nnextflow run nf-core/rnaseq\n-r 3.10.1\n--input samplesheet.csv\n--outdir output\n--fasta chr22_with_ERCC92.fa\n-profile docker\n--gtf chr22_with_ERCC92.gtf\n--max_memory 3.7GB\n--max_cpus 4\n```\n\nThe error I got is as follows:\n\n```\n-[nf-core/rnaseq] Pipeline completed with errors-\nERROR ~ Error executing process > 'NFCORE_RNASEQ:RNASEQ:FASTQ_FASTQC_UMITOOLS_TRIMGALORE:TRIMGALORE (CONTROL_REP3)'\n\nCaused by:\n  Process `NFCORE_RNASEQ:RNASEQ:FASTQ_FASTQC_UMITOOLS_TRIMGALORE:TRIMGALORE (CONTROL_REP3)` terminated with an error exit status (255)\n\nCommand executed:\n\n  [ ! -f  CONTROL_REP3_1.fastq.gz ] && ln -s HBR_Rep3_ERCC-Mix2_Build37-ErccTranscripts-chr22.read1.fastq.gz CONTROL_REP3_1.fastq.gz\n  [ ! -f  CONTROL_REP3_2.fastq.gz ] && ln -s HBR_Rep1_ERCC-Mix2_Build37-ErccTranscripts-chr22.read2.fastq.gz CONTROL_REP3_2.fastq.gz\n  trim_galore \\\n      --fastqc_args '-t 4' \\\n      --cores 1 \\\n      --paired \\\n      --gzip \\\n      CONTROL_REP3_1.fastq.gz \\\n      CONTROL_REP3_2.fastq.gz\n\n  cat <<-END_VERSIONS > versions.yml\n  \"NFCORE_RNASEQ:RNASEQ:FASTQ_FASTQC_UMITOOLS_TRIMGALORE:TRIMGALORE\":\n      trimgalore: $(echo $(trim_galore --version 2>&1) | sed 's/^.*version //; s/Last.*$//')\n      cutadapt: $(cutadapt --version)\n  END_VERSIONS\n\nCommand exit status:\n  255\n\nCommand output:\n  (empty)\n\nCommand error:\n  16    2       0.0     1       0 2\n  21    2       0.0     1       0 2\n  24    1       0.0     1       0 1\n  25    1       0.0     1       0 1\n  26    1       0.0     1       0 1\n  27    1       0.0     1       0 1\n  28    2       0.0     1       0 2\n  30    2       0.0     1       0 2\n  31    2       0.0     1       0 2\n  36    4       0.0     1       0 4\n  37    2       0.0     1       0 2\n  39    1       0.0     1       0 1\n  42    2       0.0     1       0 2\n  44    1       0.0     1       0 1\n  51    2       0.0     1       0 2\n  53    1       0.0     1       0 1\n  56    2       0.0     1       0 2\n  58    2       0.0     1       0 2\n  62    2       0.0     1       0 2\n  66    1       0.0     1       0 1\n  67    1       0.0     1       0 1\n  69    1       0.0     1       0 1\n  71    1       0.0     1       0 1\n  77    1       0.0     1       0 1\n  78    2       0.0     1       0 2\n  83    3       0.0     1       0 3\n  85    3       0.0     1       0 3\n  89    1       0.0     1       0 1\n  92    1       0.0     1       0 1\n  93    1       0.0     1       0 1\n  94    1       0.0     1       0 1\n  98    1       0.0     1       0 1\n  99    1       0.0     1       0 1\n  100   2       0.0     1       0 2\n\n  RUN STATISTICS FOR INPUT FILE: CONTROL_REP3_2.fastq.gz\n  =============================================\n  118571 sequences processed in total\n  The length threshold of paired-end sequences gets evaluated later on (in the validation step)\n\n  Validate paired-end files CONTROL_REP3_1_trimmed.fq.gz and CONTROL_REP3_2_trimmed.fq.gz\n  file_1: CONTROL_REP3_1_trimmed.fq.gz, file_2: CONTROL_REP3_2_trimmed.fq.gz\n\n\n  >>>>> Now validing the length of the 2 paired-end infiles: CONTROL_REP3_1_trimmed.fq.gz and CONTROL_REP3_2_trimmed.fq.gz <<<<<\n  Writing validated paired-end Read 1 reads to CONTROL_REP3_1_val_1.fq.gz\n  Writing validated paired-end Read 2 reads to CONTROL_REP3_2_val_2.fq.gz\n\n  Read 2 output is truncated at sequence count: 118571, please check your paired-end input files! Terminating...\n\nWork dir:\n  /home/eesha/work/8f/4b24724187219cec48cb42dc0e3d82\n\nTip: when you have fixed the problem you can continue the execution adding the option `-resume` to the run command line\n\n -- Check '.nextflow.log' file for details\n```\n\nWhat is the workaround for this?",
    "creation_date": "2023-05-16T08:44:50.130195+00:00",
    "has_accepted": false,
    "id": 563611,
    "lastedit_date": "2023-05-23T07:11:29.468029+00:00",
    "lastedit_user_uid": "113149",
    "parent_id": 563611,
    "rank": 1684226690.130206,
    "reply_count": 8,
    "root_id": 563611,
    "status": "Open",
    "status_id": 1,
    "subs_count": 3,
    "tag_val": "nf-core,RNA-seq",
    "thread_score": 4,
    "title": "Error while running nf-core/rnaseq pipeline",
    "type": "Question",
    "type_id": 0,
    "uid": "9563611",
    "url": "https://www.biostars.org/p/9563611/",
    "view_count": 2209,
    "vote_count": 0,
    "xhtml": "<p>I ran the following command:</p>\n<pre><code>nextflow run nf-core/rnaseq\n-r 3.10.1\n--input samplesheet.csv\n--outdir output\n--fasta chr22_with_ERCC92.fa\n-profile docker\n--gtf chr22_with_ERCC92.gtf\n--max_memory 3.7GB\n--max_cpus 4\n</code></pre>\n<p>The error I got is as follows:</p>\n<pre><code>-[nf-core/rnaseq] Pipeline completed with errors-\nERROR ~ Error executing process &gt; 'NFCORE_RNASEQ:RNASEQ:FASTQ_FASTQC_UMITOOLS_TRIMGALORE:TRIMGALORE (CONTROL_REP3)'\n\nCaused by:\n  Process `NFCORE_RNASEQ:RNASEQ:FASTQ_FASTQC_UMITOOLS_TRIMGALORE:TRIMGALORE (CONTROL_REP3)` terminated with an error exit status (255)\n\nCommand executed:\n\n  [ ! -f  CONTROL_REP3_1.fastq.gz ] &amp;&amp; ln -s HBR_Rep3_ERCC-Mix2_Build37-ErccTranscripts-chr22.read1.fastq.gz CONTROL_REP3_1.fastq.gz\n  [ ! -f  CONTROL_REP3_2.fastq.gz ] &amp;&amp; ln -s HBR_Rep1_ERCC-Mix2_Build37-ErccTranscripts-chr22.read2.fastq.gz CONTROL_REP3_2.fastq.gz\n  trim_galore \\\n      --fastqc_args '-t 4' \\\n      --cores 1 \\\n      --paired \\\n      --gzip \\\n      CONTROL_REP3_1.fastq.gz \\\n      CONTROL_REP3_2.fastq.gz\n\n  cat &lt;&lt;-END_VERSIONS &gt; versions.yml\n  \"NFCORE_RNASEQ:RNASEQ:FASTQ_FASTQC_UMITOOLS_TRIMGALORE:TRIMGALORE\":\n      trimgalore: $(echo $(trim_galore --version 2&gt;&amp;1) | sed 's/^.*version //; s/Last.*$//')\n      cutadapt: $(cutadapt --version)\n  END_VERSIONS\n\nCommand exit status:\n  255\n\nCommand output:\n  (empty)\n\nCommand error:\n  16    2       0.0     1       0 2\n  21    2       0.0     1       0 2\n  24    1       0.0     1       0 1\n  25    1       0.0     1       0 1\n  26    1       0.0     1       0 1\n  27    1       0.0     1       0 1\n  28    2       0.0     1       0 2\n  30    2       0.0     1       0 2\n  31    2       0.0     1       0 2\n  36    4       0.0     1       0 4\n  37    2       0.0     1       0 2\n  39    1       0.0     1       0 1\n  42    2       0.0     1       0 2\n  44    1       0.0     1       0 1\n  51    2       0.0     1       0 2\n  53    1       0.0     1       0 1\n  56    2       0.0     1       0 2\n  58    2       0.0     1       0 2\n  62    2       0.0     1       0 2\n  66    1       0.0     1       0 1\n  67    1       0.0     1       0 1\n  69    1       0.0     1       0 1\n  71    1       0.0     1       0 1\n  77    1       0.0     1       0 1\n  78    2       0.0     1       0 2\n  83    3       0.0     1       0 3\n  85    3       0.0     1       0 3\n  89    1       0.0     1       0 1\n  92    1       0.0     1       0 1\n  93    1       0.0     1       0 1\n  94    1       0.0     1       0 1\n  98    1       0.0     1       0 1\n  99    1       0.0     1       0 1\n  100   2       0.0     1       0 2\n\n  RUN STATISTICS FOR INPUT FILE: CONTROL_REP3_2.fastq.gz\n  =============================================\n  118571 sequences processed in total\n  The length threshold of paired-end sequences gets evaluated later on (in the validation step)\n\n  Validate paired-end files CONTROL_REP3_1_trimmed.fq.gz and CONTROL_REP3_2_trimmed.fq.gz\n  file_1: CONTROL_REP3_1_trimmed.fq.gz, file_2: CONTROL_REP3_2_trimmed.fq.gz\n\n\n  &gt;&gt;&gt;&gt;&gt; Now validing the length of the 2 paired-end infiles: CONTROL_REP3_1_trimmed.fq.gz and CONTROL_REP3_2_trimmed.fq.gz &lt;&lt;&lt;&lt;&lt;\n  Writing validated paired-end Read 1 reads to CONTROL_REP3_1_val_1.fq.gz\n  Writing validated paired-end Read 2 reads to CONTROL_REP3_2_val_2.fq.gz\n\n  Read 2 output is truncated at sequence count: 118571, please check your paired-end input files! Terminating...\n\nWork dir:\n  /home/eesha/work/8f/4b24724187219cec48cb42dc0e3d82\n\nTip: when you have fixed the problem you can continue the execution adding the option `-resume` to the run command line\n\n -- Check '.nextflow.log' file for details\n</code></pre>\n<p>What is the workaround for this?</p>\n"
}