{
    "answer_count": 3,
    "author": "ajc8",
    "author_uid": "8168",
    "book_count": 0,
    "comment_count": 1,
    "content": "<p>Hi,</p>\n\n<p>I just aligned several exome samples with <a href='http://bio-bwa.sourceforge.net/'>bwa</a> mem and then processed the output through several pipeline steps.  This is the first time I used <a href='http://bio-bwa.sourceforge.net/'>bwa</a> mem instead of aln and then sampe.  </p>\n\n<p>I am now ready to Mark Duplicates in Picard but after determining the source of my error message, I have realized that in order to prepare the <a href='http://samtools.sourceforge.net/SAM1.pdf'>sam</a> file for future use in Picard (via <a href='http://bio-bwa.sourceforge.net/'>bwa</a> mem), I need to specify with \"-M\" in the mem command.  </p>\n\n<p>Is there a way to make a <a href='http://samtools.sourceforge.net/SAM1.pdf'>bam</a> file okay for marking duplicates in Picard without realigning from the beginning?</p>\n\n<p>Thanks for your help. <br />\nAllison</p>\n",
    "creation_date": "2013-07-02T03:13:19.470510+00:00",
    "has_accepted": false,
    "id": 71495,
    "lastedit_date": "2016-03-10T17:22:22.513985+00:00",
    "lastedit_user_uid": "1681",
    "parent_id": 71495,
    "rank": 1457630542.513985,
    "reply_count": 3,
    "root_id": 71495,
    "status": "Open",
    "status_id": 1,
    "subs_count": 3,
    "tag_val": "bwa,picard,duplicates",
    "thread_score": 9,
    "title": "Can You Make A Bam File Picard Compatible?  I Forgot -M With Bwa Mem",
    "type": "Question",
    "type_id": 0,
    "uid": "75693",
    "url": "https://www.biostars.org/p/75693/",
    "view_count": 6826,
    "vote_count": 3,
    "xhtml": "<p>Hi,</p>\n\n<p>I just aligned several exome samples with <a rel=\"nofollow\" href=\"http://bio-bwa.sourceforge.net/\">bwa</a> mem and then processed the output through several pipeline steps.  This is the first time I used <a rel=\"nofollow\" href=\"http://bio-bwa.sourceforge.net/\">bwa</a> mem instead of aln and then sampe.  </p>\n\n<p>I am now ready to Mark Duplicates in Picard but after determining the source of my error message, I have realized that in order to prepare the <a rel=\"nofollow\" href=\"http://samtools.sourceforge.net/SAM1.pdf\">sam</a> file for future use in Picard (via <a rel=\"nofollow\" href=\"http://bio-bwa.sourceforge.net/\">bwa</a> mem), I need to specify with \"-M\" in the mem command.  </p>\n\n<p>Is there a way to make a <a rel=\"nofollow\" href=\"http://samtools.sourceforge.net/SAM1.pdf\">bam</a> file okay for marking duplicates in Picard without realigning from the beginning?</p>\n\n<p>Thanks for your help. <br>\nAllison</p>\n"
}