{
    "answer_count": 2,
    "author": "c.v.oflynn",
    "author_uid": "7986",
    "book_count": 0,
    "comment_count": 1,
    "content": "<p>Hi Guys, </p>\n\n<p>For a while we have been using 7 mer barcodes, but have recently changed to 10 mers. Can anyone see any problems that using a mix of mers in one run might cause? </p>\n\n<p>We do 16s Sequencing on 454, trim at 350 bp, have a modified AmpliconNoise style de-noising pipeline and use qiime for taxonomy assignment. </p>\n\n<p>both 7 mers and 10 mers work fine on their own.</p>\n\n<p>The 7 mers are not suffixes or prefixes of the 10 mers. </p>\n\n<p>Anyone ever done this? I cant think of any obvious problems, but would love some reassurance. I am thinking possible specificity issues with higher lengths or bioinformatic hiccups ? </p>\n\n<p>Thanks Guys! </p>\n",
    "creation_date": "2013-10-07T10:37:39.689638+00:00",
    "has_accepted": false,
    "id": 78260,
    "lastedit_date": "2013-10-07T11:41:37.180311+00:00",
    "lastedit_user_uid": "7059",
    "parent_id": 78260,
    "rank": 1381146097.180311,
    "reply_count": 2,
    "root_id": 78260,
    "status": "Open",
    "status_id": 1,
    "subs_count": 1,
    "tag_val": "metagenomics",
    "thread_score": 0,
    "title": "Mixing Barcode Lengths 16S",
    "type": "Question",
    "type_id": 0,
    "uid": "82965",
    "url": "https://www.biostars.org/p/82965/",
    "view_count": 1854,
    "vote_count": 0,
    "xhtml": "<p>Hi Guys, </p>\n\n<p>For a while we have been using 7 mer barcodes, but have recently changed to 10 mers. Can anyone see any problems that using a mix of mers in one run might cause? </p>\n\n<p>We do 16s Sequencing on 454, trim at 350 bp, have a modified AmpliconNoise style de-noising pipeline and use qiime for taxonomy assignment. </p>\n\n<p>both 7 mers and 10 mers work fine on their own.</p>\n\n<p>The 7 mers are not suffixes or prefixes of the 10 mers. </p>\n\n<p>Anyone ever done this? I cant think of any obvious problems, but would love some reassurance. I am thinking possible specificity issues with higher lengths or bioinformatic hiccups ? </p>\n\n<p>Thanks Guys! </p>\n"
}