{
    "answer_count": 2,
    "author": "akash27519",
    "author_uid": "23606",
    "book_count": 0,
    "comment_count": 1,
    "content": "I am trying to implement a pipeline for RNA-seq Analysis using the Tuxedo suite of tools. I am planning on doing the following Cufflinks ---> CuffMerge ---> CuffDiff. The analysis I am trying to conduct contains 2 different conditions with two samples each for a total of four files. \r\n\r\nCondition 1: Sample 1 & 2\r\nCondition 2: Sample 3 & 4\r\n\r\n**My question is for the CuffMerge step should I be merging all four samples or just do merges within the conditions?**\r\n\r\n All 4 of these samples are from the same cell line so I assume that the best practice would be to merge all 4 samples and then use CuffDiff to calculate the FPKM values at the condition and sample level. Is this a correct assumption?",
    "creation_date": "2017-07-06T17:23:14.561132+00:00",
    "has_accepted": false,
    "id": 251917,
    "lastedit_date": "2017-07-07T03:58:28.211897+00:00",
    "lastedit_user_uid": "26377",
    "parent_id": 251917,
    "rank": 1499399908.211897,
    "reply_count": 2,
    "root_id": 251917,
    "status": "Open",
    "status_id": 1,
    "subs_count": 2,
    "tag_val": "RNA-Seq",
    "thread_score": 1,
    "title": "RNA Seq Pipeline Question (CuffMerge)",
    "type": "Question",
    "type_id": 0,
    "uid": "261273",
    "url": "https://www.biostars.org/p/261273/",
    "view_count": 1824,
    "vote_count": 0,
    "xhtml": "<p>I am trying to implement a pipeline for RNA-seq Analysis using the Tuxedo suite of tools. I am planning on doing the following Cufflinks ---&gt; CuffMerge ---&gt; CuffDiff. The analysis I am trying to conduct contains 2 different conditions with two samples each for a total of four files. </p>\n\n<p>Condition 1: Sample 1 &amp; 2\nCondition 2: Sample 3 &amp; 4</p>\n\n<p><strong>My question is for the CuffMerge step should I be merging all four samples or just do merges within the conditions?</strong></p>\n\n<p>All 4 of these samples are from the same cell line so I assume that the best practice would be to merge all 4 samples and then use CuffDiff to calculate the FPKM values at the condition and sample level. Is this a correct assumption?</p>\n"
}