{
    "answer_count": 5,
    "author": "Richard",
    "author_uid": "4015",
    "book_count": 4,
    "comment_count": 1,
    "content": "Hi all,\n\nWe are thinking about ways to make our production pipeline run faster. Right now we're settled on aligner, but everything to get us from the SAM/BAM creation up to a sorted, merged, duplicate marked BAM could be updated.\n\nWe'll need tools to help us:\n\n - Sort\n - merge\n - mark duplicates\n - flagstats\n - make bam indices (.bai)\n\nOn my list of tools to evaluate, I have some combination of the following:\n\n - samtools\n - picard\n - sambamba\n - samblaster\n\nAre there any tools that I am missing? Are there any combinations of tools that people find particularly effective?\n\nRight now, our current workflow involves\n\n1. Align with Bwa\n2. Convert to BAM and sort (samtools)\n3. Duplicate Mark BAM (Picard)\n4. Merge and Duplicate mark all the lanes for a sample (Picard)\n\nLooking forward to your suggestions!",
    "creation_date": "2015-03-18T21:38:11.057400+00:00",
    "has_accepted": false,
    "id": 128658,
    "lastedit_date": "2022-05-24T19:45:37.832685+00:00",
    "lastedit_user_uid": "8494",
    "parent_id": 128658,
    "rank": 1426734387.952634,
    "reply_count": 5,
    "root_id": 128658,
    "status": "Open",
    "status_id": 1,
    "subs_count": 4,
    "tag_val": "sam,markduplicates,sort,bam",
    "thread_score": 16,
    "title": "sam/bam file handling -> new tools?",
    "type": "Question",
    "type_id": 0,
    "uid": "135031",
    "url": "https://www.biostars.org/p/135031/",
    "view_count": 4951,
    "vote_count": 5,
    "xhtml": "<p>Hi all,</p>\n<p>We are thinking about ways to make our production pipeline run faster. Right now we're settled on aligner, but everything to get us from the SAM/BAM creation up to a sorted, merged, duplicate marked BAM could be updated.</p>\n<p>We'll need tools to help us:</p>\n<ul>\n<li>Sort</li>\n<li>merge</li>\n<li>mark duplicates</li>\n<li>flagstats</li>\n<li>make bam indices (.bai)</li>\n</ul>\n<p>On my list of tools to evaluate, I have some combination of the following:</p>\n<ul>\n<li>samtools</li>\n<li>picard</li>\n<li>sambamba</li>\n<li>samblaster</li>\n</ul>\n<p>Are there any tools that I am missing? Are there any combinations of tools that people find particularly effective?</p>\n<p>Right now, our current workflow involves</p>\n<ol>\n<li>Align with Bwa</li>\n<li>Convert to BAM and sort (samtools)</li>\n<li>Duplicate Mark BAM (Picard)</li>\n<li>Merge and Duplicate mark all the lanes for a sample (Picard)</li>\n</ol>\n<p>Looking forward to your suggestions!</p>\n"
}