{
    "answer_count": 0,
    "author": "waqaskhokhar999",
    "author_uid": "6363",
    "book_count": 0,
    "comment_count": 0,
    "content": "I have single ended RNA-seq library data whose library is distributed among different lanes. After quality check and trimming, I have used this pipeline to estimate **Alternative splicing events**. Is this pipeline seems good to scientific community?\r\n#Mapping with Hisat2\r\n    hisat2 -p 8 --dta -x Indexed_genome -U Sample_A_1.fastq,Sample_A_2.fastq,Sample_A_3.fastq -S output_A.sam\r\n#Sam to bam\r\n    samtools sort -@ 8 -o output_A.bam output_A.sam\r\n#Assembly via StringTie\r\n    stringtie -p 8 -G genome_annotation.gtf -o output_A.gtf \u2013l output_A output_A.bam\r\n#Alternative splicing via ASTALAVISTA\r\nsubmitted output_A.gtf to ASTALAVISTA (http://genome.crg.es/astalavista/) and got results.\r\n\r\nyour feedback will be highly appreciated. \r\n",
    "creation_date": "2018-10-22T10:48:40.770474+00:00",
    "has_accepted": false,
    "id": 333568,
    "lastedit_date": "2018-10-22T10:48:40.770474+00:00",
    "lastedit_user_uid": "6363",
    "parent_id": 333568,
    "rank": 1540205320.770474,
    "reply_count": 0,
    "root_id": 333568,
    "status": "Open",
    "status_id": 1,
    "subs_count": 0,
    "tag_val": "RNA-Seq",
    "thread_score": 0,
    "title": "Alternative splicing from stringTie",
    "type": "Question",
    "type_id": 0,
    "uid": "344789",
    "url": "https://www.biostars.org/p/344789/",
    "view_count": 1910,
    "vote_count": 0,
    "xhtml": "<p>I have single ended RNA-seq library data whose library is distributed among different lanes. After quality check and trimming, I have used this pipeline to estimate <strong>Alternative splicing events</strong>. Is this pipeline seems good to scientific community?</p>\n\n<h1>Mapping with Hisat2</h1>\n\n<pre class=\"pre\"><code class=\"language-bash\">hisat2 -p 8 --dta -x Indexed_genome -U Sample_A_1.fastq,Sample_A_2.fastq,Sample_A_3.fastq -S output_A.sam\n</code></pre>\n\n<h1>Sam to bam</h1>\n\n<pre class=\"pre\"><code class=\"language-bash\">samtools sort -@ 8 -o output_A.bam output_A.sam\n</code></pre>\n\n<h1>Assembly via StringTie</h1>\n\n<pre class=\"pre\"><code class=\"language-bash\">stringtie -p 8 -G genome_annotation.gtf -o output_A.gtf \u2013l output_A output_A.bam\n</code></pre>\n\n<h1>Alternative splicing via ASTALAVISTA</h1>\n\n<p>submitted output_A.gtf to ASTALAVISTA (<a rel=\"nofollow\" href=\"http://genome.crg.es/astalavista/\">http://genome.crg.es/astalavista/</a>) and got results.</p>\n\n<p>your feedback will be highly appreciated. </p>\n"
}