{
    "answer_count": 1,
    "author": "rahu",
    "author_uid": "119066",
    "book_count": 0,
    "comment_count": 0,
    "content": "Hello,\r\n\r\nI'm using a pipeline that requires UCSC annotation downloaded from:\r\n\r\nhttp://hgdownload.cse.ucsc.edu/goldenPath/hg19/database/ensGene.txt.gz\r\n\r\nI believe this is the format of the ensGene file:\r\n\r\nhttps://genome.ucsc.edu/cgi-bin/hgTables?db=danRer10&hgta_group=genes&hgta_track=ensGene&hgta_table=ensGene&hgta_doSchema=describe+table+schema\r\n\r\n\r\nUCSC does not have a recently updated gene annotation file for the organism I'm working with, That's why I don't want to download it from the link above. Instead, I want to use the annoation file (gtf) from Ensembl's website. However, it doesn't work with the pipeline I'm using. The pipeline requires the annotation file to be in the format as the ensGene file downloaded from UCSC, which areEnsembl gene predictions but in a different format.\r\n\r\nI wonder if there is a way to convert a gtf file derived from Ensembl website to the ensGene format UCSC uses for Ensembl genes?",
    "creation_date": "2024-06-22T07:04:12.882483+00:00",
    "has_accepted": false,
    "id": 597555,
    "lastedit_date": "2024-06-22T11:15:14.456661+00:00",
    "lastedit_user_uid": "67276",
    "parent_id": 597555,
    "rank": 1719054914.501564,
    "reply_count": 1,
    "root_id": 597555,
    "status": "Open",
    "status_id": 1,
    "subs_count": 2,
    "tag_val": "gtf,Ensembl,UCSC,annotation",
    "thread_score": 0,
    "title": "Converting gtf file from Ensembl to the UCSC Ensembl format (ensGene.txt format)",
    "type": "Question",
    "type_id": 0,
    "uid": "9597555",
    "url": "https://www.biostars.org/p/9597555/",
    "view_count": 281,
    "vote_count": 0,
    "xhtml": "<p>Hello,</p>\n<p>I'm using a pipeline that requires UCSC annotation downloaded from:</p>\n<p><a href=\"http://hgdownload.cse.ucsc.edu/goldenPath/hg19/database/ensGene.txt.gz\" rel=\"nofollow\">http://hgdownload.cse.ucsc.edu/goldenPath/hg19/database/ensGene.txt.gz</a></p>\n<p>I believe this is the format of the ensGene file:</p>\n<p><a href=\"https://genome.ucsc.edu/cgi-bin/hgTables?db=danRer10&amp;hgta_group=genes&amp;hgta_track=ensGene&amp;hgta_table=ensGene&amp;hgta_doSchema=describe+table+schema\" rel=\"nofollow\">https://genome.ucsc.edu/cgi-bin/hgTables?db=danRer10&amp;hgta_group=genes&amp;hgta_track=ensGene&amp;hgta_table=ensGene&amp;hgta_doSchema=describe+table+schema</a></p>\n<p>UCSC does not have a recently updated gene annotation file for the organism I'm working with, That's why I don't want to download it from the link above. Instead, I want to use the annoation file (gtf) from Ensembl's website. However, it doesn't work with the pipeline I'm using. The pipeline requires the annotation file to be in the format as the ensGene file downloaded from UCSC, which areEnsembl gene predictions but in a different format.</p>\n<p>I wonder if there is a way to convert a gtf file derived from Ensembl website to the ensGene format UCSC uses for Ensembl genes?</p>\n"
}