{
    "answer_count": 0,
    "author": "Jason.Laird",
    "author_uid": "105350",
    "book_count": 0,
    "comment_count": 0,
    "content": "**Job Description**\n\n**Overview**\n\nTufts Technology Services (TTS) is a university-wide service organization committed to delivering technology solutions in support of Tufts mission of teaching, learning, research, innovation, and sustainability. With staff across all of Tufts campuses, as well as a 24x7 IT Service Desk, we collaborate with schools and divisions to meet the demands of a global, mobile community. We promote a collaborative, flexible work environment, embrace diversity and inclusion, and encourage personal and professional development.  Learn more about TTS on our website.\n\n**What You'll Do**\n\nReporting to the Director of Research Technology, the Senior Bioinformatics Scientist will work closely with members of TTS Research Technology to lead bioinformatics services for Tufts University faculty and students. Key responsibilities include providing consulting services on research project and grants to Tufts biomedical researchers, developing `Omics workflows and curating reference data for the support of bioinformatics research on the Tufts High Performance Compute Cluster (HPC) and Tufts Galaxy Server, supervising Bioinformatics Specialist and internship positions within TTS Research Technology, providing training in analysis and visualization methods for Omics data in the form of workshops and modules in semester courses and organizing university-wide groups and events for the bioinformatics community. The ideal candidate is enthusiastic about both research and teaching and enjoys working in a collaborative environment.\n\n**What We're Looking For**\n\n**Basic Requirements**:\n\n - Skills and experience typically acquired through a MS in Bioinformatics or related quantitative science (Computer Science, Biology, Engineering, Math, Physics) and 5+ years\u2019 of work experience in Bioinformatics in industry or research\n - Significant hands-on experience and expertise with:\n     - Python and R programming languages\n     - Bioinformatics methods for Next Generation Sequencing (NGS) analysis (e.g. bulk and single-cell RNASeq, ChIPSeq, variant calling, de novo genome assembly, microbiome and metagenome analysis)\n     - Statistics and Machine Learning\n     - High-Performance Computing (HPC) environments and experience with UNIX/Linux based systems\n     - One or more database language (e.g. SQL, MongoDB)\n - Experience in teaching semester courses or workshops on a quantitative topic\n - Demonstrated ability to visualize and present bioinformatics data using relevant programming and visualization tools\n - Excellent oral and written communication skills     \n\n**Preferred Qualifications**:\n\n - PhD in Bioinformatics or related quantitative science (Computer Science, Biology, Engineering, Math, Physics) and at least 3 years' of work experience in Bioinformatics in industry or research\n - Experience in teaching semester courses or workshops on a quantitative topic\n - Expertise with Statistics and Machine Learning\n - Experience with web server development and administration\n - Experience with cloud computing and development (e.g. AWS, Google Cloud)\n - Experience with NGS pipeline development\n\n   \n**Special Work Schedule Requirements**:\n\nOccasional evening or weekend work, as well as the ability to participate in a 24x7 on call rotation for major incident support activities.  This position has a work designation of remote.\n\n*An employee in this position must complete all appropriate background checks at the time of hire, promotion, or transfer*\n\n*Equal Opportunity Employer \u2013 minority/females/veterans/disability/sexual orientation/gender identity.*\n\n**Application Link**: https://jobs.tufts.edu/jobs/16621",
    "creation_date": "2022-02-17T14:57:53.581305+00:00",
    "has_accepted": false,
    "id": 511168,
    "lastedit_date": "2023-02-08T20:53:20.176247+00:00",
    "lastedit_user_uid": "8494",
    "parent_id": 511168,
    "rank": 1645109873.581321,
    "reply_count": 0,
    "root_id": 511168,
    "status": "Open",
    "status_id": 1,
    "subs_count": 1,
    "tag_val": "HPC,Omics,Teaching,Tufts-University",
    "thread_score": 0,
    "title": "Job: Senior Bioinformatics Scientist - Tufts Technology Services",
    "type": "Job",
    "type_id": 2,
    "uid": "9511168",
    "url": "https://www.biostars.org/p/9511168/",
    "view_count": 681,
    "vote_count": 0,
    "xhtml": "<p><strong>Job Description</strong></p>\n<p><strong>Overview</strong></p>\n<p>Tufts Technology Services (TTS) is a university-wide service organization committed to delivering technology solutions in support of Tufts mission of teaching, learning, research, innovation, and sustainability. With staff across all of Tufts campuses, as well as a 24x7 IT Service Desk, we collaborate with schools and divisions to meet the demands of a global, mobile community. We promote a collaborative, flexible work environment, embrace diversity and inclusion, and encourage personal and professional development.  Learn more about TTS on our website.</p>\n<p><strong>What You'll Do</strong></p>\n<p>Reporting to the Director of Research Technology, the Senior Bioinformatics Scientist will work closely with members of TTS Research Technology to lead bioinformatics services for Tufts University faculty and students. Key responsibilities include providing consulting services on research project and grants to Tufts biomedical researchers, developing `Omics workflows and curating reference data for the support of bioinformatics research on the Tufts High Performance Compute Cluster (HPC) and Tufts Galaxy Server, supervising Bioinformatics Specialist and internship positions within TTS Research Technology, providing training in analysis and visualization methods for Omics data in the form of workshops and modules in semester courses and organizing university-wide groups and events for the bioinformatics community. The ideal candidate is enthusiastic about both research and teaching and enjoys working in a collaborative environment.</p>\n<p><strong>What We're Looking For</strong></p>\n<p><strong>Basic Requirements</strong>:</p>\n<ul>\n<li>Skills and experience typically acquired through a MS in Bioinformatics or related quantitative science (Computer Science, Biology, Engineering, Math, Physics) and 5+ years\u2019 of work experience in Bioinformatics in industry or research</li>\n<li>Significant hands-on experience and expertise with:<ul>\n<li>Python and R programming languages</li>\n<li>Bioinformatics methods for Next Generation Sequencing (NGS) analysis (e.g. bulk and single-cell RNASeq, ChIPSeq, variant calling, de novo genome assembly, microbiome and metagenome analysis)</li>\n<li>Statistics and Machine Learning</li>\n<li>High-Performance Computing (HPC) environments and experience with UNIX/Linux based systems</li>\n<li>One or more database language (e.g. SQL, MongoDB)</li>\n</ul>\n</li>\n<li>Experience in teaching semester courses or workshops on a quantitative topic</li>\n<li>Demonstrated ability to visualize and present bioinformatics data using relevant programming and visualization tools</li>\n<li>Excellent oral and written communication skills     </li>\n</ul>\n<p><strong>Preferred Qualifications</strong>:</p>\n<ul>\n<li>PhD in Bioinformatics or related quantitative science (Computer Science, Biology, Engineering, Math, Physics) and at least 3 years' of work experience in Bioinformatics in industry or research</li>\n<li>Experience in teaching semester courses or workshops on a quantitative topic</li>\n<li>Expertise with Statistics and Machine Learning</li>\n<li>Experience with web server development and administration</li>\n<li>Experience with cloud computing and development (e.g. AWS, Google Cloud)</li>\n<li>Experience with NGS pipeline development</li>\n</ul>\n<p><strong>Special Work Schedule Requirements</strong>:</p>\n<p>Occasional evening or weekend work, as well as the ability to participate in a 24x7 on call rotation for major incident support activities.  This position has a work designation of remote.</p>\n<p><em>An employee in this position must complete all appropriate background checks at the time of hire, promotion, or transfer</em></p>\n<p><em>Equal Opportunity Employer \u2013 minority/females/veterans/disability/sexual orientation/gender identity.</em></p>\n<p><strong>Application Link</strong>: <a href=\"https://jobs.tufts.edu/jobs/16621\" rel=\"nofollow\">https://jobs.tufts.edu/jobs/16621</a></p>\n"
}