{
    "answer_count": 7,
    "author": "inayatkhan8185",
    "author_uid": "49790",
    "book_count": 0,
    "comment_count": 5,
    "content": "is it possible to convert fasta to fastq format without quality scores? if not how one can get quality scores of fasta sequences already in the genebank? i am retrieving sequences of clone libraries which are longer than HTP sequences and available only in fasta format. i have to process these files in QIIME pipeline",
    "creation_date": "2018-10-19T02:29:47.492752+00:00",
    "has_accepted": true,
    "id": 333027,
    "lastedit_date": "2019-04-17T05:58:44.022794+00:00",
    "lastedit_user_uid": "54363",
    "parent_id": 333027,
    "rank": 1555480724.022794,
    "reply_count": 7,
    "root_id": 333027,
    "status": "Open",
    "status_id": 1,
    "subs_count": 5,
    "tag_val": "sequence,next-gen,sequencing,rna-seq",
    "thread_score": 7,
    "title": "fasta to fastq without quality scores",
    "type": "Question",
    "type_id": 0,
    "uid": "344232",
    "url": "https://www.biostars.org/p/344232/",
    "view_count": 11714,
    "vote_count": 0,
    "xhtml": "<p>is it possible to convert fasta to fastq format without quality scores? if not how one can get quality scores of fasta sequences already in the genebank? i am retrieving sequences of clone libraries which are longer than HTP sequences and available only in fasta format. i have to process these files in QIIME pipeline</p>\n"
}