{
    "answer_count": 0,
    "author": "Denis",
    "author_uid": "10388",
    "book_count": 1,
    "comment_count": 0,
    "content": "Where can i find description for all fields in `HapMap.hmc.txt` file i got in `UNEAK` pipeline? I need that to calculate `depth of coverage (DP)` and `allele depth (AD)` to use these for `VCF` file filtration. Is there any plugin in `Tassel` to filter out variants in resulted `VCF` file based on `DP` and `AD` values? Additionaly, i'm wondering, what else information containing in `HapMap.hmc.txt` file i could use for my `VCF` file filtration? Thanks!",
    "creation_date": "2019-08-11T14:41:01.846058+00:00",
    "has_accepted": false,
    "id": 380149,
    "lastedit_date": "2019-08-11T21:29:36.257844+00:00",
    "lastedit_user_uid": "10388",
    "parent_id": 380149,
    "rank": 1565558976.257844,
    "reply_count": 0,
    "root_id": 380149,
    "status": "Open",
    "status_id": 1,
    "subs_count": 0,
    "tag_val": "sequencing,genome,SNP",
    "thread_score": 1,
    "title": "Understanding of fields meaning in HapMap.hmc.txt file from UNEAK pipeline in Tassel 3.0",
    "type": "Question",
    "type_id": 0,
    "uid": "393944",
    "url": "https://www.biostars.org/p/393944/",
    "view_count": 1002,
    "vote_count": 1,
    "xhtml": "<p>Where can i find description for all fields in <code>HapMap.hmc.txt</code> file i got in <code>UNEAK</code> pipeline? I need that to calculate <code>depth of coverage (DP)</code> and <code>allele depth (AD)</code> to use these for <code>VCF</code> file filtration. Is there any plugin in <code>Tassel</code> to filter out variants in resulted <code>VCF</code> file based on <code>DP</code> and <code>AD</code> values? Additionaly, i'm wondering, what else information containing in <code>HapMap.hmc.txt</code> file i could use for my <code>VCF</code> file filtration? Thanks!</p>\n"
}