{
    "answer_count": 1,
    "author": "hydra_questions",
    "author_uid": "68287",
    "book_count": 0,
    "comment_count": 1,
    "content": "Hi!\r\n\r\nI keep getting the error below while trying to run the autoTrinotate.pl script for my Trinity-assembled transcriptome (fasta file).\r\n\r\nAny advice on where the issue may lie would be greatly appreciated! Thanks\r\n\r\n    /home/russod/Trinotate/auto/autoTrinotate.pl --Trinotate_sqlite /home/russod/Trinotate.sqlite --transcripts /home/russod/Trinity.fasta --gene_to_trans_map /home/russod/fastp-denovo/Trinity.fasta.gene_trans_map --conf /home/russod/Trinotate/auto/conf.txt --CPU 8\r\n\r\n..\r\n\r\n    Running CMD: /home/russod/tmhmm-2.0c/bin/tmhmm --short < /home/russod/Trinity.fasta.transdecoder.pep > tmhmm.out Error, cmd: /home/russod/tmhmm-2.0c/bin/tmhmm --short < /home/russod/Trinity.fasta.transdecoder.pep > tmhmm.out 2>tmp.7530.stderr died with ret 36096 at /home/russod/Trinotate/auto/../PerlLib/Pipeliner.pm line 102. Pipeliner::run(Pipeliner=HASH(0x7fffdf450fe0)) called at /home/russod/Trinotate/auto/autoTrinotate.pl line 109",
    "creation_date": "2020-09-19T19:50:39.270619+00:00",
    "has_accepted": false,
    "id": 437051,
    "lastedit_date": "2020-09-19T19:50:39.270619+00:00",
    "lastedit_user_uid": "68287",
    "parent_id": 437051,
    "rank": 1600545039.270619,
    "reply_count": 1,
    "root_id": 437051,
    "status": "Open",
    "status_id": 1,
    "subs_count": 1,
    "tag_val": "trinotate,trinity,trinityrnaseq",
    "thread_score": 0,
    "title": "issue with autotrinotate.pl",
    "type": "Question",
    "type_id": 0,
    "uid": "462307",
    "url": "https://www.biostars.org/p/462307/",
    "view_count": 1052,
    "vote_count": 0,
    "xhtml": "<p>Hi!</p>\n\n<p>I keep getting the error below while trying to run the autoTrinotate.pl script for my Trinity-assembled transcriptome (fasta file).</p>\n\n<p>Any advice on where the issue may lie would be greatly appreciated! Thanks</p>\n\n<pre class=\"pre\"><code class=\"language-bash\">/home/russod/Trinotate/auto/autoTrinotate.pl --Trinotate_sqlite /home/russod/Trinotate.sqlite --transcripts /home/russod/Trinity.fasta --gene_to_trans_map /home/russod/fastp-denovo/Trinity.fasta.gene_trans_map --conf /home/russod/Trinotate/auto/conf.txt --CPU 8\n</code></pre>\n\n<p>..</p>\n\n<pre class=\"pre\"><code class=\"language-bash\">Running CMD: /home/russod/tmhmm-2.0c/bin/tmhmm --short &lt; /home/russod/Trinity.fasta.transdecoder.pep &gt; tmhmm.out Error, cmd: /home/russod/tmhmm-2.0c/bin/tmhmm --short &lt; /home/russod/Trinity.fasta.transdecoder.pep &gt; tmhmm.out 2&gt;tmp.7530.stderr died with ret 36096 at /home/russod/Trinotate/auto/../PerlLib/Pipeliner.pm line 102. Pipeliner::run(Pipeliner=HASH(0x7fffdf450fe0)) called at /home/russod/Trinotate/auto/autoTrinotate.pl line 109\n</code></pre>\n"
}