{
    "answer_count": 0,
    "author": "praasu",
    "author_uid": "39719",
    "book_count": 1,
    "comment_count": 0,
    "content": "Hi,\r\n\r\nI have genomic sequence and RNA-seq of a given eukaryotic organism (protista). This organism is believed to present a significant number of non-canonical introns. Therefore, I would like annotate gene with non-canonical splice site i.e not 5GT-AG'3. For this, I have assembled genome and RNA-seq fasta file. I have tried to annotate with exonerate and snap in maker pipeline. It doesn't seems to work, because I am only getting transcript with cannonical intron. I would really appreciate if someone can help me with this.  ",
    "creation_date": "2019-03-30T09:28:48.940441+00:00",
    "has_accepted": false,
    "id": 359882,
    "lastedit_date": "2019-03-30T11:15:38.751570+00:00",
    "lastedit_user_uid": "39719",
    "parent_id": 359882,
    "rank": 1553944538.75157,
    "reply_count": 0,
    "root_id": 359882,
    "status": "Open",
    "status_id": 1,
    "subs_count": 2,
    "tag_val": "RNA-Seq,exonerate,genome annotation,splice site",
    "thread_score": 1,
    "title": "Annotation of genome with non-cannonical splice site",
    "type": "Question",
    "type_id": 0,
    "uid": "372316",
    "url": "https://www.biostars.org/p/372316/",
    "view_count": 1152,
    "vote_count": 1,
    "xhtml": "<p>Hi,</p>\n\n<p>I have genomic sequence and RNA-seq of a given eukaryotic organism (protista). This organism is believed to present a significant number of non-canonical introns. Therefore, I would like annotate gene with non-canonical splice site i.e not 5GT-AG'3. For this, I have assembled genome and RNA-seq fasta file. I have tried to annotate with exonerate and snap in maker pipeline. It doesn't seems to work, because I am only getting transcript with cannonical intron. I would really appreciate if someone can help me with this.  </p>\n"
}