{
    "answer_count": 19,
    "author": "IV",
    "author_uid": "7834",
    "book_count": 20,
    "comment_count": 18,
    "content": "As always there are currently more pipelines and tools available for quantification of gene/transcript expression than ever before.\n\nWhat has changed is that there are many different types of algorithms and strategies that affect how data are aligned (alignment / pseudoalignment / lightweight alignment, etc) and analyzed (results compatible or not with tools for general use).\n\nFor instance, we have numerous crossroads, with significant impact:\n\n**A. Gene expression**: Gene counts vs Transcript-level quantification (and summation for each gene)\n\n**B. Transcripts**: De novo vs reference transcriptome..\n\n**C. Alignment** vs the new and super-fast kmer approaches (Sailfish, Kallisto, RNA-Skim, Salmon)\n\nand so on..\n\nThe available tools and modes for each tool are many:\n\n1. **Count-based methods** (e.g. HT-Seq): counts over gene region / counts spanning only exons in gene region / counts over meta-transcripts, etc...\n2. **Transcript Quantification** methods: bitseq, cufflinks, express, isoem, rsem, etc.\n3. **Kmer based approaches** (such as those mentioned in (C) of the previous list)\n\n........\n\n**N. Hybrid approaches** (e.g. use of salmon with aligned reads)\n\nOf course, then there is the issue of **how are the results for DE analysis used** (downstream): incorporation in a \"standard\" pipeline (e.g. DESeq, edgeR, limma) or in the accompanying tool (if available): e.g sleuth for kallisto or bitseq's own DE pipeline and so on.\n\nSince I'm currently using (mostly for keeping up to date) many of these tools and combinations, I was wondering what are the weapons of choice for fellow biostars now?\n\n**What is currently your favorite combination** for fundamental tasks, including:\n\n - Gene expression quantification for the identification of DE genes\n - Transcript quantification for DE transcripts\n - Source of Reference Transcriptome (which of course affects everything) //\n\nOf course, (as I do), many people have more than one combination to suit different needs (highest accuracy, speed, poorly annotated species, etc).\n\n**As a reference**, for interested colleagues there are great relevant biostar discussions, such as:\n\n - https://www.biostars.org/p/143458/#148465 or\n - https://www.biostars.org/p/157240/#157242 on whether you can/should use standard DE tools following a kmer expression estimation approach or\n - https://www.biostars.org/p/149483/ on what is lost when aligning against the transcriptome\n\nand publications, including the recent:\n\nhttp://www.ncbi.nlm.nih.gov/pmc/articles/PMC4511015/\n\nAnd of course the most updated comparisons are in the most recent publications including:\n\n - Sailfish: http://www.nature.com/nbt/journal/v32/n5/full/nbt.2862.html\n - RNA-Skim: http://bioinformatics.oxfordjournals.org/content/30/12/i283.full\n - Kallisto: http://arxiv.org/abs/1505.02710v2 [v2. pre-submission]\n - Salmon: http://biorxiv.org/content/early/2015/06/27/021592 [pre-submission]\n - BitSeq: I'll throw in the comparisons performed in the upcoming BitSeq paper (rsem, bitseq, express, callisto, casper, sailfish, cufflinks and tigar2) http://arxiv.org/pdf/1412.5995v3.pdf [pre-submission]",
    "creation_date": "2015-09-12T20:10:03.794042+00:00",
    "has_accepted": false,
    "id": 150644,
    "lastedit_date": "2022-09-19T19:44:02.107507+00:00",
    "lastedit_user_uid": "8494",
    "parent_id": 150644,
    "rank": 1442150363.710769,
    "reply_count": 19,
    "root_id": 150644,
    "status": "Open",
    "status_id": 1,
    "subs_count": 11,
    "tag_val": "kallisto,salmon,bitseq,RNA-Seq,cufflinks",
    "thread_score": 58,
    "title": "Current state-of-the-art for RNA-Seq gene / transcript expression quantification OR just the tools of preference",
    "type": "Question",
    "type_id": 0,
    "uid": "157705",
    "url": "https://www.biostars.org/p/157705/",
    "view_count": 21375,
    "vote_count": 37,
    "xhtml": "<p>As always there are currently more pipelines and tools available for quantification of gene/transcript expression than ever before.</p>\n<p>What has changed is that there are many different types of algorithms and strategies that affect how data are aligned (alignment / pseudoalignment / lightweight alignment, etc) and analyzed (results compatible or not with tools for general use).</p>\n<p>For instance, we have numerous crossroads, with significant impact:</p>\n<p><strong>A. Gene expression</strong>: Gene counts vs Transcript-level quantification (and summation for each gene)</p>\n<p><strong>B. Transcripts</strong>: De novo vs reference transcriptome..</p>\n<p><strong>C. Alignment</strong> vs the new and super-fast kmer approaches (Sailfish, Kallisto, RNA-Skim, Salmon)</p>\n<p>and so on..</p>\n<p>The available tools and modes for each tool are many:</p>\n<ol>\n<li><strong>Count-based methods</strong> (e.g. HT-Seq): counts over gene region / counts spanning only exons in gene region / counts over meta-transcripts, etc...</li>\n<li><strong>Transcript Quantification</strong> methods: bitseq, cufflinks, express, isoem, rsem, etc.</li>\n<li><strong>Kmer based approaches</strong> (such as those mentioned in (C) of the previous list)</li>\n</ol>\n<p>........</p>\n<p><strong>N. Hybrid approaches</strong> (e.g. use of salmon with aligned reads)</p>\n<p>Of course, then there is the issue of <strong>how are the results for DE analysis used</strong> (downstream): incorporation in a \"standard\" pipeline (e.g. DESeq, edgeR, limma) or in the accompanying tool (if available): e.g sleuth for kallisto or bitseq's own DE pipeline and so on.</p>\n<p>Since I'm currently using (mostly for keeping up to date) many of these tools and combinations, I was wondering what are the weapons of choice for fellow biostars now?</p>\n<p><strong>What is currently your favorite combination</strong> for fundamental tasks, including:</p>\n<ul>\n<li>Gene expression quantification for the identification of DE genes</li>\n<li>Transcript quantification for DE transcripts</li>\n<li>Source of Reference Transcriptome (which of course affects everything) //</li>\n</ul>\n<p>Of course, (as I do), many people have more than one combination to suit different needs (highest accuracy, speed, poorly annotated species, etc).</p>\n<p><strong>As a reference</strong>, for interested colleagues there are great relevant biostar discussions, such as:</p>\n<ul>\n<li><a href=\"https://www.biostars.org/p/143458/#148465\" rel=\"nofollow\">Transcript to gene level count for DEseq(2) use- Salmon/Sailfish/Kallisto etc.</a> or</li>\n<li><a href=\"https://www.biostars.org/p/157240/#157242\" rel=\"nofollow\">Can Kallisto be followed by DESeq, EdgeR or Cuffdiff?</a> on whether you can/should use standard DE tools following a kmer expression estimation approach or</li>\n<li><a href=\"https://www.biostars.org/p/149483/\" rel=\"nofollow\">Using rna-seq, why map reads to the genome but calculate gene expression by aligning to the transcriptome?</a> on what is lost when aligning against the transcriptome</li>\n</ul>\n<p>and publications, including the recent:</p>\n<p><a href=\"http://www.ncbi.nlm.nih.gov/pmc/articles/PMC4511015/\" rel=\"nofollow\">http://www.ncbi.nlm.nih.gov/pmc/articles/PMC4511015/</a></p>\n<p>And of course the most updated comparisons are in the most recent publications including:</p>\n<ul>\n<li>Sailfish: <a href=\"http://www.nature.com/nbt/journal/v32/n5/full/nbt.2862.html\" rel=\"nofollow\">http://www.nature.com/nbt/journal/v32/n5/full/nbt.2862.html</a></li>\n<li>RNA-Skim: <a href=\"http://bioinformatics.oxfordjournals.org/content/30/12/i283.full\" rel=\"nofollow\">http://bioinformatics.oxfordjournals.org/content/30/12/i283.full</a></li>\n<li>Kallisto: <a href=\"http://arxiv.org/abs/1505.02710v2\" rel=\"nofollow\">http://arxiv.org/abs/1505.02710v2</a> [v2. pre-submission]</li>\n<li>Salmon: <a href=\"http://biorxiv.org/content/early/2015/06/27/021592\" rel=\"nofollow\">http://biorxiv.org/content/early/2015/06/27/021592</a> [pre-submission]</li>\n<li>BitSeq: I'll throw in the comparisons performed in the upcoming BitSeq paper (rsem, bitseq, express, callisto, casper, sailfish, cufflinks and tigar2) <a href=\"http://arxiv.org/pdf/1412.5995v3.pdf\" rel=\"nofollow\">http://arxiv.org/pdf/1412.5995v3.pdf</a> [pre-submission]</li>\n</ul>\n"
}