{
    "answer_count": 2,
    "author": "sc222",
    "author_uid": "51584",
    "book_count": 0,
    "comment_count": 1,
    "content": "I have .fastq files from a targeted amplicon seq run on MiSeq using Illumina library prep workflow. How do I process it so that I get the targeted sequences? What is the pipeline to use for processing amplicon sequencing?thanks in advance. ",
    "creation_date": "2019-01-11T02:13:12.086617+00:00",
    "has_accepted": false,
    "id": 346212,
    "lastedit_date": "2019-01-11T03:06:31.279476+00:00",
    "lastedit_user_uid": "2146",
    "parent_id": 346212,
    "rank": 1547175991.279476,
    "reply_count": 2,
    "root_id": 346212,
    "status": "Open",
    "status_id": 1,
    "subs_count": 2,
    "tag_val": "next-gen",
    "thread_score": 1,
    "title": "processing amplicon seq data from miseq ",
    "type": "Question",
    "type_id": 0,
    "uid": "357824",
    "url": "https://www.biostars.org/p/357824/",
    "view_count": 1770,
    "vote_count": 0,
    "xhtml": "<p>I have .fastq files from a targeted amplicon seq run on MiSeq using Illumina library prep workflow. How do I process it so that I get the targeted sequences? What is the pipeline to use for processing amplicon sequencing?thanks in advance. </p>\n"
}