{
    "answer_count": 10,
    "author": "Bioinformatics1",
    "author_uid": "94658",
    "book_count": 0,
    "comment_count": 9,
    "content": "Help!\n\nI have no replicate data. I spent a lot of time doing downregulated/upregulated and then do Pathway Analysis.\n\nMethod 1: Rsubread and the edgeR quasi-likelihood pipeline: it does not give me a Dispersion estimation. As a result, I can not continue to calculate `res <- glmQLFTest(fit, contrast=B.LvsP)`, neither pathway analysis\n\nMethod 2: DESEQ2 R does not calculate dds. Link: https://bioconductor.org/packages/release/workflows/vignettes/RnaSeqGeneEdgeRQL/inst/doc/edgeRQL.html\n\nMethod 3: Cannot draw voom plot and gives error `fit.cont <- eBayes(fit.cont)`. \" no residual\". Link: https://combine-australia.github.io/RNAseq-R/06-rnaseq-day1.html#Testing_relative_to_a_threshold_(TREAT)\n\nMethod 4: Page 24 gives a solution for no replication data. I do not know what is housekeeping index is and what I should add to my R pipeline  \n\n```\n y0 <- estimateDisp(y1[housekeeping,], trend=\"none\", tagwise=FALSE)\nError in h(simpleError(msg, call)) : \n  error in evaluating the argument 'i' in selecting a method for function '[': object 'housekeeping' not found\n```\n\nLink:  https://www.bioconductor.org/packages/devel/bioc/vignettes/edgeR/inst/doc/edgeRUsersGuide.pdf\n\nMethod 5: it is not easy to follow. Link:https://www.rstudio.com/wp-content/uploads/2015/02/data-wrangling-cheatsheet.pdf\n\nI appreciate it if you help me by example  or  by  way to follow comments\n\nThanks in advance",
    "creation_date": "2021-08-05T00:00:31.777867+00:00",
    "has_accepted": false,
    "id": 483615,
    "lastedit_date": "2022-06-13T21:30:10.713650+00:00",
    "lastedit_user_uid": "8494",
    "parent_id": 483615,
    "rank": 1628127035.613737,
    "reply_count": 10,
    "root_id": 483615,
    "status": "Open",
    "status_id": 1,
    "subs_count": 4,
    "tag_val": "RNA-Seq",
    "thread_score": 9,
    "title": "problem with no replicate data analysis",
    "type": "Question",
    "type_id": 0,
    "uid": "9483615",
    "url": "https://www.biostars.org/p/9483615/",
    "view_count": 2419,
    "vote_count": 0,
    "xhtml": "<p>Help!</p>\n<p>I have no replicate data. I spent a lot of time doing downregulated/upregulated and then do Pathway Analysis.</p>\n<p>Method 1: Rsubread and the edgeR quasi-likelihood pipeline: it does not give me a Dispersion estimation. As a result, I can not continue to calculate <code>res &lt;- glmQLFTest(fit, contrast=B.LvsP)</code>, neither pathway analysis</p>\n<p>Method 2: DESEQ2 R does not calculate dds. Link: <a href=\"https://bioconductor.org/packages/release/workflows/vignettes/RnaSeqGeneEdgeRQL/inst/doc/edgeRQL.html\" rel=\"nofollow\">https://bioconductor.org/packages/release/workflows/vignettes/RnaSeqGeneEdgeRQL/inst/doc/edgeRQL.html</a></p>\n<p>Method 3: Cannot draw voom plot and gives error <code>fit.cont &lt;- eBayes(fit.cont)</code>. \" no residual\". Link: <a href=\"https://combine-australia.github.io/RNAseq-R/06-rnaseq-day1.html#Testing_relative_to_a_threshold_(TREAT\" rel=\"nofollow\">https://combine-australia.github.io/RNAseq-R/06-rnaseq-day1.html#Testing_relative_to_a_threshold_(TREAT</a>)</p>\n<p>Method 4: Page 24 gives a solution for no replication data. I do not know what is housekeeping index is and what I should add to my R pipeline</p>\n<pre><code> y0 &lt;- estimateDisp(y1[housekeeping,], trend=\"none\", tagwise=FALSE)\nError in h(simpleError(msg, call)) : \n  error in evaluating the argument 'i' in selecting a method for function '[': object 'housekeeping' not found\n</code></pre>\n<p>Link:  <a href=\"https://www.bioconductor.org/packages/devel/bioc/vignettes/edgeR/inst/doc/edgeRUsersGuide.pdf\" rel=\"nofollow\">https://www.bioconductor.org/packages/devel/bioc/vignettes/edgeR/inst/doc/edgeRUsersGuide.pdf</a></p>\n<p>Method 5: it is not easy to follow. Link:<a href=\"https://www.rstudio.com/wp-content/uploads/2015/02/data-wrangling-cheatsheet.pdf\" rel=\"nofollow\">https://www.rstudio.com/wp-content/uploads/2015/02/data-wrangling-cheatsheet.pdf</a></p>\n<p>I appreciate it if you help me by example  or  by  way to follow comments</p>\n<p>Thanks in advance</p>\n"
}