{
    "answer_count": 1,
    "author": "Picasa",
    "author_uid": "23936",
    "book_count": 0,
    "comment_count": 1,
    "content": "Hi,\r\n\r\nI'm looking for some resources about small eukaryote genome annotation, like a pipeline description or best practices.\r\n\r\nSomeone has something to share ?\r\n\r\n\r\nThanks",
    "creation_date": "2016-07-21T13:59:28.195101+00:00",
    "has_accepted": false,
    "id": 194716,
    "lastedit_date": "2016-07-21T13:59:28.195101+00:00",
    "lastedit_user_uid": "23936",
    "parent_id": 194716,
    "rank": 1469109568.195101,
    "reply_count": 1,
    "root_id": 194716,
    "status": "Open",
    "status_id": 1,
    "subs_count": 0,
    "tag_val": "annotation,pipeline",
    "thread_score": 4,
    "title": "Annotation workflows available ?",
    "type": "Question",
    "type_id": 0,
    "uid": "202874",
    "url": "https://www.biostars.org/p/202874/",
    "view_count": 1008,
    "vote_count": 1,
    "xhtml": "<p>Hi,</p>\n\n<p>I'm looking for some resources about small eukaryote genome annotation, like a pipeline description or best practices.</p>\n\n<p>Someone has something to share ?</p>\n\n<p>Thanks</p>\n"
}