{
    "answer_count": 1,
    "author": "Tails",
    "author_uid": "15582",
    "book_count": 0,
    "comment_count": 0,
    "content": "I've been trying to find a resource for understanding the various steps in the GATK pipeline or more generally, mapping and alignment, and variant calling in general. There seems to be a huge learning curve involved and every resource I've come across assumes you've worked with the data for quite a while or you're super smart and able to figure out what's unsaid.\r\n\r\nEven a concept as simple as how the forward and reverse reads are generated, and what strand bias is exactly, is buried under mountains of technical documents.\r\n\r\nI've checked out the broadE videos, and they are quite useful. But is anyone aware of any other good introductory resources that give a broad overview of \"how we do genomics\", and possibly highlighting the difficulties we might encounter with determining what \"truth\" is, and the hurdles we may encounter? A book or real-life examples would be nice.\r\n",
    "creation_date": "2019-05-09T05:52:28.056340+00:00",
    "has_accepted": false,
    "id": 365963,
    "lastedit_date": "2019-05-09T20:23:29.890944+00:00",
    "lastedit_user_uid": "41557",
    "parent_id": 365963,
    "rank": 1557433409.890944,
    "reply_count": 1,
    "root_id": 365963,
    "status": "Open",
    "status_id": 1,
    "subs_count": 1,
    "tag_val": "Assembly,sequence,alignment,genome,snp",
    "thread_score": 0,
    "title": "Best resources for understanding GATK best practices pipeline (or similar)",
    "type": "Question",
    "type_id": 0,
    "uid": "378795",
    "url": "https://www.biostars.org/p/378795/",
    "view_count": 970,
    "vote_count": 0,
    "xhtml": "<p>I've been trying to find a resource for understanding the various steps in the GATK pipeline or more generally, mapping and alignment, and variant calling in general. There seems to be a huge learning curve involved and every resource I've come across assumes you've worked with the data for quite a while or you're super smart and able to figure out what's unsaid.</p>\n\n<p>Even a concept as simple as how the forward and reverse reads are generated, and what strand bias is exactly, is buried under mountains of technical documents.</p>\n\n<p>I've checked out the broadE videos, and they are quite useful. But is anyone aware of any other good introductory resources that give a broad overview of \"how we do genomics\", and possibly highlighting the difficulties we might encounter with determining what \"truth\" is, and the hurdles we may encounter? A book or real-life examples would be nice.</p>\n"
}