{
    "answer_count": 2,
    "author": "steve",
    "author_uid": "20226",
    "book_count": 0,
    "comment_count": 1,
    "content": "I use HOMER often for de novo and known motif discovery, but I have found that when the number of input sequences are low the results of motif analysis become inconsistent on repeated runs. This is easily demonstrable on ChIP-Seq data sets after a lot of peak filtering, and I am now running into it with HITS-CLIP motif discovery (in RNA mode) for top CIMS sites of ~200 clusters ('peaks'). Is HOMER still reliable in these cases? How do you deal with this? I am looking into using MEME instead but have not yet figured out all the settings needed to replicate the same level of motif annotation that HOMER gives by default.",
    "creation_date": "2016-04-22T01:32:54.341721+00:00",
    "has_accepted": false,
    "id": 180337,
    "lastedit_date": "2016-09-12T15:02:49.906120+00:00",
    "lastedit_user_uid": "30560",
    "parent_id": 180337,
    "rank": 1473692569.90612,
    "reply_count": 2,
    "root_id": 180337,
    "status": "Open",
    "status_id": 1,
    "subs_count": 1,
    "tag_val": "homer,motif",
    "thread_score": 3,
    "title": "HOMER motif discovery gives inconsistent results on repeated runs",
    "type": "Question",
    "type_id": 0,
    "uid": "188101",
    "url": "https://www.biostars.org/p/188101/",
    "view_count": 3846,
    "vote_count": 0,
    "xhtml": "<p>I use HOMER often for de novo and known motif discovery, but I have found that when the number of input sequences are low the results of motif analysis become inconsistent on repeated runs. This is easily demonstrable on ChIP-Seq data sets after a lot of peak filtering, and I am now running into it with HITS-CLIP motif discovery (in RNA mode) for top CIMS sites of ~200 clusters ('peaks'). Is HOMER still reliable in these cases? How do you deal with this? I am looking into using MEME instead but have not yet figured out all the settings needed to replicate the same level of motif annotation that HOMER gives by default.</p>\n"
}