{
    "answer_count": 0,
    "author": "EMBL Recruitment",
    "author_uid": "28785",
    "book_count": 0,
    "comment_count": 0,
    "content": "**Job Description** \n\nThe Zeller Team  is seeking a postdoctoral researcher to develop computational tools and data analysis strategies for human microbiome data. Drawing on state-of-the-art concepts from biostatistics and machine learning, we develop new analysis tools to meet the standards of clinical studies. To leverage these tools in order to gain a better understanding of the microbiome\u2019s role in human disease and treatment response, we collaborate with other computational and experimental research groups at EMBL. The group moreover benefits from its embedding in the context of the bioinformatics infrastructure initiative HD-HuB / de.NBI  and contributes to delivering excellent bioinformatics services in this context.\n\n**The postholder will**: \n\n - develop new analytical methods for microbiome data analysis and implement / maintain these as software packages (in R/Bioconductor or Python);\n - analyse metagenomics data sets from clinical microbiome studies in collaboration with other researchers from the Zeller Team and the Bork Group, capitalizing on her/his in-depth understanding of the methodologies and to showcase the potential of her/his tools in cutting-edge research projects;\n - integrate tools into pipelines and workflows (e.g. in Galaxy) and optimize their interoperability, efficiency, usability and portability (via virtualization);\n - interact with other scientists and bioinformaticians from the Huber and Korbel Groups at EMBL and partners from the HD-HuB / de.NBI / Elixir networks.\n\nAs a research position in an academic service context, it is ideally suited for applicants who:\n\n - envision a career in applied research or scientific infrastructures;\n - enjoy programming, scientific software development and are eager to expand their repertoire of sophisticated data analysis skills;\n - like to work in a team, network with other bioinformaticians at EMBL and beyond (e.g. by participating in EMBL\u2019s Bio-IT project), and support their user community;\n - are excited to work in a young dynamic team ingrained in EMBL\u2019s collaborative, interdisciplinary, and culturally diverse research environment.\n\n*The European Molecular Biology Laboratory (EMBL) is one of the highest ranked scientific research organisations in the world. The Headquarters Laboratory is located in Heidelberg (Germany), with additional sites in Grenoble (France), Hamburg (Germany), Hinxton (UK) and Monterotondo (Italy).*\n \n**Qualifications and Experience** \n\nEssential qualifications include:\n\n - a PhD in computational biology or related field preferably with a focus on computational method development;\n - advanced programming skills, including R, Python, Unix/Bash as well as familiarity with basic concepts of computer science;\n - strong interest and experience in biological data analysis (in genomics or related field).\n\n**The following optional qualifications are considered advantageous**:\n\n - experience in software development, maintenance and/or user support;\n - knowledge of (and/or work experience with) biostatistics and machine learning;\n - experience with large-scale data analysis using software pipelines in an HPC and/or cloud computing environment;\n - research experience in metagenomics, working with NGS data;\n - basic knowledge of HTML and web service development.\n \n**Application Instructions** \n\nPlease apply online through www.embl.org/jobs  \n\n**Additional Information** \n\nFor more information, please (informally) contact Georg Zeller zeller@embl.de.  \n\nEMBL is an inclusive, equal opportunity employer offering attractive conditions and benefits appropriate to an international research organisation. \n\nPlease note that appointments on fixed term contracts can be renewed, depending on circumstances at the time of the review. ",
    "creation_date": "2016-06-30T12:21:15.460620+00:00",
    "has_accepted": false,
    "id": 191442,
    "lastedit_date": "2023-03-21T16:06:11.926524+00:00",
    "lastedit_user_uid": "8494",
    "parent_id": 191442,
    "rank": 1467289324.201536,
    "reply_count": 0,
    "root_id": 191442,
    "status": "Open",
    "status_id": 1,
    "subs_count": 0,
    "tag_val": "python",
    "thread_score": 0,
    "title": "Postdoctoral Fellow - Heidelberg Human Bioinformatics (HD-HuB)",
    "type": "Job",
    "type_id": 2,
    "uid": "199507",
    "url": "https://www.biostars.org/p/199507/",
    "view_count": 2189,
    "vote_count": 0,
    "xhtml": "<p><strong>Job Description</strong></p>\n<p>The Zeller Team  is seeking a postdoctoral researcher to develop computational tools and data analysis strategies for human microbiome data. Drawing on state-of-the-art concepts from biostatistics and machine learning, we develop new analysis tools to meet the standards of clinical studies. To leverage these tools in order to gain a better understanding of the microbiome\u2019s role in human disease and treatment response, we collaborate with other computational and experimental research groups at EMBL. The group moreover benefits from its embedding in the context of the bioinformatics infrastructure initiative HD-HuB / de.NBI  and contributes to delivering excellent bioinformatics services in this context.</p>\n<p><strong>The postholder will</strong>:</p>\n<ul>\n<li>develop new analytical methods for microbiome data analysis and implement / maintain these as software packages (in R/Bioconductor or Python);</li>\n<li>analyse metagenomics data sets from clinical microbiome studies in collaboration with other researchers from the Zeller Team and the Bork Group, capitalizing on her/his in-depth understanding of the methodologies and to showcase the potential of her/his tools in cutting-edge research projects;</li>\n<li>integrate tools into pipelines and workflows (e.g. in Galaxy) and optimize their interoperability, efficiency, usability and portability (via virtualization);</li>\n<li>interact with other scientists and bioinformaticians from the Huber and Korbel Groups at EMBL and partners from the HD-HuB / de.NBI / Elixir networks.</li>\n</ul>\n<p>As a research position in an academic service context, it is ideally suited for applicants who:</p>\n<ul>\n<li>envision a career in applied research or scientific infrastructures;</li>\n<li>enjoy programming, scientific software development and are eager to expand their repertoire of sophisticated data analysis skills;</li>\n<li>like to work in a team, network with other bioinformaticians at EMBL and beyond (e.g. by participating in EMBL\u2019s Bio-IT project), and support their user community;</li>\n<li>are excited to work in a young dynamic team ingrained in EMBL\u2019s collaborative, interdisciplinary, and culturally diverse research environment.</li>\n</ul>\n<p><em>The European Molecular Biology Laboratory (EMBL) is one of the highest ranked scientific research organisations in the world. The Headquarters Laboratory is located in Heidelberg (Germany), with additional sites in Grenoble (France), Hamburg (Germany), Hinxton (UK) and Monterotondo (Italy).</em></p>\n<p><strong>Qualifications and Experience</strong></p>\n<p>Essential qualifications include:</p>\n<ul>\n<li>a PhD in computational biology or related field preferably with a focus on computational method development;</li>\n<li>advanced programming skills, including R, Python, Unix/Bash as well as familiarity with basic concepts of computer science;</li>\n<li>strong interest and experience in biological data analysis (in genomics or related field).</li>\n</ul>\n<p><strong>The following optional qualifications are considered advantageous</strong>:</p>\n<ul>\n<li>experience in software development, maintenance and/or user support;</li>\n<li>knowledge of (and/or work experience with) biostatistics and machine learning;</li>\n<li>experience with large-scale data analysis using software pipelines in an HPC and/or cloud computing environment;</li>\n<li>research experience in metagenomics, working with NGS data;</li>\n<li>basic knowledge of HTML and web service development.</li>\n</ul>\n<p><strong>Application Instructions</strong></p>\n<p>Please apply online through www.embl.org/jobs</p>\n<p><strong>Additional Information</strong></p>\n<p>For more information, please (informally) contact Georg Zeller zeller@embl.de.</p>\n<p>EMBL is an inclusive, equal opportunity employer offering attractive conditions and benefits appropriate to an international research organisation.</p>\n<p>Please note that appointments on fixed term contracts can be renewed, depending on circumstances at the time of the review.</p>\n"
}