{
    "answer_count": 0,
    "author": "Roland",
    "author_uid": "122433",
    "book_count": 0,
    "comment_count": 0,
    "content": "Hi.\n\nI'm running paired-end, single digest RAD-sequencing. I have just completed analysis of my sequences, and my pipeline removed 97.7% of all the reads due to putative PCR duplicates. This naturally makes me worried, however, when I think about it, it doesn't really make sense. The exact phrasing from the pipeline is: \n\n> Removed 43288163 read pairs whose **insert length had already been seen** in the same sample as putative PCR duplicates (97.7%); kept 1026975 read pairs.\n\nBut isn't that actually expected, i.e., that the insert lengths should be about the same? Because all of my forward reads start should start from the exact same position (the restriction enzyme cut site) and they are all of the exact same length (100 base pairs). They are then paired with the reverse read, but I'm assuming this too should create roughly the same insert sizes. This is because, according to the molecular protocol, the reads are \"size selected\" prior to sequencing.",
    "creation_date": "2023-04-28T08:33:00.179687+00:00",
    "has_accepted": false,
    "id": 561899,
    "lastedit_date": "2023-04-28T10:22:21.650953+00:00",
    "lastedit_user_uid": "122433",
    "parent_id": 561899,
    "rank": 1682670780.179698,
    "reply_count": 0,
    "root_id": 561899,
    "status": "Open",
    "status_id": 1,
    "subs_count": 1,
    "tag_val": "PCR-duplicates,RAD-sequencing",
    "thread_score": 0,
    "title": "PCR-duplicates and RAD-sequencing",
    "type": "Question",
    "type_id": 0,
    "uid": "9561899",
    "url": "https://www.biostars.org/p/9561899/",
    "view_count": 394,
    "vote_count": 0,
    "xhtml": "<p>Hi.</p>\n<p>I'm running paired-end, single digest RAD-sequencing. I have just completed analysis of my sequences, and my pipeline removed 97.7% of all the reads due to putative PCR duplicates. This naturally makes me worried, however, when I think about it, it doesn't really make sense. The exact phrasing from the pipeline is:</p>\n<blockquote><p>Removed 43288163 read pairs whose <strong>insert length had already been seen</strong> in the same sample as putative PCR duplicates (97.7%); kept 1026975 read pairs.</p>\n</blockquote>\n<p>But isn't that actually expected, i.e., that the insert lengths should be about the same? Because all of my forward reads start should start from the exact same position (the restriction enzyme cut site) and they are all of the exact same length (100 base pairs). They are then paired with the reverse read, but I'm assuming this too should create roughly the same insert sizes. This is because, according to the molecular protocol, the reads are \"size selected\" prior to sequencing.</p>\n"
}