{
    "answer_count": 0,
    "author": "Chris Miller",
    "author_uid": "117",
    "book_count": 0,
    "comment_count": 0,
    "content": "Our cancer genomics team is expanding by adding additional analysts and developers. You'll join a well-established group of computationally-savvy researchers working on cutting edge questions in the field.\n\nThis group, under the Genomics of AML Program Project Grant, sequenced the first human cancer genome and the first mouse cancer genome, and has continued to push our understanding of AML and tumor biology forward by applying new genomic technologies.\n\nKey projects include:\n\n * expanding and hardening our genomics pipelines, in collaboration with the Genome Institute\n * enhancing our single-cell analysis capabilities (RNAseq, ATAC-seq, CITE-seq)\n * developing new approaches for integration of epigenetic and genetic signals in tumors\n\t\nRequired Qualifications\n\n * Equivalent of Bachelor\u2019s degree in a relevant field (Bioinformatics, Computer Science, or Statistics, etc). \n * Proficiency in the *nix shell and at least one programming language (Python, R, C, etc).\n\t\nPreferred Qualifications\n\n * Familiarity with analyzing big data, particularly genomic data.\n * Interest in Machine Learning.\n * Working knowledge of genetics and biological systems.\n * Strong communication skills and the ability to work effectively in a team.\n * Experience in biomedical and/or clinical studies desirable.\n\nApply through the job posting here: https://is.gd/WgjyRw (job #42894) or contact me directly: c.a.miller@wustl.edu.",
    "creation_date": "2019-02-22T20:35:16.880547+00:00",
    "has_accepted": false,
    "id": 353548,
    "lastedit_date": "2023-05-26T19:11:56.380473+00:00",
    "lastedit_user_uid": "8494",
    "parent_id": 353548,
    "rank": 1550867716.880547,
    "reply_count": 0,
    "root_id": 353548,
    "status": "Open",
    "status_id": 1,
    "subs_count": 0,
    "tag_val": "wustl",
    "thread_score": 1,
    "title": "Bioinformatics Developer/Analyst - Washington University in St. Louis",
    "type": "Job",
    "type_id": 2,
    "uid": "365580",
    "url": "https://www.biostars.org/p/365580/",
    "view_count": 1910,
    "vote_count": 1,
    "xhtml": "<p>Our cancer genomics team is expanding by adding additional analysts and developers. You'll join a well-established group of computationally-savvy researchers working on cutting edge questions in the field.</p>\n<p>This group, under the Genomics of AML Program Project Grant, sequenced the first human cancer genome and the first mouse cancer genome, and has continued to push our understanding of AML and tumor biology forward by applying new genomic technologies.</p>\n<p>Key projects include:</p>\n<ul>\n<li>expanding and hardening our genomics pipelines, in collaboration with the Genome Institute</li>\n<li>enhancing our single-cell analysis capabilities (RNAseq, ATAC-seq, CITE-seq)</li>\n<li>developing new approaches for integration of epigenetic and genetic signals in tumors</li>\n</ul>\n<p>Required Qualifications</p>\n<ul>\n<li>Equivalent of Bachelor\u2019s degree in a relevant field (Bioinformatics, Computer Science, or Statistics, etc). </li>\n<li>Proficiency in the *nix shell and at least one programming language (Python, R, C, etc).</li>\n</ul>\n<p>Preferred Qualifications</p>\n<ul>\n<li>Familiarity with analyzing big data, particularly genomic data.</li>\n<li>Interest in Machine Learning.</li>\n<li>Working knowledge of genetics and biological systems.</li>\n<li>Strong communication skills and the ability to work effectively in a team.</li>\n<li>Experience in biomedical and/or clinical studies desirable.</li>\n</ul>\n<p>Apply through the job posting here: <a href=\"https://is.gd/WgjyRw\" rel=\"nofollow\">https://is.gd/WgjyRw</a> (job #42894) or contact me directly: c.a.miller@wustl.edu.</p>\n"
}