{
    "answer_count": 0,
    "author": "cdrinfo",
    "author_uid": "135821",
    "book_count": 0,
    "comment_count": 0,
    "content": "We seek an ambitious candidate who is interested in applying their skills at the interface of human disease and genetics. The appointed Research Scientist will be embedded in an interdisciplinary team of neuroscientists, bioinformaticians, statisticians, geneticists, and computational biologists. \n\nThe CDR studies the molecular, cellular, and genetic mechanisms underlying neurodegenerative and neuropsychiatric disorders including Alzheimer's disease, Alzheimer's disease related dementias, schizophrenia, and bipolar disorder, among others.\n\nDistinguishing features of our research are the generation of large-scale \u2018omics data in human brain tissue, including epigenomics and transcriptomics and the use of genome sequencing for big data integration. As part of the CommonMind Consortium (https://www.synapse.org/cmc) and PsychENCODE Project (https://www.synapse.org/pec), we are generating multi-scale \u2018omics data in human brain tissue that involves multiple brain regions and cell types, clinical diagnoses and developmental stages.\n\nThe ideal candidate will work under direct supervision of senior staff and assist with the bioinformatics components of numerous developing and ongoing projects. Excellent opportunities exist to train and to understand and integrate relevant biological concepts of applied bioinformatics. Room for scientific growth, career enhancement and development into an independent investigator in academia.\n\nResponsibilities include but not limited to:\n\n - Analyses of high throughput genomic, transcriptomic, epigenetic, proteomic, digital spatial, and other 'omics data in healthy and disease states.\n - Analysis of multiscale single cell \u2018omics data to perform multi tissue cellular de novo taxonomy in healthy and disease states.\n - Develop and maintain genetic, genomic, and biological databases to annotate and interpret human genome data.\n - Perform rigorous and reproducible data analyses along with graphics and spreadsheet output.\n - Develop projects and work independently on a variety of data analysis projects.\n - Learn and use bioinformatics tools for processing and analysis of large datasets.\n - Identify and resolve technical issues and propose upgrades to current software.\n - Develop and maintain bioinformatic pipelines for analyses of high throughput genomic, transcriptomic, epigenetic, proteomic, and other 'omics data in healthy and disease states\n\nJob qualifications:\n\nMinimum:\n\n - Ph.D. in Bioinformatics, Computational Biology, Computer Science, Biomedical Engineering, Computer Engineering, Genetics/Genomics or related field.\n - Experience with \u2018omics platform output.\n - Experience with biological datasets and next generation sequencing data.\n - Graphical output of data analysis for publication.\n\nPreferred Qualifications:\n\n - Demonstrated experience designing computational methods and tools, including prior experience with algorithms relevant to computational biology, and skill and experience with statistical analysis.\n - Outstanding programming skills in at least two of these languages on a Linux environment: Python, R, bash, Perl, Java, and C++.\n - Excellent communication and organizational skills with ability to work to tight timelines, both independently and as part of a multi-disciplinary team.\n\nLocation: The internationally recognized CDR at the Nathan Kline Institute for Psychiatric Research, an affiliate of NYU Grossman School of Medicine, located 15 miles North-West of the GW Bridge on the campus of Rockland Psychiatric Center, Orangeburg, New York.\n\nInterested candidates should apply here (https://statejobs.ny.gov/public/vacancyDetailsView.cfm?id=139367) and submit their resume with filled application to employment@nki.rfmh.org.",
    "creation_date": "2023-09-20T13:44:17.008036+00:00",
    "has_accepted": false,
    "id": 575403,
    "lastedit_date": "2023-09-20T13:48:28.558558+00:00",
    "lastedit_user_uid": "8494",
    "parent_id": 575403,
    "rank": 1695217457.008047,
    "reply_count": 0,
    "root_id": 575403,
    "status": "Open",
    "status_id": 1,
    "subs_count": 1,
    "tag_val": "Neuroscience,Biostatistics",
    "thread_score": 0,
    "title": "Research Scientist 5 \u2013 Bioinformatics and Computer Biology, Center for Dementia Research (CDR), Nathan Kline Institute for Psychiatric Research",
    "type": "Job",
    "type_id": 2,
    "uid": "9575403",
    "url": "https://www.biostars.org/p/9575403/",
    "view_count": 2702,
    "vote_count": 0,
    "xhtml": "<p>We seek an ambitious candidate who is interested in applying their skills at the interface of human disease and genetics. The appointed Research Scientist will be embedded in an interdisciplinary team of neuroscientists, bioinformaticians, statisticians, geneticists, and computational biologists.</p>\n<p>The CDR studies the molecular, cellular, and genetic mechanisms underlying neurodegenerative and neuropsychiatric disorders including Alzheimer's disease, Alzheimer's disease related dementias, schizophrenia, and bipolar disorder, among others.</p>\n<p>Distinguishing features of our research are the generation of large-scale \u2018omics data in human brain tissue, including epigenomics and transcriptomics and the use of genome sequencing for big data integration. As part of the CommonMind Consortium (<a href=\"https://www.synapse.org/cmc\" rel=\"nofollow\">https://www.synapse.org/cmc</a>) and PsychENCODE Project (<a href=\"https://www.synapse.org/pec\" rel=\"nofollow\">https://www.synapse.org/pec</a>), we are generating multi-scale \u2018omics data in human brain tissue that involves multiple brain regions and cell types, clinical diagnoses and developmental stages.</p>\n<p>The ideal candidate will work under direct supervision of senior staff and assist with the bioinformatics components of numerous developing and ongoing projects. Excellent opportunities exist to train and to understand and integrate relevant biological concepts of applied bioinformatics. Room for scientific growth, career enhancement and development into an independent investigator in academia.</p>\n<p>Responsibilities include but not limited to:</p>\n<ul>\n<li>Analyses of high throughput genomic, transcriptomic, epigenetic, proteomic, digital spatial, and other 'omics data in healthy and disease states.</li>\n<li>Analysis of multiscale single cell \u2018omics data to perform multi tissue cellular de novo taxonomy in healthy and disease states.</li>\n<li>Develop and maintain genetic, genomic, and biological databases to annotate and interpret human genome data.</li>\n<li>Perform rigorous and reproducible data analyses along with graphics and spreadsheet output.</li>\n<li>Develop projects and work independently on a variety of data analysis projects.</li>\n<li>Learn and use bioinformatics tools for processing and analysis of large datasets.</li>\n<li>Identify and resolve technical issues and propose upgrades to current software.</li>\n<li>Develop and maintain bioinformatic pipelines for analyses of high throughput genomic, transcriptomic, epigenetic, proteomic, and other 'omics data in healthy and disease states</li>\n</ul>\n<p>Job qualifications:</p>\n<p>Minimum:</p>\n<ul>\n<li>Ph.D. in Bioinformatics, Computational Biology, Computer Science, Biomedical Engineering, Computer Engineering, Genetics/Genomics or related field.</li>\n<li>Experience with \u2018omics platform output.</li>\n<li>Experience with biological datasets and next generation sequencing data.</li>\n<li>Graphical output of data analysis for publication.</li>\n</ul>\n<p>Preferred Qualifications:</p>\n<ul>\n<li>Demonstrated experience designing computational methods and tools, including prior experience with algorithms relevant to computational biology, and skill and experience with statistical analysis.</li>\n<li>Outstanding programming skills in at least two of these languages on a Linux environment: Python, R, bash, Perl, Java, and C++.</li>\n<li>Excellent communication and organizational skills with ability to work to tight timelines, both independently and as part of a multi-disciplinary team.</li>\n</ul>\n<p>Location: The internationally recognized CDR at the Nathan Kline Institute for Psychiatric Research, an affiliate of NYU Grossman School of Medicine, located 15 miles North-West of the GW Bridge on the campus of Rockland Psychiatric Center, Orangeburg, New York.</p>\n<p>Interested candidates should apply here (<a href=\"https://statejobs.ny.gov/public/vacancyDetailsView.cfm?id=139367\" rel=\"nofollow\">https://statejobs.ny.gov/public/vacancyDetailsView.cfm?id=139367</a>) and submit their resume with filled application to employment@nki.rfmh.org.</p>\n"
}