{
    "answer_count": 7,
    "author": "marongiu.luigi",
    "author_uid": "22078",
    "book_count": 0,
    "comment_count": 7,
    "content": "Hello\r\n\r\nI am running a shell script that launches blastx. From terminal it works but launching the script from Julia gives this error:\r\n\r\n    julia> x_blast = read(pipeline(`.../fetcher.sh`), String)\r\n    Critical: [blastx] External MBEDTLS version mismatch: 2.16.0 headers vs. 2.16.2 runtime\r\n\r\nwould you know what it is about? ",
    "creation_date": "2019-11-25T14:54:38.945537+00:00",
    "has_accepted": false,
    "id": 394795,
    "lastedit_date": "2019-12-17T18:29:09.400086+00:00",
    "lastedit_user_uid": "1",
    "parent_id": 394795,
    "rank": 1576607349.400086,
    "reply_count": 7,
    "root_id": 394795,
    "status": "Open",
    "status_id": 1,
    "subs_count": 3,
    "tag_val": "blast",
    "thread_score": 0,
    "title": "External MBEDTLS version mismatch with Julia but not with bash",
    "type": "Question",
    "type_id": 0,
    "uid": "409624",
    "url": "https://www.biostars.org/p/409624/",
    "view_count": 1448,
    "vote_count": 0,
    "xhtml": "<p>Hello</p>\n\n<p>I am running a shell script that launches blastx. From terminal it works but launching the script from Julia gives this error:</p>\n\n<pre class=\"pre\"><code class=\"language-bash\">julia&gt; x_blast = read(pipeline(`.../fetcher.sh`), String)\nCritical: [blastx] External MBEDTLS version mismatch: 2.16.0 headers vs. 2.16.2 runtime\n</code></pre>\n\n<p>would you know what it is about? </p>\n"
}