{
    "answer_count": 7,
    "author": "lamteva.vera",
    "author_uid": "35495",
    "book_count": 1,
    "comment_count": 6,
    "content": "Dear all,\r\nI'm analyzing data from TruSeq Custom Amplicon 1.5 panel. \r\n\r\nI've read much about handling sequences linked to the original region of interest and finally got confused so any help would be highly appreciated. Maybe I'm missing something really basic here. For example, I'm not sure which sequences comprise a read aside from the insert (=targeted region) itself and flanking target-specific primers.\r\n\r\n[Illumina][1] says that \"Adapter trimming is not required for TruSeq Targeted RNA Expression, TruSeq Custom Amplicon, and TruSeq Cancer Panel when using Illumina analysis pipelines\". Is it the case? [Here][2] they claim that \"Each probe contains unique, target-specific sequence as well as a universal adapter sequence that is used\r\nin a subsequent amplification reaction\". The aformentioned target-specific sequence is an upstream or downstream locus-specific oligo (ULSO/DLSO). [Here][3] they give only the index sequences for TSCA, no universal adapter sequence. \r\n\r\nPlease have a look at the image attached. \r\n[MultiQC plot for adapter content][4]\r\nThis is an example MultiQC plot for adapter content, FastQC claims that it is the Illumina universal adapter (based on finding of AGATCGGAAGAG sequence, as far as I understood from FastQC's documentation). I've used `zcat LK_S2_L001_R2_001.fastq.gz | grep AGATCGGAAGAG` and noticed that this sequence is a part of a longer pattern. `zcat LK_S2_L001_R2_001.fastq.gz | grep -c AGATCGGAAGAGCGTCGTGTAGGGAAAGAGTGTAAGG`returned 8863 (while `zcat LK_S2_L001_R2_001.fastq.gz | grep -c AGATCGGAAGAG` returned 11079). \r\n\r\nHow should I handle it? [They][5] say that \"if you use BWA-MEM, the trailing (5\u2019) bases of a read that do not match the reference are soft-clipped, which covers those cases in which an adapter does occur\". Yet [Heng Li says][6]: \"...Bwa-mem will just soft clip them[adapter sequences]... However, it is still recommended to trim adapter sequences. After all, adapters are not part of the samples you are sequencing. They might affect variant calling in corner cases\". \r\n\r\nAlso, I've read that you should get rid of ULSO and DLSO sequences. What is the typical approach here? I know that BAMclipper can do this after alignment.\r\n\r\n**To sum up, I'm trying to figure out (for TruSeq Custom Amplicon 1.5):\r\n- what sequences to trim,\r\n- when to trim them,\r\n- which tool to use.**\r\n\r\nHow do you clean TruSeq Custom Amplicon data in terms of getting rid of extraneous sequences? I'm stuck. Please be merciful and sorry for the chaotic question!\r\n\r\n\r\n  [1]: https://support.illumina.com/bulletins/2016/12/what-sequences-do-i-use-for-adapter-trimming.html\r\n  [2]: https://www.illumina.com/content/dam/illumina-marketing/documents/products/datasheets/datasheet_truseq_custom_amplicon.pdf\r\n  [3]: https://support.illumina.com/content/dam/illumina-support/documents/documentation/chemistry_documentation/experiment-design/illumina-adapter-sequences_1000000002694-01.pdf\r\n  [4]: https://i.imgur.com/UFLOAlJ.jpg\r\n  [5]: http://cutadapt.readthedocs.io/en/stable/guide.html\r\n  [6]: https://sourceforge.net/p/bio-bwa/mailman/bio-bwa-help/thread/530E1378.3040008@cam.ac.uk/",
    "creation_date": "2017-09-29T13:31:47.718676+00:00",
    "has_accepted": false,
    "id": 265683,
    "lastedit_date": "2017-09-29T13:48:36.894776+00:00",
    "lastedit_user_uid": "6771",
    "parent_id": 265683,
    "rank": 1506692916.894776,
    "reply_count": 7,
    "root_id": 265683,
    "status": "Open",
    "status_id": 1,
    "subs_count": 4,
    "tag_val": "amplicon,adapter trimming",
    "thread_score": 9,
    "title": "Amplicon sequencing: how to handle adapters and primers?",
    "type": "Question",
    "type_id": 0,
    "uid": "275416",
    "url": "https://www.biostars.org/p/275416/",
    "view_count": 5860,
    "vote_count": 1,
    "xhtml": "<p>Dear all,\nI'm analyzing data from TruSeq Custom Amplicon 1.5 panel. </p>\n\n<p>I've read much about handling sequences linked to the original region of interest and finally got confused so any help would be highly appreciated. Maybe I'm missing something really basic here. For example, I'm not sure which sequences comprise a read aside from the insert (=targeted region) itself and flanking target-specific primers.</p>\n\n<p><a rel=\"nofollow\" href=\"https://support.illumina.com/bulletins/2016/12/what-sequences-do-i-use-for-adapter-trimming.html\">Illumina</a> says that \"Adapter trimming is not required for TruSeq Targeted RNA Expression, TruSeq Custom Amplicon, and TruSeq Cancer Panel when using Illumina analysis pipelines\". Is it the case? <a rel=\"nofollow\" href=\"https://www.illumina.com/content/dam/illumina-marketing/documents/products/datasheets/datasheet_truseq_custom_amplicon.pdf\">Here</a> they claim that \"Each probe contains unique, target-specific sequence as well as a universal adapter sequence that is used\nin a subsequent amplification reaction\". The aformentioned target-specific sequence is an upstream or downstream locus-specific oligo (ULSO/DLSO). <a rel=\"nofollow\" href=\"https://support.illumina.com/content/dam/illumina-support/documents/documentation/chemistry_documentation/experiment-design/illumina-adapter-sequences_1000000002694-01.pdf\">Here</a> they give only the index sequences for TSCA, no universal adapter sequence. </p>\n\n<p>Please have a look at the image attached. \n<a rel=\"nofollow\" href=\"https://i.imgur.com/UFLOAlJ.jpg\">MultiQC plot for adapter content</a>\nThis is an example MultiQC plot for adapter content, FastQC claims that it is the Illumina universal adapter (based on finding of AGATCGGAAGAG sequence, as far as I understood from FastQC's documentation). I've used <code>zcat LK_S2_L001_R2_001.fastq.gz | grep AGATCGGAAGAG</code> and noticed that this sequence is a part of a longer pattern. <code>zcat LK_S2_L001_R2_001.fastq.gz | grep -c AGATCGGAAGAGCGTCGTGTAGGGAAAGAGTGTAAGG</code>returned 8863 (while <code>zcat LK_S2_L001_R2_001.fastq.gz | grep -c AGATCGGAAGAG</code> returned 11079). </p>\n\n<p>How should I handle it? <a rel=\"nofollow\" href=\"http://cutadapt.readthedocs.io/en/stable/guide.html\">They</a> say that \"if you use BWA-MEM, the trailing (5\u2019) bases of a read that do not match the reference are soft-clipped, which covers those cases in which an adapter does occur\". Yet <a rel=\"nofollow\" href=\"https://sourceforge.net/p/bio-bwa/mailman/bio-bwa-help/thread/530E1378.3040008@cam.ac.uk/\">Heng Li says</a>: \"...Bwa-mem will just soft clip them[adapter sequences]... However, it is still recommended to trim adapter sequences. After all, adapters are not part of the samples you are sequencing. They might affect variant calling in corner cases\". </p>\n\n<p>Also, I've read that you should get rid of ULSO and DLSO sequences. What is the typical approach here? I know that BAMclipper can do this after alignment.</p>\n\n<p><strong>To sum up, I'm trying to figure out (for TruSeq Custom Amplicon 1.5):\n- what sequences to trim,\n- when to trim them,\n- which tool to use.</strong></p>\n\n<p>How do you clean TruSeq Custom Amplicon data in terms of getting rid of extraneous sequences? I'm stuck. Please be merciful and sorry for the chaotic question!</p>\n"
}