[
  {
    "url": "https://api.github.com/repos/lh3/fermikit/issues/21",
    "repository_url": "https://api.github.com/repos/lh3/fermikit",
    "labels_url": "https://api.github.com/repos/lh3/fermikit/issues/21/labels{/name}",
    "comments_url": "https://api.github.com/repos/lh3/fermikit/issues/21/comments",
    "events_url": "https://api.github.com/repos/lh3/fermikit/issues/21/events",
    "html_url": "https://github.com/lh3/fermikit/issues/21",
    "id": 1637889412,
    "node_id": "I_kwDOAgMqtc5hoDWE",
    "number": 21,
    "title": "make: nothing to be done for all",
    "user": {
      "login": "zengxi-hada",
      "id": 20663817,
      "node_id": "MDQ6VXNlcjIwNjYzODE3",
      "avatar_url": "https://avatars.githubusercontent.com/u/20663817?v=4",
      "gravatar_id": "",
      "url": "https://api.github.com/users/zengxi-hada",
      "html_url": "https://github.com/zengxi-hada",
      "followers_url": "https://api.github.com/users/zengxi-hada/followers",
      "following_url": "https://api.github.com/users/zengxi-hada/following{/other_user}",
      "gists_url": "https://api.github.com/users/zengxi-hada/gists{/gist_id}",
      "starred_url": "https://api.github.com/users/zengxi-hada/starred{/owner}{/repo}",
      "subscriptions_url": "https://api.github.com/users/zengxi-hada/subscriptions",
      "organizations_url": "https://api.github.com/users/zengxi-hada/orgs",
      "repos_url": "https://api.github.com/users/zengxi-hada/repos",
      "events_url": "https://api.github.com/users/zengxi-hada/events{/privacy}",
      "received_events_url": "https://api.github.com/users/zengxi-hada/received_events",
      "type": "User",
      "user_view_type": "public",
      "site_admin": false
    },
    "labels": [],
    "state": "open",
    "locked": false,
    "assignee": null,
    "assignees": [],
    "milestone": null,
    "comments": 0,
    "created_at": "2023-03-23T16:40:17Z",
    "updated_at": "2023-03-23T16:41:28Z",
    "closed_at": null,
    "author_association": "NONE",
    "active_lock_reason": null,
    "body": "Hi,\r\n\r\nI ran the first step to get DO50374T.mak.\r\n**fermi2.pl unitig -s3g -t16 -l150 -p DO50374T DO50374T.fq > DO50374T.mak**\r\nThen run make:\r\n**make -f DO50374T.mak**\r\n\r\nBut it continue to say: **make: Nothing to be done for 'all'**. So what is the reason of the problem? below is the content of DO50374T.mak. Thanks!\r\n\r\n\r\n```\r\nPREFIX=DO50365T\r\n\r\nEXE_FERMI2=/home/xiz978/anaconda3/bin/fermi2\r\nEXE_ROPEBWT2=/home/xiz978/anaconda3/bin/ropebwt2\r\nEXE_BFC=/home/xiz978/anaconda3/bin/bfc\r\nGENOME_SIZE=3g\r\nK_UNITIG=51\r\nK_CLEAN=56\r\nK_TRIM=61\r\nK_MERGE=76\r\nN_THREADS=16\r\n\r\nINPUT=cat DO50365T.fq.gz\r\n\r\nSHELL:=/bin/bash\r\nexport SHELLOPTS:=errexit:pipefail\r\n\r\nall:$(PREFIX).mag.gz\r\n\r\n$(PREFIX).ec.fq.gz:\r\n    bash -e -o pipefail -c '$(EXE_BFC) -s $(GENOME_SIZE) -t $(N_THREADS) <($(INPUT)) <($(INPUT)) 2> $@.log | gzip -1 > $@'\r\n\r\n$(PREFIX).flt.fq.gz:$(PREFIX).ec.fq.gz\r\n    $(EXE_BFC) -1s $(GENOME_SIZE) -k $(K_TRIM) -t $(N_THREADS) $< 2> $@.log | gzip -1 > $@\r\n\r\n$(PREFIX).flt.fmd:$(PREFIX).flt.fq.gz\r\n    $(EXE_ROPEBWT2) -dNCr $< > $@ 2> $@.log\r\n\r\n$(PREFIX).pre.gz:$(PREFIX).flt.fmd\r\n    $(EXE_FERMI2) assemble -l $(K_UNITIG) -m $(K_MERGE) -t $(N_THREADS) $< 2> $@.log | gzip -1 > $@\r\n\r\n$(PREFIX).mag.gz:$(PREFIX).pre.gz\r\n    $(EXE_FERMI2) simplify -CSo $(K_CLEAN) -m $(K_MERGE) -T $(K_UNITIG) $< 2> $@.log | gzip -1 > $@\r\n```",
    "closed_by": null,
    "reactions": {
      "url": "https://api.github.com/repos/lh3/fermikit/issues/21/reactions",
      "total_count": 0,
      "+1": 0,
      "-1": 0,
      "laugh": 0,
      "hooray": 0,
      "confused": 0,
      "heart": 0,
      "rocket": 0,
      "eyes": 0
    },
    "timeline_url": "https://api.github.com/repos/lh3/fermikit/issues/21/timeline",
    "performed_via_github_app": null,
    "state_reason": null
  },
  {
    "url": "https://api.github.com/repos/lh3/fermikit/issues/20",
    "repository_url": "https://api.github.com/repos/lh3/fermikit",
    "labels_url": "https://api.github.com/repos/lh3/fermikit/issues/20/labels{/name}",
    "comments_url": "https://api.github.com/repos/lh3/fermikit/issues/20/comments",
    "events_url": "https://api.github.com/repos/lh3/fermikit/issues/20/events",
    "html_url": "https://github.com/lh3/fermikit/issues/20",
    "id": 334670415,
    "node_id": "MDU6SXNzdWUzMzQ2NzA0MTU=",
    "number": 20,
    "title": "Error in running fermikit",
    "user": {
      "login": "Addicted-to-coding",
      "id": 28642161,
      "node_id": "MDQ6VXNlcjI4NjQyMTYx",
      "avatar_url": "https://avatars.githubusercontent.com/u/28642161?v=4",
      "gravatar_id": "",
      "url": "https://api.github.com/users/Addicted-to-coding",
      "html_url": "https://github.com/Addicted-to-coding",
      "followers_url": "https://api.github.com/users/Addicted-to-coding/followers",
      "following_url": "https://api.github.com/users/Addicted-to-coding/following{/other_user}",
      "gists_url": "https://api.github.com/users/Addicted-to-coding/gists{/gist_id}",
      "starred_url": "https://api.github.com/users/Addicted-to-coding/starred{/owner}{/repo}",
      "subscriptions_url": "https://api.github.com/users/Addicted-to-coding/subscriptions",
      "organizations_url": "https://api.github.com/users/Addicted-to-coding/orgs",
      "repos_url": "https://api.github.com/users/Addicted-to-coding/repos",
      "events_url": "https://api.github.com/users/Addicted-to-coding/events{/privacy}",
      "received_events_url": "https://api.github.com/users/Addicted-to-coding/received_events",
      "type": "User",
      "user_view_type": "public",
      "site_admin": false
    },
    "labels": [],
    "state": "open",
    "locked": false,
    "assignee": null,
    "assignees": [],
    "milestone": null,
    "comments": 0,
    "created_at": "2018-06-21T21:49:39Z",
    "updated_at": "2018-06-21T21:49:39Z",
    "closed_at": null,
    "author_association": "NONE",
    "active_lock_reason": null,
    "body": "When I try to run the software using:\r\nfermi.kit/run-calling -t16 ~/reference.genome/chr19_new.fa prefix.mag.gz | sh, I get the error\r\nERROR: failed to locate the BWA index. Please run 'fermi.kit/bwa index -p ~/reference.genome/chr19_new.fa ref.fa'.\r\nWhen I run this command on my .fa file, I get the error\r\n[user@login2 test_fermikit]$ fermi.kit/bwa index -p ~/reference.genome/chr19_new.fa a.fa\r\n[bwa_index] Pack FASTA... [bns_fasta2bntseq] Failed to allocate 0 bytes at bntseq.c line 303: Success\r\n",
    "closed_by": null,
    "reactions": {
      "url": "https://api.github.com/repos/lh3/fermikit/issues/20/reactions",
      "total_count": 0,
      "+1": 0,
      "-1": 0,
      "laugh": 0,
      "hooray": 0,
      "confused": 0,
      "heart": 0,
      "rocket": 0,
      "eyes": 0
    },
    "timeline_url": "https://api.github.com/repos/lh3/fermikit/issues/20/timeline",
    "performed_via_github_app": null,
    "state_reason": null
  },
  {
    "url": "https://api.github.com/repos/lh3/fermikit/issues/19",
    "repository_url": "https://api.github.com/repos/lh3/fermikit",
    "labels_url": "https://api.github.com/repos/lh3/fermikit/issues/19/labels{/name}",
    "comments_url": "https://api.github.com/repos/lh3/fermikit/issues/19/comments",
    "events_url": "https://api.github.com/repos/lh3/fermikit/issues/19/events",
    "html_url": "https://github.com/lh3/fermikit/issues/19",
    "id": 334594721,
    "node_id": "MDU6SXNzdWUzMzQ1OTQ3MjE=",
    "number": 19,
    "title": "Error in make",
    "user": {
      "login": "Addicted-to-coding",
      "id": 28642161,
      "node_id": "MDQ6VXNlcjI4NjQyMTYx",
      "avatar_url": "https://avatars.githubusercontent.com/u/28642161?v=4",
      "gravatar_id": "",
      "url": "https://api.github.com/users/Addicted-to-coding",
      "html_url": "https://github.com/Addicted-to-coding",
      "followers_url": "https://api.github.com/users/Addicted-to-coding/followers",
      "following_url": "https://api.github.com/users/Addicted-to-coding/following{/other_user}",
      "gists_url": "https://api.github.com/users/Addicted-to-coding/gists{/gist_id}",
      "starred_url": "https://api.github.com/users/Addicted-to-coding/starred{/owner}{/repo}",
      "subscriptions_url": "https://api.github.com/users/Addicted-to-coding/subscriptions",
      "organizations_url": "https://api.github.com/users/Addicted-to-coding/orgs",
      "repos_url": "https://api.github.com/users/Addicted-to-coding/repos",
      "events_url": "https://api.github.com/users/Addicted-to-coding/events{/privacy}",
      "received_events_url": "https://api.github.com/users/Addicted-to-coding/received_events",
      "type": "User",
      "user_view_type": "public",
      "site_admin": false
    },
    "labels": [],
    "state": "open",
    "locked": false,
    "assignee": null,
    "assignees": [],
    "milestone": null,
    "comments": 1,
    "created_at": "2018-06-21T17:49:29Z",
    "updated_at": "2022-08-15T14:27:10Z",
    "closed_at": null,
    "author_association": "NONE",
    "active_lock_reason": null,
    "body": "When I run the command make -f prefix.mak, I get the error\r\nfermi.kit/bfc -1s 3g -k 61 -t 16 prefix.ec.fq.gz 2> prefix.flt.fq.gz.log | gzip -1 > prefix.flt.fq.gz\r\n/bin/bash: line 1: 13973 Segmentation fault      fermi.kit/bfc -1s 3g -k 61 -t 16 prefix.ec.fq.gz 2> prefix.flt.fq.gz.log\r\n     13974 Done                    | gzip -1 > prefix.flt.fq.gz\r\nmake: *** [prefix.flt.fq.gz] Error 139\r\nHow can I solve this?",
    "closed_by": null,
    "reactions": {
      "url": "https://api.github.com/repos/lh3/fermikit/issues/19/reactions",
      "total_count": 0,
      "+1": 0,
      "-1": 0,
      "laugh": 0,
      "hooray": 0,
      "confused": 0,
      "heart": 0,
      "rocket": 0,
      "eyes": 0
    },
    "timeline_url": "https://api.github.com/repos/lh3/fermikit/issues/19/timeline",
    "performed_via_github_app": null,
    "state_reason": null
  },
  {
    "url": "https://api.github.com/repos/lh3/fermikit/issues/18",
    "repository_url": "https://api.github.com/repos/lh3/fermikit",
    "labels_url": "https://api.github.com/repos/lh3/fermikit/issues/18/labels{/name}",
    "comments_url": "https://api.github.com/repos/lh3/fermikit/issues/18/comments",
    "events_url": "https://api.github.com/repos/lh3/fermikit/issues/18/events",
    "html_url": "https://github.com/lh3/fermikit/issues/18",
    "id": 333148751,
    "node_id": "MDU6SXNzdWUzMzMxNDg3NTE=",
    "number": 18,
    "title": "Can it call variants on tetraploid species?",
    "user": {
      "login": "afzm",
      "id": 32012361,
      "node_id": "MDQ6VXNlcjMyMDEyMzYx",
      "avatar_url": "https://avatars.githubusercontent.com/u/32012361?v=4",
      "gravatar_id": "",
      "url": "https://api.github.com/users/afzm",
      "html_url": "https://github.com/afzm",
      "followers_url": "https://api.github.com/users/afzm/followers",
      "following_url": "https://api.github.com/users/afzm/following{/other_user}",
      "gists_url": "https://api.github.com/users/afzm/gists{/gist_id}",
      "starred_url": "https://api.github.com/users/afzm/starred{/owner}{/repo}",
      "subscriptions_url": "https://api.github.com/users/afzm/subscriptions",
      "organizations_url": "https://api.github.com/users/afzm/orgs",
      "repos_url": "https://api.github.com/users/afzm/repos",
      "events_url": "https://api.github.com/users/afzm/events{/privacy}",
      "received_events_url": "https://api.github.com/users/afzm/received_events",
      "type": "User",
      "user_view_type": "public",
      "site_admin": false
    },
    "labels": [],
    "state": "open",
    "locked": false,
    "assignee": null,
    "assignees": [],
    "milestone": null,
    "comments": 0,
    "created_at": "2018-06-18T06:39:02Z",
    "updated_at": "2018-06-18T06:39:02Z",
    "closed_at": null,
    "author_association": "NONE",
    "active_lock_reason": null,
    "body": "",
    "closed_by": null,
    "reactions": {
      "url": "https://api.github.com/repos/lh3/fermikit/issues/18/reactions",
      "total_count": 0,
      "+1": 0,
      "-1": 0,
      "laugh": 0,
      "hooray": 0,
      "confused": 0,
      "heart": 0,
      "rocket": 0,
      "eyes": 0
    },
    "timeline_url": "https://api.github.com/repos/lh3/fermikit/issues/18/timeline",
    "performed_via_github_app": null,
    "state_reason": null
  },
  {
    "url": "https://api.github.com/repos/lh3/fermikit/issues/17",
    "repository_url": "https://api.github.com/repos/lh3/fermikit",
    "labels_url": "https://api.github.com/repos/lh3/fermikit/issues/17/labels{/name}",
    "comments_url": "https://api.github.com/repos/lh3/fermikit/issues/17/comments",
    "events_url": "https://api.github.com/repos/lh3/fermikit/issues/17/events",
    "html_url": "https://github.com/lh3/fermikit/pull/17",
    "id": 283523491,
    "node_id": "MDExOlB1bGxSZXF1ZXN0MTU5Mzg2MzA5",
    "number": 17,
    "title": "Add minimap2 submodule",
    "user": {
      "login": "blmoore",
      "id": 2961106,
      "node_id": "MDQ6VXNlcjI5NjExMDY=",
      "avatar_url": "https://avatars.githubusercontent.com/u/2961106?v=4",
      "gravatar_id": "",
      "url": "https://api.github.com/users/blmoore",
      "html_url": "https://github.com/blmoore",
      "followers_url": "https://api.github.com/users/blmoore/followers",
      "following_url": "https://api.github.com/users/blmoore/following{/other_user}",
      "gists_url": "https://api.github.com/users/blmoore/gists{/gist_id}",
      "starred_url": "https://api.github.com/users/blmoore/starred{/owner}{/repo}",
      "subscriptions_url": "https://api.github.com/users/blmoore/subscriptions",
      "organizations_url": "https://api.github.com/users/blmoore/orgs",
      "repos_url": "https://api.github.com/users/blmoore/repos",
      "events_url": "https://api.github.com/users/blmoore/events{/privacy}",
      "received_events_url": "https://api.github.com/users/blmoore/received_events",
      "type": "User",
      "user_view_type": "public",
      "site_admin": false
    },
    "labels": [],
    "state": "open",
    "locked": false,
    "assignee": null,
    "assignees": [],
    "milestone": null,
    "comments": 0,
    "created_at": "2017-12-20T10:54:25Z",
    "updated_at": "2017-12-20T10:54:25Z",
    "closed_at": null,
    "author_association": "NONE",
    "active_lock_reason": null,
    "draft": false,
    "pull_request": {
      "url": "https://api.github.com/repos/lh3/fermikit/pulls/17",
      "html_url": "https://github.com/lh3/fermikit/pull/17",
      "diff_url": "https://github.com/lh3/fermikit/pull/17.diff",
      "patch_url": "https://github.com/lh3/fermikit/pull/17.patch",
      "merged_at": null
    },
    "body": "Without a minimap2 binary under `fermi.kit/` the `-m` option to `run-calling` was failing in a non-obvious way",
    "closed_by": null,
    "reactions": {
      "url": "https://api.github.com/repos/lh3/fermikit/issues/17/reactions",
      "total_count": 0,
      "+1": 0,
      "-1": 0,
      "laugh": 0,
      "hooray": 0,
      "confused": 0,
      "heart": 0,
      "rocket": 0,
      "eyes": 0
    },
    "timeline_url": "https://api.github.com/repos/lh3/fermikit/issues/17/timeline",
    "performed_via_github_app": null,
    "state_reason": null
  },
  {
    "url": "https://api.github.com/repos/lh3/fermikit/issues/16",
    "repository_url": "https://api.github.com/repos/lh3/fermikit",
    "labels_url": "https://api.github.com/repos/lh3/fermikit/issues/16/labels{/name}",
    "comments_url": "https://api.github.com/repos/lh3/fermikit/issues/16/comments",
    "events_url": "https://api.github.com/repos/lh3/fermikit/issues/16/events",
    "html_url": "https://github.com/lh3/fermikit/issues/16",
    "id": 246811087,
    "node_id": "MDU6SXNzdWUyNDY4MTEwODc=",
    "number": 16,
    "title": "Please add a license",
    "user": {
      "login": "tmozgach",
      "id": 26471428,
      "node_id": "MDQ6VXNlcjI2NDcxNDI4",
      "avatar_url": "https://avatars.githubusercontent.com/u/26471428?v=4",
      "gravatar_id": "",
      "url": "https://api.github.com/users/tmozgach",
      "html_url": "https://github.com/tmozgach",
      "followers_url": "https://api.github.com/users/tmozgach/followers",
      "following_url": "https://api.github.com/users/tmozgach/following{/other_user}",
      "gists_url": "https://api.github.com/users/tmozgach/gists{/gist_id}",
      "starred_url": "https://api.github.com/users/tmozgach/starred{/owner}{/repo}",
      "subscriptions_url": "https://api.github.com/users/tmozgach/subscriptions",
      "organizations_url": "https://api.github.com/users/tmozgach/orgs",
      "repos_url": "https://api.github.com/users/tmozgach/repos",
      "events_url": "https://api.github.com/users/tmozgach/events{/privacy}",
      "received_events_url": "https://api.github.com/users/tmozgach/received_events",
      "type": "User",
      "user_view_type": "public",
      "site_admin": false
    },
    "labels": [],
    "state": "closed",
    "locked": false,
    "assignee": null,
    "assignees": [],
    "milestone": null,
    "comments": 2,
    "created_at": "2017-07-31T16:13:32Z",
    "updated_at": "2020-11-30T22:58:17Z",
    "closed_at": "2020-11-30T22:58:17Z",
    "author_association": "NONE",
    "active_lock_reason": null,
    "body": "What is a the license? Please consider adding a LICENSE file to the GitHub repository.\r\nFor instructions, see https://help.github.com/articles/adding-a-license-to-a-repository/",
    "closed_by": {
      "login": "lh3",
      "id": 480346,
      "node_id": "MDQ6VXNlcjQ4MDM0Ng==",
      "avatar_url": "https://avatars.githubusercontent.com/u/480346?v=4",
      "gravatar_id": "",
      "url": "https://api.github.com/users/lh3",
      "html_url": "https://github.com/lh3",
      "followers_url": "https://api.github.com/users/lh3/followers",
      "following_url": "https://api.github.com/users/lh3/following{/other_user}",
      "gists_url": "https://api.github.com/users/lh3/gists{/gist_id}",
      "starred_url": "https://api.github.com/users/lh3/starred{/owner}{/repo}",
      "subscriptions_url": "https://api.github.com/users/lh3/subscriptions",
      "organizations_url": "https://api.github.com/users/lh3/orgs",
      "repos_url": "https://api.github.com/users/lh3/repos",
      "events_url": "https://api.github.com/users/lh3/events{/privacy}",
      "received_events_url": "https://api.github.com/users/lh3/received_events",
      "type": "User",
      "user_view_type": "public",
      "site_admin": false
    },
    "reactions": {
      "url": "https://api.github.com/repos/lh3/fermikit/issues/16/reactions",
      "total_count": 2,
      "+1": 2,
      "-1": 0,
      "laugh": 0,
      "hooray": 0,
      "confused": 0,
      "heart": 0,
      "rocket": 0,
      "eyes": 0
    },
    "timeline_url": "https://api.github.com/repos/lh3/fermikit/issues/16/timeline",
    "performed_via_github_app": null,
    "state_reason": "completed"
  },
  {
    "url": "https://api.github.com/repos/lh3/fermikit/issues/15",
    "repository_url": "https://api.github.com/repos/lh3/fermikit",
    "labels_url": "https://api.github.com/repos/lh3/fermikit/issues/15/labels{/name}",
    "comments_url": "https://api.github.com/repos/lh3/fermikit/issues/15/comments",
    "events_url": "https://api.github.com/repos/lh3/fermikit/issues/15/events",
    "html_url": "https://github.com/lh3/fermikit/issues/15",
    "id": 240055261,
    "node_id": "MDU6SXNzdWUyNDAwNTUyNjE=",
    "number": 15,
    "title": "\"seqtk mergepe\" is correct for multiple Lane fq DATA ?",
    "user": {
      "login": "zhangaaaaa",
      "id": 13358977,
      "node_id": "MDQ6VXNlcjEzMzU4OTc3",
      "avatar_url": "https://avatars.githubusercontent.com/u/13358977?v=4",
      "gravatar_id": "",
      "url": "https://api.github.com/users/zhangaaaaa",
      "html_url": "https://github.com/zhangaaaaa",
      "followers_url": "https://api.github.com/users/zhangaaaaa/followers",
      "following_url": "https://api.github.com/users/zhangaaaaa/following{/other_user}",
      "gists_url": "https://api.github.com/users/zhangaaaaa/gists{/gist_id}",
      "starred_url": "https://api.github.com/users/zhangaaaaa/starred{/owner}{/repo}",
      "subscriptions_url": "https://api.github.com/users/zhangaaaaa/subscriptions",
      "organizations_url": "https://api.github.com/users/zhangaaaaa/orgs",
      "repos_url": "https://api.github.com/users/zhangaaaaa/repos",
      "events_url": "https://api.github.com/users/zhangaaaaa/events{/privacy}",
      "received_events_url": "https://api.github.com/users/zhangaaaaa/received_events",
      "type": "User",
      "user_view_type": "public",
      "site_admin": false
    },
    "labels": [],
    "state": "open",
    "locked": false,
    "assignee": null,
    "assignees": [],
    "milestone": null,
    "comments": 0,
    "created_at": "2017-07-03T02:46:44Z",
    "updated_at": "2017-07-03T02:46:44Z",
    "closed_at": null,
    "author_association": "NONE",
    "active_lock_reason": null,
    "body": "Hi Heng,\r\nI have one sample with PE100 sequence data, and it's multi-lane PE data like \"sample.L01.read_1.fq.gz, sample.L01.read_2.fq.gz, sample.L02.read_1.fq.gz sample.L02.read_1.fq.gz\". I want to call small variants and structural variations by using all clean data.\r\nhow should do? ",
    "closed_by": null,
    "reactions": {
      "url": "https://api.github.com/repos/lh3/fermikit/issues/15/reactions",
      "total_count": 0,
      "+1": 0,
      "-1": 0,
      "laugh": 0,
      "hooray": 0,
      "confused": 0,
      "heart": 0,
      "rocket": 0,
      "eyes": 0
    },
    "timeline_url": "https://api.github.com/repos/lh3/fermikit/issues/15/timeline",
    "performed_via_github_app": null,
    "state_reason": null
  },
  {
    "url": "https://api.github.com/repos/lh3/fermikit/issues/14",
    "repository_url": "https://api.github.com/repos/lh3/fermikit",
    "labels_url": "https://api.github.com/repos/lh3/fermikit/issues/14/labels{/name}",
    "comments_url": "https://api.github.com/repos/lh3/fermikit/issues/14/comments",
    "events_url": "https://api.github.com/repos/lh3/fermikit/issues/14/events",
    "html_url": "https://github.com/lh3/fermikit/issues/14",
    "id": 172190722,
    "node_id": "MDU6SXNzdWUxNzIxOTA3MjI=",
    "number": 14,
    "title": "Classify complex SV calling from fermikit ?",
    "user": {
      "login": "wenbinmei",
      "id": 8538226,
      "node_id": "MDQ6VXNlcjg1MzgyMjY=",
      "avatar_url": "https://avatars.githubusercontent.com/u/8538226?v=4",
      "gravatar_id": "",
      "url": "https://api.github.com/users/wenbinmei",
      "html_url": "https://github.com/wenbinmei",
      "followers_url": "https://api.github.com/users/wenbinmei/followers",
      "following_url": "https://api.github.com/users/wenbinmei/following{/other_user}",
      "gists_url": "https://api.github.com/users/wenbinmei/gists{/gist_id}",
      "starred_url": "https://api.github.com/users/wenbinmei/starred{/owner}{/repo}",
      "subscriptions_url": "https://api.github.com/users/wenbinmei/subscriptions",
      "organizations_url": "https://api.github.com/users/wenbinmei/orgs",
      "repos_url": "https://api.github.com/users/wenbinmei/repos",
      "events_url": "https://api.github.com/users/wenbinmei/events{/privacy}",
      "received_events_url": "https://api.github.com/users/wenbinmei/received_events",
      "type": "User",
      "user_view_type": "public",
      "site_admin": false
    },
    "labels": [],
    "state": "open",
    "locked": false,
    "assignee": null,
    "assignees": [],
    "milestone": null,
    "comments": 0,
    "created_at": "2016-08-19T18:23:00Z",
    "updated_at": "2016-08-30T22:57:33Z",
    "closed_at": null,
    "author_association": "NONE",
    "active_lock_reason": null,
    "body": "Hi Heng,\n\nThank you for developing the fermikit. I am trying your fermikit tools on a 30x whole genome sequencing population data. I successfully run the fermikit so far. But I wonder is there a way to classify the complex structure variation besides deletion and insertion called in fermikit? I just start this population level CNV project and very new to this kind of analysis. Thank you for help.\n\nCheers,\nwenbin \n",
    "closed_by": null,
    "reactions": {
      "url": "https://api.github.com/repos/lh3/fermikit/issues/14/reactions",
      "total_count": 0,
      "+1": 0,
      "-1": 0,
      "laugh": 0,
      "hooray": 0,
      "confused": 0,
      "heart": 0,
      "rocket": 0,
      "eyes": 0
    },
    "timeline_url": "https://api.github.com/repos/lh3/fermikit/issues/14/timeline",
    "performed_via_github_app": null,
    "state_reason": null
  },
  {
    "url": "https://api.github.com/repos/lh3/fermikit/issues/13",
    "repository_url": "https://api.github.com/repos/lh3/fermikit",
    "labels_url": "https://api.github.com/repos/lh3/fermikit/issues/13/labels{/name}",
    "comments_url": "https://api.github.com/repos/lh3/fermikit/issues/13/comments",
    "events_url": "https://api.github.com/repos/lh3/fermikit/issues/13/events",
    "html_url": "https://github.com/lh3/fermikit/issues/13",
    "id": 153803740,
    "node_id": "MDU6SXNzdWUxNTM4MDM3NDA=",
    "number": 13,
    "title": "using fermikit to generate a reference graph",
    "user": {
      "login": "ekg",
      "id": 145425,
      "node_id": "MDQ6VXNlcjE0NTQyNQ==",
      "avatar_url": "https://avatars.githubusercontent.com/u/145425?v=4",
      "gravatar_id": "",
      "url": "https://api.github.com/users/ekg",
      "html_url": "https://github.com/ekg",
      "followers_url": "https://api.github.com/users/ekg/followers",
      "following_url": "https://api.github.com/users/ekg/following{/other_user}",
      "gists_url": "https://api.github.com/users/ekg/gists{/gist_id}",
      "starred_url": "https://api.github.com/users/ekg/starred{/owner}{/repo}",
      "subscriptions_url": "https://api.github.com/users/ekg/subscriptions",
      "organizations_url": "https://api.github.com/users/ekg/orgs",
      "repos_url": "https://api.github.com/users/ekg/repos",
      "events_url": "https://api.github.com/users/ekg/events{/privacy}",
      "received_events_url": "https://api.github.com/users/ekg/received_events",
      "type": "User",
      "user_view_type": "public",
      "site_admin": false
    },
    "labels": [],
    "state": "open",
    "locked": false,
    "assignee": null,
    "assignees": [],
    "milestone": null,
    "comments": 4,
    "created_at": "2016-05-09T15:30:19Z",
    "updated_at": "2016-05-11T09:01:10Z",
    "closed_at": null,
    "author_association": "NONE",
    "active_lock_reason": null,
    "body": "We are working on generating sequence graphs for use as the reference system in vg. I'm completing a first pass at bluntifying the overlap graph that can be pulled out of fermikit's intermediate mag files, which is a necessary step for our alignment and indexing algorithms. We have done a lot of testing on bidirectional string graphs, and so the use of these should be straightforward. It is just an issue of cleaning up the bluntification algorithm and understanding the best way to make the assembly graphs.\n\nThe ideal pattern would be to generate a pan genomic reference by assembling all the sequence data from a set of samples into a graph. Reading the Fermi paper it seems that some of the steps in that assembly process might not perform well in a multi sample assembly. Specifically the bubble popping algorithm in fermi has a diploid assumption. Has this been resolved in fermi2 and fermikit? Is it configurable, and if not would of be an easy change for me to make?\n\nI am curious if there might be other contradictory aspects to this approach. Any advice would be welcome.\n",
    "closed_by": null,
    "reactions": {
      "url": "https://api.github.com/repos/lh3/fermikit/issues/13/reactions",
      "total_count": 0,
      "+1": 0,
      "-1": 0,
      "laugh": 0,
      "hooray": 0,
      "confused": 0,
      "heart": 0,
      "rocket": 0,
      "eyes": 0
    },
    "timeline_url": "https://api.github.com/repos/lh3/fermikit/issues/13/timeline",
    "performed_via_github_app": null,
    "state_reason": null
  },
  {
    "url": "https://api.github.com/repos/lh3/fermikit/issues/12",
    "repository_url": "https://api.github.com/repos/lh3/fermikit",
    "labels_url": "https://api.github.com/repos/lh3/fermikit/issues/12/labels{/name}",
    "comments_url": "https://api.github.com/repos/lh3/fermikit/issues/12/comments",
    "events_url": "https://api.github.com/repos/lh3/fermikit/issues/12/events",
    "html_url": "https://github.com/lh3/fermikit/issues/12",
    "id": 144469806,
    "node_id": "MDU6SXNzdWUxNDQ0Njk4MDY=",
    "number": 12,
    "title": "Call SV jointly?",
    "user": {
      "login": "yangjl",
      "id": 790051,
      "node_id": "MDQ6VXNlcjc5MDA1MQ==",
      "avatar_url": "https://avatars.githubusercontent.com/u/790051?v=4",
      "gravatar_id": "",
      "url": "https://api.github.com/users/yangjl",
      "html_url": "https://github.com/yangjl",
      "followers_url": "https://api.github.com/users/yangjl/followers",
      "following_url": "https://api.github.com/users/yangjl/following{/other_user}",
      "gists_url": "https://api.github.com/users/yangjl/gists{/gist_id}",
      "starred_url": "https://api.github.com/users/yangjl/starred{/owner}{/repo}",
      "subscriptions_url": "https://api.github.com/users/yangjl/subscriptions",
      "organizations_url": "https://api.github.com/users/yangjl/orgs",
      "repos_url": "https://api.github.com/users/yangjl/repos",
      "events_url": "https://api.github.com/users/yangjl/events{/privacy}",
      "received_events_url": "https://api.github.com/users/yangjl/received_events",
      "type": "User",
      "user_view_type": "public",
      "site_admin": false
    },
    "labels": [],
    "state": "closed",
    "locked": false,
    "assignee": null,
    "assignees": [],
    "milestone": null,
    "comments": 1,
    "created_at": "2016-03-30T05:40:59Z",
    "updated_at": "2016-03-30T15:47:51Z",
    "closed_at": "2016-03-30T15:47:51Z",
    "author_association": "NONE",
    "active_lock_reason": null,
    "body": "Hi Heng,\n\nYou mentioned the SNP and small InDels can be called jointly. I am wondering can you call structural variation (SV) jointly? For example, if I have multiple samples, how do I know if a large inversion is common or not. Thanks!\n\n-Jinliang\n",
    "closed_by": {
      "login": "lh3",
      "id": 480346,
      "node_id": "MDQ6VXNlcjQ4MDM0Ng==",
      "avatar_url": "https://avatars.githubusercontent.com/u/480346?v=4",
      "gravatar_id": "",
      "url": "https://api.github.com/users/lh3",
      "html_url": "https://github.com/lh3",
      "followers_url": "https://api.github.com/users/lh3/followers",
      "following_url": "https://api.github.com/users/lh3/following{/other_user}",
      "gists_url": "https://api.github.com/users/lh3/gists{/gist_id}",
      "starred_url": "https://api.github.com/users/lh3/starred{/owner}{/repo}",
      "subscriptions_url": "https://api.github.com/users/lh3/subscriptions",
      "organizations_url": "https://api.github.com/users/lh3/orgs",
      "repos_url": "https://api.github.com/users/lh3/repos",
      "events_url": "https://api.github.com/users/lh3/events{/privacy}",
      "received_events_url": "https://api.github.com/users/lh3/received_events",
      "type": "User",
      "user_view_type": "public",
      "site_admin": false
    },
    "reactions": {
      "url": "https://api.github.com/repos/lh3/fermikit/issues/12/reactions",
      "total_count": 0,
      "+1": 0,
      "-1": 0,
      "laugh": 0,
      "hooray": 0,
      "confused": 0,
      "heart": 0,
      "rocket": 0,
      "eyes": 0
    },
    "timeline_url": "https://api.github.com/repos/lh3/fermikit/issues/12/timeline",
    "performed_via_github_app": null,
    "state_reason": "completed"
  },
  {
    "url": "https://api.github.com/repos/lh3/fermikit/issues/11",
    "repository_url": "https://api.github.com/repos/lh3/fermikit",
    "labels_url": "https://api.github.com/repos/lh3/fermikit/issues/11/labels{/name}",
    "comments_url": "https://api.github.com/repos/lh3/fermikit/issues/11/comments",
    "events_url": "https://api.github.com/repos/lh3/fermikit/issues/11/events",
    "html_url": "https://github.com/lh3/fermikit/issues/11",
    "id": 111399071,
    "node_id": "MDU6SXNzdWUxMTEzOTkwNzE=",
    "number": 11,
    "title": "Can FermiKit be run on Amplicon data from targeted re-sequencing",
    "user": {
      "login": "dgaston",
      "id": 1605762,
      "node_id": "MDQ6VXNlcjE2MDU3NjI=",
      "avatar_url": "https://avatars.githubusercontent.com/u/1605762?v=4",
      "gravatar_id": "",
      "url": "https://api.github.com/users/dgaston",
      "html_url": "https://github.com/dgaston",
      "followers_url": "https://api.github.com/users/dgaston/followers",
      "following_url": "https://api.github.com/users/dgaston/following{/other_user}",
      "gists_url": "https://api.github.com/users/dgaston/gists{/gist_id}",
      "starred_url": "https://api.github.com/users/dgaston/starred{/owner}{/repo}",
      "subscriptions_url": "https://api.github.com/users/dgaston/subscriptions",
      "organizations_url": "https://api.github.com/users/dgaston/orgs",
      "repos_url": "https://api.github.com/users/dgaston/repos",
      "events_url": "https://api.github.com/users/dgaston/events{/privacy}",
      "received_events_url": "https://api.github.com/users/dgaston/received_events",
      "type": "User",
      "user_view_type": "public",
      "site_admin": false
    },
    "labels": [],
    "state": "open",
    "locked": false,
    "assignee": null,
    "assignees": [],
    "milestone": null,
    "comments": 1,
    "created_at": "2015-10-14T13:33:08Z",
    "updated_at": "2015-10-15T19:11:35Z",
    "closed_at": null,
    "author_association": "NONE",
    "active_lock_reason": null,
    "body": "Hi Heng,\n\nAlways interested to test out new software that you put out. I am doing a lot of targeted resequencing with Illumina TruSight Amplicon data of tumour-only samples. I have been looking for some assembly-based methods since there are some tandem-duplications and large indels in some of our samples that are difficult to detect with standard methods. I just tested this out on one of my samples and at the end I have no variants at all. The sorted bam file doesn't appear to have anything aligned against the reference.\n\nJust wanted to check whether in principal fermikit will work on this data before I dive too deep into debugging and trying alternate parameters from the standard defaults on the Readme.\n\nCheers\n",
    "closed_by": null,
    "reactions": {
      "url": "https://api.github.com/repos/lh3/fermikit/issues/11/reactions",
      "total_count": 0,
      "+1": 0,
      "-1": 0,
      "laugh": 0,
      "hooray": 0,
      "confused": 0,
      "heart": 0,
      "rocket": 0,
      "eyes": 0
    },
    "timeline_url": "https://api.github.com/repos/lh3/fermikit/issues/11/timeline",
    "performed_via_github_app": null,
    "state_reason": null
  },
  {
    "url": "https://api.github.com/repos/lh3/fermikit/issues/10",
    "repository_url": "https://api.github.com/repos/lh3/fermikit",
    "labels_url": "https://api.github.com/repos/lh3/fermikit/issues/10/labels{/name}",
    "comments_url": "https://api.github.com/repos/lh3/fermikit/issues/10/comments",
    "events_url": "https://api.github.com/repos/lh3/fermikit/issues/10/events",
    "html_url": "https://github.com/lh3/fermikit/issues/10",
    "id": 110975070,
    "node_id": "MDU6SXNzdWUxMTA5NzUwNzA=",
    "number": 10,
    "title": "Sorting; low sensitivity",
    "user": {
      "login": "KrzysztofMKozak",
      "id": 14914209,
      "node_id": "MDQ6VXNlcjE0OTE0MjA5",
      "avatar_url": "https://avatars.githubusercontent.com/u/14914209?v=4",
      "gravatar_id": "",
      "url": "https://api.github.com/users/KrzysztofMKozak",
      "html_url": "https://github.com/KrzysztofMKozak",
      "followers_url": "https://api.github.com/users/KrzysztofMKozak/followers",
      "following_url": "https://api.github.com/users/KrzysztofMKozak/following{/other_user}",
      "gists_url": "https://api.github.com/users/KrzysztofMKozak/gists{/gist_id}",
      "starred_url": "https://api.github.com/users/KrzysztofMKozak/starred{/owner}{/repo}",
      "subscriptions_url": "https://api.github.com/users/KrzysztofMKozak/subscriptions",
      "organizations_url": "https://api.github.com/users/KrzysztofMKozak/orgs",
      "repos_url": "https://api.github.com/users/KrzysztofMKozak/repos",
      "events_url": "https://api.github.com/users/KrzysztofMKozak/events{/privacy}",
      "received_events_url": "https://api.github.com/users/KrzysztofMKozak/received_events",
      "type": "User",
      "user_view_type": "public",
      "site_admin": false
    },
    "labels": [],
    "state": "closed",
    "locked": false,
    "assignee": null,
    "assignees": [],
    "milestone": null,
    "comments": 4,
    "created_at": "2015-10-12T13:27:45Z",
    "updated_at": "2015-10-12T14:38:25Z",
    "closed_at": "2015-10-12T13:39:13Z",
    "author_association": "NONE",
    "active_lock_reason": null,
    "body": "Dear Heng,\nLooks like a great tool and I tried to use it for a subset of the Anopheles 1000 Genomes data (https://www.malariagen.net/apps/ag1000g/phase1-AR3/index.html). \nThe first problem I encountered is at the sorting stage: once the first sam was made, fermi proceeded to sort it and generated ~150k tiny sam files - I had to kill it eventually.\nThe second issue: I ran clean up manually and genotyped with GATK, as GATK had been originally used to genotype after BWA-mapping the same reads to reference. When we compare the BWA and Fermikit genotypes, the Fermi pipeline results in ~18x fewer variants. What would be the key parameters that could help with this, please?\nBest,\nChris\n",
    "closed_by": {
      "login": "lh3",
      "id": 480346,
      "node_id": "MDQ6VXNlcjQ4MDM0Ng==",
      "avatar_url": "https://avatars.githubusercontent.com/u/480346?v=4",
      "gravatar_id": "",
      "url": "https://api.github.com/users/lh3",
      "html_url": "https://github.com/lh3",
      "followers_url": "https://api.github.com/users/lh3/followers",
      "following_url": "https://api.github.com/users/lh3/following{/other_user}",
      "gists_url": "https://api.github.com/users/lh3/gists{/gist_id}",
      "starred_url": "https://api.github.com/users/lh3/starred{/owner}{/repo}",
      "subscriptions_url": "https://api.github.com/users/lh3/subscriptions",
      "organizations_url": "https://api.github.com/users/lh3/orgs",
      "repos_url": "https://api.github.com/users/lh3/repos",
      "events_url": "https://api.github.com/users/lh3/events{/privacy}",
      "received_events_url": "https://api.github.com/users/lh3/received_events",
      "type": "User",
      "user_view_type": "public",
      "site_admin": false
    },
    "reactions": {
      "url": "https://api.github.com/repos/lh3/fermikit/issues/10/reactions",
      "total_count": 0,
      "+1": 0,
      "-1": 0,
      "laugh": 0,
      "hooray": 0,
      "confused": 0,
      "heart": 0,
      "rocket": 0,
      "eyes": 0
    },
    "timeline_url": "https://api.github.com/repos/lh3/fermikit/issues/10/timeline",
    "performed_via_github_app": null,
    "state_reason": "completed"
  },
  {
    "url": "https://api.github.com/repos/lh3/fermikit/issues/9",
    "repository_url": "https://api.github.com/repos/lh3/fermikit",
    "labels_url": "https://api.github.com/repos/lh3/fermikit/issues/9/labels{/name}",
    "comments_url": "https://api.github.com/repos/lh3/fermikit/issues/9/comments",
    "events_url": "https://api.github.com/repos/lh3/fermikit/issues/9/events",
    "html_url": "https://github.com/lh3/fermikit/issues/9",
    "id": 107815603,
    "node_id": "MDU6SXNzdWUxMDc4MTU2MDM=",
    "number": 9,
    "title": "High RAM usage on simulated samples",
    "user": {
      "login": "morgantaschuk",
      "id": 1746206,
      "node_id": "MDQ6VXNlcjE3NDYyMDY=",
      "avatar_url": "https://avatars.githubusercontent.com/u/1746206?v=4",
      "gravatar_id": "",
      "url": "https://api.github.com/users/morgantaschuk",
      "html_url": "https://github.com/morgantaschuk",
      "followers_url": "https://api.github.com/users/morgantaschuk/followers",
      "following_url": "https://api.github.com/users/morgantaschuk/following{/other_user}",
      "gists_url": "https://api.github.com/users/morgantaschuk/gists{/gist_id}",
      "starred_url": "https://api.github.com/users/morgantaschuk/starred{/owner}{/repo}",
      "subscriptions_url": "https://api.github.com/users/morgantaschuk/subscriptions",
      "organizations_url": "https://api.github.com/users/morgantaschuk/orgs",
      "repos_url": "https://api.github.com/users/morgantaschuk/repos",
      "events_url": "https://api.github.com/users/morgantaschuk/events{/privacy}",
      "received_events_url": "https://api.github.com/users/morgantaschuk/received_events",
      "type": "User",
      "user_view_type": "public",
      "site_admin": false
    },
    "labels": [],
    "state": "open",
    "locked": false,
    "assignee": null,
    "assignees": [],
    "milestone": null,
    "comments": 1,
    "created_at": "2015-09-22T22:30:49Z",
    "updated_at": "2015-09-22T23:41:34Z",
    "closed_at": null,
    "author_association": "NONE",
    "active_lock_reason": null,
    "body": "Hi,\n\nI have 50x simulated 1000g data with ART (http://www.niehs.nih.gov/research/resources/software/biostatistics/art/). I'm trying to run fermikit on this data and our cluster is killing the job when it passes 170G RAM.  Do you have any suggestions for decreasing memory usage?\n\n```\nfermi.kit/fermi2.pl unitig -s3g -t16 -l126 -p art_50x_fermikit \"fermi.kit/seqtk mergepe NA12877_50x_1.fq.gz NA12877_50x_2.fq.gz\" > art_50x_fermikit.mak\nmake -f art_50x_fermikit.mak\nfermi.kit/run-calling -t16 reference/hg19_random.fa art_50x_fermikit.mag.gz | sh\n```\n\nThe only thing in the log is the following:\n\n```\nbash -c '/u/mtaschuk/git/fermikit/fermi.kit/bfc -s 3g -t 16 <(~/git/fermikit/fermi.kit/seqtk mergepe NA12877_50x_1.fq.gz NA12877_50x_2.fq.gz) <(~/git/fermikit/fermi.kit/seqtk mergepe NA12877_50x_1.fq.gz NA12877_50x_2.fq.gz) 2> art_50x_fermikit.ec.fq.gz.log | gzip -1 > art_50x_fermikit.ec.fq.gz'\n```\n\nI'm using NA12877 vcf from GiaB, converted to fasta reference, and then simulating using ART with the following characteristics:\n- read length: 126\n- mean fragment length: 500\n- standard deviation: 120\n- average coverage: 50x\n- paired end\n- error model: HiSeq 2500\n",
    "closed_by": null,
    "reactions": {
      "url": "https://api.github.com/repos/lh3/fermikit/issues/9/reactions",
      "total_count": 0,
      "+1": 0,
      "-1": 0,
      "laugh": 0,
      "hooray": 0,
      "confused": 0,
      "heart": 0,
      "rocket": 0,
      "eyes": 0
    },
    "timeline_url": "https://api.github.com/repos/lh3/fermikit/issues/9/timeline",
    "performed_via_github_app": null,
    "state_reason": null
  },
  {
    "url": "https://api.github.com/repos/lh3/fermikit/issues/8",
    "repository_url": "https://api.github.com/repos/lh3/fermikit",
    "labels_url": "https://api.github.com/repos/lh3/fermikit/issues/8/labels{/name}",
    "comments_url": "https://api.github.com/repos/lh3/fermikit/issues/8/comments",
    "events_url": "https://api.github.com/repos/lh3/fermikit/issues/8/events",
    "html_url": "https://github.com/lh3/fermikit/pull/8",
    "id": 96748530,
    "node_id": "MDExOlB1bGxSZXF1ZXN0NDA2NDI5MTA=",
    "number": 8,
    "title": "Add a small test",
    "user": {
      "login": "mlin",
      "id": 356550,
      "node_id": "MDQ6VXNlcjM1NjU1MA==",
      "avatar_url": "https://avatars.githubusercontent.com/u/356550?v=4",
      "gravatar_id": "",
      "url": "https://api.github.com/users/mlin",
      "html_url": "https://github.com/mlin",
      "followers_url": "https://api.github.com/users/mlin/followers",
      "following_url": "https://api.github.com/users/mlin/following{/other_user}",
      "gists_url": "https://api.github.com/users/mlin/gists{/gist_id}",
      "starred_url": "https://api.github.com/users/mlin/starred{/owner}{/repo}",
      "subscriptions_url": "https://api.github.com/users/mlin/subscriptions",
      "organizations_url": "https://api.github.com/users/mlin/orgs",
      "repos_url": "https://api.github.com/users/mlin/repos",
      "events_url": "https://api.github.com/users/mlin/events{/privacy}",
      "received_events_url": "https://api.github.com/users/mlin/received_events",
      "type": "User",
      "user_view_type": "public",
      "site_admin": false
    },
    "labels": [],
    "state": "closed",
    "locked": false,
    "assignee": null,
    "assignees": [],
    "milestone": null,
    "comments": 5,
    "created_at": "2015-07-23T07:11:58Z",
    "updated_at": "2015-07-23T13:21:49Z",
    "closed_at": "2015-07-23T11:42:49Z",
    "author_association": "CONTRIBUTOR",
    "active_lock_reason": null,
    "draft": false,
    "pull_request": {
      "url": "https://api.github.com/repos/lh3/fermikit/pulls/8",
      "html_url": "https://github.com/lh3/fermikit/pull/8",
      "diff_url": "https://github.com/lh3/fermikit/pull/8.diff",
      "patch_url": "https://github.com/lh3/fermikit/pull/8.patch",
      "merged_at": "2015-07-23T11:42:49Z"
    },
    "body": "Adds a small automatic test of assembling a 30kbp region (which takes <<1min). Having this test will help us iterate on some other future adjustment. The test example is cool because it produces a pretty long unitig spanning breakpoints of a complex rearrangement.\n\nAlso adds a `.travis.yml` to run this test in Travis CI. After merging you may need to do some [one-time setup](http://docs.travis-ci.com/user/getting-started/) for the repo to get that to work (steps 1 and 2).\n\nIn `test.sh`, the invocation of `run-calling` is currently commented out because an htsbox command in it seems to segfault on this example. I haven't tracked down the cause yet. If pressed I'd start by looking at the fact that the reads extend a little bit past the ends of the supplied reference sequence.\n",
    "closed_by": {
      "login": "lh3",
      "id": 480346,
      "node_id": "MDQ6VXNlcjQ4MDM0Ng==",
      "avatar_url": "https://avatars.githubusercontent.com/u/480346?v=4",
      "gravatar_id": "",
      "url": "https://api.github.com/users/lh3",
      "html_url": "https://github.com/lh3",
      "followers_url": "https://api.github.com/users/lh3/followers",
      "following_url": "https://api.github.com/users/lh3/following{/other_user}",
      "gists_url": "https://api.github.com/users/lh3/gists{/gist_id}",
      "starred_url": "https://api.github.com/users/lh3/starred{/owner}{/repo}",
      "subscriptions_url": "https://api.github.com/users/lh3/subscriptions",
      "organizations_url": "https://api.github.com/users/lh3/orgs",
      "repos_url": "https://api.github.com/users/lh3/repos",
      "events_url": "https://api.github.com/users/lh3/events{/privacy}",
      "received_events_url": "https://api.github.com/users/lh3/received_events",
      "type": "User",
      "user_view_type": "public",
      "site_admin": false
    },
    "reactions": {
      "url": "https://api.github.com/repos/lh3/fermikit/issues/8/reactions",
      "total_count": 0,
      "+1": 0,
      "-1": 0,
      "laugh": 0,
      "hooray": 0,
      "confused": 0,
      "heart": 0,
      "rocket": 0,
      "eyes": 0
    },
    "timeline_url": "https://api.github.com/repos/lh3/fermikit/issues/8/timeline",
    "performed_via_github_app": null,
    "state_reason": null
  },
  {
    "url": "https://api.github.com/repos/lh3/fermikit/issues/7",
    "repository_url": "https://api.github.com/repos/lh3/fermikit",
    "labels_url": "https://api.github.com/repos/lh3/fermikit/issues/7/labels{/name}",
    "comments_url": "https://api.github.com/repos/lh3/fermikit/issues/7/comments",
    "events_url": "https://api.github.com/repos/lh3/fermikit/issues/7/events",
    "html_url": "https://github.com/lh3/fermikit/issues/7",
    "id": 94061165,
    "node_id": "MDU6SXNzdWU5NDA2MTE2NQ==",
    "number": 7,
    "title": "Error in last command of run-calling",
    "user": {
      "login": "nextgenusfs",
      "id": 6164308,
      "node_id": "MDQ6VXNlcjYxNjQzMDg=",
      "avatar_url": "https://avatars.githubusercontent.com/u/6164308?v=4",
      "gravatar_id": "",
      "url": "https://api.github.com/users/nextgenusfs",
      "html_url": "https://github.com/nextgenusfs",
      "followers_url": "https://api.github.com/users/nextgenusfs/followers",
      "following_url": "https://api.github.com/users/nextgenusfs/following{/other_user}",
      "gists_url": "https://api.github.com/users/nextgenusfs/gists{/gist_id}",
      "starred_url": "https://api.github.com/users/nextgenusfs/starred{/owner}{/repo}",
      "subscriptions_url": "https://api.github.com/users/nextgenusfs/subscriptions",
      "organizations_url": "https://api.github.com/users/nextgenusfs/orgs",
      "repos_url": "https://api.github.com/users/nextgenusfs/repos",
      "events_url": "https://api.github.com/users/nextgenusfs/events{/privacy}",
      "received_events_url": "https://api.github.com/users/nextgenusfs/received_events",
      "type": "User",
      "user_view_type": "public",
      "site_admin": false
    },
    "labels": [],
    "state": "closed",
    "locked": false,
    "assignee": null,
    "assignees": [],
    "milestone": null,
    "comments": 4,
    "created_at": "2015-07-09T14:15:46Z",
    "updated_at": "2015-07-13T16:45:45Z",
    "closed_at": "2015-07-13T16:24:09Z",
    "author_association": "NONE",
    "active_lock_reason": null,
    "body": "I'm getting an error in the last cmd of the run-calling script, specifically with the htsbox abreak command.  The perl script, run-calling, has this syntax for the last command:\n$cmd .= \"$root/htsbox abreak -cu $prefix.unsrt.sam.gz | gzip -1 > $prefix.sv.vcf.gz;\\n\";\n\nWhich looks like it is passing \"-cu\" flag to htsbox abreak, however those don't appear to be valid options:\n\nUsage:   htscmd abreak [options] <aln.sam>|<aln.bam>\n\nOptions: -b        assume the input is BAM (default is SAM)\n         -l INT    exclude contigs shorter than INT [150]\n         -q INT    exclude alignments with mapQ below INT [10]\n         -m FLOAT  exclude alignments overlapping another long alignment by FLOAT fraction [0.5]\n         -g INT    join alignments separated by a gap shorter than INT bp [500]\n\nNote: recommended BWA-SW setting is '-b9 -q16 -r1 -w500'\n\nThanks.\nJon\n",
    "closed_by": {
      "login": "lh3",
      "id": 480346,
      "node_id": "MDQ6VXNlcjQ4MDM0Ng==",
      "avatar_url": "https://avatars.githubusercontent.com/u/480346?v=4",
      "gravatar_id": "",
      "url": "https://api.github.com/users/lh3",
      "html_url": "https://github.com/lh3",
      "followers_url": "https://api.github.com/users/lh3/followers",
      "following_url": "https://api.github.com/users/lh3/following{/other_user}",
      "gists_url": "https://api.github.com/users/lh3/gists{/gist_id}",
      "starred_url": "https://api.github.com/users/lh3/starred{/owner}{/repo}",
      "subscriptions_url": "https://api.github.com/users/lh3/subscriptions",
      "organizations_url": "https://api.github.com/users/lh3/orgs",
      "repos_url": "https://api.github.com/users/lh3/repos",
      "events_url": "https://api.github.com/users/lh3/events{/privacy}",
      "received_events_url": "https://api.github.com/users/lh3/received_events",
      "type": "User",
      "user_view_type": "public",
      "site_admin": false
    },
    "reactions": {
      "url": "https://api.github.com/repos/lh3/fermikit/issues/7/reactions",
      "total_count": 0,
      "+1": 0,
      "-1": 0,
      "laugh": 0,
      "hooray": 0,
      "confused": 0,
      "heart": 0,
      "rocket": 0,
      "eyes": 0
    },
    "timeline_url": "https://api.github.com/repos/lh3/fermikit/issues/7/timeline",
    "performed_via_github_app": null,
    "state_reason": "completed"
  },
  {
    "url": "https://api.github.com/repos/lh3/fermikit/issues/6",
    "repository_url": "https://api.github.com/repos/lh3/fermikit",
    "labels_url": "https://api.github.com/repos/lh3/fermikit/issues/6/labels{/name}",
    "comments_url": "https://api.github.com/repos/lh3/fermikit/issues/6/comments",
    "events_url": "https://api.github.com/repos/lh3/fermikit/issues/6/events",
    "html_url": "https://github.com/lh3/fermikit/issues/6",
    "id": 85534784,
    "node_id": "MDU6SXNzdWU4NTUzNDc4NA==",
    "number": 6,
    "title": "joint calling",
    "user": {
      "login": "jaredo",
      "id": 349198,
      "node_id": "MDQ6VXNlcjM0OTE5OA==",
      "avatar_url": "https://avatars.githubusercontent.com/u/349198?v=4",
      "gravatar_id": "",
      "url": "https://api.github.com/users/jaredo",
      "html_url": "https://github.com/jaredo",
      "followers_url": "https://api.github.com/users/jaredo/followers",
      "following_url": "https://api.github.com/users/jaredo/following{/other_user}",
      "gists_url": "https://api.github.com/users/jaredo/gists{/gist_id}",
      "starred_url": "https://api.github.com/users/jaredo/starred{/owner}{/repo}",
      "subscriptions_url": "https://api.github.com/users/jaredo/subscriptions",
      "organizations_url": "https://api.github.com/users/jaredo/orgs",
      "repos_url": "https://api.github.com/users/jaredo/repos",
      "events_url": "https://api.github.com/users/jaredo/events{/privacy}",
      "received_events_url": "https://api.github.com/users/jaredo/received_events",
      "type": "User",
      "user_view_type": "public",
      "site_admin": false
    },
    "labels": [],
    "state": "open",
    "locked": false,
    "assignee": null,
    "assignees": [],
    "milestone": null,
    "comments": 5,
    "created_at": "2015-06-05T13:35:43Z",
    "updated_at": "2015-06-05T14:51:46Z",
    "closed_at": null,
    "author_association": "NONE",
    "active_lock_reason": null,
    "body": "Hi Heng,\n\nGreat tool.  Do you have any advice for joint calling of multiple samples?\n\nI obtained a reasonable looking call set by first running your `run-calling` script on each sample individually.  Then I ran the following on the bams produced:\n\n`fermi.kit/htsbox pileup -cuf hs37d5.fa *.bam | bcftools view -Oz output.vcf.gz`\n\nIs this a sensible approach? Obviously filtering still needs to performed.\n\ncheers,\n\nJared\n",
    "closed_by": null,
    "reactions": {
      "url": "https://api.github.com/repos/lh3/fermikit/issues/6/reactions",
      "total_count": 0,
      "+1": 0,
      "-1": 0,
      "laugh": 0,
      "hooray": 0,
      "confused": 0,
      "heart": 0,
      "rocket": 0,
      "eyes": 0
    },
    "timeline_url": "https://api.github.com/repos/lh3/fermikit/issues/6/timeline",
    "performed_via_github_app": null,
    "state_reason": null
  },
  {
    "url": "https://api.github.com/repos/lh3/fermikit/issues/5",
    "repository_url": "https://api.github.com/repos/lh3/fermikit",
    "labels_url": "https://api.github.com/repos/lh3/fermikit/issues/5/labels{/name}",
    "comments_url": "https://api.github.com/repos/lh3/fermikit/issues/5/comments",
    "events_url": "https://api.github.com/repos/lh3/fermikit/issues/5/events",
    "html_url": "https://github.com/lh3/fermikit/issues/5",
    "id": 76852335,
    "node_id": "MDU6SXNzdWU3Njg1MjMzNQ==",
    "number": 5,
    "title": "pipeline questions",
    "user": {
      "login": "mcshane",
      "id": 524282,
      "node_id": "MDQ6VXNlcjUyNDI4Mg==",
      "avatar_url": "https://avatars.githubusercontent.com/u/524282?v=4",
      "gravatar_id": "",
      "url": "https://api.github.com/users/mcshane",
      "html_url": "https://github.com/mcshane",
      "followers_url": "https://api.github.com/users/mcshane/followers",
      "following_url": "https://api.github.com/users/mcshane/following{/other_user}",
      "gists_url": "https://api.github.com/users/mcshane/gists{/gist_id}",
      "starred_url": "https://api.github.com/users/mcshane/starred{/owner}{/repo}",
      "subscriptions_url": "https://api.github.com/users/mcshane/subscriptions",
      "organizations_url": "https://api.github.com/users/mcshane/orgs",
      "repos_url": "https://api.github.com/users/mcshane/repos",
      "events_url": "https://api.github.com/users/mcshane/events{/privacy}",
      "received_events_url": "https://api.github.com/users/mcshane/received_events",
      "type": "User",
      "user_view_type": "public",
      "site_admin": false
    },
    "labels": [],
    "state": "closed",
    "locked": false,
    "assignee": null,
    "assignees": [],
    "milestone": null,
    "comments": 3,
    "created_at": "2015-05-15T20:42:17Z",
    "updated_at": "2015-05-17T13:18:48Z",
    "closed_at": "2015-05-17T07:24:33Z",
    "author_association": "NONE",
    "active_lock_reason": null,
    "body": "Hi Heng,\n\nFew quick questions. Starting from BAM,\n- should duplicates be removed when converting to fastq?\n- seeing as you are not using pair information, does it matter if reads in the input fastq are in the order they come from the sorted BAM file? i.e. can I skip a `bamshuf` step?\n- you have `htsbox abreak` taking unsorted SAM as input. Is unsorted required, or can it be sorted?\n\nCheers,\nShane\n",
    "closed_by": {
      "login": "mcshane",
      "id": 524282,
      "node_id": "MDQ6VXNlcjUyNDI4Mg==",
      "avatar_url": "https://avatars.githubusercontent.com/u/524282?v=4",
      "gravatar_id": "",
      "url": "https://api.github.com/users/mcshane",
      "html_url": "https://github.com/mcshane",
      "followers_url": "https://api.github.com/users/mcshane/followers",
      "following_url": "https://api.github.com/users/mcshane/following{/other_user}",
      "gists_url": "https://api.github.com/users/mcshane/gists{/gist_id}",
      "starred_url": "https://api.github.com/users/mcshane/starred{/owner}{/repo}",
      "subscriptions_url": "https://api.github.com/users/mcshane/subscriptions",
      "organizations_url": "https://api.github.com/users/mcshane/orgs",
      "repos_url": "https://api.github.com/users/mcshane/repos",
      "events_url": "https://api.github.com/users/mcshane/events{/privacy}",
      "received_events_url": "https://api.github.com/users/mcshane/received_events",
      "type": "User",
      "user_view_type": "public",
      "site_admin": false
    },
    "reactions": {
      "url": "https://api.github.com/repos/lh3/fermikit/issues/5/reactions",
      "total_count": 0,
      "+1": 0,
      "-1": 0,
      "laugh": 0,
      "hooray": 0,
      "confused": 0,
      "heart": 0,
      "rocket": 0,
      "eyes": 0
    },
    "timeline_url": "https://api.github.com/repos/lh3/fermikit/issues/5/timeline",
    "performed_via_github_app": null,
    "state_reason": "completed"
  },
  {
    "url": "https://api.github.com/repos/lh3/fermikit/issues/4",
    "repository_url": "https://api.github.com/repos/lh3/fermikit",
    "labels_url": "https://api.github.com/repos/lh3/fermikit/issues/4/labels{/name}",
    "comments_url": "https://api.github.com/repos/lh3/fermikit/issues/4/comments",
    "events_url": "https://api.github.com/repos/lh3/fermikit/issues/4/events",
    "html_url": "https://github.com/lh3/fermikit/issues/4",
    "id": 73706196,
    "node_id": "MDU6SXNzdWU3MzcwNjE5Ng==",
    "number": 4,
    "title": "fermikit-0.12.tar.bz2 has weird Mac OS extensions",
    "user": {
      "login": "sjackman",
      "id": 291551,
      "node_id": "MDQ6VXNlcjI5MTU1MQ==",
      "avatar_url": "https://avatars.githubusercontent.com/u/291551?v=4",
      "gravatar_id": "",
      "url": "https://api.github.com/users/sjackman",
      "html_url": "https://github.com/sjackman",
      "followers_url": "https://api.github.com/users/sjackman/followers",
      "following_url": "https://api.github.com/users/sjackman/following{/other_user}",
      "gists_url": "https://api.github.com/users/sjackman/gists{/gist_id}",
      "starred_url": "https://api.github.com/users/sjackman/starred{/owner}{/repo}",
      "subscriptions_url": "https://api.github.com/users/sjackman/subscriptions",
      "organizations_url": "https://api.github.com/users/sjackman/orgs",
      "repos_url": "https://api.github.com/users/sjackman/repos",
      "events_url": "https://api.github.com/users/sjackman/events{/privacy}",
      "received_events_url": "https://api.github.com/users/sjackman/received_events",
      "type": "User",
      "user_view_type": "public",
      "site_admin": false
    },
    "labels": [],
    "state": "closed",
    "locked": false,
    "assignee": null,
    "assignees": [],
    "milestone": null,
    "comments": 2,
    "created_at": "2015-05-06T18:52:16Z",
    "updated_at": "2015-07-23T17:53:28Z",
    "closed_at": "2015-07-23T17:20:06Z",
    "author_association": "NONE",
    "active_lock_reason": null,
    "body": "Extracting `fermikit-0.12.tar.bz2` on Linux causes tar to fail with a non-zero exit status due to non-standard BSD extensions in the tar file.\n\n```\n$ tar xf fermikit-0.12.tar.bz2 \ntar: Ignoring unknown extended header keyword 'LIBARCHIVE.creationtime'\ntar: Ignoring unknown extended header keyword 'SCHILY.dev'\ntar: Ignoring unknown extended header keyword 'SCHILY.ino'\ntar: Ignoring unknown extended header keyword 'SCHILY.nlink'\n```\n\nSee [Fix Tar Errors on OS X](http://lee.greens.io/blog/2014/05/06/fix-tar-errors-on-os-x/) and [superuser](http://superuser.com/questions/318809/linux-os-x-tar-incompatibility-tarballs-created-on-os-x-give-errors-when-unt).\n\nThe fix is to set set an environment variable before creating the tar file on Mac OS.\n\n``` sh\nexport COPYFILE_DISABLE=true\n```\n",
    "closed_by": {
      "login": "lh3",
      "id": 480346,
      "node_id": "MDQ6VXNlcjQ4MDM0Ng==",
      "avatar_url": "https://avatars.githubusercontent.com/u/480346?v=4",
      "gravatar_id": "",
      "url": "https://api.github.com/users/lh3",
      "html_url": "https://github.com/lh3",
      "followers_url": "https://api.github.com/users/lh3/followers",
      "following_url": "https://api.github.com/users/lh3/following{/other_user}",
      "gists_url": "https://api.github.com/users/lh3/gists{/gist_id}",
      "starred_url": "https://api.github.com/users/lh3/starred{/owner}{/repo}",
      "subscriptions_url": "https://api.github.com/users/lh3/subscriptions",
      "organizations_url": "https://api.github.com/users/lh3/orgs",
      "repos_url": "https://api.github.com/users/lh3/repos",
      "events_url": "https://api.github.com/users/lh3/events{/privacy}",
      "received_events_url": "https://api.github.com/users/lh3/received_events",
      "type": "User",
      "user_view_type": "public",
      "site_admin": false
    },
    "reactions": {
      "url": "https://api.github.com/repos/lh3/fermikit/issues/4/reactions",
      "total_count": 0,
      "+1": 0,
      "-1": 0,
      "laugh": 0,
      "hooray": 0,
      "confused": 0,
      "heart": 0,
      "rocket": 0,
      "eyes": 0
    },
    "timeline_url": "https://api.github.com/repos/lh3/fermikit/issues/4/timeline",
    "performed_via_github_app": null,
    "state_reason": "completed"
  },
  {
    "url": "https://api.github.com/repos/lh3/fermikit/issues/3",
    "repository_url": "https://api.github.com/repos/lh3/fermikit",
    "labels_url": "https://api.github.com/repos/lh3/fermikit/issues/3/labels{/name}",
    "comments_url": "https://api.github.com/repos/lh3/fermikit/issues/3/comments",
    "events_url": "https://api.github.com/repos/lh3/fermikit/issues/3/events",
    "html_url": "https://github.com/lh3/fermikit/issues/3",
    "id": 71995778,
    "node_id": "MDU6SXNzdWU3MTk5NTc3OA==",
    "number": 3,
    "title": "(ha)ploidy",
    "user": {
      "login": "Perugolate",
      "id": 5621391,
      "node_id": "MDQ6VXNlcjU2MjEzOTE=",
      "avatar_url": "https://avatars.githubusercontent.com/u/5621391?v=4",
      "gravatar_id": "",
      "url": "https://api.github.com/users/Perugolate",
      "html_url": "https://github.com/Perugolate",
      "followers_url": "https://api.github.com/users/Perugolate/followers",
      "following_url": "https://api.github.com/users/Perugolate/following{/other_user}",
      "gists_url": "https://api.github.com/users/Perugolate/gists{/gist_id}",
      "starred_url": "https://api.github.com/users/Perugolate/starred{/owner}{/repo}",
      "subscriptions_url": "https://api.github.com/users/Perugolate/subscriptions",
      "organizations_url": "https://api.github.com/users/Perugolate/orgs",
      "repos_url": "https://api.github.com/users/Perugolate/repos",
      "events_url": "https://api.github.com/users/Perugolate/events{/privacy}",
      "received_events_url": "https://api.github.com/users/Perugolate/received_events",
      "type": "User",
      "user_view_type": "public",
      "site_admin": false
    },
    "labels": [],
    "state": "closed",
    "locked": false,
    "assignee": null,
    "assignees": [],
    "milestone": null,
    "comments": 7,
    "created_at": "2015-04-29T21:32:19Z",
    "updated_at": "2015-07-23T15:14:57Z",
    "closed_at": "2015-07-23T12:49:55Z",
    "author_association": "NONE",
    "active_lock_reason": null,
    "body": "is it possible to change the ploidy for the variant calling steps (can't see a flag)?\n",
    "closed_by": {
      "login": "lh3",
      "id": 480346,
      "node_id": "MDQ6VXNlcjQ4MDM0Ng==",
      "avatar_url": "https://avatars.githubusercontent.com/u/480346?v=4",
      "gravatar_id": "",
      "url": "https://api.github.com/users/lh3",
      "html_url": "https://github.com/lh3",
      "followers_url": "https://api.github.com/users/lh3/followers",
      "following_url": "https://api.github.com/users/lh3/following{/other_user}",
      "gists_url": "https://api.github.com/users/lh3/gists{/gist_id}",
      "starred_url": "https://api.github.com/users/lh3/starred{/owner}{/repo}",
      "subscriptions_url": "https://api.github.com/users/lh3/subscriptions",
      "organizations_url": "https://api.github.com/users/lh3/orgs",
      "repos_url": "https://api.github.com/users/lh3/repos",
      "events_url": "https://api.github.com/users/lh3/events{/privacy}",
      "received_events_url": "https://api.github.com/users/lh3/received_events",
      "type": "User",
      "user_view_type": "public",
      "site_admin": false
    },
    "reactions": {
      "url": "https://api.github.com/repos/lh3/fermikit/issues/3/reactions",
      "total_count": 0,
      "+1": 0,
      "-1": 0,
      "laugh": 0,
      "hooray": 0,
      "confused": 0,
      "heart": 0,
      "rocket": 0,
      "eyes": 0
    },
    "timeline_url": "https://api.github.com/repos/lh3/fermikit/issues/3/timeline",
    "performed_via_github_app": null,
    "state_reason": "completed"
  },
  {
    "url": "https://api.github.com/repos/lh3/fermikit/issues/2",
    "repository_url": "https://api.github.com/repos/lh3/fermikit",
    "labels_url": "https://api.github.com/repos/lh3/fermikit/issues/2/labels{/name}",
    "comments_url": "https://api.github.com/repos/lh3/fermikit/issues/2/comments",
    "events_url": "https://api.github.com/repos/lh3/fermikit/issues/2/events",
    "html_url": "https://github.com/lh3/fermikit/issues/2",
    "id": 71386284,
    "node_id": "MDU6SXNzdWU3MTM4NjI4NA==",
    "number": 2,
    "title": "GFA output?",
    "user": {
      "login": "ekg",
      "id": 145425,
      "node_id": "MDQ6VXNlcjE0NTQyNQ==",
      "avatar_url": "https://avatars.githubusercontent.com/u/145425?v=4",
      "gravatar_id": "",
      "url": "https://api.github.com/users/ekg",
      "html_url": "https://github.com/ekg",
      "followers_url": "https://api.github.com/users/ekg/followers",
      "following_url": "https://api.github.com/users/ekg/following{/other_user}",
      "gists_url": "https://api.github.com/users/ekg/gists{/gist_id}",
      "starred_url": "https://api.github.com/users/ekg/starred{/owner}{/repo}",
      "subscriptions_url": "https://api.github.com/users/ekg/subscriptions",
      "organizations_url": "https://api.github.com/users/ekg/orgs",
      "repos_url": "https://api.github.com/users/ekg/repos",
      "events_url": "https://api.github.com/users/ekg/events{/privacy}",
      "received_events_url": "https://api.github.com/users/ekg/received_events",
      "type": "User",
      "user_view_type": "public",
      "site_admin": false
    },
    "labels": [],
    "state": "closed",
    "locked": false,
    "assignee": null,
    "assignees": [],
    "milestone": null,
    "comments": 6,
    "created_at": "2015-04-27T20:03:51Z",
    "updated_at": "2015-04-29T21:54:51Z",
    "closed_at": "2015-04-28T01:36:45Z",
    "author_association": "NONE",
    "active_lock_reason": null,
    "body": "Could the cleaned assembly graphs be output in GFA? What would need to be written?\n",
    "closed_by": {
      "login": "lh3",
      "id": 480346,
      "node_id": "MDQ6VXNlcjQ4MDM0Ng==",
      "avatar_url": "https://avatars.githubusercontent.com/u/480346?v=4",
      "gravatar_id": "",
      "url": "https://api.github.com/users/lh3",
      "html_url": "https://github.com/lh3",
      "followers_url": "https://api.github.com/users/lh3/followers",
      "following_url": "https://api.github.com/users/lh3/following{/other_user}",
      "gists_url": "https://api.github.com/users/lh3/gists{/gist_id}",
      "starred_url": "https://api.github.com/users/lh3/starred{/owner}{/repo}",
      "subscriptions_url": "https://api.github.com/users/lh3/subscriptions",
      "organizations_url": "https://api.github.com/users/lh3/orgs",
      "repos_url": "https://api.github.com/users/lh3/repos",
      "events_url": "https://api.github.com/users/lh3/events{/privacy}",
      "received_events_url": "https://api.github.com/users/lh3/received_events",
      "type": "User",
      "user_view_type": "public",
      "site_admin": false
    },
    "reactions": {
      "url": "https://api.github.com/repos/lh3/fermikit/issues/2/reactions",
      "total_count": 0,
      "+1": 0,
      "-1": 0,
      "laugh": 0,
      "hooray": 0,
      "confused": 0,
      "heart": 0,
      "rocket": 0,
      "eyes": 0
    },
    "timeline_url": "https://api.github.com/repos/lh3/fermikit/issues/2/timeline",
    "performed_via_github_app": null,
    "state_reason": "completed"
  },
  {
    "url": "https://api.github.com/repos/lh3/fermikit/issues/1",
    "repository_url": "https://api.github.com/repos/lh3/fermikit",
    "labels_url": "https://api.github.com/repos/lh3/fermikit/issues/1/labels{/name}",
    "comments_url": "https://api.github.com/repos/lh3/fermikit/issues/1/comments",
    "events_url": "https://api.github.com/repos/lh3/fermikit/issues/1/events",
    "html_url": "https://github.com/lh3/fermikit/issues/1",
    "id": 71241866,
    "node_id": "MDU6SXNzdWU3MTI0MTg2Ng==",
    "number": 1,
    "title": "FYI - tar files created on OSX give wierd messages on Linux",
    "user": {
      "login": "tseemann",
      "id": 453972,
      "node_id": "MDQ6VXNlcjQ1Mzk3Mg==",
      "avatar_url": "https://avatars.githubusercontent.com/u/453972?v=4",
      "gravatar_id": "",
      "url": "https://api.github.com/users/tseemann",
      "html_url": "https://github.com/tseemann",
      "followers_url": "https://api.github.com/users/tseemann/followers",
      "following_url": "https://api.github.com/users/tseemann/following{/other_user}",
      "gists_url": "https://api.github.com/users/tseemann/gists{/gist_id}",
      "starred_url": "https://api.github.com/users/tseemann/starred{/owner}{/repo}",
      "subscriptions_url": "https://api.github.com/users/tseemann/subscriptions",
      "organizations_url": "https://api.github.com/users/tseemann/orgs",
      "repos_url": "https://api.github.com/users/tseemann/repos",
      "events_url": "https://api.github.com/users/tseemann/events{/privacy}",
      "received_events_url": "https://api.github.com/users/tseemann/received_events",
      "type": "User",
      "user_view_type": "public",
      "site_admin": false
    },
    "labels": [],
    "state": "closed",
    "locked": false,
    "assignee": null,
    "assignees": [],
    "milestone": null,
    "comments": 1,
    "created_at": "2015-04-27T10:16:51Z",
    "updated_at": "2015-04-28T08:35:57Z",
    "closed_at": "2015-04-28T08:35:57Z",
    "author_association": "NONE",
    "active_lock_reason": null,
    "body": "Heng, just in case anyone contacts you about it, untarring on Linux will give this message:\n\n```\n% tar jxvf fermikit.tar.bz2\ntar: Ignoring unknown extended header keyword `SCHILY.dev'\ntar: Ignoring unknown extended header keyword `SCHILY.ino'\ntar: Ignoring unknown extended header keyword `SCHILY.nlink'\n<snip>\n```\n\nApparently it is harmless: http://lifeonubuntu.com/tar-errors-ignoring-unknown-extended-header-keyword/\n",
    "closed_by": {
      "login": "tseemann",
      "id": 453972,
      "node_id": "MDQ6VXNlcjQ1Mzk3Mg==",
      "avatar_url": "https://avatars.githubusercontent.com/u/453972?v=4",
      "gravatar_id": "",
      "url": "https://api.github.com/users/tseemann",
      "html_url": "https://github.com/tseemann",
      "followers_url": "https://api.github.com/users/tseemann/followers",
      "following_url": "https://api.github.com/users/tseemann/following{/other_user}",
      "gists_url": "https://api.github.com/users/tseemann/gists{/gist_id}",
      "starred_url": "https://api.github.com/users/tseemann/starred{/owner}{/repo}",
      "subscriptions_url": "https://api.github.com/users/tseemann/subscriptions",
      "organizations_url": "https://api.github.com/users/tseemann/orgs",
      "repos_url": "https://api.github.com/users/tseemann/repos",
      "events_url": "https://api.github.com/users/tseemann/events{/privacy}",
      "received_events_url": "https://api.github.com/users/tseemann/received_events",
      "type": "User",
      "user_view_type": "public",
      "site_admin": false
    },
    "reactions": {
      "url": "https://api.github.com/repos/lh3/fermikit/issues/1/reactions",
      "total_count": 0,
      "+1": 0,
      "-1": 0,
      "laugh": 0,
      "hooray": 0,
      "confused": 0,
      "heart": 0,
      "rocket": 0,
      "eyes": 0
    },
    "timeline_url": "https://api.github.com/repos/lh3/fermikit/issues/1/timeline",
    "performed_via_github_app": null,
    "state_reason": "completed"
  }
]