[
  {
    "url": "https://api.github.com/repos/ShujiaHuang/ilus/issues/9",
    "repository_url": "https://api.github.com/repos/ShujiaHuang/ilus",
    "labels_url": "https://api.github.com/repos/ShujiaHuang/ilus/issues/9/labels{/name}",
    "comments_url": "https://api.github.com/repos/ShujiaHuang/ilus/issues/9/comments",
    "events_url": "https://api.github.com/repos/ShujiaHuang/ilus/issues/9/events",
    "html_url": "https://github.com/ShujiaHuang/ilus/issues/9",
    "id": 2616427831,
    "node_id": "I_kwDODyPwn86b84U3",
    "number": 9,
    "title": "\u8bf7\u6559\u5173\u4e8eVQSR\u7684\u4e00\u4e9b\u95ee\u9898",
    "user": {
      "login": "cocpu",
      "id": 83075299,
      "node_id": "MDQ6VXNlcjgzMDc1Mjk5",
      "avatar_url": "https://avatars.githubusercontent.com/u/83075299?v=4",
      "gravatar_id": "",
      "url": "https://api.github.com/users/cocpu",
      "html_url": "https://github.com/cocpu",
      "followers_url": "https://api.github.com/users/cocpu/followers",
      "following_url": "https://api.github.com/users/cocpu/following{/other_user}",
      "gists_url": "https://api.github.com/users/cocpu/gists{/gist_id}",
      "starred_url": "https://api.github.com/users/cocpu/starred{/owner}{/repo}",
      "subscriptions_url": "https://api.github.com/users/cocpu/subscriptions",
      "organizations_url": "https://api.github.com/users/cocpu/orgs",
      "repos_url": "https://api.github.com/users/cocpu/repos",
      "events_url": "https://api.github.com/users/cocpu/events{/privacy}",
      "received_events_url": "https://api.github.com/users/cocpu/received_events",
      "type": "User",
      "user_view_type": "public",
      "site_admin": false
    },
    "labels": [],
    "state": "open",
    "locked": false,
    "assignee": null,
    "assignees": [],
    "milestone": null,
    "comments": 0,
    "created_at": "2024-10-27T08:48:00Z",
    "updated_at": "2024-10-27T08:48:00Z",
    "closed_at": null,
    "author_association": "NONE",
    "active_lock_reason": null,
    "body": "\u8001\u5e08\u60a8\u597d\uff0c\u6211\u60f3\u8bf7\u6559\u4e00\u4e0b\uff0c\u5047\u5982\u6211\u7684X\u67d3\u8272\u4f53\u662f\u6839\u636ePAR\u533a\u57df\u8bbe\u7f6e\u4e86\u500d\u6027\uff0c\u90a3\u4e48\u5728\u540e\u7eed\u7684VQSR\u65f6\u53ef\u4ee5\u5c06X\u67d3\u8272\u4f53\u548c\u5e38\u67d3\u8272\u4f53\u653e\u5728\u4e00\u8d77\u5efa\u6a21\u5417\uff1f\u6211\u60f3\uff0cX\u67d3\u8272\u4f53\u548c\u5e38\u67d3\u8272\u4f53\u5728VQSR\u7684\u5efa\u6a21\u53c2\u6570\u4e2d\u5e94\u8be5\u53ea\u6709DP\u4f1a\u53d7\u5230\u4e00\u4e9b\u5f71\u54cd\uff08\u4e00\u534a\u7684\u6837\u672c\u4e3a\u7537\u6027\u5bfc\u81f4\u7684\uff0c\u5373\u4f7f\u5ffd\u7565\u4e86PAR\u533a\u57df\u7684\u500d\u6027\u628a\u7537\u6027\u4f5c\u4e3a\u4e8c\u500d\u4f53\u4e5f\u662f\u5982\u6b64\uff09\uff0c\u4e0d\u77e5\u9053\u8001\u5e08\u5728Nature\u7684\u8bba\u6587\u4e2d\u662f\u5982\u4f55\u64cd\u4f5c\u7684\u5462",
    "closed_by": null,
    "reactions": {
      "url": "https://api.github.com/repos/ShujiaHuang/ilus/issues/9/reactions",
      "total_count": 0,
      "+1": 0,
      "-1": 0,
      "laugh": 0,
      "hooray": 0,
      "confused": 0,
      "heart": 0,
      "rocket": 0,
      "eyes": 0
    },
    "timeline_url": "https://api.github.com/repos/ShujiaHuang/ilus/issues/9/timeline",
    "performed_via_github_app": null,
    "state_reason": null
  },
  {
    "url": "https://api.github.com/repos/ShujiaHuang/ilus/issues/8",
    "repository_url": "https://api.github.com/repos/ShujiaHuang/ilus",
    "labels_url": "https://api.github.com/repos/ShujiaHuang/ilus/issues/8/labels{/name}",
    "comments_url": "https://api.github.com/repos/ShujiaHuang/ilus/issues/8/comments",
    "events_url": "https://api.github.com/repos/ShujiaHuang/ilus/issues/8/events",
    "html_url": "https://github.com/ShujiaHuang/ilus/issues/8",
    "id": 2616006531,
    "node_id": "I_kwDODyPwn86b7ReD",
    "number": 8,
    "title": "\u8fdb\u884cWGS\u65f6\u4ec5\u751f\u6210\u76ee\u5f55\u3001shell\u53ca\u65e5\u5fd7\uff0c\u6ca1\u6709output\uff0c\u5355\u72ec\u4f7f\u7528\u5404\u76ee\u5f55\u4e0bshell\u80fd\u6b63\u5e38\u8fd0\u884c",
    "user": {
      "login": "mazh357",
      "id": 145589275,
      "node_id": "U_kgDOCK2EGw",
      "avatar_url": "https://avatars.githubusercontent.com/u/145589275?v=4",
      "gravatar_id": "",
      "url": "https://api.github.com/users/mazh357",
      "html_url": "https://github.com/mazh357",
      "followers_url": "https://api.github.com/users/mazh357/followers",
      "following_url": "https://api.github.com/users/mazh357/following{/other_user}",
      "gists_url": "https://api.github.com/users/mazh357/gists{/gist_id}",
      "starred_url": "https://api.github.com/users/mazh357/starred{/owner}{/repo}",
      "subscriptions_url": "https://api.github.com/users/mazh357/subscriptions",
      "organizations_url": "https://api.github.com/users/mazh357/orgs",
      "repos_url": "https://api.github.com/users/mazh357/repos",
      "events_url": "https://api.github.com/users/mazh357/events{/privacy}",
      "received_events_url": "https://api.github.com/users/mazh357/received_events",
      "type": "User",
      "user_view_type": "public",
      "site_admin": false
    },
    "labels": [],
    "state": "open",
    "locked": false,
    "assignee": null,
    "assignees": [],
    "milestone": null,
    "comments": 0,
    "created_at": "2024-10-26T17:03:17Z",
    "updated_at": "2024-10-26T17:03:17Z",
    "closed_at": null,
    "author_association": "NONE",
    "active_lock_reason": null,
    "body": "\u9ec4\u535a\u58eb\u4f60\u597d\uff0c\u8fdb\u884cWGS\u65f6\u4ec5\u751f\u6210\u76ee\u5f55\u3001shell\u53ca\u65e5\u5fd7\uff0c\u6ca1\u6709output\uff0c\u5355\u72ec\u4f7f\u7528\u5404\u76ee\u5f55\u4e0bshell\u80fd\u6b63\u5e38\u8fd0\u884c\uff0c\u662f\u4ec0\u4e48\u539f\u56e0\u5bfc\u81f4\uff1f\u8be5\u5982\u4f55\u89e3\u51b3\uff1f\r\n",
    "closed_by": null,
    "reactions": {
      "url": "https://api.github.com/repos/ShujiaHuang/ilus/issues/8/reactions",
      "total_count": 0,
      "+1": 0,
      "-1": 0,
      "laugh": 0,
      "hooray": 0,
      "confused": 0,
      "heart": 0,
      "rocket": 0,
      "eyes": 0
    },
    "timeline_url": "https://api.github.com/repos/ShujiaHuang/ilus/issues/8/timeline",
    "performed_via_github_app": null,
    "state_reason": null
  },
  {
    "url": "https://api.github.com/repos/ShujiaHuang/ilus/issues/7",
    "repository_url": "https://api.github.com/repos/ShujiaHuang/ilus",
    "labels_url": "https://api.github.com/repos/ShujiaHuang/ilus/issues/7/labels{/name}",
    "comments_url": "https://api.github.com/repos/ShujiaHuang/ilus/issues/7/comments",
    "events_url": "https://api.github.com/repos/ShujiaHuang/ilus/issues/7/events",
    "html_url": "https://github.com/ShujiaHuang/ilus/issues/7",
    "id": 2605340659,
    "node_id": "I_kwDODyPwn86bSlfz",
    "number": 7,
    "title": "tests/ilus_sys.WGS.yaml is not found",
    "user": {
      "login": "mazh357",
      "id": 145589275,
      "node_id": "U_kgDOCK2EGw",
      "avatar_url": "https://avatars.githubusercontent.com/u/145589275?v=4",
      "gravatar_id": "",
      "url": "https://api.github.com/users/mazh357",
      "html_url": "https://github.com/mazh357",
      "followers_url": "https://api.github.com/users/mazh357/followers",
      "following_url": "https://api.github.com/users/mazh357/following{/other_user}",
      "gists_url": "https://api.github.com/users/mazh357/gists{/gist_id}",
      "starred_url": "https://api.github.com/users/mazh357/starred{/owner}{/repo}",
      "subscriptions_url": "https://api.github.com/users/mazh357/subscriptions",
      "organizations_url": "https://api.github.com/users/mazh357/orgs",
      "repos_url": "https://api.github.com/users/mazh357/repos",
      "events_url": "https://api.github.com/users/mazh357/events{/privacy}",
      "received_events_url": "https://api.github.com/users/mazh357/received_events",
      "type": "User",
      "user_view_type": "public",
      "site_admin": false
    },
    "labels": [],
    "state": "open",
    "locked": false,
    "assignee": null,
    "assignees": [],
    "milestone": null,
    "comments": 1,
    "created_at": "2024-10-22T12:39:22Z",
    "updated_at": "2024-10-23T07:35:10Z",
    "closed_at": null,
    "author_association": "NONE",
    "active_lock_reason": null,
    "body": "Hello,I could not found your configuration file template.\r\nWhere I can find it?\r\n",
    "closed_by": null,
    "reactions": {
      "url": "https://api.github.com/repos/ShujiaHuang/ilus/issues/7/reactions",
      "total_count": 0,
      "+1": 0,
      "-1": 0,
      "laugh": 0,
      "hooray": 0,
      "confused": 0,
      "heart": 0,
      "rocket": 0,
      "eyes": 0
    },
    "timeline_url": "https://api.github.com/repos/ShujiaHuang/ilus/issues/7/timeline",
    "performed_via_github_app": null,
    "state_reason": null
  },
  {
    "url": "https://api.github.com/repos/ShujiaHuang/ilus/issues/6",
    "repository_url": "https://api.github.com/repos/ShujiaHuang/ilus",
    "labels_url": "https://api.github.com/repos/ShujiaHuang/ilus/issues/6/labels{/name}",
    "comments_url": "https://api.github.com/repos/ShujiaHuang/ilus/issues/6/comments",
    "events_url": "https://api.github.com/repos/ShujiaHuang/ilus/issues/6/events",
    "html_url": "https://github.com/ShujiaHuang/ilus/issues/6",
    "id": 2410451974,
    "node_id": "I_kwDODyPwn86PrJQG",
    "number": 6,
    "title": "\u5728step4\uff0c5\u65f6\uff0c\u603b\u4f1a\u6709\u4e9b\u4efb\u52a1\u6ca1\u6709\u8dd1\u6210\u529f",
    "user": {
      "login": "ZCJ0422",
      "id": 91244721,
      "node_id": "MDQ6VXNlcjkxMjQ0NzIx",
      "avatar_url": "https://avatars.githubusercontent.com/u/91244721?v=4",
      "gravatar_id": "",
      "url": "https://api.github.com/users/ZCJ0422",
      "html_url": "https://github.com/ZCJ0422",
      "followers_url": "https://api.github.com/users/ZCJ0422/followers",
      "following_url": "https://api.github.com/users/ZCJ0422/following{/other_user}",
      "gists_url": "https://api.github.com/users/ZCJ0422/gists{/gist_id}",
      "starred_url": "https://api.github.com/users/ZCJ0422/starred{/owner}{/repo}",
      "subscriptions_url": "https://api.github.com/users/ZCJ0422/subscriptions",
      "organizations_url": "https://api.github.com/users/ZCJ0422/orgs",
      "repos_url": "https://api.github.com/users/ZCJ0422/repos",
      "events_url": "https://api.github.com/users/ZCJ0422/events{/privacy}",
      "received_events_url": "https://api.github.com/users/ZCJ0422/received_events",
      "type": "User",
      "user_view_type": "public",
      "site_admin": false
    },
    "labels": [],
    "state": "open",
    "locked": false,
    "assignee": null,
    "assignees": [],
    "milestone": null,
    "comments": 0,
    "created_at": "2024-07-16T07:44:39Z",
    "updated_at": "2024-07-16T07:44:39Z",
    "closed_at": null,
    "author_association": "NONE",
    "active_lock_reason": null,
    "body": "\u4f60\u597d\uff0c\u6211\u4f7f\u7528ilus\u65f6\u9047\u5230\u4ee5\u4e0b\u95ee\u9898\u3002\r\n\u5728\u8dd1step4\u6216step5\u7684\u65f6\u5019\uff0c\u4f1a\u51fa\u73b0\u4e00\u4e9b\u5b50\u4efb\u52a1\u5931\u8d25\u3002\u5177\u4f53\u5982\u4e0b\uff1a\r\n![image](https://github.com/user-attachments/assets/e266e080-bb4c-4660-99cb-0fd273989362)\r\n\r\n\u7136\u540e\u6211\u8bd5\u4e86\u4e00\u4e0b\uff0c\u5355\u72ec\u8dd1\u8be5\u5b50\u4efb\u52a1\uff0c\u7ed3\u679c\u5982\u4e0b\uff1a\r\n![image](https://github.com/user-attachments/assets/3d534416-d61a-4bac-bc3d-f87f0acf6729)\r\n\r\n\u7136\u540e\u6211\u770b\u8be5\u811a\u672c\u7684\u5185\u5bb9\uff0c\u53ef\u80fd\u662f\u7531\u901a\u914d\u7b26\u201c*\u201d\u6240\u5f15\u8d77\u7684\uff0c\u800c\u4e8b\u5b9e\u4e0a\uff0c\u6211\u5728\u6587\u4ef6\u540d\u524d\u540e\u52a0\u5165\u201c\u201d\u540e\uff0c\u811a\u672c\u80fd\u6210\u529f\u8fd0\u884c\u3002\r\n\u4f46\u6211\u5e76\u6ca1\u6709\u80fd\u529b\u4e00\u4e2a\u4e2a\u5c06\u5176\u66f4\u6539\uff0c\u56e0\u6b64\u5bfb\u6c42\u5e2e\u52a9\u3002\u8c22\u8c22\uff01\r\n\r\n",
    "closed_by": null,
    "reactions": {
      "url": "https://api.github.com/repos/ShujiaHuang/ilus/issues/6/reactions",
      "total_count": 0,
      "+1": 0,
      "-1": 0,
      "laugh": 0,
      "hooray": 0,
      "confused": 0,
      "heart": 0,
      "rocket": 0,
      "eyes": 0
    },
    "timeline_url": "https://api.github.com/repos/ShujiaHuang/ilus/issues/6/timeline",
    "performed_via_github_app": null,
    "state_reason": null
  },
  {
    "url": "https://api.github.com/repos/ShujiaHuang/ilus/issues/5",
    "repository_url": "https://api.github.com/repos/ShujiaHuang/ilus",
    "labels_url": "https://api.github.com/repos/ShujiaHuang/ilus/issues/5/labels{/name}",
    "comments_url": "https://api.github.com/repos/ShujiaHuang/ilus/issues/5/comments",
    "events_url": "https://api.github.com/repos/ShujiaHuang/ilus/issues/5/events",
    "html_url": "https://github.com/ShujiaHuang/ilus/issues/5",
    "id": 1916656809,
    "node_id": "I_kwDODyPwn85yPdyp",
    "number": 5,
    "title": "\u8fdb\u884c\u5168\u5916\u6d4b\u5e8f\u6d41\u7a0b",
    "user": {
      "login": "zshu-alt",
      "id": 83994276,
      "node_id": "MDQ6VXNlcjgzOTk0Mjc2",
      "avatar_url": "https://avatars.githubusercontent.com/u/83994276?v=4",
      "gravatar_id": "",
      "url": "https://api.github.com/users/zshu-alt",
      "html_url": "https://github.com/zshu-alt",
      "followers_url": "https://api.github.com/users/zshu-alt/followers",
      "following_url": "https://api.github.com/users/zshu-alt/following{/other_user}",
      "gists_url": "https://api.github.com/users/zshu-alt/gists{/gist_id}",
      "starred_url": "https://api.github.com/users/zshu-alt/starred{/owner}{/repo}",
      "subscriptions_url": "https://api.github.com/users/zshu-alt/subscriptions",
      "organizations_url": "https://api.github.com/users/zshu-alt/orgs",
      "repos_url": "https://api.github.com/users/zshu-alt/repos",
      "events_url": "https://api.github.com/users/zshu-alt/events{/privacy}",
      "received_events_url": "https://api.github.com/users/zshu-alt/received_events",
      "type": "User",
      "user_view_type": "public",
      "site_admin": false
    },
    "labels": [],
    "state": "open",
    "locked": false,
    "assignee": null,
    "assignees": [],
    "milestone": null,
    "comments": 0,
    "created_at": "2023-09-28T03:57:04Z",
    "updated_at": "2023-09-28T03:57:56Z",
    "closed_at": null,
    "author_association": "NONE",
    "active_lock_reason": null,
    "body": "\u8001\u5e08\uff0c\u60a8\u597d\uff0c\u975e\u5e38\u611f\u8c22\u60a8\u5f00\u53d1\u7684\u8f6f\u4ef6\uff0c\u8fd9\u4e2a\u8f6f\u4ef6\u4f7f\u6211\u7684\u8fd0\u884c\u66f4\u7b80\u4fbf\u4e86\uff0c\u6211\u4f7f\u7528\u4e86\u8be5\u8f6f\u4ef6\u8fd0\u884c\u4e86WGS\u6d41\u7a0b\uff0c\u7ed3\u679c\u662f\u6b63\u5e38\u7684 \u6211\u5f97\u5230\u4e86\u76f8\u5e94\u7684\u811a\u672c\uff0c\u4f46\u662f\u5f53\u6211\u5c1d\u8bd5\u4f7f\u7528\u8be5\u8f6f\u4ef6\u8fdb\u884cWES\u5206\u6790\u65f6 \uff0c\u4e00\u76f4\u51fa\u73b0\u4e00\u4e2a\u62a5\u9519\uff1a[Error] Interval parameters in configuration file may be different from that input gvcf file list when calls \u4e0e\u6211\u7684WGS\u914d\u7f6e\u6587\u4ef6\u76f8\u6bd4\uff0c\u6211\u7684WES\u914d\u7f6e\u6587\u4ef6\u53ea\u4fee\u6539\u4e86\u8fd9\u4e00\u90e8\u5206\uff1a\r\n\r\n  interval: [\"./ilus_wes.bed\"]\r\n  \r\n  variant_calling_interval: [\"./ilus_wes.bed\"]\r\n\u6211\u5c06\u539f\u6765\u7684\u67d3\u8272\u4f53\u53d8\u4e3a\u4e86\u6211\u7684bed\u6587\u4ef6\r\n\r\n\u6211\u7684bed\u6587\u4ef6\u683c\u5f0f\u4e3a\uff1a\r\nchr1 1000101 1000284\r\n\u8bf7\u95ee\u8fd9\u79cd\u62a5\u9519\u662f\u4ec0\u4e48\u539f\u56e0\u5bfc\u81f4\u7684\uff1f \u6211\u8be5\u5982\u4f55\u89e3\u51b3\u4ed6\uff1f\r\n",
    "closed_by": null,
    "reactions": {
      "url": "https://api.github.com/repos/ShujiaHuang/ilus/issues/5/reactions",
      "total_count": 0,
      "+1": 0,
      "-1": 0,
      "laugh": 0,
      "hooray": 0,
      "confused": 0,
      "heart": 0,
      "rocket": 0,
      "eyes": 0
    },
    "timeline_url": "https://api.github.com/repos/ShujiaHuang/ilus/issues/5/timeline",
    "performed_via_github_app": null,
    "state_reason": null
  },
  {
    "url": "https://api.github.com/repos/ShujiaHuang/ilus/issues/4",
    "repository_url": "https://api.github.com/repos/ShujiaHuang/ilus",
    "labels_url": "https://api.github.com/repos/ShujiaHuang/ilus/issues/4/labels{/name}",
    "comments_url": "https://api.github.com/repos/ShujiaHuang/ilus/issues/4/comments",
    "events_url": "https://api.github.com/repos/ShujiaHuang/ilus/issues/4/events",
    "html_url": "https://github.com/ShujiaHuang/ilus/issues/4",
    "id": 1845174200,
    "node_id": "I_kwDODyPwn85t-x-4",
    "number": 4,
    "title": " AttributeError: 'str' object has no attribute 'resolve'.",
    "user": {
      "login": "yangchuhua",
      "id": 26158915,
      "node_id": "MDQ6VXNlcjI2MTU4OTE1",
      "avatar_url": "https://avatars.githubusercontent.com/u/26158915?v=4",
      "gravatar_id": "",
      "url": "https://api.github.com/users/yangchuhua",
      "html_url": "https://github.com/yangchuhua",
      "followers_url": "https://api.github.com/users/yangchuhua/followers",
      "following_url": "https://api.github.com/users/yangchuhua/following{/other_user}",
      "gists_url": "https://api.github.com/users/yangchuhua/gists{/gist_id}",
      "starred_url": "https://api.github.com/users/yangchuhua/starred{/owner}{/repo}",
      "subscriptions_url": "https://api.github.com/users/yangchuhua/subscriptions",
      "organizations_url": "https://api.github.com/users/yangchuhua/orgs",
      "repos_url": "https://api.github.com/users/yangchuhua/repos",
      "events_url": "https://api.github.com/users/yangchuhua/events{/privacy}",
      "received_events_url": "https://api.github.com/users/yangchuhua/received_events",
      "type": "User",
      "user_view_type": "public",
      "site_admin": false
    },
    "labels": [],
    "state": "open",
    "locked": false,
    "assignee": null,
    "assignees": [],
    "milestone": null,
    "comments": 0,
    "created_at": "2023-08-10T13:17:41Z",
    "updated_at": "2023-08-10T13:17:41Z",
    "closed_at": null,
    "author_association": "NONE",
    "active_lock_reason": null,
    "body": "Hi Shujia,\r\n\r\nThanks for your effort in this project.\r\n\r\nI got the following error when I wanted to generate the bash scripts for VQSR part.\r\n```\r\n$ilus VQSR     -n DZHK_WGS     -C ilus_sys.yaml     -L vcf.list     -O genotype     --as_pipe_shell_order\r\n\r\nTraceback (most recent call last):\r\n  File \"../miniconda3/bin/ilus\", line 8, in <module>\r\n    sys.exit(main())\r\n  File \"../miniconda3/lib/python3.8/site-packages/ilus/main.py\", line 183, in main\r\n    run_command(args)\r\n  File \"../miniconda3/lib/python3.8/site-packages/ilus/main.py\", line 174, in run_command\r\n    runner[args.command](args, aione)\r\n  File \"../miniconda3/lib/python3.8/site-packages/ilus/pipeline/_wgs.py\", line 250, in variantrecalibrator\r\n    _f(kwargs, aione, shell_fname, shell_log_folder, gatk_variantrecalibrator)\r\n  File \"../miniconda3/lib/python3.8/site-packages/ilus/pipeline/_wgs.py\", line 157, in _f\r\n    kwargs.outdir = safe_makedir(kwargs.outdir.resolve())  # return abspath\r\nAttributeError: 'str' object has no attribute 'resolve'\r\n```\r\n\r\nI have tried to replace 157 row in `../ilus/pipeline/_wgs.py` :`kwargs.outdir = safe_makedir(kwargs.outdir.resolve())  ` by `kwargs.outdir = safe_makedir(Path(kwargs.outdir).resolve())  `, but it didn't work.\r\n\r\nDo you have any suggestion?\r\n\r\nBest,\r\nChuhua",
    "closed_by": null,
    "reactions": {
      "url": "https://api.github.com/repos/ShujiaHuang/ilus/issues/4/reactions",
      "total_count": 0,
      "+1": 0,
      "-1": 0,
      "laugh": 0,
      "hooray": 0,
      "confused": 0,
      "heart": 0,
      "rocket": 0,
      "eyes": 0
    },
    "timeline_url": "https://api.github.com/repos/ShujiaHuang/ilus/issues/4/timeline",
    "performed_via_github_app": null,
    "state_reason": null
  },
  {
    "url": "https://api.github.com/repos/ShujiaHuang/ilus/issues/3",
    "repository_url": "https://api.github.com/repos/ShujiaHuang/ilus",
    "labels_url": "https://api.github.com/repos/ShujiaHuang/ilus/issues/3/labels{/name}",
    "comments_url": "https://api.github.com/repos/ShujiaHuang/ilus/issues/3/comments",
    "events_url": "https://api.github.com/repos/ShujiaHuang/ilus/issues/3/events",
    "html_url": "https://github.com/ShujiaHuang/ilus/issues/3",
    "id": 1014500118,
    "node_id": "I_kwDODyPwn848eAsW",
    "number": 3,
    "title": "\u8bf7\u95ee\u9ec4\u535a\u58eb\uff1aRG\u5934\u4e2dtPU\u662f\u4ec0\u4e48\u53c2\u6570",
    "user": {
      "login": "xiaosheng8361",
      "id": 50604869,
      "node_id": "MDQ6VXNlcjUwNjA0ODY5",
      "avatar_url": "https://avatars.githubusercontent.com/u/50604869?v=4",
      "gravatar_id": "",
      "url": "https://api.github.com/users/xiaosheng8361",
      "html_url": "https://github.com/xiaosheng8361",
      "followers_url": "https://api.github.com/users/xiaosheng8361/followers",
      "following_url": "https://api.github.com/users/xiaosheng8361/following{/other_user}",
      "gists_url": "https://api.github.com/users/xiaosheng8361/gists{/gist_id}",
      "starred_url": "https://api.github.com/users/xiaosheng8361/starred{/owner}{/repo}",
      "subscriptions_url": "https://api.github.com/users/xiaosheng8361/subscriptions",
      "organizations_url": "https://api.github.com/users/xiaosheng8361/orgs",
      "repos_url": "https://api.github.com/users/xiaosheng8361/repos",
      "events_url": "https://api.github.com/users/xiaosheng8361/events{/privacy}",
      "received_events_url": "https://api.github.com/users/xiaosheng8361/received_events",
      "type": "User",
      "user_view_type": "public",
      "site_admin": false
    },
    "labels": [],
    "state": "open",
    "locked": false,
    "assignee": null,
    "assignees": [],
    "milestone": null,
    "comments": 1,
    "created_at": "2021-10-03T19:21:50Z",
    "updated_at": "2022-08-05T02:07:47Z",
    "closed_at": null,
    "author_association": "NONE",
    "active_lock_reason": null,
    "body": "\u8fd9\u4e2a\u5728\u9ec4\u535a\u7684\u6559\u7a0b\u4e2d\u5e76\u6ca1\u6709\uff0c\u8f93\u5165\u6587\u4ef6\u4e00\u5b9a\u8981\u5e26\u4e48",
    "closed_by": null,
    "reactions": {
      "url": "https://api.github.com/repos/ShujiaHuang/ilus/issues/3/reactions",
      "total_count": 0,
      "+1": 0,
      "-1": 0,
      "laugh": 0,
      "hooray": 0,
      "confused": 0,
      "heart": 0,
      "rocket": 0,
      "eyes": 0
    },
    "timeline_url": "https://api.github.com/repos/ShujiaHuang/ilus/issues/3/timeline",
    "performed_via_github_app": null,
    "state_reason": null
  },
  {
    "url": "https://api.github.com/repos/ShujiaHuang/ilus/issues/2",
    "repository_url": "https://api.github.com/repos/ShujiaHuang/ilus",
    "labels_url": "https://api.github.com/repos/ShujiaHuang/ilus/issues/2/labels{/name}",
    "comments_url": "https://api.github.com/repos/ShujiaHuang/ilus/issues/2/comments",
    "events_url": "https://api.github.com/repos/ShujiaHuang/ilus/issues/2/events",
    "html_url": "https://github.com/ShujiaHuang/ilus/issues/2",
    "id": 957484455,
    "node_id": "MDU6SXNzdWU5NTc0ODQ0NTU=",
    "number": 2,
    "title": "ilus:\u8dd1\u6d4b\u8bd5\u6570\u636e\uff0c\u6ca1\u6709\u62a5\u9519\uff0c\u4f46\u540c\u6837\u6ca1\u6709\u8fd0\u884c\u7a0b\u5e8f\uff0c\u6ca1\u6709\u76ee\u6807\u6587\u4ef6\u751f\u6210",
    "user": {
      "login": "Li-Yaoting",
      "id": 54201517,
      "node_id": "MDQ6VXNlcjU0MjAxNTE3",
      "avatar_url": "https://avatars.githubusercontent.com/u/54201517?v=4",
      "gravatar_id": "",
      "url": "https://api.github.com/users/Li-Yaoting",
      "html_url": "https://github.com/Li-Yaoting",
      "followers_url": "https://api.github.com/users/Li-Yaoting/followers",
      "following_url": "https://api.github.com/users/Li-Yaoting/following{/other_user}",
      "gists_url": "https://api.github.com/users/Li-Yaoting/gists{/gist_id}",
      "starred_url": "https://api.github.com/users/Li-Yaoting/starred{/owner}{/repo}",
      "subscriptions_url": "https://api.github.com/users/Li-Yaoting/subscriptions",
      "organizations_url": "https://api.github.com/users/Li-Yaoting/orgs",
      "repos_url": "https://api.github.com/users/Li-Yaoting/repos",
      "events_url": "https://api.github.com/users/Li-Yaoting/events{/privacy}",
      "received_events_url": "https://api.github.com/users/Li-Yaoting/received_events",
      "type": "User",
      "user_view_type": "public",
      "site_admin": false
    },
    "labels": [],
    "state": "open",
    "locked": false,
    "assignee": null,
    "assignees": [],
    "milestone": null,
    "comments": 2,
    "created_at": "2021-08-01T12:53:56Z",
    "updated_at": "2021-08-11T06:59:16Z",
    "closed_at": null,
    "author_association": "NONE",
    "active_lock_reason": null,
    "body": "\u6811\u5609\u5927\u5927\u60a8\u597d\uff1a\r\n\u6211\u662f\u4e2d\u5c71\u5927\u5b66\u7684\u5728\u8bfb\u535a\u58ebliyt\uff0c\u5173\u6ce8\u60a8\u7684\u516c\u4f17\u53f7\u4e00\u6bb5\u65f6\u95f4\uff0c\u4f5c\u4e3a\u751f\u4fe1\u5c0f\u767d\uff0c\u6700\u8fd1\u89c1\u60a8\u53d1\u8868\u4e86ilus\u5de5\u5177\uff0c\u7acb\u523b\u60f3\u7814\u7a76\u5b66\u4e60\uff0c\u5df2\u6309\u7167\u60a8\u7684yaml\u6a21\u677f\u548cfastq.list\u6a21\u677f\u6539\u5199\u4e86\u672c\u5730\u6a21\u677f\uff08\u56e0\u4e0a\u4f20\u7684\u539f\u56e0\u5c06\u6587\u4ef6\u540e\u7f00\u6539\u4e3a.txt\uff09\uff0c\u89c1\u9644\u4ef6\uff0c\u5e76\u5728windows10\u7684WSL\u4e0b\u7684conda\u73af\u5883\u4e0b\u8bd5\u8fd0\u884c\uff0c\u8f93\u51fa\u201c** WGS done, 0 seconds elapsed **\u201d\uff0c\u4f46\u6ca1\u6709\u8fd0\u884c\u7a0b\u5e8f\uff0c\u6211\u4e0d\u77e5\u9053\u539f\u56e0\u4e3a\u4f55\uff0c\u60f3\u5411\u60a8\u8bf7\u5047\u3002\u7b2c\u4e00\u6b21\u5728github\u63d0iusse\uff0c\u8fd8\u8bf7\u591a\u591a\u6307\u6559\uff0c\u8c22\u8c22\u3002\r\n![\u547d\u4ee4\u884c](https://user-images.githubusercontent.com/54201517/127771490-5f70fde7-72c4-451f-9d61-530e0d4fa9de.JPG)\r\n[Input.txt](https://github.com/ShujiaHuang/ilus/files/6912697/Input.txt)\r\n[ilus_HGDP_210801.txt](https://github.com/ShujiaHuang/ilus/files/6912691/ilus_HGDP_210801.txt)\r\n\r\nEmail: 61595554@qq.com\r\n",
    "closed_by": null,
    "reactions": {
      "url": "https://api.github.com/repos/ShujiaHuang/ilus/issues/2/reactions",
      "total_count": 0,
      "+1": 0,
      "-1": 0,
      "laugh": 0,
      "hooray": 0,
      "confused": 0,
      "heart": 0,
      "rocket": 0,
      "eyes": 0
    },
    "timeline_url": "https://api.github.com/repos/ShujiaHuang/ilus/issues/2/timeline",
    "performed_via_github_app": null,
    "state_reason": null
  },
  {
    "url": "https://api.github.com/repos/ShujiaHuang/ilus/issues/1",
    "repository_url": "https://api.github.com/repos/ShujiaHuang/ilus",
    "labels_url": "https://api.github.com/repos/ShujiaHuang/ilus/issues/1/labels{/name}",
    "comments_url": "https://api.github.com/repos/ShujiaHuang/ilus/issues/1/comments",
    "events_url": "https://api.github.com/repos/ShujiaHuang/ilus/issues/1/events",
    "html_url": "https://github.com/ShujiaHuang/ilus/issues/1",
    "id": 936738646,
    "node_id": "MDU6SXNzdWU5MzY3Mzg2NDY=",
    "number": 1,
    "title": "\u547d\u4ee4\u884c\u76f4\u63a5\u8f93\u5165ilus\u4f1a\u62a5\u9519\uff1aAttributeError: 'Namespace' object has no attribute 'sysconf'",
    "user": {
      "login": "Sagityq",
      "id": 53322640,
      "node_id": "MDQ6VXNlcjUzMzIyNjQw",
      "avatar_url": "https://avatars.githubusercontent.com/u/53322640?v=4",
      "gravatar_id": "",
      "url": "https://api.github.com/users/Sagityq",
      "html_url": "https://github.com/Sagityq",
      "followers_url": "https://api.github.com/users/Sagityq/followers",
      "following_url": "https://api.github.com/users/Sagityq/following{/other_user}",
      "gists_url": "https://api.github.com/users/Sagityq/gists{/gist_id}",
      "starred_url": "https://api.github.com/users/Sagityq/starred{/owner}{/repo}",
      "subscriptions_url": "https://api.github.com/users/Sagityq/subscriptions",
      "organizations_url": "https://api.github.com/users/Sagityq/orgs",
      "repos_url": "https://api.github.com/users/Sagityq/repos",
      "events_url": "https://api.github.com/users/Sagityq/events{/privacy}",
      "received_events_url": "https://api.github.com/users/Sagityq/received_events",
      "type": "User",
      "user_view_type": "public",
      "site_admin": false
    },
    "labels": [],
    "state": "closed",
    "locked": false,
    "assignee": null,
    "assignees": [],
    "milestone": null,
    "comments": 3,
    "created_at": "2021-07-05T06:28:42Z",
    "updated_at": "2021-07-11T02:17:40Z",
    "closed_at": "2021-07-11T02:17:40Z",
    "author_association": "NONE",
    "active_lock_reason": null,
    "body": "\u5982\u9898\uff1a\r\npip\u5b89\u88c5\u5b8cilus\u540e\uff0c\u547d\u4ee4\u884c\u76f4\u63a5\u8f93\u5165ilus\u4f1a\u62a5\u9519\uff1a\r\n```shell\r\nTraceback (most recent call last):\r\n  File \"/home/zhiyq/.conda/envs/ilus/bin/ilus\", line 8, in <module>\r\n    sys.exit(main())\r\n  File \"/home/zhiyq/.conda/envs/ilus/lib/python3.7/site-packages/ilus/main.py\", line 100, in main\r\n    with open(kwargs.sysconf) as C:\r\nAttributeError: 'Namespace' object has no attribute 'sysconf'\r\n```\r\n\u6211\u5728windows\u4e0b\u548cLinux\u4e0b\u90fd\u8bd5\u8fc7\uff0c\u4f1a\u62a5\u540c\u6837\u7684\u9519\u3002\r\nLinux\u4e0bPython 3.7.10\uff1b\r\nwindows\u4e0bPython 3.8.8\u3002\r\n\r\n\u4e8c\u8005\u90fd\u4f7f\u7528\u7684\u662fconda\u73af\u5883\u4e2d\u7684python\u3002\r\n\r\n\u8bf7\u95ee\u662f\u4ec0\u4e48\u539f\u56e0\uff1f\r\n",
    "closed_by": {
      "login": "Sagityq",
      "id": 53322640,
      "node_id": "MDQ6VXNlcjUzMzIyNjQw",
      "avatar_url": "https://avatars.githubusercontent.com/u/53322640?v=4",
      "gravatar_id": "",
      "url": "https://api.github.com/users/Sagityq",
      "html_url": "https://github.com/Sagityq",
      "followers_url": "https://api.github.com/users/Sagityq/followers",
      "following_url": "https://api.github.com/users/Sagityq/following{/other_user}",
      "gists_url": "https://api.github.com/users/Sagityq/gists{/gist_id}",
      "starred_url": "https://api.github.com/users/Sagityq/starred{/owner}{/repo}",
      "subscriptions_url": "https://api.github.com/users/Sagityq/subscriptions",
      "organizations_url": "https://api.github.com/users/Sagityq/orgs",
      "repos_url": "https://api.github.com/users/Sagityq/repos",
      "events_url": "https://api.github.com/users/Sagityq/events{/privacy}",
      "received_events_url": "https://api.github.com/users/Sagityq/received_events",
      "type": "User",
      "user_view_type": "public",
      "site_admin": false
    },
    "reactions": {
      "url": "https://api.github.com/repos/ShujiaHuang/ilus/issues/1/reactions",
      "total_count": 0,
      "+1": 0,
      "-1": 0,
      "laugh": 0,
      "hooray": 0,
      "confused": 0,
      "heart": 0,
      "rocket": 0,
      "eyes": 0
    },
    "timeline_url": "https://api.github.com/repos/ShujiaHuang/ilus/issues/1/timeline",
    "performed_via_github_app": null,
    "state_reason": "completed"
  }
]